<ti:work xmlns:ti="http://chs.harvard.edu/xmlns/cts" groupUrn="urn:cts:greekLit:tlg0018" xml:lang="grc" urn="urn:cts:greekLit:tlg0018.tlg015">
  <ti:title xml:lang="eng">Quis Rerum Divinarum Heres Sit</ti:title>
  <ti:edition urn="urn:cts:greekLit:tlg0018.tlg015.opp-grc1" workUrn="urn:cts:greekLit:tlg0018.tlg015">
    <ti:label xml:lang="eng">Quis Rerum Divinarum Heres Sit</ti:label>
    <ti:description xml:lang="eng">Philo Judaeus, Quis Rerum Divinarum Heres Sit</ti:description>
  </ti:edition>
</ti:work>
