<ti:work xmlns:ti="http://chs.harvard.edu/xmlns/cts" groupUrn="urn:cts:greekLit:tlg0086" xml:lang="grc" urn="urn:cts:greekLit:tlg0086.tlg024">
  <ti:title xml:lang="eng">De memoria et reminiscentia</ti:title>
  <ti:edition urn="urn:cts:greekLit:tlg0086.tlg024.1st1K-grc1" workUrn="urn:cts:greekLit:tlg0086.tlg024">
    <ti:label xml:lang="eng">De memoria et reminiscentia</ti:label>
    <ti:description xml:lang="eng">Aristotle, De memoria et reminiscentia</ti:description>
  </ti:edition>
</ti:work>
