<?xml version="1.0" encoding="UTF-8"?>
<?xml-model href="http://www.stoa.org/epidoc/schema/latest/tei-epidoc.rng" schematypens="http://relaxng.org/ns/structure/1.0"?>
<TEI xmlns="http://www.tei-c.org/ns/1.0">
	<teiHeader>
		<fileDesc>
			<titleStmt>
				<title>De memoria et reminiscentia</title>
				<author>Aristotle</author>
				<editor>Immanuel Bekker</editor>
				<funder>Andrew W. Mellon Foundation</funder>
				<respStmt>
					<persName xml:id="DDD">Digital Divide Data</persName>
					<resp>Keyboarding</resp>
				</respStmt>
			</titleStmt>
			<publicationStmt>
				<authority>A Digital Corpus for Graeco-Arabic Studies, funded by the Andrew W. Mellon
					Foundation</authority>
				<publisher>University of Leipzig</publisher>
				<pubPlace>Germany</pubPlace>
				<idno type="filename">tlg0086.tlg024.1st1K-grc1.xml</idno>
				<availability>
					<licence target="https://creativecommons.org/licenses/by-sa/4.0/">Available under a
						Creative Commons Attribution-ShareAlike 4.0 International License</licence>
				</availability>
				<date>2016</date>
			</publicationStmt>
			<sourceDesc>
				<biblStruct>
					<monogr>
						<title>Aristotelis Opera</title>
						<author>Aristotle</author>
						<editor>Immanuel Bekker</editor>
						<imprint>
							<publisher>Oxford University Press</publisher>
							<pubPlace>Oxford</pubPlace>
							<biblScope unit="vol">3</biblScope>
							<biblScope unit="pp" from="276" to="286">276-286</biblScope>
							<date>1837</date>
						</imprint>
					</monogr>
					<ref target="https://catalog.hathitrust.org/Record/001222547">HathiTrust</ref>
				</biblStruct>
			</sourceDesc>
		</fileDesc>
		<encodingDesc>
			<p>The following text is encoded in accordance with EpiDoc standards and with the CTS/CITE
				Architecture.</p>
			<refsDecl n="CTS">
				<cRefPattern matchPattern="(.+)" n="chapter"
					replacementPattern="#xpath(/tei:TEI/tei:text/tei:body/tei:div/tei:div[@n='$1'])"/>
			</refsDecl>
		</encodingDesc>
		<profileDesc>
			<langUsage>
				<language ident="greek">Greek</language>
			</langUsage>
		</profileDesc>
	</teiHeader>
	<text>
		<body>

			<div type="edition" xml:lang="grc" n="urn:cts:greekLit:tlg0086.tlg024.1st1K-grc1">
				<pb n="276"/>

				<div type="textpart" subtype="chapter" n="1">
					<head>ΠΕΡΙ ΜΝΗΜΗΣ ΚΑΙ ΑΝΑΜΝΗΣΕΩΣ.</head>
					<p>Περὶ μὲν οῦν τῶν αἰσθητηρίων καὶ τῶν αἰσθητῶν τίνα <lb/>τρόπον ἔχει καὶ κοινῇ καὶ καθ’ ἕκαστον αἱσθητήριον εἴρηται· <lb/>τῶν δὲ λοιπῶν πρῶτον σκεπτέον περὶ μνήμης καὶ τοῦ μνημονεύειν, <lb/>τί ἐστι, καὶ διὰ
						τίν’ αἰτίαν γίγνεται, καὶ τίνι <lb/>τῶν τῆς ψυχῆς μορίων συμβαίνει τοῦτο τὸ πάθος καὶ τὸ
						<lb/>ἀναμιμνήσκεσθαι· οὐ γὰρ οἱ αὐτοί εἰσι μνημονικοὶ καὶ ἀναμνηστικοί, <lb/>ἀλλ’ ὡς ἐπὶ
						τὸ πολὺ μνημονικώτεροι μὲν οἱ βραδεῖς, <lb/>ἀναμνηστικώτεροι δὲ οἱ ταχεῖς καὶ εὐμαθεῖς.
						Πρῶτον <lb/>μὲν οὖν ληπτέον ποῖά ἐστι τὰ μνημονευτά· πολλάκις γὰρ <lb/>ἐξαπατᾷ τοῦτο.
						Οὔτε γὰρ τὸ μέλλον ἐνδέχεται μνημονεύειν, <lb/>ἀλλ’ ἔστι δοξαστὸν καὶ ἐλπιστόν (εἴη δ’
						ἂν καὶ ἐπιστήμη <lb/>τις ἐλπιστική, καθάπερ τινές φασι τὴν μαντικήν), <lb/>οὔτε τοῦ
						παρόντος, ἀλλ’ αἴσθησις· ταύτῃ γὰρ οὔτε τὸ <lb/>μέλλον οὔτε τὸ γενόμενον γνωρίζομεν,
						ἀλλὰ τὸ παρὸν μόνον. <lb/>Ἡ δὲ μνήμη τοῦ γενομένου· τὸ δὲ παρὸν ὅτε πάρεστιν, <lb/>οἷον
						τοδὶ τὸ λευκὸν ὅτε. ὁρᾷ, οὐδεὶς ἂν φαίη μνημονεύειν, <lb/>οὐδὲ τὸ θεωρούμενον, ὅτε
						θεωρῶν τυγχάνει καὶ <lb/>ἐννοῶν· ἀλλὰ τὸ μὲν αἰσθάνεσθαί φησι, τὸ δ’ ἐπίστασθαι
						<lb/>μόνον· ὅταν δ’ ἄνευ τῶν ἐνεργειῶν ἔχῃ τὴν ἐπιστήμην καὶ τὴν <lb/>αἴσθησιν, οὕτω
						μέμνηται τὰς τοῦ τριγώνου ὅτι δύο ὀρθαῖς <lb/>ἴσαι, τὸ μὲν ὅτι ἔμαθεν ἢ ἐθεώρησεν, τὸ δὲ
						ὅτι ἤκουσεν ἢ <pb n="277"/> εἶδεν ἢ ὅ τι τοιοῦτον· ἀεὶ γὰρ ὅταν ἐνεργῇ κατὰ τὸ
						<lb/>μνημονεύειν, οὕτως ἐν τῇ ψυχῇ λέγει, ὅτι πρότερον τοῦτο <lb/>ἤκουσεν ἢ ᾔσθετο ἢ
						ἐνόησεν. Ἔστι μὲν οὖν ἡ μνήμη οὔτε <lb/>αἴσθησις οὔτε ὑπόληψις, ἀλλὰ τούτων τινὸς ἕξις ἢ
						πάθος, <lb/>ὅταν γένηται χρόνος. Τοῦ δὲ νῦν ἐν τῷ νῦν οὐκ ἔστι <lb/>μνήμη, καθάπερ
						εἴρηται καὶ πρότερον, ἀλλὰ τοῦ μὲν παρόντος <lb/>αἴσθησις, τοῦ δὲ μέλλοντος ἐλπίς, τοῦ
						δὲ γενομένου <lb/>μνήμη. Διὸ μετὰ χρόνου πᾶσα μνήμη. Ὥσθ’ ὅσα χρόνου <lb/>αἰσθάνεται,
						ταῦτα μόνα τῶν ζῴων μνημονεύει, καὶ <lb/>τούτῳ ᾧ αἰσθάνεται. Ἐπεὶ δὲ περὶ φαντασίας
						εἴρηται πρότερον <lb/>ἐν τοῖς περὶ ψυχῆς, καὶ νοεῖν οὐκ ἔστιν ἄνευ φαντάσματος·
						<lb/>συμβαίνει γὰρ τὸ αὐτὸ πάθος ἐν τῷ νοεῖν ὅπερ καὶ <lb/>ἐν τῷ διαγράφειν· ἐκεῖ τε γὰρ
						οὐθὲν προσχρώμενοι τῷ τὸ <lb/>ποσὸν ὡρισμένον εἶναι τὸ τριγώνου, ὅμως γράφομεν ὡρισμένον
						<lb/>κατὰ τὸ ποσόν· καὶ ὁ νοῶν ὡσαύτως, κἂν μὴ ποσὸν <lb/>νοῇ, τίθεται πρὸ ὀμμάτων
						ποσόν, νοεῖ δ’ οὐχ ᾗ ποσόν. Ἂν <lb/>δ’ ἡ φύσις ᾖ τῶν ποσῶν, ἀόριστον δέ, τίθεται μὲν
						ποσὸν <lb/>ὡρισμένον, νοεῖ δ’ ᾖ ποσὸν μόνον. Διὰ τίνα μὲν οὖν αἰτίαν <lb/>οὐκ ἐνδέχεται
						νοεῖν οὐδὲν ἄνευ τοῦ συνεχοῦς, οὐδ’ ἄνευ <lb/>χρόνου τὰ μὴ ἐν χρόνῳ ὄντα, ἄλλος λόγος.
						Μέγεθος <lb/>δ’ ἀναγκαῖον γνωρίζειν καὶ κίνησιν ᾧ καὶ χρόνον, καὶ τὸ <lb/>φάντασμα τῆς
						κοινῆς αἰσθήσεως πάθος ἐστίν. Ὥστε φανερὸν <lb/>ὅτι τῷ πρώτῳ αἰσθητικῷ τούτων ἡ γνῶσίς
						ἐστιν. Ἡ <lb/>δὲ μνήμη καὶ ἡ τῶν νοητῶν οὐκ ἄνευ φαντάσματός ἐστιν. <lb/>Ὥστε τοῦ
						νοουμένου κατὰ συμβεβηκὸς ἂν εἴη, καθ’ αὑτὸ δὲ <lb/>τοῦ πρώτου αἰσθητικοῦ. Διὸ καὶ
						ἑτέροις τισὶν ὑπάρχει τῶν <lb/>ζῴων, καὶ οὐ μόνον ἀνθρώποις καὶ τοῖς ἔχουσι δόξαν ἢ <pb
							n="278"/> φρόνησιν. Εἰ δὲ τῶν νοητικῶν τι μορίων ἦν, οὐκ ἂν ὑπῆρχε <lb/>πολλοῖς τῶν
						ἄλλων ζῴων, ἴσως δ’ οὐδενὶ τῶν θνητῶν, ἐπεὶ οὐδὲ <lb/>νῦν πᾶσι διὰ τὸ μὴ πάντα χρόνου
						αἴσθησιν ἔχειν· ἀεὶ γὰρ <lb/>ὅταν ἐνεργῇ τῇ μνήμῃ, καθάπερ καὶ πρότερον εἴπομεν, ὅτι
						<lb/>εἶδε τοῦτο ἢ ἤκουσεν ἢ ἔμαθε, προσαισθάνεται ὅτι πρότερον· <lb/>τὸ δὲ πρότερον καὶ
						ὕστερον ἐν χρόνῳ ἐστίν. Τίνος <lb/>μὲν οὖν τῶν τῆς ψυχῆς ἐστὶν ἡ μνήμη, φανερόν, ὅτι
						οὗπερ <lb/>καὶ ἡ φαντασία· καὶ ἔστι μνημονευτὰ καθ’ αὑτὰ μὲν ὅσα <lb/>ἐστὶ φανταστά,
						κατὰ συμβεβηκὸς δὲ ὅσα μὴ ἄνευ φαντασίας. <lb/>Ἀπορήσειε δ’ ἄν τις πῶς ποτὲ τοῦ μὲν
						πάθους παρόντος <lb/>τοῦ δὲ πράγματος ἀπόντος μνημονεύεται τὸ μὴ <lb/>παρόν. Δῆλον γὰρ
						ὅτι δεῖ νοῆσαι τοιοῦτον τὸ γινόμενον <lb/>διὰ τῆς αἰσθήσεως ἐν τῇ ψυχῇ καὶ τῷ μορίῳ τοῦ
						σώματος <lb/>τῷ ἔχοντι αὐτήν, οἷον ζωγράφημά τι τὸ πάθος, οὖ φαμὲν <lb/>τὴν ἕξιν μνήμην
						εἶναι· ἡ γὰρ γινομένη κίνησις ἐνσημαίνεται <lb/>οἷον τύπον τινὰ τοῦ αἰσθήματος, καθάπερ
						οἱ σφραγιζόμενοι <lb/>τοῖς δακτυλίοις. Διὸ καὶ τοῖς μὲν ἐν κινήσει πολλῇ <lb/>διὰ πάθος
						ἢ δι’ ἡλικίαν οὖσιν οὐ γίνεται μνήμη, καθάπερ <lb/>ἂν εἰς ὕδωρ ῥέον ἐμπιπτούσης τῆς
						κινήσεως καὶ τῆς σφραγῖδος· <lb/>τοῖς δὲ διὰ τὸ ψήχεσθαι, καθάπερ τὰ παλαιὰ τῶν
						<lb/>οἰκοδομημάτων, καὶ διὰ σκληρότητα τοῦ δεχομένου τὸ πάθος <lb/>οὐκ ἐγγίνεται ὁ
						τύπος. Διόπερ οἵ τε σφόδρα νέοι καὶ οἱ <lb/>γέροντες ἀμνήμονές εἰσιν· ῥέουσι γὰρ οἱ μὲν
						διὰ τὴν αὔξησιν, <lb/>οἱ δὲ διὰ τὴν φθίσιν. Ὁμοίως δὲ καὶ οἱ λίαν ταχεῖς <lb/>καὶ οἱ
						λίαν βραδεῖς οὐδέτεροι φαίνονται μνήμονες· οἱ μὲν <lb/>γάρ εἰσιν ὑγρότεροι τοῦ δέοντος,
						οἱ δὲ σκληρότεροι· τοῖς <lb/>μὲν οὖν οὐ μένει τὸ φάντασμα ἐν τῇ ψυχῇ, τῶν δ’ οὐχ <pb
							n="279"/> ἅπτεται. Ἀλλ’ εἰ δὴ τοιοῦτόν ἐστι τὸ συμβαῖνον περὶ τὴν <lb/>μνήμην, πότερον
						τοῦτο μνημονεύει τὸ πάθος, ἢ ἐκεῖνο ἀφ’ οὖ <lb/>ἐγένετο; Εἰ μὲν γὰρ τοῦτο, τῶν ἀπόντων
						οὐδὲν ἂν <lb/>μνημονεύοιμεν· εἰ δ’ ἐκεῖνο, πῶς αἰσθανόμενοι τούτου μνημονεύομεν, <lb/>οὗ
						μὴ αἰσθανόμεθα, τὸ ἀπόν; Εἴτ’ ἐστὶν ὅμοιον <lb/>ὥσπερ τύπος ἢ γραφὴ ἐν ἡμῖν, τούτου
						αὐτοῦ ἡ αἴσθησις <lb/>διὰ τί ἂν εἴη μνήμη ἑτέρου, ἀλλ’ οὐκ αὐτοῦ τούτου; Ὁ γὰρ
						<lb/>ἐνεργῶν τῇ μνήμῃ θεωρεῖ τὸ πάθος τοῦτο καὶ αἰσθάνεται τούτου. <lb/>Πῶς οὖν τὸ μὴ
						παρὸν μνημονεύει; Εἴη γὰρ ἂν καὶ <lb/>ὁρᾶν τὸ μὴ παρὸν καὶ ἀκούειν. Ἢ ἔστιν ὡς ἐνδέχεται
						καὶ <lb/>συμβαίνει τοῦτο; Οἷον γὰρ τὸ ἐν τῷ πίνακι γεγραμμένον <lb/>καὶ ζῷόν ἐστι καὶ
						εἰκών, καὶ τὸ αὐτὸ καὶ ἓν τοῦτ’ ἐστὶν <lb/>ἄμφω, τὸ μέντοι εἶναι οὐ ταὐτὸν ἀμφοῖν, καὶ
						ἔστι θεωρεῖν <lb/>καὶ ὡς ζῷον καὶ ὡς εἰκόνα, οὕτω καὶ τὸ ἐν ἡμῖν φάντασμα <lb/>δεῖ
						ὑπολαβεῖν καὶ αὐτό τι καθ’ αὑτὸ εἶναι θεώρημα καὶ <lb/>ἄλλου φάντασμα. Ἦι μὲν οὖν καθ’
						αὑτό, θεώρημα ἢ φάντασμά <lb/>ἐστιν, ᾖ δ’ ἄλλου, οἷον εἰκὼν καὶ μνημόνευμα. Ὥστε
						<lb/>καὶ ὅταν ἐνεργῇ ἡ κίνησις αὐτοῦ, ἂν μὲν ᾗ καθ’ αὑτό ἐστι, <lb/>ταύτῃ αἴσθηται ἡ
						ψυχὴ αὐτοῦ, οἷον νόημά τι ἢ φάντασμα <lb/>φαίνεται ἐπελθεῖν· ἂν δ’ ᾗ ἄλλου, ὥσπερ ἐν τῇ
						γραφῇ <lb/>ὡς εἰκόνα θεωρεῖ, καὶ μὴ ἑωρακὼς τὸν Κορίσκον ὡς Κορίσκου· <lb/>ἐνταῦθά τε
						ἄλλο τὸ πάθος τῆς θεωρίας ταύτης καὶ <lb/>ὅταν ὡς ζῷον γεγραμμένον θεωρῇ, ἔν τε τῇ ψυχῇ
						τὸ μὲν <lb/>γίνεται ὥσπερ νόημα μόνον, τὸ δ’ ὡς ἐκεῖ ὅτι εἰκών, μνημόνευμα. <lb/>Καὶ διὰ
						τοῦτο ἐνίοτ’ οὐκ ἴσμεν, ἐγγινομένων ἡμῖν <lb/>ἐν τῇ ψυχῇ τοιούτων κινήσεων ἀπὸ τοῦ
						αἰσθέσθαι πρότερον, <pb n="280"/> εἰ κατὰ τὸ ᾐσθῆσθαι συμβαίνει, καὶ εἰ ἔστι μνήμη
						<lb/>ἢ οὒ διστάζομεν· ὁτὲ δὲ συμβαίνει ἐννοῆσαι καὶ ἀναμνησθῆναι <lb/>ὅτι ἠκούσαμέν τι
						πρότερον ἢ εἴδομεν. Τοῦτο δὲ <lb/>συμβαίνει, ὅταν θεωρῶν ὡς αὐτὸ μεταβάλλῃ καὶ θεωρῇ ὡς
						<lb/>ἄλλου. Γίνεται δὲ καὶ τοὐναντίον, οἷον συνέβη Ἀντιφέροντι <lb/>τῷ Ὠρείτῃ καὶ ἄλλοις
						ἐξισταμένοις· τὰ γὰρ φαντάσματα <lb/>ἔλεγον ὡς γενόμενα καὶ ὡς μνημονεύοντες. Τοῦτο
						<lb/>δὲ γίνεται, ὅταν τις τὴν μὴ εἰκόνα ὡς εἰκόνα θεωρῇ. Αἱ δὲ <lb/>μελέται τὴν μνήμην
						σώζουσι τῷ ἐπαναμιμνήσκειν· τοῦτο δ’ <lb/>ἐστὶν οὐδὲν ἕτερον ἢ τὸ θεωρεῖν πολλάκις ὡς
						εἰκόνα καὶ μὴ <lb/>ὡς καθ’ αὑτό. Τί μὲν οὖν ἐστὶ μνήμη καὶ τὸ μνημονεύειν, <lb/>εἴρηται,
						ὅτι φαντάσματος, ὡς εἰκόνος οὗ φάντασμα, ἕξις, <lb/>καὶ τίνος μορίου τῶν ἐν ἡμῖν, ὅτι
						τοῦ πρώτου αἰσθητικοῦ, καὶ <lb/>ᾧ χρόνου αἰσθανόμεθα. </p>
				</div>
				<div type="textpart" subtype="chapter" n="2">
					<p>Περὶ δὲ τοῦ ἀναμιμνήσκεσθαι λοιπὸν εἰπεῖν. Πρῶτον <lb/>μὲν οὖν ὅσα ἐν τοῖς
						ἐπιχειρηματικοῖς λόγοις ἐστὶν ἀληθῆ, <lb/>δεῖ τίθεσθαι ὡς ὑπάρχοντα. Οὔτε γὰρ μνήμης
						ἐστὶν <lb/>ἀνάληψις ἡ ἀνάμνησις οὔτε λῆψις· ὅταν γὰρ τὸ πρῶτον <lb/>ἢ μάθῃ ἢ πάθῃ, οὔτ’
						ἀναλαμβάνει μνήμην οὐδεμίαν (οὐδεμία <lb/>γὰρ προγέγονεν) οὔτ’ ἐξ ἀρχῆς λαμβάνει· ὅταν
						δὲ ἐγγένηται <lb/>ἡ ἕξις καὶ τὸ πάθος, τότε ἡ μνήμη ἐστίν. Ὥστε <lb/>μετὰ τοῦ πάθους
						ἐγγινομένου οὐκ ἐγγίνεται. Ἔτι δ’ ὅτε <lb/>τὸ πρῶτον ἐγγέγονε τῷ ἀτόμῳ καὶ ἐσχάτῳ, τὸ
						μὲν πάθος <lb/>ἐνυπάρχει ἤδη τῷ παθόντι καὶ ἡ ἐπιστήμη, εἰ δεῖ καλεῖν <lb/>ἐπιστήμην τὴν
						ἕξιν ἢ τὸ πάθος (οὐθὲν δὲ κωλύει κατὰ συμβεβηκὸς <pb n="281"/> βεβηκὸς καὶ μνημονεύειν
						ἔνια ὧν ἐπιστάμεθα)· τὸ δὲ μνημονεύειν <lb/>καθ’ αὑτὸ οὐχ ὑπάρχει πρὶν χρονισθῆναι·
						μνημονεύει <lb/>γὰρ νῦν ὃ εἶδεν ἢ ἔπαθε πρότερον, οὐχ ὃ νῦν ἔπαθε, νῦν <lb/>μνημονεύει.
						Ἔτι δὲ φανερὸν ὅτι μνημονεύειν ἐστὶ μὴ νῦν <lb/>ἀναμνησθέντα, ἀλλ’ ἐξ ἀρχῆς αἰσθόμενον ἢ
						παθόντα. <lb/>Ἀλλ’ ὅταν ἀναλαμβάνῃ ἣν πρότερον εἶχεν ἐπιστήμην ἢ <lb/>αἴσθησιν ἢ οὗ ποτὲ
						τὴν ἕξιν ἐλέγομεν μνήμην, τοῦτ’ ἐστὶ <lb/>καὶ τότε τὸ ἀναμιμνήσκεσθαι τῶν εἰρημένων τι.
						Τὸ δὲ <lb/>μνημονεύειν συμβαίνει, καὶ μνήμη ἀκολουθεῖ. Οὐδὲ δὴ ταῦτα <lb/>ἁπλῶς, ἐὰν
						ἔμπροσθεν ὑπάρξαντα πάλιν ἐγγένηται, <lb/>ἀλλ’ ἔστιν ὡς, ἔστι δ’ ὡς οὔ. Δὶς γὰρ μαθεῖν
						καὶ εὑρεῖν <lb/>ἐνδέχεται τὸν αὐτὸν τὸ αὐτό· δεῖ οὖν διαφέρειν τὸ ἀναμιμνήσκεσθαι
						<lb/>τούτων, καὶ ἐνούσης πλείονος ἀρχῆς ἢ ἐξ ἧς μανθάνουσιν <lb/>ἀναμιμνήσκεσθαι.
						Συμβαίνουσι δ’ αἱ ἀναμνήσεις, <lb/>ἐπειδὴ πέφυκεν ἡ κίνησις ἥδε γενέσθαι μετὰ τήνδε· εἰ
						<lb/>μὲν ἐξ ἀνάγκης, δῆλον ὡς ὅταν ἐκείνη κινηθῇ, τήνδε κινηθήσεται· <lb/>εἰ δὲ μὴ ἐξ
						ἀνάγκης ἀλλ’ ἔθει, ὡς ἐπὶ τὸ πολὺ <lb/>κινηθήσεται. Συμβαίνει δ’ ἐνίους ἅπαξ ἐθισθῆναι
						μᾶλλον <lb/>ἢ ἄλλους πολλάκις κινουμένους· διὸ ἔνια ἅπαξ ἰδόντες <lb/>μᾶλλον
						μνημονεύομεν ἢ ἕτερα πολλάκις. Ὅταν οὖν ἀναμιμνησκώμεθα, <lb/>κινούμεθα τῶν προτέρων
						τινὰ κινήσεων, ἕως <lb/>ἂν κινηθῶμεν μεθ’ ἣν ἐκείνη εἴωθεν. Διὸ καὶ τὸ ἐφεξῆς
						<lb/>θηρεύομεν νοήσαντες ἀπὸ τοῦ νῦν ἢ ἄλλου τινός, καὶ ἀφ’ <lb/>ὁμοίου ἢ ἐναντίου ἢ τοῦ
						σύνεγγυς. Διὰ τοῦτο γίνεται ἡ <lb/>ἀνάμνησις· αἱ γὰρ κινήσεις τούτων τῶν μὲν αἱ αὐταί,
						τῶν δ’ <pb n="282"/> ἅμα, τῶν δὲ μέρος ἔχουσιν, ὥστε τὸ λοιπὸν μικρὸν ὃ ἐκινήθη
						<lb/>μετ’ ἐκεῖνο. Ζητοῦσι μὲν οὖν οὕτω, καὶ μὴ ζητοῦντες δ’ <lb/>οὕτως ἀναμιμνήσκονται,
						ὅταν μεθ’ ἑτέραν κίνησιν ἐκείνη γένηται· <lb/>ὡς δὲ τὰ πολλὰ ἑτέρων γενομένων κινήσεων
						οἵων <lb/>εἴπομεν, ἐγένετο ἐκείνη. Οὐδὲν δὲ δεῖ σκοπεῖν τὰ πόρρω, <lb/>πῶς μεμνήμεθα,
						ἀλλὰ τὰ σύνεγγυς· δῆλον γὰρ ὅτι ὁ αὐτός <lb/>ἐστι τρόπος, λέγω δὲ τὸ ἐφεξῆς, οὐ
						προζητήσας οὐδ’ <lb/>ἀναμνησθείς. Τῷ γὰρ ἔθει ἀκολουθοῦσιν αἱ κινήσεις ἀλλήλαις,
						<lb/>ἥδε μετὰ τήνδε. Καὶ ὅταν τοίνυν ἀναμιμνήσκεσθαι <lb/>βούληται, τοῦτο ποιήσει·
						ζητήσει λαβεῖν ἀρχὴν κινήσεως, <lb/>μεθ’ ἣν ἐκείνη ἔσται. Διὸ τάχιστα καὶ κάλλιστα
						γίνονται <lb/>ἀπ’ ἀρχῆς αἱ ἀναμνήσεις· ὡς γὰρ ἔχουσι τὰ πράγματα <lb/>πρὸς ἄλληλα τῷ
						ἐφεξῆς, οὕτω καὶ αἱ κινήσεις. Καὶ ἔστιν <lb/>εὐμνημόνευτα ὅσα τάξιν τινὰ ἔχει, ὥσπερ τὰ
						μαθήματα· τὰ <lb/>δὲ φαύλως καὶ χαλεπῶς. Καὶ τούτῳ διαφέρει τὸ ἀναμιμνήσκεσθαι <lb/>τοῦ
						πάλιν μανθάνειν, ὅτι δυνήσεταί πως δι’ αὑτοῦ <lb/>κινηθῆναι ἐπὶ τὸ μετὰ τὴν ἀρχήν. Ὅταν
						δὲ μή, ἀλλὰ <lb/>δι’ ἄλλου, οὐκέτι μέμνηται. Πολλάκις δ’ ἤδη μὲν ἀδυνατεῖ
						<lb/>ἀναμνησθῆναι, ζητεῖν δὲ δύναται καὶ εὑρίσκει. Τοῦτο δὲ <lb/>γίνεται κινοῦντι πολλά,
						ἕως ἂν τοιαύτην κινήσῃ κίνησιν ᾗ <lb/>ἀκολουθήσει τὸ πρᾶγμα. Τὸ γὰρ μεμνῆσθαί ἐστι τὸ
						ἐνεῖναι <lb/>δυνάμει τὴν κινοῦσαν· τοῦτο δέ, ὥστ’ ἐξ αὐτοῦ καὶ ὧν ἔχει <lb/>κινήσεων
						κινηθῆναι, ὥσπερ εἴρηται. Δεῖ δὲ λαβέσθαι ἀρχῆς. <lb/>Διὸ ἀπὸ τόπων δοκοῦσιν
						ἀναμιμνήσκεσθαι ἐνίοτε. Τὸ δ’ <lb/>αἴτιον ὅτι ταχὺ ἀπ’ ἄλλου ἐπ’ ἄλλο ἔρχονται, οἷον ἀπὸ
						<lb/>γάλακτος ἐπὶ λευκόν, ἀπὸ λευκοῦ δ’ ἐπ’ ἀέρα, καὶ ἀπὸ τούτου <pb n="283"/> ἐφ’
						ὑγρόν, ἀφ’ οὗ ἐμνήσθη μετοπώρου, ταύτην ἐπιζητῶν <lb/>τὴν ὥραν. Ἔοικε δὴ καθόλου ἀρχὴ
						καὶ τὸ μέσον πάντων· <lb/>εἰ γὰρ μὴ πρότερον, ὅταν ἐπὶ τοῦτο ἔλθῃ, μνησθήσεται, ἢ
						<lb/>οὐκέτ’ οὐδὲ ἄλλοθεν, οἷον εἴ τις νοήσειεν ἐφ’ ὧν Α Β Γ Δ <lb/>Ε Ζ Η Θ· εἰ γὰρ μὴ
						ἐπὶ τοῦ Ε μέμνηται, ἐπὶ τοῦ Ε Θ <lb/>ἐμνήσθη· ἐντεῦθεν γὰρ ἐπ’ ἄμφω κινηθῆναι ἐνδέχεται,
						καὶ <lb/>ἐπὶ τὸ Δ καὶ ἐπὶ τὸ Ε. Εἰ δὲ μὴ τούτων τι ἐπιζητεῖ, <lb/>ἐπὶ τὸ Γ ἐλθὼν
						μνησθήσεται, εἰ τὸ Η ἢ τὸ Ζ ἐπιζητεῖ. <lb/>Εἰ δὲ μή, ἐπὶ τὸ Α· καὶ οὕτως ἀεί. Τοῦ δ’ ἀπὸ
						τοῦ <lb/>αὐτοῦ ἐνίοτε μὲν μνησθῆναι ἐνίοτε δὲ μή, αἴτιον ὅτι ἐπὶ <lb/>πλείω ἐνδέχεται
						κινηθῆναι ἀπὸ τῆς αὐτῆς ἀρχῆς, οἷον ἀπὸ <lb/>τοῦ Γ ἐπὶ τὸ Ζ ἢ τὸ Δ. Ἐὰν οὖν μὴ διὰ
						παλαιοῦ κινῆται, <lb/>ἐπὶ τὸ συνηθέστερον κινεῖται· ὥσπερ γὰρ φύσις ἤδη <lb/>τὸ ἔθος.
						Διὸ ἃ πολλάκις ἐννοοῦμεν, ταχὺ ἀναμιμνησκόμεθα· <lb/>ὥσπερ γὰρ φύσει τόδε μετὰ τόδε
						ἐστίν, οὕτω καὶ <lb/>ἐνεργείᾳ· τὸ δὲ πολλάκις φύσιν ποιεῖ. Ἐπεὶ δ’ ὥσπερ <lb/>ἐν τοῖς
						φύσει γίνεται, καὶ παρὰ φύσιν καὶ ἀπὸ τύχης, ἔτι <lb/>μᾶλλον ἐν τοῖς δι’ ἔθος, οἷς ἡ
						φύσις γε μὴ ὁμοίως ὑπάρχει· <lb/>ὥστε κινηθῆναι ἐνίοτε κἀκεῖ καὶ ἄλλως, ἄλλως τε καὶ
						<lb/>ὅταν ἀφέλκῃ ἐκεῖθεν αὐτόσε πῃ. Διὰ τοῦτο καὶ ὅταν <lb/>δέῃ ὄνομα μνημονεῦσαι,
						παρόμοιον μέν, εἰς δ’ ἐκεῖνο σολοικίζομεν. <lb/>Τὸ μὲν οὖν ἀναμιμνήσκεσθαι τοῦτον
						συμβαίνει τὸν <lb/>τρόπον. Τὸ δὲ μέγιστον, γνωρίζειν δεῖ τὸν χρόνον, ἢ <pb n="284"/>
						μέτρῳ ἢ ἀορίστως. Ἔστω δέ τι ᾧ κρίνει τὸν πλείω <lb/>καὶ ἐλάττω· εὔλογον δ’ ὥσπερ τὰ
						μεγέθη· νοεῖ γὰρ τὰ <lb/>μεγάλα καὶ πόρρω οὐ τῷ ἀποτείνειν ἐκεῖ τὴν διάνοιαν, ὥσπερ
						<lb/>τὴν ὄψιν φασί τινες (καὶ γὰρ μὴ ὄντων ὁμοίως νοήσει), <lb/>ἀλλὰ τῇ ἀνάλογον
						κινήσει· ἔστι γὰρ ἐν αὐτῇ τὰ ὅμοια <lb/>σχήματα καὶ κινήσεις. Τίνι οὖν διοίσει, ὅταν τὰ
						μείζω <lb/>νοῇ; Ἢ ὅτι ἐκεῖνα νοεῖ, ἢ τὰ ἐλάττω; Πάντα γὰρ τὰ <lb/>ἐντὸς ἐλάττω, ὥσπερ
						ἀνάλογον καὶ τὰ ἐκτός. Ἔστι δ’ <lb/>ἴσως ὥσπερ καὶ τοῖς εἴδεσιν ἀνάλογον λαβεῖν ἄλλο ἐν
						<lb/>αὐτῷ, οὕτω καὶ τοῖς ἀποστήμασιν. Ὥσπερ οὖν εἰ τὴν <lb/>Α Β Β Ε κινεῖται, ποιεῖ τὴν
						Α Δ· ἀνάλογον γὰρ ἡ Α Γ <lb/>καὶ ἡ Γ Δ. Τί οὖν μᾶλλον τὴν Γ Δ ἢ τὴν Ζ Η ποιεῖ; <lb/>Ἢ ὡς
						ἡ Α Γ πρὸς τὴν Α Β ἔχει, οὕτως ἡ τὸ Θ πρὸς τὴν <lb/>Μ ἔχει. Ταύτας οὖν ἅμα κινεῖται. Ἂν
						δὲ τὴν Ζ Η <lb/>βούληται νοῆσαι, τὴν μὲν Β Ε ὁμοίως νοεῖ, ἀντὶ δὲ τῶν <lb/>Θ Ι τὰς Κ Λ
						νοεῖ· αὗται γὰρ ἔχουσιν ὡς Ζ Α πρὸς Β Α. <lb/>Ὅταν οὖν ἅμα ἥ τε τοῦ πράγματος γίνηται
						κίνησις καὶ ἡ <lb/>τοῦ χρόνου, τότε τῇ μνήμῃ ἐνεργεῖ. Ἂν δ’ οἴηται μὴ <lb/>ποιῶν, οἴεται
						μνημονεύειν· οὐθὲν γὰρ κωλύει διαψευσθῆναί <lb/>τινα καὶ δοκεῖν μνημονεύειν μὴ
						μνημονεύοντα. Ἐνεργοῦντα <lb/>δὲ τῇ μνήμῃ μὴ οἴεσθαι ἀλλὰ λανθάνειν μεμνημένον οὐκ
						<lb/>ἔστιν· τοῦτο γὰρ ἦν αὐτὸ τὸ μεμνῆσθαι. Ἀλλ’ ἐὰν ἡ τοῦ <lb/>πράγματος γένηται χωρὶς
						τῆς τοῦ χρόνου ἢ αὕτη ἐκείνης, <lb/>οὐ μέμνηται. Ἡ δὲ τοῦ χρόνου διττή ἐστιν· ὁτὲ μὲν
							<pb n="285"/> γὰρ μέτρῳ οὐ μέμνηται αὐτό, οἷον ὅτι τρίτην ἡμέραν <lb/>ὁδήποτε
						ἐποίησεν, ὁτὲ δὲ καὶ μέτρῳ· ἀλλὰ μέμνηται καὶ <lb/>ἐὰν μὴ μέτρῳ. Εἰώθασι δὲ λέγειν ὅτι
						μέμνηνται μέν, <lb/>πότε μέντοι οὐκ ἴσασιν, ὅταν τοῦ πότε μὴ γνωρίζωσι τὸ <lb/>ποσὸν
						μέτρῳ. Ὅτι μὲν οὖν οὐχ οἱ αὐτοὶ μνημονικοὶ καὶ <lb/>ἀναμνηστικοί, ἐν τοῖς πρότερον
						εἴρηται. Διαφέρει δὲ τοῦ <lb/>μνημονεύειν τὸ ἀναμιμνήσκεσθαι οὐ μόνον κατὰ τὸν χρόνον,
						<lb/>ἀλλ’ ὅτι τοῦ μὲν μνημονεύειν καὶ τῶν ἄλλων ζῴων μετέχει <lb/>πολλά, τοῦ δ’
						ἀναμιμνήσκεσθαι οὐδὲν ὡς εἰπεῖν τῶν γνωριζομένων <lb/>ζῴων, πλὴν ἄνθρωπος. Αἴτιον δ’ ὅτι
						τὸ ἀναμιμνήσκεσθαί <lb/>ἐστιν οἷον συλλογισμός τις· ὅτι γὰρ πρότερον εἶδεν <lb/>ἢ
						ἤκουσεν ἤ τι τοιοῦτον ἔπαθε, συλλογίζεται ὁ ἀναμιμνησκόμενος, <lb/>καὶ ἔστιν οἷον
						ζήτησίς τις. Τοῦτο δ’ οἷς καὶ τὸ βουλευτικὸν <lb/>ὑπάρχει, φύσει μόνοις συμβέβηκεν· καὶ
						γὰρ τὸ <lb/>βουλεύεσθαι συλλογισμός τίς ἐστιν. Ὅτι δὲ σωματικόν <lb/>τι τὸ πάθος καὶ ἡ
						ἀνάμνησις ζήτησις ἐν τοιούτῳ φαντάσματος, <lb/>σημεῖον τὸ παρενοχλεῖν ἐνίους, ἐπειδὰν μὴ
						δύνωνται <lb/>ἀναμνησθῆναι, καὶ πάνυ ἐπέχοντας τὴν διάνοιαν, καὶ οὐκέτ’
						<lb/>ἐπιχειροῦντας ἀναμιμνήσκεσθαι οὐδὲν ἧττον, καὶ μάλιστα <lb/>τοὺς μελαγχολικούς·
						τούτους γὰρ φαντάσματα κινεῖ <lb/>μάλιστα. Αἴτιον δὲ τοῦ μὴ ἐπ’ αὐτοῖς εἶναι τὸ
						ἀναμιμνήσκεσθαι, <lb/>ὅτι καθάπερ τοῖς βάλλουσιν οὐκέτι ἐπ’ αὐτοῖς <lb/>τὸ στῆσαι, οὕτω
						καὶ ὁ ἀναμιμνησκόμενος καὶ θηρεύων <lb/>σωματικόν τι κινεῖ, ἐν ᾧ τὸ πάθος. Μάλιστα δ’
						ἐνοχλοῦνται <lb/>οἷς ἂν ὑγρότης τύχῃ ὑπάρχουσα περὶ τὸν αἰσθητικὸν <pb n="286"/> τόπον·
						οὐ γὰρ ῥᾳδίως παύεται κινηθεῖσα, ἕως ἂν ἐπέλθῃ <lb/>τὸ ζητούμενον καὶ εὐθυπορήσῃ ἡ
						κίνησις. Διὸ καὶ ὀργαὶ <lb/>καὶ φόβοι, ὅταν τι κινήσωσιν, ἀντικινούντων πάλιν τούτων
						<lb/>οὐ καθίστανται, ἀλλ’ ἐπὶ τὸ αὐτὸ ἀντικινοῦσιν. Καὶ <lb/>ἔοικε τὸ πάθος τοῖς ὀνόμασι
						καὶ μέλεσι καὶ λόγοις, ὅταν διὰ <lb/>στόματος γένηταί τι αὐτῶν σφόδρα· παυσαμένοις γὰρ
						<lb/>καὶ οὐ βουλομένοις ἐπέρχεται πάλιν ᾄδειν ἢ λέγειν. Εἰσὶ <lb/>δὲ καὶ οἱ τὰ ἄνω μείζω
						ἔχοντες καὶ οἱ νανώδεις ἀμνημονέστεροι <lb/>τῶν ἐναντίων διὰ τὸ πολὺ βάρος ἔχειν ἐπὶ τῷ
						αἰσθητικῷ, <lb/>καὶ μήτ’ ἐξ ἀρχῆς τὰς κινήσεις δύνασθαι ἐμμένειν ἀλλὰ <lb/>διαλύεσθαι,
						μήτ’ ἐν τῷ ἀναμιμνήσκεσθαι ῥᾳδίως εὐθυπορεῖν. <lb/>Οἱ δὲ πάμπαν νέοι καὶ λίαν γέροντες
						ἀμνήμονες διὰ τὴν <lb/>κίνησιν· οἱ μὲν γὰρ ἐν φθίσει, οἱ δ’ ἐν αὐξήσει πολλῇ εἰσίν·
						<lb/>ἔτι δὲ τά γε παιδία καὶ νανώδη ἐστὶ μέχρι πόρρω <lb/>τῆς ἡλικίας.</p>
					<p>Περὶ μὲν οὖν μνήμης καὶ τοῦ μνημονεύειν, τίς ἡ φύσις <lb/>αὐτῶν καὶ τίνι τῶν τῆς ψυχῆς
						μνημονεύει τὰ ζῷα, καὶ περὶ <lb/>τοῦ ἀναμιμνήσκεσθαι, τί ἐστι καὶ πῶς γίνεται καὶ διὰ
						τίν’ <lb/>αἰτίαν, εἴρηται. </p>
				</div>
			</div>
		</body>
	</text>
</TEI>
