<ti:work xmlns:ti="http://chs.harvard.edu/xmlns/cts" groupUrn="urn:cts:greekLit:tlg0358" xml:lang="grc" urn="urn:cts:greekLit:tlg0358.tlg001">
  <ti:title xml:lang="lat">Introductio arithmetica</ti:title>
  <ti:edition urn="urn:cts:greekLit:tlg0358.tlg001.1st1K-grc1" workUrn="urn:cts:greekLit:tlg0358.tlg001">
    <ti:label xml:lang="lat">Introductio arithmetica</ti:label>
    <ti:description xml:lang="lat">Nichomachus, Introductio arithmetica, Hoche, Teubner, 1866</ti:description>
  </ti:edition>
</ti:work>
