<ti:work xmlns:ti="http://chs.harvard.edu/xmlns/cts" groupUrn="urn:cts:greekLit:tlg0527" xml:lang="grc" urn="urn:cts:greekLit:tlg0527.tlg048">
  <ti:title xml:lang="eng">Isaias</ti:title>
  <ti:edition urn="urn:cts:greekLit:tlg0527.tlg048.opp-grc2" workUrn="urn:cts:greekLit:tlg0527.tlg048">
    <ti:label xml:lang="eng">Isaias</ti:label>
    <ti:description xml:lang="eng">Septuaginta, Isaias</ti:description>
  </ti:edition>
<ti:edition urn="urn:cts:greekLit:tlg0527.tlg048.opp-eng2" workUrn="urn:cts:greekLit:tlg0527.tlg048"><ti:label xml:lang="eng">Isaias</ti:label><ti:description xml:lang="eng">Septuaginta, Isaias</ti:description></ti:edition></ti:work>
