<ti:work xmlns:ti="http://chs.harvard.edu/xmlns/cts" groupUrn="urn:cts:greekLit:tlg0057" xml:lang="grc" urn="urn:cts:greekLit:tlg0057.tlg074">
  <ti:title xml:lang="eng">Pro puero epileptico consilium</ti:title>
  <ti:edition urn="urn:cts:greekLit:tlg0057.tlg074.1st1K-grc1" workUrn="urn:cts:greekLit:tlg0057.tlg074">
    <ti:label xml:lang="eng">Pro puero epileptico consilium</ti:label>
    <ti:description xml:lang="eng">Galen, Pro puero epileptico consilium</ti:description>
  </ti:edition>
</ti:work>
