<ti:work xmlns:ti="http://chs.harvard.edu/xmlns/cts" groupUrn="urn:cts:greekLit:tlg0057" xml:lang="grc" urn="urn:cts:greekLit:tlg0057.tlg069">
  <ti:title xml:lang="eng">De venae sectione adversus Erasistrateos Romae degentes</ti:title>
  <ti:edition urn="urn:cts:greekLit:tlg0057.tlg069.1st1K-grc1" workUrn="urn:cts:greekLit:tlg0057.tlg069">
    <ti:label xml:lang="eng">De venae sectione adversus Erasistrateos Romae degentes</ti:label>
    <ti:description xml:lang="eng">Galen, De venae sectione adversus Erasistrateos Romae degentes</ti:description>
  </ti:edition>
</ti:work>
