<?xml version="1.0" encoding="UTF-8"?>
<?xml-model href="http://www.stoa.org/epidoc/schema/latest/tei-epidoc.rng" schematypens="http://relaxng.org/ns/structure/1.0"?>
<TEI xmlns="http://www.tei-c.org/ns/1.0">
	<teiHeader>
		<fileDesc>
			<titleStmt><title>De totius morbi temporibus</title>
				<author>Galen</author>
				<editor>Karl Gottlob Kühn</editor>
				<funder>Andrew W. Mellon Foundation</funder>
				<respStmt>
          <resp>Published original versions of the electronic texts</resp>
          <orgName ref="http://www.graeco-arabic-studies.org/">A Digital Corpus for Graeco-Arabic Studies, funded by the Andrew W. Mellon Foundation</orgName>
          <persName>Mark Schiefsky, Harvard University</persName>
          <persName>Gregory R. Crane, Universität Leipzig</persName>
          <persName>Uwe Vagelpohl, University of Warwick</persName>
        </respStmt>
        <respStmt>
          <resp>Keyboarding</resp>
          <orgName xml:id="DDD">Digital Divide Data</orgName>
        </respStmt>
        <respStmt>
          <resp>Editor-in-Chief, Perseus Digital Library</resp>
          <persName>Gregory R. Crane</persName>
        </respStmt>
        <respStmt>
          <resp>Project Manager (University of Leipzig), 2016 - present</resp>
          <persName>Matt Munson</persName>
        </respStmt>
        <respStmt>
          <resp>Project Assistant (University of Leipzig), 2015 - present</resp>
          <persName>Annette Geßner</persName>
        </respStmt>
        <respStmt>
          <resp>Lead Developer (University of Leipzig)</resp>
          <persName>Thibault Clérice</persName>
        </respStmt>
        <respStmt>
          <resp>Technical Advisor</resp>
          <persName>Bruce Robertson</persName>
        </respStmt>
      </titleStmt>
      <publicationStmt>
				<authority>A Digital Corpus for Graeco-Arabic Studies, funded by the Andrew W. Mellon
					Foundation</authority>
				<publisher>University of Leipzig</publisher>
				<pubPlace>Germany</pubPlace>
				<idno type="filename">tlg0057.tlg047.1st1K-grc1.xml</idno>
				<availability>
					<licence target="https://creativecommons.org/licenses/by-sa/4.0/">Available under a
						Creative Commons Attribution-ShareAlike 4.0 International License</licence>
				</availability>
				<date>2016</date>
			</publicationStmt>
			<sourceDesc>
				<biblStruct>
					<monogr>
						<title>Claudii Galeni Opera Omnia</title>
						<author>Galen</author>
						<editor>Karl Gottlob Kühn</editor>
						<imprint>
							<publisher>Cnobloch</publisher>
							<pubPlace>Lipsiae</pubPlace>
							<biblScope unit="vol">7</biblScope>
							<biblScope unit="pp" from="440" to="462">440-462</biblScope>
							<date>1824</date>
						</imprint>
					</monogr>
					<ref target="https://catalog.hathitrust.org/Record/009723957">HathiTrust</ref>
				</biblStruct>
			</sourceDesc>
		</fileDesc>
		<encodingDesc>
			<p>The following text is encoded in accordance with EpiDoc standards and with the CTS/CITE
				Architecture.</p>
			<refsDecl n="CTS">
				<cRefPattern matchPattern="(.+)" n="chapter" replacementPattern="#xpath(/tei:TEI/tei:text/tei:body/tei:div/tei:div[@n='$1'])"/>
			</refsDecl>
		</encodingDesc>
		<profileDesc>
			<langUsage>
				<language ident="greek">Greek</language>
			</langUsage>
		</profileDesc>
	</teiHeader>
	<text>
		<body>

			<div type="edition" xml:lang="grc" n="urn:cts:greekLit:tlg0057.tlg047.1st1K-grc1">
				<pb n="440"/>

				<div type="textpart" subtype="chapter" n="1">
					<head>ΓΑΛΗΝΟΥ ΠΕΡΙ ΤΩΝ ΟΛΟΥ ΤΟΥ <lb/>ΝΟΣΗΜΑΤΟΣ ΚΑΙΡΩΝ ΒΙΒΛΙΟΝ.</head>
					<p>Ὅλου τοίνυν τοῦ νοσήματος ἐπινοοῦμεν <lb/>καιροὺς ἀνάλογον ταῖς ἡλικίαις τῶν ζώων· ἕνα
						μὲν καὶ <lb/>πρῶτον τῆς γενέσεως αὐτοῦ· δεύτερον δὲ τὸν τῆς ἀναβάσεως· <lb/>τρίτον δὲ
						τὸν τῆς ἀκμῆς· καὶ τέταρτον τὸν τῆς παρακμῆς, <lb/>ὅταν γε μέλλωσιν οἱ κάμνοντες
						σώζεσθαι· φθασάντων γὰρ <lb/>ἀποθανεῖν αὐτῶν, ἤτοι κατὰ τὴν ἀνάβασιν, ἢ τὴν ἀκμὴν,
						<lb/>εὔδηλον ὡς οὐ διεξῆλθεν ἅπαντας τοὺς καιροὺς ἡ τοιαύτη νόσος. <lb/>ἀλλ’ ἥ γε
						διεξερχομένη σχεδόν τι περὶ πάντων αὐτῆς <lb/>τῶν μορίων ἀμφισβητήσεις ἔχει, τινῶν μὲν
						ἕνα χρόνον εἶναι <pb n="441"/> λεγόντων τὴν ἀκμὴν, ἐπινοίᾳ μόνῃ λαμβανόμενον· ἐνίων δὲ,
						<lb/>ὡς ἐν τοῖς συνόχοις, ἀκμὴν μὴ εἶναι τὸ σύμπαν· ἐνίων δὲ εἰς <lb/>ἀρχὴν ὀλιγοχρόνιον
						εἰσάγειν τὴν ἀκμήν· ἄλλων δ’ οὐκ ἐν τούτοις <lb/>μόνον, ἀλλὰ καὶ τοῖς λοιποῖς ἅπασι
						νοσήμασιν, ἀφαιρούντων, <lb/>τὴν ἀρχήν· ἄλλων δ’ ἐνίοτε καὶ τὴν παρακμὴν ἀφαιρούντων,
						<lb/>ἂν ἐξ ἀποκοπῆς, ὡς ἐκεῖνοι καλοῦσιν, ἡ νόσος <lb/>λυθῇ. πρῶτον μὲν οὖν χρὴ τὰς
						ἀμφισβητήσεις διαλύεσθαι <lb/>ταύτας, εἶτα ἀκριβῶς διαρθρῶσαι τὰς ἐννοίας τῶν καιρῶν τῆς
						<lb/>ὅλης νόσου, καὶ μετὰ ταῦτ’ εἰπεῖν αὐτῶν τὰ γνωρίσματα, <lb/>κᾄπειθ’ ἑξῆς εἴη δεῖξαι
						τὸ χρήσιμον, ἀναμίξαντας τοῖς κατὰ <lb/>τὰς περιόδους. </p>
				</div>
				<div type="textpart" subtype="chapter" n="2">
					<p>Ἡ τοίνυν ἀρχὴ τῆς νόσου, καθ’ ὅσον εἰσβάλλει <lb/>ποτὲ καταπιπτούσης τῆς ὑγιεινῆς
						καταστάσεως, ἐν <lb/>ἁπάσαις αὐταῖς ἐστιν ἄνευ χρόνου παρατάσεως ἐπινοουμένη· <lb/>σὺν
						τούτῳ μέντοι γε οὐ συγχωρεῖται παντὸς νοσήματος ὑπάρχειν <lb/>οἷον γένεσιν, ὥσπερ ἐν
						τοῖς ζώοις ἐπινοοῦμεν. οὐ γὰρ <lb/>ἐκ μορίων δή τινων ὥσπερ τὸ ζῶον ἐκ κεφαλῆς, καὶ
						θώρακος, <lb/>καὶ κώλων, οὕτω καὶ τὰ νοσήματα σύγκειται. ἐκπίπτοντα <pb n="442"/> γὰρ
						τοῦ κατὰ φύσιν, ἐν ἀκαρεῖ μέν τινι χρόνῳ τὴν γένεσιν <lb/>ἔχει, τοὐντεῦθεν δὲ ἀναβαίνει
							<milestone unit="ed2page" n="305"/>μέχρι τῆς ἀκμῆς. ἔστω <lb/>γὰρ εἰ τύχοι κατὰ
						δυσκρασίαν τὸ νόσημα, καθ’ ἣν ἡμῖν ἐπιδέδεικται <lb/>καὶ ὁ πυρετὸς συνιστάμενος.
						ἀναγκαῖον οὖν ἐπειδὰν <lb/>πρῶτον ἡ παρὰ φύσιν αὕτη γένηται θερμασία, πυρέττειν <lb/>τε
						τὸν ἄνθρωπον, ἐπιτείνεσθαί τε μέχρι τῆς ἀκμῆς τὴν θερμασίαν. <lb/>οὗ γὰρ οὐκ ἔστι μέρη,
						πῶς ἂν εἴη γένεσις ἐν χρόνῳ <lb/>τοῦδε; ταῦτ’ εἴρηταί μοι καὶ κατ’ ἀρχὰς εὐθέως,
						ἀπήντησά <lb/>τε πρὸς αὐτὰ, τῶν μετὰ περιψύξεως εἰσβαλλόντων πυρετῶν <lb/>ἀναμνήσας.
						ἀλλ’ ἐν μὲν ταῖς περιόδοις αὐτάρκης ἡ ἀπάντησις· <lb/>εἷς γὰρ τῶν ἐν μέρει καιρῶν καὶ τῇ
						τάξει πρῶτος ὁ <lb/>τῆς περιψύξεως τῆς συμπάσης νόσου· γελοιότατον δ’ ἂν εἴη <lb/>τὸν
						τοῦ πρώτου παροξυσμοῦ πρῶτον καιρὸν ἀρχὴν ἡγεῖσθαι <lb/>τοῦ νοσήματος ὅλου. τὸ γάρ τοι
						χρήσιμον ὁ καιρὸς οὗτος, <lb/>ὃν ὀνομάζουσιν ἀρχὴν νοσήματος, εἰς τὰ βοηθήματα κέκτηται,
						<lb/>καὶ πρὸς τοῦτον ἀποβλέπων εἶπεν· ἀρχομένων τῶν νούσων, <lb/>ἤν τι δοκέῃ κινέειν,
						κίνει, ἀκμαζουσῶν δὲ, ἡσυχίαν <lb/>ἔχειν βέλτιόν ἐστιν. ὡσαύτως δὲ κᾀκεῖνο λέλεκται
						αὐτῷ· <pb n="443"/> περὶ τὰς ἀρχὰς καὶ τὰ τέλεα πάντα ἀσθενέστερα. καὶ μέντοι <lb/>καὶ
						τὸ περὶ φαρμακείας εἰρημένον, ὡς πέπονα χρὴ φαρμακεύειν <lb/>καὶ κινέειν, μὴ ὠμὰ, μηδὲ
						ἐν ἀρχῇσιν, ἢν μὴ ὀργᾷ. <lb/>καὶ πρὸς τούτοις γε ἔτι τὸ, ἐν τοῖσιν ὀξέσι πάθεσιν
						ὀλιγάκις <lb/>καὶ ἐν ἀρχῇσι τῇσι φαρμακείῃσι χρέεσθαι· πολλά τε πρὸς τούτοις <lb/>ἕτερα,
						τὰ μὲν Ἱπποκράτει, τὰ δὲ τοῖς ἄλλοις ἰατροῖς <lb/>ἅπασι τοῖς παλαιοῖς εἰρημένα, τὴν
						ἀρχὴν ἡμᾶς οὐκ ἐπιτρέπει <lb/>νοεῖν τοῦ πρώτου παροξυσμοῦ τὴν εἰσβολὴν, ἀλλ’ ἐπὶ
						μακροτέρου, <lb/>ὡς καὶ φλεβοτομῆσαι δύνασθαι, καὶ κλυστηρίῳ χρήσασθαι, <lb/>ποτὲ δὲ εἰ
						κατεπείγει, καὶ καθῆραι, πρὸς τῷ καὶ <lb/>γελοῖον εἶναι τῶν ἐντὸς τῆς ἑβδόμης ἡμέρας
						λυομένων νοσημάτων <lb/>καὶ τῶν εἰς ἐνιαυτὸν παραμενόντων, ὥσπερ καὶ ὁ τεταρταῖος
						<lb/>ἔστιν ὅτε, τὴν ἴσην ἀρχὴν τίθεσθαι. πολλὰ μὲν οὖν <lb/>εἴρηταί μοι περὶ τῆσδε τῆς
						ἀρχῆς καὶ κατὰ τὸ περὶ κρίσεων <lb/>πρῶτον, ἐπιδεικνύντι τὸν πρῶτον τοῦτον καιρὸν ὡς ἄν
						τις <lb/>γνωρίσειεν. ἦν δ’ αὐτοῦ κεφάλαιον ἡ ἀπεψία τῆς νόσου. βέλτιον <lb/>δὲ κᾀνταῦθα
						πρὸς ἐκείνοις εἰπεῖν, ὅσα τῇ παρούσῃ <lb/>διεξόδῳ χρήσιμα. </p>
				</div>
				<pb n="444"/>

				<div type="textpart" subtype="chapter" n="3">
					<p>Κείσθω τοίνυν πρῶτον ἀρχὴν φλεγμονῆς <lb/>ζητεῖσθαι. τίς οὐκ ἂν φαίη τὴν οἱονεὶ γένεσιν
						αὐτῆς ὑπάρχειν <lb/>ἐν ἐκείνῳ παντὶ τῷ χρόνῳ, καθ’ ὃν πληροῦται τὸ μόριον
						<lb/>αἱματώδους οὐσίας; εἴτε γὰρ ἐπὶ παρεμπτώσει συμβαίνει τὸ <lb/>τοιοῦτον, εἴτ’ ἐπὶ τῇ
						σφηνώσει πάντων τῶν ἀγγείων, εἴτε <lb/>ἐπὶ περιστάσει τινὶ τῶν ὄγκων ἐν τοῖς πόροις,
						εἴθ’, ὡς ἡμεῖς <lb/>ἐδιδάξαμεν ἔν τε τῷ περὶ τῆς ἀνωμάλου δυσκρασίας καὶ <lb/>τῷ περὶ
						τῶν παρὰ φύσιν ὄγκων ὑπομνήματι, πλεονεξία <lb/>τις αἵματος ἐν τῷ μορίῳ συνίσταται,
						γεννωμένης τῆς φλεγμονῆς, <lb/>οὗτος ἔσται πρῶτος καιρὸς, ἐν ᾧ πληροῦται τὸ <lb/>μέρος
						ἀνακείμενον τῷ μεγέθει τοῦ πάθους. ὅταν δὲ τὸ <lb/>μὲν ἐπιῤῥέον παύσηται, τὸ δ’ ἐν τῷ
						φλεγμαίνοντι περιεχόμενον <lb/>ὑπάρξηται σήπεσθαι, θερμασία τις γίνεται διὰ τὴν
						σηπεδόνα, <lb/>καὶ ἡ χύσις ἐπιπλέον διὰ τὴν θερμασίαν, ἐφ’ ᾗ καὶ <lb/>πνεῦμα γεννᾶται,
						καὶ δι’ ἄμφω ταῦτα διατείνεται μᾶλλον ἢ <lb/>πρόσθεν τὸ μόριον, εἰ καὶ μηδὲν ἐπιῤῥέοι·
						δεύτερος οὗτός <lb/>ἐστι χρόνος ὁ τῆς αὐξήσεως τῆς φλεγμονῆς. ὅταν δὲ εἰς <lb/>πῦον ἤδη
						μεταβάλλῃ, μέγιστοι μὲν δή που πόνοι τηνικαῦτα ﻿<pb n="445"/>
						<milestone unit="ed2page" n="306"/>καταλαμβάνουσι. περὶ γὰρ τὰς γενέσιας τοῦ πύου οἱ
						<lb/>πόνοι καὶ οἱ πυρετοὶ συμβαίνουσι μᾶλλον ἢ γενομένου· καλεῖται <lb/>δ’ ἀκμὴ τοῦ
						πάθους ὁ τοιοῦτος καιρός. εἰ δὲ ἐκπυϊσκόμενον <lb/>ἢ διαφορούμενον τὸ ῥεῦμα τόν τ’ ὄγκον
						ἐλάττω καὶ <lb/>τὴν τάσιν ἀποφαίνει, παρακμῆς ἀρχὴ τὸ τοιοῦτόν ἐστιν. <lb/>οὕτω μὲν ἐπὶ
						τῆς φλεγμονῆς οἱ καιροὶ διαιροῦνται. ἐπὶ πυρετοῦ <lb/>δὲ τοῦ μὲν ἐπὶ φλεγμονῇ
						συνισταμένου τοὺς αὐτοὺς <lb/>ἐκείνῃ τίθεσθαι καιρούς· τοῦ δ’ ἐπὶ χυμοῦ ἄνευ φλεγμονῆς,
						<lb/>τὸν μὲν τῆς ἀπεψίας τῶν λυπούντων χυμῶν χρόνον, ἀρχήν· <lb/>ὅταν δ’ ἄρξηται
						πέττεσθαι, πεπαῦσθαι μὲν τὴν ἀρχὴν, τὸν <lb/>δεύτερον δ’ ἥκειν καιρὸν, τὸν τῆς ἀναβάσεως
						ὀνομαζόμενον· <lb/>ὁπότε δὲ ἡ πέψις αὐτὴ συντελεῖται μάλιστα, τὸν τῆς ἀκμῆς· <lb/>εἶθ’
						ἑξῆς τὸν τῆς παρακμῆς, ἐν ᾧ πέπαυται μὲν ἤδη τό τε μέγεθος <lb/>τῶν συμπτωμάτων καὶ τὸ
						πλῆθος τῶν πεττομένων, <lb/>ὀλίγον δ’ ἐστὶν ἔτι λείψανον τῶν πεφθῆναι δεομένων χυμῶν.
						<lb/>ἐδήλωσα δ’ ἐν τῇ περὶ κρίσεων πραγμα<milestone unit="ed1page" n="386"/>τείᾳ καὶ τὰ
						γνωρίσματα <lb/>πάντα, τά τε τῆς πέψεως τῆς ἀμυδρᾶς καὶ τὰ τῆς <lb/>παντελοῦς ἀπεψίας,
						καὶ τὰ τῆς ἐναργοῦς καὶ τὰ τῆς τελείας, <pb n="446"/> ἴδια μὲν ὑπάρχοντα τῶν κατὰ τὴν
						γαστέρα πέψεων, ἴδια δὲ <lb/>τῶν κατὰ τὰς φλέβας, ἴδια δὲ ἄλλα τῶν ἀναπνευστικῶν.
						<lb/>ἐλαμβάνετο δὲ τὰ μὲν ἐκ τῶν διαχωρημάτων, τὰ δὲ ἐκ τῶν <lb/>οὔρων, τὰ δὲ ἐκ τῶν
						πτυσμάτων. καὶ ταῦτα ἐπιπλεῖστον ἐν <lb/>ἐκείνῳ τῷ λόγῳ διῆλθον ἅμα ταῖς Ἱπποκρατείαις
						ῥήσεσιν, <lb/>ἀρκεῖ δὲ ἐν τῷ νῦν ἐνεστῶτι τοσοῦτον μόνον εἰπεῖν, ὡς καὶ <lb/>τῶν ἑλκῶν
						οἱ αὐτοὶ καιροί. πρῶτον μὲν γὰρ ἰχῶρες ὑδατώδεις <lb/>ἄπεπτοι καὶ λεπτοὶ ῥέουσιν ἐξ
						αὐτῶν· εἶθ’ ἑξῆς ἐλάττους <lb/>τε καὶ παχύτεροι· κᾄπειτα ἤδη πῦον λεπτόν· εἶτα ἔλαττον
						<lb/>μὲν τῷ πλήθει τοῦτο γίνεται, παχύτερον δὲ καὶ λευκότερον· <lb/>ὥστε οὐδέν ἐστι τῶν
						λυομένων παθῶν, ὃ μὴ διεξέρχεται τοὺς <lb/>καιρούς. οὐ μὴν οὐδ’ ἐξ ἄλλου τινὸς ἡ γνῶσις
						αὐτῶν, ὅτι <lb/>μὴ τῶν τῆς ἀπεψίας τε καὶ πέψεως σημείων, ἃ διὰ τῶν περιττωμάτων
						<lb/>γνωρίζεται. τίς γὰρ οὐκ οἶδεν ἠπεπτηκέναι τὴν <lb/>γαστέρα, διαχωρήματα θεασάμενος
						ἀχύλωτα; τίς δὲ οὐκ οἶδεν, <lb/>οὖρον ὑδατῶδες ἰδὼν, ἠτυχῆσθαι τὴν ἐν τοῖς ἀγγείοις
						<lb/>πέψιν; τίς δὲ λεπτὸν ἀναβηττόμενον πτύσμα κατὰ πλευρῖτιν, <lb/>ἢ περιπνευμονίαν
						ἑωρακὼς, ὁμοίως οὐ συνήσει ὡς ἀρχή ἐστιν <pb n="447"/> ἔτι τοῦ πάθους; οὕτω δὲ κᾀν ταῖς
						ὀφθαλμίαις ἐν ἀρχῇ <lb/>μὲν ἀποῤῥεῖ πολὺ καὶ λεπτὸν, ἄπεπτον ἱκανῶς· ἐφεξῆς δὲ,
						<lb/>ἔλαττόν τε καὶ παχύτερον, ὑπογραφήν τινα πέψεως λαμβάνον· <lb/>εἶτα ἐν τῷ χρόνῳ
						προϊόντι, τοῦ μὲν πλήθους μειουμένου, τῆς <lb/>συστάσεως δὲ ἐπὶ τὸ παχύτερον ἰούσης,
						αὐξάνεται τὰ τῆς πέψεως <lb/>εἰς τοσοῦτον, ὡς καὶ κολλᾶσθαι τὰ βλέφαρα κοιμηθέντων
						<lb/>ὑπὸ τῆς γενομένης λήμης, ἥτις καὶ αὐτὴ καταρχὰς μὲν <lb/>λεπτὴ καὶ πολλὴ, τῷ χρόνῳ
						δὲ ἐλάττων τε καὶ παχυτέρα γενομένη, <lb/>τήν τε πέψιν τοῦ νοσήματος ἐνδείκνυται καὶ τὴν
						παρακμὴν <lb/>τούτου. καὶ μὴν καὶ τῶν ἐξ ἐγκεφάλου καταῤῥεόντων δι’ <lb/>ὑπερῴας καὶ
						ῥινῶν ἀρχὴ μὲν, ὅταν ὑδατῶδές τε καὶ λεπτὸν ᾖ <lb/>καὶ πολὺ καὶ δριμὺ τὸ φερόμενον·
						ἐσχάτην γὰρ ἀπεψίαν ἐνδείκνυται <lb/>ταῦτα· πέψεως δέ ἐστιν ἤδη γνωρίσματα παχύτερόν τε
						<lb/>καὶ ἧττον δριμὺ καὶ ὀλίγον κενούμενον· εἰ δὲ καὶ ἡ καλουμένη <lb/>μύξα καὶ βλέννα
						συναπέρχοιτο, βεβαιότερον ἤδη τοῦτό ἐστι πέψεως <lb/>σημεῖον· ὥσπερ δὴ καὶ (εἰ) παχυτέρα
						μὲν αὐτῆς καὶ ἐλάττων <lb/>γινομένη, πολὺ δὴ καὶ μᾶλλον πέψιν ἐνδείκνυται. καὶ οὗτοι
						<lb/>μὲν οἱ καιροὶ τῶν νοσημάτων εἰσὶν, ἐξ ὧν οἱ κάμνοντες σώζονται. </p>
				</div>
				<pb n="448"/>

				<div type="textpart" subtype="chapter" n="4">
					<p>
						<milestone unit="ed2page" n="307"/>Περὶ δὲ τῶν ἄλλων, ἐν οἷς ἀπόλλυνται, <lb/>μικρὸν
						ὕστερον ἐρῶ, διαρθρώσας πρότερον, ὅσα διορισμοῦ <lb/>τινος τῶν εἰρημένων δέονται. ἓν μὲν
						οὖν ἐστιν αὐτῶν <lb/>καὶ τὸ περὶ τῆς ἀκμῆς, εἴτε ἄχρονος ὑπάρχει διαπαντὸς, ὅσον
						<lb/>ἐφ’ ἑαυτῇ, κᾂν εἰ πρὸς τὴν αἴσθησιν φαίνοιτο παρεκτεινομένη <lb/>πολλάκις
						ἀξιολόγοις χρόνοις· εἴτε διαπαντὸς ἔχει τι πλάτος, <lb/>ὁτὲ μὲν μεῖζον, ὁτὲ δὲ ἔλαττον·
						εἴτ’ ἐπὶ τινῶν μὲν νοσημάτων <lb/>ἔγχρονος, ἐπὶ τινῶν δὲ ἄχρονος. μακροτέρου δὲ λόγου
						<lb/>δεομένου τοῦ σκέμματος, ἔοικα παραλείψειν αὐτὸν ἅπαντα, <lb/>μιμησάμενος Ἱπποκράτη
						περὶ τῆς κατὰ τὸν ὦμον ἐκπτώσεως <lb/>εἰπόντα· οὐ μέντοι ἰσχυρίζω ἔγωγε περὶ αὐτοῦ,
						καίτοι <lb/>ἔχων ὅ τι λέγω. καθάπερ γὰρ ἐκεῖνος ἠρκέσθη τοῖς διαπαντὸς <lb/>ἑωραμένοις
						αὐτῷ, κατὰ τὸν αὐτὸν τρόπον κᾀγὼ νῦν <lb/>ὡς διαπαντὸς ἰδὼν ἐρῶ. πᾶσαν ἀκμὴν τῶν κατὰ
						μέρος <lb/>παροξυσμῶν χρόνῳ γινομένην ἐθεασάμην, ὥστε κᾂν εἰ <lb/>πρὸς τὴν φύσιν ἄχρονος
						εἴη, μηδεμιᾶς ἐξ αὐτοῦ χρείας ἀπολαύειν <lb/>ἡμᾶς. ὅταν γὰρ πρῶτον αἰσθήσει σαφὴς ἡ
						παρακμὴ <lb/>γένηται, τότε τοῖς ἁρμόττουσιν αὐτῇ βοηθήμασι χρώμεθα· <pb n="449"/> μέχρι
						δ’ ἂν ἀπὸ τῶν ἴσων ἀριθμῶν ἑστήκῃ τὸ μέγεθος τοῦ <lb/>πυρετοῦ, μέχρι τοσούτου τῷ μεγέθει
						τῆς ἀκμῆς οἰκεῖα πράττειν <lb/>προσήκει. κατὰ δὲ τὸν αὐτὸν τρόπον ἐπ’ ὀφθαλμίας <lb/>καὶ
						πλευρίτιδος καὶ πάσης φλεγμονῆς ἑκάστου τε τῶν ἄλλων <lb/>νοσημάτων οἱ καθόλου καιροὶ
						τὴν τῶν διαφόρων βοηθημάτων <lb/>ὑπαγορεύουσι χρῆσιν, αἰσθήσει μετρούμενοι. λογικὸν
						<lb/>οὖν γίνεται σκέμμα τὸ περὶ τοῦ πλάτους τῆς ἀκμῆς, εἴτε <lb/>τῶν κατὰ μέρος
						παροξυσμῶν, εἴτε τῆς ὅλης νόσου τι σκοποῖτο· <lb/>νυνὶ δὲ οὐ πρόκειταί μοι τὰ τοιαῦτα
						διαιρεῖν, ὡς οἱ <lb/>τὰ πάντα ἐν πᾶσι φέροντες πράττουσιν, ὧν εἷς ἐστι καὶ
						<lb/>Ἀρχιγένης. ἀναμίγνυσι γὰρ οὗτος ὁ ἀνὴρ ἰατρικωτάταις πραγματείαις <lb/>ἐνίοτε μὲν
						ὑπὲρ ὀνομάτων ζήτησιν, ἔστι δὲ ὅτε καὶ <lb/>περὶ αὐτῶν τῶν πραγμάτων, ἀλλὰ λογικήν·
						ἡμεῖς δὲ ὥσπερ <lb/>ἀεὶ τοῦτο ἐφυλαξάμεθα, καὶ νῦν οὕτω πράξομεν, ἐάσαντες <lb/>ὑπὲρ
						ἀκμῆς ἑτέροις ζητεῖν, εἴτε ἄχρονός ἐστιν, εἴτε σὺν χρόνῳ <lb/>τινὶ, τὴν χρείαν
						μετρήσομεν αὐτῆς, τὴν φύσιν ὁρῶντες ἐναργῶς <lb/>ἔν τε ταῖς ἡλικίαις τὴν ἀκμαστικὴν ἐν
						πλατεῖ χρόνῳ <lb/>διαλυομένην, ἔν τε τοῖς νοσήμασιν ἐνίοτε μὲν ἐν μακροτέρῳ,
						<lb/>πολλάκις δ’ ἐν ἐλάττονι, πάντως δ’ οὖν ἐν αἰσθητῷ. ﻿<pb n="450"/> τουτὶ δὲ αὐτὸ τὸ
						τοῦ χρόνου διάφορον ἐναργέστερόν ἐστιν ἐπὶ <lb/>τῆς κατὰ τὴν ἀκμὴν ἡλικίας ἐν τοῖς ζώοις
						θεάσασθαι· καὶ <lb/>γὰρ δὴ καὶ κύνας θηρευτικοὺς, καὶ ἵππους ἀγωνιστὰς ὁρῶμεν <lb/>ἤδη
						τι ποιοῦντας οἰκεῖον ἔργον ἐν τῷ τῆς αὐξήσεως καιρῷ, <lb/>καὶ μετὰ ταῦτα τελείους τε
						αὐτούς φαμεν γεγονέναι, καὶ βλέπομεν <lb/>ἐναργῶς ἰσχυροτέρους μὲν ἢ πρόσθεν, ὡσαύτως δὲ
						<lb/>ἰσχύοντας οὐκ ἐνιαυτῷ μόνῳ, ἀλλὰ καὶ δυοῖν ἔστιν ὅτε καὶ <lb/>τρισὶν ἔτεσιν· ὥσπερ
						καὶ ἀνθρώπους ἀθλητὰς οὐ τρισὶ τούτοις <lb/>γε μόνον, ἀλλὰ καὶ τέτταρσι καὶ πέντε
						πολλάκις ἔτεσιν <lb/>ἰσοσθενεῖς διαμείναντας ὡς πρὸς αἴσθησιν. οὕτω δὲ ὡς ἔφην <lb/>καὶ
						κατὰ τὰς νόσους οἵ τε κατὰ μέρος παροξυσμοὶ τὰς ἀκμὰς <lb/>ἐν χρόνῳ ποιοῦνται σαφεῖ, καὶ
						πολὺ δὴ μᾶλλον οἱ καθόλου <lb/>καιροὶ τῆς ὅλης νόσου πλάτος ἔχουσιν, οἵ τε ἄλλοι πάντες
						ὅ <lb/>τε τῆς ἀκμῆς οὐδὲν ἧττον (ἔστιν) ὅ τε τῶν ἄλλων ἕκαστος. <lb/>γνωρίζειν δὲ αὐτὰς
						ἐνίοτε μὲν ἐγχωρεῖ σαφῶς, ἔστι δ’ ὅτε <lb/>ἀμυδρῶς, ἢ καὶ παντάπασιν ἀγνοεῖν <milestone unit="ed2page" n="308"/>ἄχρι παμπόλλου. <lb/>καὶ κατὰ τοῦτο ἔνια δοκεῖ τῶν νοσημάτων
						εὐθὺς εἰσβάλλειν <lb/>ἀκμάζοντά· καὶ τοῦτο μὲν αὐτὸ τῶν ἀδυνάτων ἐστὶν, οὔτε <pb n="451"/> γὰρ ὁ λεγόμενος σύνοχος πυρετὸς εὐθὺς ἀπὸ τῆς ἀκμῆς ποτε <lb/>εἰσέβαλεν, ἀλλ’ ἀπὸ τῆς
						πρώτης προσβολῆς ἄχρι τῆς τελεωτάτης <lb/>ἀκμῆς ὥραις ἤτοι τέτταρσιν ἢ τρισὶν ἀφικνεῖται
						τοὐλάχιστον, <lb/>ἐντεῦθεν δὲ πάντως ἴσος ἑαυτῷ μένων συνεχῶς ἄχρι <lb/>κρίσεως. ἀλλ’
						οὐδὲ τὸ μάλιστα ἐξαίφνης εἰσβάλλον ἀκμάζον <lb/>εἴποι τις ἂν, τὴν ἀποπληξίαν· οὐδὲ γὰρ
						ἀκριβῶς ἐστι τὸ <lb/>τοιοῦτον, ἀλλ’ ἐν μὲν βραχεῖ χρόνῳ διεξέρχεται τήν τε ἀρχὴν
						<lb/>καὶ τὴν ἀνάβασιν, οὐ μὴν ἄναρχόν γέ ἐστιν, οὐδ’ εὐθὺς <lb/>εἰσβάλλει τελεώτατα,
						ὥσπερ οὐδὲ ὁ τῆς ἐπιληψίας παροξυσμός· <lb/>οὐδεὶς γὰρ οὕτως ἁλίσκεται ἐξαίφνης τῷ
						συμπτώματι, <lb/>καθάπερ οἱ τὸν τράχηλον ἀφαιρούμενοι, καίτοι καὶ τούτων <lb/>ἡ τομὴ
						πρῶτόν τινα χρόνον ἔχει καὶ δεύτερον καὶ τρίτον <lb/>καὶ τέταρτον, ὥσπερ εἰ καὶ
						χειρουργός τις ὁτιοῦν τέμνοι. <lb/>ἀλλὰ γὰρ, εἰ βούλει, συγχωρείσθω χωρὶς χρόνου τήν τε
						ἐπιληπτικὴν <lb/>καὶ τὴν ἀποπληκτικὴν γίνεσθαι κατάπτωσιν, ἵν’ ὅ γε <lb/>ἐξ ἀρχῆς
						προὐθέμην διέλθω. τουτὶ μὲν γὰρ αὐτὸ σύμπτωμά <lb/>ἐστιν ἡ γινομένη κατάπτωσις, ἡ νόσος
						δὲ οὐ τοῦτό ἐστιν, <lb/>ἀλλὰ χρὴ πάντως αὐτὴν, ὡς ἀπεδείξαμεν, εἶναί τινα διάθεσιν <pb n="452"/> σώματος. εἰ δὲ οὐκ ἔχομεν εἴτε γεννωμένης αὐτῆς, <lb/>
						<milestone unit="ed1page" n="387"/>εἴτε αὐξανομένης γνώρισμά τι, τὸν μὲν ἀκόλουθον λόγον
						<lb/>οὐκ ἀνατρέπει τοῦτο, καθ’ ὃν ἐλέγομεν παντὶ νοσήματι <lb/>ἀναγκαῖον εἶναι διὰ τῆς
						ἀναβάσεως ἐπὶ τὴν ἀκμὴν ἀφικνεῖσθαι, <lb/>δύσγνωστον δὲ ἐνίοτε καὶ πολλοῖς ἄγνωστον τῶν
						νοσημάτων <lb/>ὁμολογεῖ εἶναι τὴν αὔξησιν. ὅτι δὲ ἀληθές ἐστιν ὃ <lb/>λέγω, πείσαιμι ἄν
						σε βραχυτάτῳ λόγῳ τῷδε. σκιῤῥώδεις ὄγκους <lb/>ἐθεασάμην πολλάκις ἐν σκέλεσιν εὐθέως ἐξ
						ἀρχῆς συνισταμένους <lb/>ἄνευ τοῦ προηγήσασθαι φλεγμονὴν, καὶ τρισί γε <lb/>ἐνίοτε καὶ
						τέτταρσιν ἔτεσιν αὐξανομένους κατὰ βραχὺ, χωρὶς <lb/>τοῦ παρεμποδίζειν αἰσθητῶς τὰς
						ἀναγκαίας τοῦ σκέλους ἐνεργείας· <lb/>ἐν δὲ τῷ χρόνῳ διὰ μέγεθος ἀξιόλογον ὕστερόν ποτε
						<lb/>καὶ τὴν βάδισιν ἐνοχλοῦντας. ἐπινόησον τοίνυν, οὐ γὰρ ἀδύνατον, <lb/>ἐν τοῖς σιμοῖς
						τοῦ ἥπατος ἤδη τινὰ ὄγκον συνίστασθαι <lb/>σκιῤῥώδη· καὶ λήσεται μέχρι τινὸς τούτου ἡ
						σύστασις, <lb/>ὕστερον μέντοι τὰ τῆς διαθέσεως αὐτῆς ἔσται φανερώτερα, <lb/>μηδὲ τότε
						δυναμένων ἡμῶν ἐξευρεῖν, ἐφ’ ᾗ διαθέσει τοῦτο συμβαίνει· <lb/>χρόνῳ δὲ ὕστερον ἤδη που
						καὶ παρέγχυσις ὑδερικὴ <pb n="453"/> συμβήσεται, μηδὲ τότε πρὸς τὴν ἁφὴν διασημαίνοντος
						τοῦ <lb/>σκιῤῥώδους ὄγκου· ἀλλ’ ὕστερόν γε φανεὶς ἀξιόλογος ἀνέμνησεν <lb/>ἡμᾶς τῆς
						ἔμπροσθεν ἀγνοίας. οὐκ ὀλίγους γοῦν ἐγὼ τεθέαμαι <lb/>κατὰ τὴν τοιαύτην ὁδὸν τῶν
						συμπτωμάτων ἐν ὀλίγῳ <lb/>χρόνῳ προφήναντας ὄγκον οὐ σμικρὸν ἐν ἥπατι σκιῤῥώδει,
						<lb/>συνιστάμενον μὲν ἐκ πολλοῦ, λανθάνοντα δὲ διὰ τὴν αὐτοῦ <lb/>σμικρότητα καὶ
						εὐτροφίαν τῶν καθ’ ὑποχόνδριον μυῶν. ἀλλ’ <lb/>ὅταν αὐξανόμενος ὁ σκίῤῥος ἅμα μὲν
						ἐπαναβῇ τοῖς κύρτοις <lb/>τοῦ ἥπατος, ἅμα δὲ ἀτροφίας αἴτιος γένηται τοῖς τε ἄλλοις
						<lb/>τοῦ ζώου μορίοις καὶ τοῖς καθ’ ὑποχόνδριον μυσὶν, ἐξ ἀμφοτέρων <lb/>τούτων ἐναργῶς
						ἐν ὀλίγῳ χρόνῳ διαγνώσεις, αὐτοῦ <lb/>ἤδη ὑπάρξαντος ἀξιολόγου μεγέθους. τὰ μὲν δὴ
						τοιαῦτα πάντα <lb/>συνῆπται τῇ τῶν πεπονθότων μορίων ἐπισκέψει, περὶ ἧς <lb/>οὐ
						πρόκειται μὲν ἐν τῷ παρόντι σκοπεῖσθαι, δεδήλωται δὲ <lb/>ὑπὲρ τῆς κοινωνίας αὐτῶν οὐκ
						ἀχρήστως. ἐπὶ δὲ τὸν ἐξ ἀρχῆς <lb/>λόγον ἰέναι καιρός. ἑκάστου τῶν νοσημάτων ἴδιός ἐστι
						<lb/>χρόνος ὁ τῆς γενέσεως, ἐνίοτε μὲν αἰσθητὸς, ἐνίοτε δὲ οὐκ <lb/>αἰσθητός· ἀφ’ οὗ
						πάλιν ὁ τῆς αὐξήσεως οὐχ ὁμοίως ἐπὶ <pb n="454"/> πάντων αἰσθητὸς οὐδὲ οὗ<milestone unit="ed2page" n="309"/>τος· οἷς ὁ τῆς ἀκμῆς ἕπεται <lb/>πάντως αἰσθητὸς, ὁμολογούντων
						ἡμῶν ἔστιν ὅτε μηδὲν ἔχειν <lb/>ἐναργὲς γνώρισμα τῆς ἀρχῆς τοῦ πάθους καὶ τῆς αὐξήσεως.
						<lb/>ἐπὶ τούτων οὖν, ὡς πρὸς τὴν χρείαν τῆς τέχνης, ἀληθῶς τις <lb/>ἐρεῖ τὸν τῆς ἀκμῆς
						μόνον ὑπάρχειν καιρόν· εἰ δὲ καὶ σώζεσθαι <lb/>μέλλοιεν, ἕπεσθαι πάντως αὐτῷ τὸν τῆς
						παρακμῆς, αἰσθητὸν <lb/>καὶ τοιοῦτον, ὡς ἂν ἐν χρόνῳ συνιστάμενον οὐκ ἀπλατεῖ. <lb/>καὶ
						γὰρ εἰ ἢ δι’ αἱμοῤῥαγίας, ἢ δι’ ἱδρώτων τις ὀξέως κριθείη, <lb/>χρόνος γοῦν τις ὑπάρχει
						καὶ τούτῳ αἰσθητὸς ὁ τῆς παρακμῆς· <lb/>εἰ δ’ ἐλάττονος τούτου καθ’ ἕτερα νοσήματα
						γινομένου, τρισὶν <lb/>ἢ τέτταρσιν ἢ καὶ πλέοσιν ἡμέραις παρακμάζοντος, τοῦτο <lb/>οὐδὲν
						τὸν ἔμπροσθεν λόγον φαίνεται παραβλάπτον, οὐδὲ διαβάλλει <lb/>τὸ κεφάλαιον τῆς
						ἀποφάσεως, ἀλλ’ ἔτι μένει, τὸ πάντων <lb/>τῶν νοσημάτων, ὅσα λύεται, καθάπερ ἀκμὴν, οὕτω
						δὴ <lb/>καὶ παρακμὴν ὑπάρχειν τινά. </p>
				</div>
				<div type="textpart" subtype="chapter" n="5">
					<p>Τούτων ἡμῖν αὐτάρκως ἀποδεικνυμένων, <lb/>ἐπισκεψόμεθα περὶ τῶν μὴ λυομένων νοσημάτων.
						διττὴ δέ <lb/>ἐστιν αὐτῶν ἡ φύσις· ἔνια μὲν γὰρ αὐτῶν ἔχει τὴν κατασκευὴν, ﻿<pb n="455"/> ὅταν ἀκριβῶς αὐτὴν ἔχῃ συμπληρουμένην· ἔνια δὲ ἐκ μὲν τῆς <lb/>τῶν λυομένων ἐστὶ
						φύσεως, ἀλλ’ ὅταν ἀποκτεῖναι φθάσῃ, <lb/>κατὰ τοῦτο αὐτοῖς γίνεσθαι συμβαίνει. τριττὸς
						δὲ καὶ τούτων <lb/>ὁ τρόπος ἐστίν· ἢ γὰρ διὰ τὴν τοῦ κάμνοντος ἀδυναμίαν, <lb/>ἢ διὰ τὴν
						τῶν νοσημάτων ἰσχὺν, ἢ διὰ τὰ συναμφότερα ἀναιρεῖ <lb/>πρὶν λυθῆναι. καθ’ ἕτερον δὲ
						λόγον εἷς καινὸς τύπος <lb/>ἁπάντων ἐστὶ τῶν τοιούτων, ὅταν ὑπὲρ τὴν δύναμιν ᾖ· τὸ
						<lb/>γάρ τοι συνέχον αὐτὸ τῆς ἀπωλείας τοῦ κάμνοντος ἐν τούτῳ <lb/>τέτακται, μήτε
						σωθῆναι δυναμένου τινὸς, εἰ μὴ κρατήσειεν ἡ <lb/>φύσις τῆς νόσου, μήτε ἀπόλλυσθαι χωρὶς
						τοῦ νικηθῆναι μὲν <lb/>τὴν φύσιν, ἐπικρατέστερον δὲ αὐτῆς γενέσθαι τὸ νόσημα. <lb/>καὶ
						διὰ τοῦτό γέ τινες ἓν σημαίνεσθαι νομίζουσιν ἐκ τοῦ μεγάλου <lb/>νοσήματος, ἐν τῷ πρός
						τι συνισταμένου, οὐκ εἰδότες <lb/>ὅτι λέγεται μέν ποτε καὶ οὕτω τὸ μέγα νόσημα, καθάπερ
						ἂν <lb/>εἰ καὶ μεῖζον ἐλέγομεν, ὅταν ὑπὲρ τὴν δύναμιν ᾖ· λέγεται δὲ <lb/>καὶ κατ’ ἰδίαν
						οὐσίαν, ὡς ἄνθρωπος, ἢ ἵππος, ἢ βοῦς μέγας. <lb/>ἀποδέδεικται δέ μοι καὶ περὶ τούτου τοῦ
						διττοῦ σημαινομένου <lb/>πολλάκις ἤδη δι’ ἑτέρων· τὸ δὲ πάντα ἐν πᾶσιν ἐξεργάζεσθαι, <pb n="456"/> φλύαρον· ὅπερ οὖν εἰς τὰ παρόντα χρήσιμον ὑπάρχει, <lb/>τοῦτο ἐρῶ. τῶν
						νοσημάτων ἕκαστον αὐτὸ μὲν καθ’ <lb/>ἑαυτὸ κέκτηταί τινα πηλικότητα, βέλτιον γὰρ οὕτως
						εἰπεῖν <lb/>ἕνεκα σαφηνείας, ἤτοι δὲ ὑπὲρ τὴν δύναμίν ἐστιν ἡ πηλικότης <lb/>αὕτη τοῦ
						νοσήματος, ὡς βαρύνειν αὐτὴν, ἢ τοὐναντίον <lb/>ἀσθενεστέρα τῆς δυνάμεως, ὡς νικηθῆναι
						πρὸς ἐκείνης, ἁπάντων <lb/>τῶν καλῶς γινομένων. ὅταν οὖν ὑπὲρ τὴν δύναμιν ᾖ,
						<lb/>τεθνήξεται πάντως ὁ ἄνθρωπος. </p>
				</div>
				<div type="textpart" subtype="chapter" n="6">
					<p>Οἱ καιροὶ δὲ τῆς νόσου τηνικαῦτα κατὰ <lb/>τὶ μὲν ὡσαύτως τοῖς προειρημένοις
						λαμβάνονται, κατὰ τὶ δὲ <lb/>οὐχ ὡσαύτως. ἡ μὲν γὰρ ἀρχὴ κατὰ τὸν αὐτὸν τρόπον ἐν
						<lb/>τῇ γενέσει τοῦ νοσήματος ἔχουσα τὴν σύστασιν· ἡ δὲ ἀνάβασις <lb/>οὐκ ἐν τῷ
						πέττεσθαι, καθάπερ ἐπὶ τῶν σώζεσθαι μελλόντων, <lb/>ἀλλ’ ἐν τοῖς τῆς ἀπεψίας καὶ τοῖς
						ὀλεθρίοις σημείοις. <lb/>ἐδείχθη γὰρ, εἴ <milestone unit="ed2page" n="310"/>τι
						μεμνήμεθα, διαφέροντα ταῦτα ἀλλήλων, <lb/>λεχθήσεται δὲ ἀναμνήσεως ἕνεκα καὶ νῦν ἐξ
						αὐτῶν <lb/>ἔνια. τὸ μὲν οὖν εὔχροον οὖρον καὶ μετρίως παχὺ πάντων <lb/>οὔρων ἐστὶ
						κάλλιστον, ὅσον ἐπὶ τῇ χροιᾷ καὶ συστάσει· <lb/>συμπαρεῖναι δὲ αὐτῷ χρὴ πάντως ἤτοι γε
						ἐναιώρημα χρηστὸν, <pb n="457"/> ἢ νεφέλην, ἢ ὑπόστασιν, ὡς ἂν ἡ τοῦ νοσήματος ἀπαιτῇ
						φύσις· <lb/>ἄλλως μὲν γὰρ ἐδείξαμεν ἐν τοῖς χολώδεσι νοσήμασιν, <lb/>ἄλλως δὲ ἐν τοῖς ἐξ
						ὠμῶν χυμῶν πλήθεσι τὰς ὑποστάσεις <lb/>γινομένας. ἐκ διαμέτρου δὲ, ὡς ἄν τις εἴποι, τὸ
						μὲν ἄπεπτον <lb/>οὖρόν ἐστιν, ὃ μήτε ἐναιώρημα μήτε ὑπόστασιν ἔχει <lb/>μήτε νεφέλην,
						ἀλλὰ μηδὲ πάχος τι προσειληφὸς, ἢ ὠχρότητα, <lb/>λευκὸν δέ ἐστι τῇ χροιᾷ, καὶ λεπτὸν τῇ
						συστάσει, καθάπερ <lb/>ὕδωρ· εἰ μέντοι νεφέλη τις, ἢ ἐναιώρημα μέλαν, ἢ ὑπόστασις
						<lb/>ἐν αὐτῷ γένοιτο μέλαινα, καὶ μᾶλλον εἰ καὶ σύμπαν εἴη <lb/>ζοφῶδες, ὀλέθριον
						ὑπάρχει· καθάπερ εἰ καὶ κριμνώδη τινὰ, <lb/>ἢ πεταλώδη κατ’ αὐτὸ φαίνοιτο· καὶ μὴν καὶ
						τὸ δυσῶδες <lb/>ἰσχυρῶς, καὶ τὸ λιπαρὸν, ὅπερ ἐλαιῶδες ὀνομάζουσιν, ὀλέθριον. <lb/>ταῦτα
						οὖν ἐστι τὰ οὖρα, μεγάλου νοσήματος γνωρίσματα, <lb/>ὃ κατὰ τὴν ἑαυτοῦ φύσιν ἔλεγον
						ὑπάρχειν μέγα. <lb/>μέγα δὲ, εἰ καὶ τὸ πτύσμα πλευριτικοῖς καὶ περιπνευμονικοῖς,
						<lb/>ἤτοι μέλαν, ἢ πυῤῥὸν ἰσχυρῶς, ἢ ἀφρῶδες, ἢ δυσῶδες ἱκανῶς, <lb/>ἢ μηδ’ ὅλως
						πτυόμενον, ἰσχυρᾶς ὀδύνης ἢ δυσπνοίας <pb n="458"/> κατεχούσης τὸν ἄνθρωπον. ἀνάλογον δὲ
						τοῖσδε κᾀπὶ τῶν <lb/>ἄλλων νοσημάτων, ὅσα καθ’ ἧπαρ, ἢ γαστέρα συνίσταται, <lb/>τῶν
						ὀλεθρίων σημείων ὑπάρχει γένος, ὅθεν οὐδὲ ὁρίσαι παραπλησίως <lb/>οἷόν τε τῇ τῶν
						σωθησομένων ἀκμῇ τὴν ἐν τοῖς <lb/>τοιούτοις νοσήμασιν· ἐκεῖ μὲν γὰρ οἱ μέγιστοι
							παρο<milestone unit="ed1page" n="388"/>ξυσμοὶ <lb/>τὴν ἀκμὴν ἀφώριζον, ἐνταυθοῖ δὲ οὐχ
						ὁρίσαι τοὺς μεγίστους <lb/>ὁμοίως, ὡς ἂν μηδὲ πεπτομένου τὴν ἀρχὴν τοῦ νοσήματος,
						<lb/>ἀλλ’ ἐπινοίᾳ χρὴ λαμβάνειν τὸ μέγιστον, εἰς ὃ ποτὲ <lb/>μὲν ἀφικνεῖται τὸ νόσημα,
						ποτὲ δὲ ἀναιρεῖ φθάνον. ἐπὶ μέν <lb/>γε τῆς λυομένης φλεγμονῆς ἡ τοῦ πύου γένεσις ὅρος
						τῆς ἀκμῆς· <lb/>ἐπὶ δὲ τῆς μὴ μελλούσης λύεσθαι δυνατὸν μὲν τὸν ἄνθρωπον <lb/>ἀποθανεῖν
						ἐστι καὶ κατὰ τὴν ἀνάβασιν αὐτῆς· ἐγχωρεῖ <lb/>δὲ καὶ διαρκέσαι τὴν δύναμιν ἰσχυροτάτην
						ὑπάρχουσαν <lb/>ἄχρι τοῦ τελευταίου μεγέθους. ταύτης γάρ τοι τῆς φλεγμονῆς, <lb/>ὅταν γε
						μὴ μέλλοι λύεσθαι, τὸ μέγιστον μέγεθος ἤτοι γε <lb/>εἰς γάγγραιναν, ἢ εἰς σηπεδόνα
						τελευτᾷ· μέχρι δ’ ἂν μηκέτι <lb/>τι τούτων ᾖ, δυνατὸν αὐτὴν αὐξηθῆναι. ἀνάλογον δὲ τῇ
						<lb/>φλεγμονῇ καὶ αἱ καθ’ ἕκαστον γένος τῶν ἄλλων νοσημάτων ﻿<pb n="459"/> αὐξήσεις
						νοείσθωσαν. εἴρηται δὲ αὐτῶν οὐ τὰ γένη μόνον, <lb/>ἀλλὰ καὶ αἱ διαφοραὶ καὶ τὰ εἴδη δι’
						ἑνὸς ὑπομνήματος, ὃ <lb/>περὶ διαφορᾶς νοσημάτων ἐπιγράφεται. ἐκείνῳ δὲ μάλιστά <lb/>σε
						προσέχειν ἀξιῶ τὸν νοῦν, ὃ παροφθὲν ἱκανῶς ἄν τινα <lb/>σφάλλοι. </p>
				</div>
				<div type="textpart" subtype="chapter" n="7">
					<p>Ἐνδέχεται γὰρ ἑνὶ καὶ τῷ αὐτῷ χρόνῳ καὶ <lb/>δυσὶ καὶ τρισὶ νοσήμασιν ἔχεσθαι τὸν
						ἄνθρωπον, ὧν τὸ μὲν <lb/>ἤδη παρακμάζει, τὸ δὲ τὸν ἀρχῆς ἔτι μένει καιρὸν, ἢ τὰ
						<lb/>πρῶτα τῆς ἀναβάσεως, τὸ δ’ ἐπὶ πλεῖστον ηὔξηται· κᾄπειτα <lb/>τὸν ἄνθρωπον
						ἀποθανεῖν, οὔτε διὰ τὸ παρακμάζον, οὔτε <lb/>διὰ τὸ νῦν ἀρχόμενον, ἀλλὰ διὰ τὸ μεγάλως
						ηὐξημένον. <lb/>μάλιστα μὲν οὖν ἐπισκέπτου τὰς τρεῖς ἀρχὰς τῶν διοικουσῶν <lb/>ὅλον τὸ
						σῶμα <milestone unit="ed2page" n="311"/>δυνάμεων, ὅπως διάκεινται· λέγω δὲ <lb/>ταύτας,
						ἐγκέφαλον, καρδίαν καὶ ἧπαρ· ἐφεξῆς δὲ καὶ τὰ <lb/>ἄλλα σύμπαντα μόρια, τὰ ἀπὸ τῶν ἀρχῶν
						ἑκάστης πεφυκότα, <lb/>νεῦρα, φλέβας καὶ ἀρτηρίας, καὶ ἅττα φύσιν μὲν ἰδίαν <lb/>ἔχοντα,
						διοικούμενα δὲ ὑπὸ τῶν ἀρχῶν ἁπασῶν, ἔνια μὲν <lb/>ὁμοτίμως, ἔνια δὲ ὑπὸ τῆς μὲν μᾶλλον,
						ὑπὸ τῆς δὲ ἧττον. <pb n="460"/> ἐκ γὰρ τῆς τοιαύτης θεωρίας πρῶτον μὲν, εἴθ’ ἕν ἐστιν,
						εἴτε <lb/>καὶ πλείω νοσήματα κατὰ τὸν ἄνθρωπον, εὑρήσεις· εἶθ’ ἑξῆς <lb/>ἑκάστου τοὺς
						ἰδίους ἐπίσκεψαι καιροὺς, ἀναγκαίους ὑπάρχοντας <lb/>εἰς τὴν τῶν βοηθημάτων εὕρεσιν, ἧς
						ἕνεκα ἡμῖν ὁ λόγος <lb/>ὅδε σπουδάζεται. </p>
				</div>
				<div type="textpart" subtype="chapter" n="8">
					<p>Περὶ μὲν γὰρ τὰς ἀρχὰς καὶ τὰ τέλη πάντα <lb/>ἀσθενέστερα, περὶ δὲ τὰς ἀκμὰς
						ἰσχυρότερα, μεταξὺ δὲ τούτων <lb/>ὅσα μεταξύ. τὰ μὲν γὰρ τῆς ἀρχῆς ἐγγυτέρω τῶν
						<lb/>ἐγγυτέρω τῆς ἀκμῆς ἀσθενέστερα, καθάπερ γε καὶ τὰ τοῦ <lb/>τέλους ἐγγυτέρω· τὰ δὲ
						ἶσον ἀπέχοντα τῆς ἀρχῆς τε καὶ <lb/>τῆς ἀκμῆς μέσα τῆς ἰσχύος τῶν ἄκρων ἀμφοτέρων· οὕτω
						<lb/>δὲ καὶ τὰ τῆς ἀκμῆς ἶσον ἀπέχοντα καὶ τῆς τελευτῆς, μέσα <lb/>καὶ ταῦτα τῶν ἰδίων
						ἄκρων ἐστίν. ἐπικρατεῖν οὖν ἐν <lb/>τῇ θεραπείᾳ προσήκει κατὰ μὲν τὴν ἀκμὴν τὸ
						παρηγορικὸν, <lb/>ἐπὶ δὲ τῆς ἀρχῆς καὶ τῆς τελευτῆς τὸ ἀγωνιστικόν· <lb/>ἀνάλογον δὲ
						τοῖς ἄκροις οἱ μεταξὺ καιροὶ λαμβανέσθωσαν, <lb/>καθάπερ ἐν τῇ τῆς θεραπευτικῆς μεθόδου
						πραγματείᾳ λέλεκται <lb/>ἐπὶ πλέον, νυνὶ δὲ ὅσον ὑπογραφῆς ἕνεκεν αὐτὰ τὰ κεφάλαια
						<lb/>διῆλθον, ἐνδεικνύμενος τὴν χρείαν τῆς ἐν τοῖς νοσήμασι κατὰ <pb n="461"/> καιροὺς
						διαφορᾶς. οὐδὲ γὰρ ὅπως τις διαιτήσει δυνατὸν εὑρεῖν, <lb/>οὐδὲ πότε δὲ θρέψει, χωρὶς
						τοῦ διορίσαι βεβαίως αὐτοὺς, <lb/>εἴ γε χρὴ συντεκμαίρεσθαι κατ’ ἀρχὰς εὐθὺς, ὁπηνίκα
						μὲν ἡ <lb/>ἀκμὴ τοῦ νοσήματος ἔσοιτο, πηλίκη δέ ἐστιν ἡ τοῦ κάμνοντος <lb/>δύναμις. εἰ
						μὲν γὰρ ἐξαρκέσει τῷ τῆς ἀκμῆς καιρῷ καὶ χωρὶς <lb/>τοῦ τροφὴν προσενέγκασθαι, κράτιστον
						ἀσιτεῖν ἄχρι τοῦ τὴν <lb/>παρακμὴν ἀπάρξασθαι· εἰ δ’ οὐχ οἷόν τε ἀσιτοῦντα διαρκέσαι,
						<lb/>θρεπτέον αὐτὸν ἀπ’ ἀρχῆς εὐθέως ἐν ἅπαντι καιρῷ τῷ <lb/>δυναμένῳ προσδέξασθαι
						τροφὴν, ἔστι δὲ οὗτος ὁ τῆς ἀνέσεως. <lb/>λέγω δὲ ἄνεσιν ἄρτι τὸ δεύτερον μόριον τῆς
						ὅλης περιόδου <lb/>διαιρεθείσης εἰς δύο τὰ πάντα, παροξυσμόν τε καὶ ἄνεσιν.
						<lb/>Ἱπποκράτης μὲν οὖν πάντων πρῶτος ὧν ἴσμεν ὀρθῶς περὶ <lb/>τούτου διωρίσατο· βέλτιον
						δὲ ἂν ἐξεργάσασθαι τὴν τέχνην <lb/>αὐτοῦ· σχεδὸν δὲ οὐδεὶς τοῦτο ἐποίησεν, ἔνιοι δὲ καὶ
						τελέως <lb/>ἀποχωρήσαντες αὐτῆς εἰς μακρολογίαν ἐξετράποντο, καθάπερ <lb/>καὶ Ἀρχιγένης
						ἔν τε τοῖς ἄλλοις ἅπασι κᾀν τοῖς <lb/>δύο βιβλίοις, ἃ περὶ τῶν ἐν ταῖς νόσοις καιρῶν
						ἐγράψατο. <lb/>μαθήσῃ δὲ ἐναργῶς ὃ λέγω, δύο ταῦτα ἐξετάσας ἀκριβῶς· <pb n="462"/> ἓν
						μὲν, εἰ ταυτὶ τὰ νῦν ὑφ’ ἡμῶν εἰρημένα δι’ ὅλου τούτου <lb/>τοῦ βιβλίου χρησιμώτατά
						ἐστιν εἰς θεραπείαν καὶ πρόγνωσιν· <lb/>ἕτερον δὲ, εἰ λέλεκταί τι πρὸς Ἀρχιγένους. εἰ
						γὰρ μηδενὸς <lb/>ἐλλείποντος τοῖσδε, φαίνεται λέγων ἕτερα, διττῶς πλημμελεῖ, <lb/>μήτε
						τὰ χρήσιμα διδάσκων, βαρύνων τε τῇ τῶν ἀχρήστων πολυλογίᾳ <lb/>τοὺς ἀναγινώσκοντας αὐτοῦ
						τὰ βιβλία. </p>
				</div>
			</div>
		</body>
	</text>
</TEI>
