<ti:work xmlns:ti="http://chs.harvard.edu/xmlns/cts" groupUrn="urn:cts:greekLit:tlg0062" xml:lang="grc" urn="urn:cts:greekLit:tlg0062.tlg025">
  <ti:title xml:lang="lat">Revivescentes sive piscator</ti:title>
  <ti:edition urn="urn:cts:greekLit:tlg0062.tlg025.1st1K-grc1" workUrn="urn:cts:greekLit:tlg0062.tlg025">
    <ti:label xml:lang="lat">Revivescentes sive piscator</ti:label>
    <ti:description xml:lang="lat">Lucianus, Revivescentes sive piscator, Harmon, Harvard, 1960</ti:description>
  </ti:edition>
</ti:work>
