﻿<?xml version="1.0" encoding="UTF-8"?>
<?xml-model href="http://www.stoa.org/epidoc/schema/latest/tei-epidoc.rng" schematypens="http://relaxng.org/ns/structure/1.0"?>
<TEI xmlns="http://www.tei-c.org/ns/1.0">
 <teiHeader>
  <fileDesc>
   <titleStmt>
    <title>Revivescentes sive piscator</title>
    <author>Lucianus Samosatenus</author>
    <editor>A. M. Harmon</editor>
    <funder>Harvard Library Arcadia Fund</funder>
    <principal>Gregory Crane</principal>
    <respStmt>
     <persName xml:id="DDD">Digital Divide Data</persName>
     <resp>Corrected and encoded the text</resp>
    </respStmt>
    <respStmt>
     <persName>Gregory Crane</persName>
     <resp>Editor-in-Chief, Perseus Digital Library</resp>
    </respStmt>
    <respStmt>
     <persName>Matt Munson</persName>
     <resp>Project Manager (University of Leipzig), 2016 - present</resp>
    </respStmt>
    <respStmt>
     <persName>Annette Geßner</persName>
     <resp>Project Assistant (University of Leipzig) 2015 - present</resp>
    </respStmt>
    <respStmt>
     <persName>Thibault Clérice</persName>
     <resp>Lead Developer (University of Leipzig)</resp>
    </respStmt>
    <respStmt>
     <persName>Bruce Robertson</persName>
     <resp>Technical Advisor</resp>
    </respStmt>
   </titleStmt>
   <publicationStmt>
    <authority>Harvard College Library</authority>
    <idno type="filename">tlg0062.tlg025.1st1K-grc1.xml</idno>
    <availability>
     <p>Available under a Creative Commons Attribution-ShareAlike 4.0 International License</p>
    </availability>
    <date>2016</date>
    <publisher>Harvard College Library</publisher>
    <pubPlace>United States</pubPlace>
   </publicationStmt>
   <sourceDesc>
    <listBibl>
     <biblStruct>
      <monogr>
       <title>Lucian</title>
       <editor>
        <persName>
         <name>A. M. Harmon</name>
        </persName>
       </editor>
       <author ref="urn:cts:greekLit:tlg0062">Lucianus Samosatenus</author>
       <imprint>
        <publisher>Harvard University Press</publisher>
        <pubPlace>Cambridge, Mass</pubPlace>
        <date>1960</date>
       </imprint>
       <biblScope unit="volume">3</biblScope>
      </monogr>
      <ref target="https://archive.org/details/lucianhar03luciuoft">The Internet Archive</ref>
     </biblStruct>
    </listBibl>
   </sourceDesc>
  </fileDesc>
  <encodingDesc>
   <p>Text encoded in accordance with the latest EpiDoc standards (January 2014)</p>
   <refsDecl n="CTS">
    <cRefPattern matchPattern="(.+)" n="section" replacementPattern="#xpath(/tei:TEI/tei:text/tei:body/tei:div/tei:div[@n='$1'])"/>
   </refsDecl>
  </encodingDesc>
  <profileDesc>
   <langUsage>
    <language ident="grc">Greek</language>
   </langUsage>
  </profileDesc>
  <revisionDesc>
   <change/>
  </revisionDesc>
 </teiHeader>
<text>
<body>
 <div type="edition" xml:lang="grc" n="urn:cts:greekLit:tlg0062.tlg025.1st1K-grc1">
<pb n="2"/>
  <head><note type="footnote">MSS. available in photographs: Γ, UPΝ.</note>ΑΝΑΒΙΟΥΝΤΕΣ Η ΑΛΙΕΥΣ<note type="footnote" n="1">ΑΝΑΒΙΟΥΝΤΕΣ Η ΑΛΙΕΥΣ γ (and Thomas Magister):
   ΑΛΙΕΥΣ Η ΑΝΑΒΙΟΥΝΤΕΣ β</note></head>
<div type="textpart" subtype="section" n="1">
<sp>
<speaker>ΣΩΚΡΑΤΗΣ</speaker>
<p>1 Βάλλε βάλλε τὸν κατάρατον ἀφθόνοις τοῖς λίθοις·
ἐπίβαλλε τῶν βώλων· προσεπίβαλλε καὶ
τῶν ὀστράκων· παῖε τοῖς ξύλοις τὸν ἀλιτήριον·
ὅρα μὴ διαφύγῃ· καὶ σὺ βάλλε, ὦ Πλάτων· καὶ
σύ, ὦ Χρύσιππε, καὶ σὺ δέ, καὶ πάντες ἅμα·<note type="footnote" n="2"> Punctuation A M.H.: καὶ σὺ δὲ καὶ πάντες ἅμα συν. γ ; καὶ
σὺ δέ, πάντες ἅμα συν. β, edd.</note>
συνασπίσωμεν ἐπʼ αὐτόν,
<lg>
<l>ὡς πήρη πήρῃφιν ἀρήγῃ, βάκτρα δὲ βάκτροις,</l>
</lg>
κοινὸς γὰρ πολέμιος, καὶ οὐκ ἔστιν ἡμῶν ὅντινα
οὐχ ὕβρικε. σὺ δέ, ὦ Διόγενες, εἴ ποτε καὶ
ἄλλοτε, χρῶ τῷ ξύλῳ· μηδὲ ἀνῆτε· διδότω τὴν
ἀξίαν βλάσφημος ὤν. τί τοῦτο; κεκμήκατε, ὦ
Ἐπίκουρε καὶ Ἀρίστιππε; καὶ μὴν οὐκ ἐχρῆν.
<lg>
<l>ἀνέρες ἔστε, σοφοί, μνήσασθε δὲ θούριδος ὀργῆς.</l>
</lg></p>
</sp>
</div>

<div type="textpart" subtype="section" n="2">
<p>2 Ἀριστότελες, ἐπισπούδασον· ἔτι θᾶττον. <note type="footnote" n="3"> Punctuation Κ. Schwartz: ἐπισπούδασον ἔτι θᾶττον MSS.</note> εὖ
ἔχει· ἑάλωκεν τὸ θηρίον. εἰλήφαμέν σε, ὦ μιαρέ.
εἴσῃ γοῦν αὐτίκα οὕστινας ἡμᾶς ὄντας ἐκακηγόρεῖς.





<pb n="4"/>
τῷ τρόπῳ δέ τις αὐτὸν καὶ μετέλθῃ;
ποικίλον γάρ τινα θάνατον ἐπινόῶμεν κατʼ αὐτοῦ
πᾶσιν ἡμῖν ἐξαρκέσαι δυνάμενον· καθʼ ἕκαστον
γοῦν ἑπτάκις δίκαιός ἐστιν ἀπολωλέναι.</p>

<sp>
<speaker>ΦΙΛΟΣΟΦΟΣ</speaker>
<p>Ἐμοὶ μὲν ἀνασκολοπισθῆναι δοκεῖ αὐτόν.</p>
</sp>

<sp>
<speaker>ΑΛΛΟΣ</speaker>
<p>Νὴ Δία, μαστιγωθέντα γε πρότερον.</p>
</sp>

<sp>
<speaker>ΑΛΛΟΣ</speaker>
<p>Πολὺ πρότερον τοὺς ὁφθαλμοὺς ἐκκεκολάφθω.</p>
</sp>

<sp>
<speaker>ΑΛΛΟΣ</speaker>
<p>Γὴν γλῶτταν αὐτὴν ἔτι πολὺ πρότερον ἀποτετμήσθω.</p>
</sp>

<sp>
<speaker>ΣΩΚΡΑΤΗΣ</speaker>
<p>Σοὶ δὲ τί, Ἐμπεδόκλεις, δοκεῖ;</p>
</sp>

<sp>
<speaker>ΕΜΠΕΔΟΚΛΗΣ</speaker>
<p>Εἰς τοὺς κρατῆρας ἐμπεσεῖν αὐτόν, ὡς μάθῃ μὴ
λοιδορεῖσθαι τοῖς κρείττοσιν.</p>
</sp>

<sp>
<speaker>ΠΛΑΤΩΝ</speaker>
<p>Καὶ μὴν ἄριστον ἦν καθάπερ τινὰ Πενθέα ἢ
Ὀρφέα
<lg>
<l>λακιστὸν ἐν πέτραισιν εὑρέσθαι μόρον,</l>
</lg>
ἶνα ἂν καὶ τὸ μέρος αὐτοῦ ἕκαστος ἔχων ἀπηλλάττcτο.</p>
</sp>
</div>

<div type="textpart" subtype="section" n="3">
<sp>
<speaker>ΠΑΡΡΗΣΙΑΔΗΣ</speaker>
<p>3 Mηδαμῶς· ἀλλὰ πρὸς Ἰκεσίου φείσασθέ μου.</p>
</sp>

<pb n="6"/>
<sp>
<speaker>ΠΛΑΤΩΝ</speaker>
<p>Ἄραρεν· οὐκ ἂν ἀφεθείης ἔτι. ὁρᾷς δὲ δὴ καὶ
τὸν Ὅμηρον ἅ φησιν,
<lg>
<l>ὡς οὐκ ἔστι λέουσι καὶ ἀνδράσιν ὅρκια πιστά.</l>
</lg></p>
</sp>

<sp>
<speaker>ΠΑΡΡΗΣΙΑΔΗΣ</speaker>
<p>Καὶ μὴν καθʼ Ὅμηρον ὑμᾶς καὶ αὐτὸς ἱκετεύσω·
αἰδέσεσθε γὰρ ἴσως τὰ ἔπη καὶ οὐ παρόψεσθε
ῥαψῳδήσαντά με·
<lg>
<l>ζωγρεῖτʼ οὐ κακὸν ἄνδρα καὶ ἄξια δέχθε ἄποινα,</l>
<l>χαλκόν τε χρυσόν τε, τὰ δὴ φιλέουσι σοφοί περ.</l>
</lg></p>
</sp>

<sp>
<speaker>ΠΛΑΤΩΝ</speaker>
<p>Ἀλλ᾿ οὐδὲ ἡμεῖς ἀπορήσομεν πρὸς σὲ Ὁμηρικῆς
ἀντιλογίας. ἄκουε γοῦν·
<lg>
<l>μὴ δή μοι φύξιν γε, κακηγόρε, βάλλεο θυμῷ</l>
<l>χρυσόν περ λέξας, ἐπεὶ ἵκεο χεῖρας ἐς ἀμάς.</l>
</lg></p>
</sp>

<sp>
<speaker>ΠΑΡΡΗΣΙΑΔΗΣ</speaker>
<p>Οἴμοι τῶν κακῶν. ὁ μὲν Ὅμηρος ἡμῖν ἄπρακτος,
ἡ μεγίστη ἐλπίς. ἐπὶ τὸν Εὐριπίδην δή μοι
καταφευκτέον· τάχα γὰρ ἂν ἐκεῖνος σώσειέ με.
<lg>
<l>μὴ κτεῖνε· τὸν ἱκέτην γὰρ οὐ θέμις κτανεῖν.</l>
</lg></p>
</sp>

<sp>
<speaker>ΠΛΑΤΩΝ</speaker>
<p>Τί δέ; οὐχὶ κἀκεῖνα Εὐριπίδου ἐστίν,
<lg>
<l>οὐ δεινὰ πάσχειν δεινὰ τοὺς εἰργασμένους;</l>
</lg></p>
</sp>

<pb n="8"/>
<sp>
<speaker>ΠΑΡΡΗΣΙΑΔΗΣ</speaker>
<p>Νῦν οὖν ἕκατι ῥημάτων κτενεῖτέ <note type="footnote" n="1"></note> με;</p>
</sp>

<sp>
<speaker>ΠΛΑΤΩΝ</speaker>
<p>Νὴ Δία· φησὶ γοῦν ἐκεῖνος αὐτός,
<lg>
<l>ἀχαλίνων στομάτων</l>
<l>ἀνόμου τʼ ἀφροσύνας</l>
<l>τὸ τέλος δυστυχία.</l>
</lg></p>
</sp>
</div>

<div type="textpart" subtype="section" n="4">
<sp>
<speaker>ΠΑΡΡΗΣΙΑΔΗΣ</speaker>
<p>4 Οὐκοῦν ἐπεὶ δέδοκται πάντως ἀποκτιννύναι
καἰ οὐδεμία μηχανὴ τὸ διαφυγεῖν με, φέρε τοῦτο
γοῦν εἴπατέ μοι, τίνες ὄντες ἢ τί πεπονθότες
ἀνήκεστον πρὸς ἡμῶν ἀμείλικτα ὀργίζεσθε καὶ
ἐπὶ θανάτῳ συνειλήφατε;</p>
</sp>

<sp>
<speaker>ΠΛΑΤΩΝ</speaker>
<p>Ἅτινα μὲν εἴργασαι ἡμᾶς τὰ δεινά, σεαυτὸν
ἐρώτα, ὦ κάκιστε, καὶ τοὺς καλοὺς ἐκείνους σου
λόγους ἐν οἷς φιλοσοφίαν τε αὐτὴν κακῶς ἠγόρευες
καὶ εἰς ἡμᾶς ὕβριζες, ὥσπερ ἐξ ἀγορᾶς
ἀποκηρύττων σοφοὺς ἄνδρας, καὶ τὸ μέγιστον,
ἐλευθέρους· ἐφʼ οἷς ἀγανακτήσαντες ἀνεληλύθαμεν
ἐπὶ σὲ παραιτησάμενοι πρὸς ὀλίγον τὸν
Ἀϊδωνέα, Χρύσιππος οὑτοσὶ καὶ Ἐπίκουρος καὶ
ὁ Πλάτων ἐγὼ καὶ Ἀριστοτέλης ἐκεῖνος καὶ ὁ
σιωπῶν οὗτος Πυθαγόρας καὶ Διογένης καὶ
ἄπαντες ὁπόσους διέσυρες ἐν τοῖς λόγοις.</p>
</sp>
</div>

<div type="textpart" subtype="section" n="5">
<sp>
<speaker>ΠΑΡΡΗΣΙΑΔΗΣ</speaker>
<p>5 Ἀνέπνευσα· οὐ γὰρ ἀποκτενεῖτέ με, ἢν μάθητε
ὁποῖος ἐγὼ περὶ ὑμᾶς ἐγενόμην· ὥστε ἀπορρίψατε
τοὺς λίθους, μᾶλλον δὲ φυλάττετε. χρήσεσθε
γὰρ αὐτοῖς κατὰ τῶν ἀξίων.
<lg>
<l>κτενεῖτέ Guyet ; κτείνετέ βγ.</l>
</lg></p>
</sp>

<pb n="10"/>
<sp>
<speaker>ΠΛΑΤΩΝ</speaker>
<p>Ληρεῖς. σὲ δὲ χρὴ τήμερον ἀπολωλέναι, καὶ
ἤδη γε
<lg>
<l>λάϊνον ἔσσο χιτῶνα κακῶν ἕνεχ᾿ ὅσσα ἔοργας.</l>
</lg></p>
</sp>

<sp>
<speaker>ΠΑΡΡΗΣΙΑΔΗΣ</speaker>
<p>Καὶ μήν, ὦ ἄριστοι, ὃν ἐχρῆν μόνον ἐξ ἀπάντων
ἐπαινεῖν οἰκεῖόν τε ὑμῖν ὄντα καὶ εὔνουν
καὶ ὁμογνώμονα καί, εἰ μὴ φορτικὸν εἰπεῖν, κηδεμόνα
τῶν ἐπιτηδευμάτων εὖ ἴστε ἀποκτενοῦντες,
ἢν ἐμὲ ἀποκτείνητε τοσαῦτα ὑπὲρ ὑμῶν πεπονηκότα.
ὁρᾶτε οὖν μὴ κατὰ τοὺς πολλοὺς <note type="footnote" n="1">κατὰ τοὺς πολλοὺς γΝ : not in BU.</note> τῶν νῦν
φιλοσόφων αὐτοὶ <note type="footnote" n="2"> αὐτοὶ Cobet: αὐτὸ MSS.</note> ποιεῖτε, ἀχάριστοι καὶ ὀργίλοι
καὶ ἀγνώμονες φαινόμενοι πρὸς ἄνδρα εὐεργέτην.</p>
</sp>

<sp>
<speaker>ΠΛΑΤΩΝ</speaker>
<p>Ὢ τῆς ἀναισχυντίας. καὶ χάριν σοι τῆς κακηγορίας
προσοφείλομεν; οὕτως ἀνδρατόδοις ὡς
ἀληθῶς <note type="footnote" n="3"> οὕτως ἀνδραπόδοις (sicine cum servis — ?) ὡς ἀληθῶς Κ.
Schwartz: οὕτως ἀνδραπόδοις ἀληθῶς γ ; οὕτως ὡς ἀνδραπόδοις
ἀληθῶς β, edd. since Jacobitz.</note> οἴει διαλέγεσθαι; ἢ καὶ εὐεργεσίαν
καταλογιῇ πρὸς ἡμᾶς ἐπὶ τῇ τοσαύτῃ ὕβρει καὶ
παροινίᾳ τῶν λόγων;</p>
</sp>
</div>

<div type="textpart" subtype="section" n="6">
<sp>
<speaker>ΠΑΡΡΗΣΙΑΔΗΣ</speaker>
<p>6 Ποῦ γὰρ ἐγὼ ὑμᾶς ἢ πότε ὕβρικα, ὃς ἀεὶ
φιλοσοφίαν τε θαυμάζων διατετέλεκα καὶ ὑμᾶς
αὐτοὺς ὑπερεπαινῶν καὶ τοῖς λόγοις οἶς καταλελοίπατε
ὁμιλῶν; αὐτὰ γοῦν ἅ φημι ταῦτα,
πόθεν ἄλλοθεν ἢ παῤ ὑμῶν λαβὼν καὶ κατὰ τὴν
μέλιτταν ἀπανθισάμενος ἐπιδείκνυμαι τοῖς ἀνθρώποις;
οἱ δὲ ἐπαινοῦσι καὶ γνωρίζουσιν ἕκαστον




<pb n="12"/>
τὸ ἄνθος ὅθεν καὶ παῤ ὅτου καὶ ὅπως
ἀνελεξάμην, καὶ λόγῳ μὲν ἐμὲ ζηλοῦσι τῆς ἀνθολογίας,
τὸ δʼ ἀληθὲς ὑμᾶς καὶ τὸν λειμῶνα τὸν
ὑμέτερον, οἳ τοιαῦτα ἐξηνθήκατε ποικίλα καὶ
πολυειδῆ τὰς βαφάς, εἴ τις ἀναλέξασθαί τε αὐτὰ
ἐπίσταιτο καὶ ἀναπλέξαι καὶ ἁρμόσαι, ὡς μὴ
ἀπᾴδειν θάτερον θατέρου. ἔσθʼ ὅστις οὖν ταῦτα
εὗ πεπονθὼς παῤ ὑμῶν κακῶς ἂν εἰπεῖν ἐπιχειρήσειεν
εὐεργέτας ἄνδρας, ἀφʼ ὧν εἶναί τις ἔδοξεν;
ἐκτὸς εἰ μὴ κατὰ τὸν Θάμυριν ἢ τὸν Εὔρυτον εἴη
τὴν φύσιν, ὡς ταῖς Μούσαις ἀντᾴδειν, παῤ ὧν
εἴληφε τὴν ᾠδήν, ἢ τῷ Ἀπόλλωνι ἐριδαίνειν
ἐναντία τοξεύων, καὶ ταῦτα δοτῆρι ὄντι τῆς
τοξικῆς.</p>
</sp>
</div>

<div type="textpart" subtype="section" n="7">
<sp>
<speaker>ΠΛΑΤΩΝ</speaker>
<p>7 Τοῦτο μέν, ὧ γενναῖε, κατὰ τοὺς ῥήτορας
εἴρηταί σοι· ἐναντιώτατον δʼ οὖν <note type="footnote" n="1">δʼ οὖν Fritzsche: γοῦν MSS.</note> ἐστι τῷ πράγματι
καὶ χαλεπωτέραν σου ἐπιδείκνυσι τὴν
τόλμαν, εἴ γε τῇ ἀδικίᾳ καὶ ἀχαριστία πρόσεστιν,
ὃς παῤ ἡμῶν τὰ τοξεύματα, ὡς φής, λαβὼν
καθʼ ἡμῶν ἐτόξευες, ἔνα τοῦτον ὑποθέμενος τὸν
σκοπόν, ἅπαντας ἡμᾶς ἀγορεύειν κακῶς· τοιαῦτα
παρὰ σοῦ ἀπειλήφαμεν ἀνθʼ ὧν σοι τὸν λειμῶνα
ἐκεῖνον ἀναπετάσαντες οὐκ ἐκωλύομεν δρέπεσθαι
καὶ τὸ προκόλπιον ἐμπλησάμενον ἀπελθεῖν·
ὥστε διά γε τοῦτο μάλιστα δίκαιος ἂν εἴης
ἀποθανεῖν.</p>
</sp>
</div>

<div type="textpart" subtype="section" n="8">
<sp>
<speaker>ΠΑΡΡΗΣΙΑΔΗΣ</speaker>
<p>8 Ὁρᾶτε· πρὸς ὀργὴν ἀκούετε καὶ οὐδὲν τῶν
δικαίων προσίεσθε. καίτοι οὐκ ἂν ᾠήθην ποτὲ
ὡς ὀργὴ Πλάτωνος ἢ Χρυσίππου ἢ Ἀριστοτέλους
ἢ τῶν ἄλλων ὑμῶν καθίκοιτο ἄν, ἀλλά μοι


<pb n="14"/>
ἐδοκεῖτε μόνοι δὴ πόρρω εἶναι τοῦ τοιούτου.
πλὴν ἀλλὰ μὴ ἄκριτόν γε, ὦ θανμάσιοι, μηδὲ
πρὸ δίκης ἀποκτείνητέ με. ὑμέτερον γοῦν καὶ
τοῦτο ἦν, μὴ βίᾳ μηδὲ κατὰ τὸ ἰσχυρότερον πολιτεύεσθαι,
δίκῃ δὲ τὰ διάφορα λύεσθαι διδόντας
λόγον καὶ δεχομένους ἐν τῷ μέρει. ὥστε δικαστὴν
ἑλόμενοι κατηγορήσατε μὲν ὑμεῖς ἢ ἅμα
πάντες ἢ ὅντινα ἂν χειροτονήσητε ὑπὲρ ἀπάντων,
ἐγὼ δὲ ἀπολογήσομαι πρὸς τὰ ἐγκλήματα. κἆτα
ἢν μέν τι ἀδικῶν φαίνωμαι καὶ τοῦτο περὶ ἐμοῦ
γνῷ τὸ δικαστήριον, ὑφέξω δηλαδὴ τὴν ἀξίαν·
ὑμεῖς δὲ βίαιον οὐδὲν τολμήσετε· ἢν δὲ τὰς
εὐθύνας ὑποσχὼν καθαρὸς ὑμῖν καὶ ἀνεπίληπτος
εὐρίσκωμαι, ἀφήσουσί με οἱ δικασταί, ὑμεῖς δὲ
εἰς τοὺς ἐξαπατήσαντας ὑμᾶς καὶ παροξύναντας
καθʼ ἡμῶν τὴν ὀργὴν τρέψετε.</p>
</sp>
</div>

<div type="textpart" subtype="section" n="9">
<sp>
<speaker>ΠΛΑΤΩΝ</speaker>
<p>9 Τοῦτʼ ἐκεῖνο· εἰς πεδίον τὸν ἵππον, ὡς παρακρουσάμενος
τοὺς δικαστὰς ἀπέλθῃς. φασὶ γοῦν
ῥήτορά σε καὶ δικανικόν τινα εἶναι καὶ πανοῦργον
ἐν τοῖς λόγοις. τίνα δὲ καὶ δικαστὴν ἐθέλεις
γενέσθαι, ὅντινα μὴ σὺ δωροδοκήσας, οἷα πολλὰ
ποιεῖτε, ἄδικα πείσεις ὑπὲρ σοῦ ψηφίσασθαι;</p>
</sp>

<sp>
<speaker>ΠΑΡΡΗΣΙΑΔΗΣ</speaker>
<p>Θαρρεῖτε τούτου γε ἕνεκα· οὐδένα τοιοῦτον
διαιτητὴν ὕποπτον ἢ ἀμφίβολον ἀξιώσαιμʼ ἂν

<pb n="16"/>
γενέσθαι καὶ ὅστις ἀποδώσεταί μοι τὴν ψῆφον.
ὁρᾶτε γοῦν, τὴν Φιλοσοφίαν αὐτὴν μεθʼ ὑμῶν
ποιοῦμαι δικάστριαν ἔγωγε.</p>
</sp>

<sp>
<speaker>ΠΛΑΤΩΝ</speaker>
<p>Καὶ τίς ἄν κατηγορήσειεν, εἴ γε ἡμεῖς δικάσομεν;</p>
</sp>

<sp>
<speaker>HAPPHΣAΔHΣ</speaker>
<p>Οἱ αὐτοὶ κατηγορεῖτε καὶ δικάζετε· οὐδὲν οὐδὲ
τοῦτο δέδια. τοσοῦτον ὑπερφέρω τοῖς δικαίοις
καὶ ἐκ περιουσίας ἀπολογήσεσθαι ὑπολαμβάνω.</p>
</sp>
</div>

<div type="textpart" subtype="section" n="10">
<sp>
<speaker>ΠΛΑΤΩΝ</speaker>
<p>10 Τί ποιοῦμεν, ὦ Πυθαγόρα καὶ Σώκρατες; ἔοικε
γὰρ ἀνὴρ οὐκ ἄλογα προκαλεῖσθαι δικάζεσθαι
ἀξιῶν.</p>
</sp>

<sp>
<speaker>ΣΩΚΡΑΤΗΣ</speaker>
<p>Τί δὲ ἄλλο ἢ βαδίζωμεν ἐπὶ τὸ δικαστήριον
καὶ τὴν Φιλοσοφίαν παραλαβόντες ἀκούσωμεν ὅ
τι καὶ ἀπολογήσεται· τὸ πρὸ δίκης γὰρ οὐχ
ἡμέτερον, ἀλλὰ δεινῶς ἰδιωτικόν, ὀργίλων τινῶν
ἀνθρώπων καὶ τὸ δίκαιον ἐν τῇ χειρὶ τιθεμένων.
παρέξομεν οὖν ἀφορμὰς τοῖς κακηγορεῖν ἐθέλουσιν
καταλεύσαντες ἄνδρα μηδὲ ἀπολογησάμενον
ὑπὲρ ἑαυτοῦ, καὶ ταῦτα δικαιοσύνῃ χαίρειν αὐτοὶ
λέγοντες. ἢ τί ἂν εἴποιμεν Ἀνύτου καὶ Μελήτου
πέρι, τῶν ἐμοῦ κατηγορησάντων, ἢ τῶν τότε
δικαστῶν, εἰ οὗτος τεθνήξεται μηδὲ τὸ παράπαν
ὕδατος μεταλαβών;</p>
</sp>

<sp>
<speaker>ΠΛΑΤΩΝ</speaker>
<p>Ἄριστα παραινεῖς, ὦ Σώκρατες· ὥστε ἀπίωμεν
ἐπὶ τὴν Φιλοσοφίαν. ἡ δὲ δικασάτω, καὶ ἡμεῖς
ἀγαπήσομεν οἷς ἂν ἐκείνη διαγνῷ.</p>
</sp>
</div>

<pb n="18"/>
<div type="textpart" subtype="section" n="11">
<sp>
<speaker>ΠΑΡΡΗΣΙΑΔΗΣ</speaker>
<p>11 Εὗ γε, ὦ σοφώτατοι, ἀμείνω ταῦτα καὶ νομιμώτερα.	
τοὺς μέντοι λίθους φυλάττετε, ὡς
ἔφην· δεήσει γὰρ αὐτῶν μικρὸν ὕστερον ἐν τῷ
δικαστηρίῳ.</p>
<p>Ποῦ δὲ τὴν Φιλοσοφίαν εὕροι τις ἄν; οὐ γὰρ
οἶδα ἔνθα οἰκεῖ· καίτοι πάνυ πολὺν ἐπλανήθην
χρόνον ἀναζητῶν τὴν οἰκίαν, ὡς συγγενοίμην
αὐτῇ. εἶτα ἐντυγχάνων ἄν τισι τριβώνια περιβεβλημένοις
καὶ πώγωνας βαθεῖς καθειμένοις παῤ
αὐτῆς ἐκείνης ἥκειν φάσκουσιν, οἰὁμενος εἰδέναι
αὐτοὺς ἀνηρώτων· οἱ δὲ πολὺ μᾶλλον ἐμοῦ ἀγνοοῦντες
ἢ οὐδὲν ὅλως ἀπεκρίναντό μοι, ὡς μὴ
ἐλέγχοιντο οὐκ εἰδότες, ἢ ἄλλην θύραν ἀντʼ ἄλλης
ἐπεδείκνυον. οὐδέπω γοῦν καὶ τήμερον ἐξευρεῖν
δεδύνημαι τὴν οἰκίαν.</p>
</sp>
</div>

<div type="textpart" subtype="section" n="12">
<p>12 Πολλάκις δὲ ἢ αὐτὸς εἰκάσας ἢ ξεναγήσαντός
τινος ἧκον ἂν ἐπί τινας θύρας βεβαίως ἐλπίσας
τότε γοῦν εὑρηκέναι, τεκμαιρόμενος τῷ πλήθει
τῶν εἰσιόντων τε καὶ ἐξιόντων, ἀπάντων σκυθρωπῶν
καὶ τὰ σχήματα εὐσταλῶν καὶ φροντιστικῶν
τὴν πρόσοψαν· μετὰ τούτων οὖν συμπαραβυσθεὶς
καὶ αὐτὸς εἰσῆλθον ἄν. εἶτα ἑώρων γύναιόν
τι οὐχ ἀπλοϊκόν, εἰ καὶ ὅτι μάλιστα εἰς τὸ ἀφελὲς
καὶ ἀκόσμητον ἑαυτὴν ἐπερρύθμιζεν, ἀλλὰ κατεφάνη
μοι αὐτίκα οὐδὲ τὸ ἄνετον δοκοῦν τῆς κόμης
ἀκαλλώπιστον ἐῶσα οὐδὲ τοῦ ἱματίου τὴν ἀναβολὴν
ἀνεπιτηδεύτως περιστέλλουσα· πρόδηλος
δὲ ἦν κοσμουμένη αὐτοῖς καὶ πρὸς εὐπρέπειαν τῷ
ἀθεραπεύτῳ δοκοῦντι προσχρωμένη. ὑπεφαίνετο
δέ τι καὶ ψιμύθιον καὶ φῦκος, καὶ τὰ ῥήματα
πάνυ ἑταιρικά, καὶ ἐπαινουμένη ὑπὸ τῶν ἐραστῶν

<pb n="20"/>
εἰς κάλλος ἔχαιρε, καὶ εἰ δοίη τις προχείρως
ἐδέχετο, καὶ τοὺς πλουσιωτέρους ἂν παρακαθισαμένη
πλησίον τοὺς πένητας τῶν ἐραστῶν οὐδὲ
προσέβλεπεν. πολλάκις δὲ καὶ γυμνωθείσης
αὐτῆς κατὰ τὸ ἀκούσιον ἑώρων περιδέραια χρυσᾶ
τῶν κλοιῶν<note type="footnote" n="1"> κλοιῶν β : ἐγχέλεων γ (eels).</note> παχύτερα. ταῦτα ἰδὼν ἐπὶ πόδα<note type="footnote" n="2"> ἐπὶ πόδα Cobet: ἐπὶ πόδας MSS.</note>
ἂν εὐθὺς ἀνέστρεφον, οἰκτείρας δηλαδὴ τοὺς
κακοδαίμονας ἐκείνους ἑλκομένους πρὸς αὐτῆς οὐ
τῆς ῥινὸς ἀλλὰ τοῦ πώγωνος καὶ κατὰ τὸν Ἰξίονα
εἰδώλῳ ἀντὶ τῆς Ἥρας συνόντας.</p>
</div>

<div type="textpart" subtype="section" n="13">
<sp>
<speaker>ΠΛΑΤΩΝ</speaker>
<p>13 Τοῦτο μὲν ὀρθῶς ἔλεξας· οὐ γὰρ πρόδηλος
οὐδὲ πᾶσι γνώριμος ἡ θύρα. πλὴν ἀλλὰ οὐδὲν
δεήσει βαδίζειν ἐπὶ τὴν οἰκίαν· ἐνταῦθα γὰρ ἐν
Κεραμεικῷ ὑπομενοῦμεν αὐτήν. ἡ δὲ ἤδη που
ἀφίξεται ἐπανιοῦσα ἐξ Ἀκαδημίας, ὡς περιπατήσειε
καὶ ἐν τῇ Ποικίλῃ· τοῦτο γὰρ ὁσημέραι
ποεῖν ἔθος αὐτῇ· μᾶλλον δὲ ἤδη πρόσεισιν. ὁρᾷς
τὴν κόσμιον, τὴν ἀπὸ τοῦ σχήματος, τὴν προσηνῇ
τὸ βλέμμα, τὴν ἐπὶ συννοίας ἡρέμα
βαδίζουσαν;</p>
</sp>

<sp>
<speaker>ΠΑΡΡΗΣΙΑΔΗΣ</speaker>
<p>Πολλὰς ὁμοίας ὁρῶ τό γε σχῆμα καὶ τὸ
βάδισμα καὶ τὴν ἀναβολήν. καίτοι μία πάντως
ἥ γε ἀληθὴς Φιλοσοφία καὶ ἐν αὐταῖς.</p>
</sp>

<sp>
<speaker>ΠΛΑΤΩΝ</speaker>
<p>Εὖ λέγεις. ἀλλὰ δηλώσει τις ἐστὶ φθεγξαμένη
μόνον.</p>
</sp>
</div>

<div type="textpart" subtype="section" n="14">
<sp>
<speaker>ΦΙΛΟΣΟΦΙΑ</speaker>
<p>14 Παπαῖ· τί Πλάτων καὶ Χρύσιππος ἄνω καὶ
Ἀριστοτέλης καὶ οἱ λοιποὶ ἅπαντες, αὐτὰ δὴ τὰ



<pb n="22"/>
κεφάλαιά μου τῶν μαθημάτων; τί αὗθις εἰς τὸν
βίον; ἆρά τι ὑμᾶς ἐλύπει τῶν κάτω; ὀργιζομένοις
γοῦν ἐοίκατε. καὶ τίνα τοῦτον συλλαβόντες
ἄγετε; ἦ που τυμβωρύχος τις ἢ ἀνδροφόνος ἢ
ἱερόσυλός ἐστιν;</p>
</sp>

<sp>
<speaker>ΠΛΑΤΩΝ</speaker>
<p>Νὴ Δία, ὦ Φιλοσοφία, πάντων γε ἱεροσύλων
ἀσεβέστατος, ὃς τὴν ἱερωτάτην σὲ κακῶς ἀγορεύειν
ἐπεχείρησεν καὶ ἡμᾶς ἅπαντας, ὁπόσοι τι παρὰ
σοῦ μαθόντες τοῖς μεθʼ ἡμᾶς καταλελοίπαμεν.</p>
</sp>

<sp>
<speaker>ΦΙΛΟΣΟΦΙΑ</speaker>
<p>Εἶτα ἠγανακτήσατε λοιδορησαμένου τινός, καὶ
ταῦτα εἰδότες ἐμέ, οἶα πρὸς τῆς Κωμῳδίας
ἀκούουσα ἐν Διονυσίοις ὅμως φίλην τε αὐτὴν
ἥγημαι καὶ οὔτε ἐδικασάμην οὔτε ᾐτιασάμην προσελθοῦσα,
ἐφίημι δὲ παίζειν τὰ εἰκότα καὶ τὰ
συνήθη τῇ ἑορτῇ; οἷδα γὰρ ὡς οὐκ ἄν τι ὑπὸ
σκώμματος χπῖρον γένοιτο, ἀλλὰ τοὐναντίον ὅπερ
ἂν ᾖ καλόν, ὥσπερ τὸ χρυσίον ἀποσμώμενον τοῖς
κόμμασι, λαμπρότερον ἀποστίλβει καὶ φανεροώτερον
γίγνεται. ὑμεῖς δὲ οὐκ οἶδα ὅπως ὀργίλοι
καὶ ἀγανακτικοὶ γεγόνατε. τί δʼ οὖν αὐτὸν
ἄγχετε;</p>
</sp>

<sp>
<speaker>ΠΛΑΤΩΝ</speaker>
<p>Μίαν μέραν ταύτην παραιτησάμενοι ἥκομεν
ἐπʼ αὐτὸν ὡς ὑπόσχῃ τὴν ἀξίαν ὥν δέδρακεν.
φῆμαι γὰρ ἡμῖν διήγγελλον οἶα ἔλεγεν εἰς τὰ
πλήθη καθʼ ἡμῶν.</p>
</sp>
</div>

<div type="textpart" subtype="section" n="15">
<sp>
<speaker>ΦΙΛΟΣΟΦΙΑ</speaker>
<p>15 Εἶτα πρὸ δίκης οὐδὲ ἀπολογησάμενον ἀποκτενεῖτε;
δῆλος γοῦν ἐστιν εἰπεῖν τι θέλων.</p>
</sp>

<pb n="24"/>
<sp>
<speaker>ΠΛΑΤΩΝ</speaker>
<p>Οὔκ, ἀλλʼ ἐπὶ σὲ τὸ πᾶν ἀνεβαλόμεθα, καὶ
σοὶ ὅτι ἂν δοκῇ, τοῦτο ποιήσῃ τέλος τῆς δίκης.</p>
</sp>

<sp>
<speaker>ΦΙΛΟΣΟΦΙΑ</speaker>
<p>Τί φὴς σύ;</p>
</sp>

<sp>
<speaker>ΠΑΡΡΗΣΙΑΔΗΣ</speaker>
<p>Τοῦτο αὐτό, ὦ δέσποινα Φιλοσοφία, ἥπερ καὶ
μόνη τἀληθὲς ἂν ἐξευρεῖν <note type="footnote" n="1">ἂν ἐξευρεῖν A.M.H.: ἐξευρεῖν γ, ἂν εὐρεῖν β.</note> δύναιο μόλις γοῦν
εὑρόμην πολλὰ ἱκετεύσας τὸ σοὶ φυλαχθῆναι τὴν
δίκην.</p>
</sp>

<sp>
<speaker>ΠΛΑΤΩΝ</speaker>
<p>Νῦν, ὦ κατάρατε, δέσποιναν αὐτὴν καλεῖς;
πρῴην δὲ τὸ ἀτιμότατον Φιλοσοφίαν ἀπέφαινες
ἐν τοσούτῳ θεάτρῳ ἀποκηρύττων κατὰ μέρη δύʼ
ὀβολῶν ἕκαστον εἶδος αὐτῆς τῶν λόγων.</p>
</sp>

<sp>
<speaker>ΦΙΛΟΣΟΦΙΑ</speaker>
<p>Ὁρᾶτε μὴ οὐ Φιλοσοφίαν οὗτός γε ἀλλὰ
γόητας ἄνδρας ἐπὶ τῷ ἡμετέρῳ ὀνόματι πολλὰ
καὶ μιαρὰ πράττοντας ἠγόρευεν κακῶς.</p>
</sp>

<sp>
<speaker>ΠΑΡΡΗΣΙΑΔΗΣ</speaker>
<p>Eἴσῃ αὐτίκα, ἢν ἐθέλῃς ἀπολογουμένου ἀκούειν
μόνον.</p>
</sp>
</div>

<div type="textpart" subtype="section" n="16">
<sp>
<speaker>ΦΙΛΟΣΟΦΙΑ</speaker>
<p>Ἀπίωμεν εἰς Ἀρειον πάγον, μᾶλλον δὲ εἰς τὴν
ἀκρόπολιν αὐτήν, ὡς ἂν ἐκ περιωπῆς ἅμα καταφανείη
16 πάντα ἐν τῇ πόλει. ὑμεῖς δέ, ὦ φίλαι, ἐν
τῇ Ποικίλῃ τέως περιπατήσατε· ἥξω γὰρ ὑμῖν
ἐκδικάσασα τὴν δίκην.</p>
</sp>

<sp>
<speaker>ΠΑΡΡΗΣΙΑΔΗΣ</speaker>
<p>Τίνες δέ εἰσιν, ὦ Φιλοσοφία; πάνυ γάρ μοι
κόσμιαι καὶ αὗται δοκοῦσιν.</p>

</sp>

<pb n="26"/>
<sp>
<speaker>ΦΙΛΟΣΟΦΙΑ</speaker>
<p>Ἀρετὴ μὲν ἡ ἀνδρώδης αὕτη, Σωφροσύνη δὲ
ἐκείνη καὶ Δικαιοσύνη ἡ <note type="footnote" n="1">ἡ Fritzsche : not in MSS.</note> παῤ αὐτήν. ἡ προηγουμένη
δὲ Παιδεία, ἡ ἀμυδρὰ δὲ καὶ ἀσαφὴς τὸ
χρῶμα ἡ Ἀλήθειά ἐστιν.</p>
</sp>

<sp>
<speaker>ΗΑΡΡΗΣΙΑΔΗΣ</speaker>
<p>Οὐχ ὁρῶ ἥντινα καὶ λέγεις.</p>
</sp>

<sp>
<speaker>ΦΙΛΟΣΟΦΙΑ</speaker>
<p>Τὴν ἀκαλλώπιστον ἐκείνην οὐχ ὁρᾶς, τὴν γνμνήν,
τὴν ὑποφεύγουσαν ἀεὶ καὶ διολισθάνουσαν;</p>
</sp>

<sp>
<speaker>ΠΑΡΡΗΣΙΑΔΗΣ</speaker>
<p>Ὁρῶ νῦν μόλις. ἀλλὰ τί οὐχὶ καὶ ταύτας
ἄγεις, ὡς πλῆρες γένοιτο καὶ ἐντελὲς τὸ συνέδριον;
τὴν Ἀλήθειαν δέ γε καὶ συνήγορον ἀναβιβάσασθαι
πρὸς τὴν δίκην βούλομαι.</p>
</sp>

<sp>
<speaker>ΦΙΛΟΣΟΦΙΑ</speaker>
<p>Νὴ Δία, ἀκολουθήσατε καὶ ὑμεῖς· οὐ βαρὺ γὰρ
μίαν δικάσαι δίκην, καὶ ταῦτα περὶ τῶν ἡμετέρων
ἐσομένην.</p>
</sp>
</div>

<div type="textpart" subtype="section" n="17">
<sp>
<speaker>ΑΛΗΘΕΙΑ</speaker>
<p>17 Ἄπιτε ὑμεῖς· ἐγὼ γὰρ οὐδὲν δέομαι ἀκούειν ἃ
πάλαι οἶδα ὁποῖά ἐστιν.</p>
</sp>

<sp>
<speaker>ΦΙΛΟΣΟΦΙΑ</speaker>
<p>Ἀλλ᾿  ἡμῖν, ὦ Ἀλήθεια, ἐν δέοντι συνδικάζοις
ἂν καὶ καταμηνύοις ἕκαστα.</p>
</sp>

<sp>
<speaker>ΑΛΗΦΕΙΑ</speaker>
<p>Oὐκοῦν ἐπάγωμαι καὶ τὼ θεραπαινιδίω τούτω
εὐνοϊκοτάτω μοι ὄντε;</p>
</sp>

<sp>
<speaker>ΦΙΛΟΣΟΦΙΑ</speaker>
<p>Καὶ μάλα ὁπόσας ἂν ἐθέλῃς.</p>

</sp>

<pb n="28"/>
<sp>
<speaker>ΑΛΗΘΕΙΑ</speaker>
<p>Ἕπεσθον, Ἐλευθερία καὶ Παρρησία, μεθʼ
ἡμῶν, ὡς τὸν δείλαιον τουτονὶ ἀνθρωπίσκον ἐραστὴν
ἡμέτερον ὄντα καὶ κινδυνεύοντα ἐπὶ μηδεμιᾷ
προφάσει δικαίᾳ σῶσαι δυνηθόῶμεν. σὺ δέ, ὦ
Ἔλεγχε, αὐτοῦ περίμεινον.</p>
</sp>

<sp>
<speaker>ΠΑΡΡΗΣΙΑΔΗΣ</speaker>
<p>Mηδαμῶς, ὦ δέσποινα, ἡκέτω δὲ καὶ οὗτος, εἰ
καί τις ἄλλος· <note type="footnote" n="1">εἰ καί τις ἄλλος Fritzsche : καὶ εἴ τις ἄλλος γ ; not in β.</note> οὐ γὰρ τοῖς τυχοῦσι θηρίοις
προσπολεμῆσαι δεήσει με, ἀλλʼ <note type="footnote" n="2"> ἀλλ᾿ edd. not in MSS.</note> ἀλαζόσιν ἀνθρώποις
καὶ δυσελέγκτοις, ἀεί τινας ἀποφυγὰς
εὑρισκομένοις, ὥστε ἀναγκαῖος ὁ Ἔλεγχος.</p>
</sp>

<sp>
<speaker>ΕΛΕΓΧΟΣ<note type="footnote" n="3"> ΕΛΕΓΧΟΣ Gesner: ΦΙΛΟΣ. vulg.</note></speaker>
<p>Ἀναγκαιότατος μὲν οὖν· ἄμεινον δέ, εἰ καὶ τὴν
Ἀπόδειξιν παραλάβοις.</p>
</sp>

<sp>
<speaker>ΑΛΗΘΕΙΑ</speaker>
<p>Ἕπεσθε πάντες, ἐπείπερ ἀναγκαῖοι δοκεῖτε
πρὸς τὴν δίκην.</p>
</sp>
</div>

<div type="textpart" subtype="section" n="18">
<sp>
<speaker>ΠΛΑΤΩΝ</speaker>
<p>18 Ὁρᾷς; προσεταιρίζεται καθʼ ἡμῶν, ὦ Φιλοσοφία,
τὴν Ἀλήθειαν.</p>
</sp>

<sp>
<speaker>ΦΙΛΟΣΟΦΙΑ</speaker>
<p>Eἶτα δέδιτε, ὦ Πλάτων καὶ Χρύσιππε καὶ
Ἀριστότελες, μή τι ψεύσηται ὑπὲρ αὐτοῦ Ἀλήθεια
οὖσα;</p>
</sp>

<sp>
<speaker>ΠΛΑΤΩΝ</speaker>
<p>Oὐ τοῦτο, ἀλλὰ δεινῶς πανοῦργός ἐστιν καὶ
κολακικός· ὥστε παραπείσει αὐτήν.</p>



</sp>
</div>

<pb n="30"/>
<div type="textpart" subtype="section" n="19">
<sp>
<speaker>ΦΙΛΟΣΟΦΙΑ</speaker>
<p>19 Θαρρεῖτε· οὐδὲν μὴ γένηται ἄδικον, Δικαιοσύνης
ταύτης συμπαρούσης. ἀνίωμεν οὖν. ἀλλὰ
εἰπέ μοι σύ, τί σοι τοὔνομα;</p>
</sp>

<sp>
<speaker>ΠΑΡΡΗΣΙΑΔΗΣ</speaker>
<p>Ἐμοί; Παρρησιάδης Ἀληθίωνος τοῦ
Ἐλεγξικλέους.</p>
</sp>

<sp>
<speaker>ΦΙΛΟΣΟΦΙΑ</speaker>
<p>Πατρὶς δέ;</p>
</sp>

<sp>
<speaker>ΠΑΡΡΗΣΙΑΔΗΣ</speaker>
<p>Σύρος, ὦ Φιλοσοφία, τῶν Ἐπευφρατιδίων.
ἀλλὰ τί τοῦτο; καὶ γὰρ τούτων τινὰς οἶδα τῶν
ἀντιδίκων μου οὐχ ἧττον ἐμοῦ βαρβάρους τὸ
γένος· ὁ τρόπος δὲ καὶ ἡ παιδεία οὐ κατὰ Σολέας
ἡ Κυπρίους ἢ Βαβυλωνίους ἡ Σταγειρίτας. καίτοι
πρός γε σὲ οὐδὲν ἂν ἔλαττον γένοιτο οὐδʼ εἰ
τὴν φωνὴν βάρβαρος εἴη τις, εἴπερ ἡ γνώμη ὀρθὴ
καὶ δικαία φαίνοιτο οὖσα.</p>
</sp>
</div>

<div type="textpart" subtype="section" n="20">
<sp>
<speaker>ΦΙΛΟΣΟΦΙΑ</speaker>
<p>20 Εὖ λέγεις· ἄλλως γοῦν ἠρόμην. ἡ τέχνη δέ
σοι τίς; ἄξιον γὰρ ἐπίστασθαι τοῦτό γε.</p>
</sp>

<sp>
<speaker>ΠΑΡΡΗΣΙΑΔΗΣ</speaker>
<p>Μισαλαζών εἰμι καὶ μισογόης καὶ μισοψευδὴς
καὶ μισότυφος καὶ μισῶ πᾶν τὸ τοιουτῶδες εἶδος
τῶν μιαρῶν ἀνθρώπων· πάνυ δὲ πολλοί εἰσιν, ὡς
οἶσθα.</p>
</sp>

<sp>
<speaker>ΦΙΛΟΣΟΦΙΑ</speaker>
<p>Ἡράκλεις, πολυμισῆ τινα μέτει τὴν τέχνην.</p>
</sp>

<pb n="32"/>
<sp>
<speaker>ΠΑΡΡΗΣΙΑΔΗΣ</speaker>
<p>Εὖ λέγεις· ὁρᾶς γοῦν ὁπόσοις ἀπεχθάνομαι
καὶ ὡς κινδυνεύω διʼ αὐτήν.
Οὐ μὴν ἀλλὰ καὶ τὴν ἐναντίαν αὐτῇ πάνυ
ἀκριβῶς οἶδα, λέγω δὲ τὴν ἀπὸ τοῦ φιλο <note type="footnote" n="1">φιλο Halm : φιλῶ γ, φίλου β. Cf. Arist. Vesp. 77, Luc.
adv. Ind.20.</note> τὴν
ἀρχὴν ἔχουσαν· φιλαλήθης τε γὰρ καὶ φιλόκαλος
καὶ φιλαπλοϊκὸς καὶ ὅσα τῷ φιλεῖσθαι σνγγενῆ.
πλὴν ἀλλʼ ὀλίγοι πάνυ ταύτης ἄξιοι τῆς τέχνης,
οἱ δὲ ὑπὸ τῇ ἔναντίᾳ ταττόμενοι καὶ τῷ μίσει
οἰκειότεροι πεντακισμύριοι. κινδυνεύω τοιγαροῦν
τὴν μὲν ὑπʼ ἀργίας ἀπομαθεῖν ἤδη, τὴν δὲ πάνυ
ἠκριβωκέναι.</p>
</sp>

<sp>
<speaker>ΦΙΛΟΣΟΦΙΑ</speaker>
<p>Καὶ μὴν οὐκ ἐχρῆν· τοῦ γὰρ αὐτοῦ καὶ τάδε,
φασί, καὶ τάδε· ὥστε μὴ διαίρει τὼ τέχνα· μία
γὰρ ἐστὸν δύʼ εἶναι δοκούσα.</p>
</sp>

<sp>
<speaker>ΠΑΡΡΗΣΙΑΔΗΣ</speaker>
<p>Ἄμεινον σὺ ταῦτα οἶσθα, ὦ Φιλοσοφία. τὸ
μέντοι ἐμὸν τοιοῦτόν ἐστιν, οἷον τοὺς μὲν πονηροὺς
μισεῖν, ἐπαινεῖν δὲ τοὺς χρηστοὺς καὶ φιλεῖν.</p>
</sp>
</div>

<div type="textpart" subtype="section" n="21">
<sp>
<speaker>ΦΙΛΟΣΟΦΙΑ</speaker>
<p>21 Ἄγε δή, πάρεσμεν γὰρ ἔνθα ἐχρῆν, ἐνταῦθά
που ἐν τῷ προνάῳ τῆς Πολιάδος δικάσωμεν. ἡ
Ἱέρεια διάθες ἡμῖν τὰ βάθρα, ἡμεῖς δὲ ἐν τοσούτῳ
προσκυνήσωμεν τὴν θεόν.</p>

</sp>

<pb n="34"/>
<sp>
<speaker>ΠΑΡΡΗΣΙΑΔΗΣ</speaker>
<p>Ὦ Πολιάς, ἐλθέ μοι κατὰ τῶν ἀλαζόνων
σύμμαχος ἀναμνησθεῖσα ὁπόσα ἐπιορκούντων
ὁσημέραι ἀκούεις αὐτῶν· καὶ ἃ πράττουσι δὲ
μόνη ὁρᾷς ἅτε δὴ ἐπὶ σκοπῆς οἰκοῦσα. <note type="footnote" n="1">ἐπίσκοπος οὖσα β.</note> νῦν
καιρὸς ἀμύνασθαι αὐτούς. ἐμὲ δὲ ἤν που κρατούμενον
ἴδῃς καὶ πλείους ὦσιν αἱ μέλαιναι, σὺ
προσθεῖσα τὴν σεαυτῆς σῶζέ με.</p>
</sp>
</div>

<div type="textpart" subtype="section" n="22">
<sp>
<speaker>ΦΙΛΟΣΟΦΙΑ</speaker>
<p>22 Εἶεν· ἡμεῖς μὲν ὑμῖν καὶ δὴ καθήμεθα ἕτοιμοι
ἀκούειν τῶν λόγων, ὑμεῖς δὲ προελόμενοί τινα ἐξ
ἁπάντων, ὅστις ἄριστα κατηγορῆσαι ἂν δοκεῖ,
συνείρετε τὴν κατηγορίαν καὶ διελέγχετε· πάντας
γὰρ ἅμα λέγειν ἀμήχανον. <note type="footnote" n="2"> οὐ γὰρ οἶόν τε πάντας ἅμα λέγειν γ.</note> σὺ δέ, ὦ Παρρησιάδη,
ἀπολογήσῃ τὸ μετὰ τοῦτο.</p>
</sp>

<sp>
<speaker>ΠΛΑΤΩΝ</speaker>
<p>Τίς οὖν ὁ ἐπιτηδειότατος ἐξ ἡμῶν ἂν γένοιτο
πρὸς τὴν δίκην;</p>
</sp>

<sp>
<speaker>ΧΡΥΣΙΠΠΟΣ</speaker>
<p>Σύ, ὦ Πλάτων. ἥ τε γὰρ μεγαλόνοια θαυμαστὴ
καὶ ἡ καλλιφωνία δεινῶς Ἀττικὴ καὶ τὸ
κεχαρισμένον καὶ πειθοῦς μεστὸν ἥ τε σύνεσις
καὶ τὸ ἀκριβὲς καὶ τὸ ἐπαγωγὸν ἐν καιρῷ τῶν
ἀποδείξεων, πάντα ταῦτά σοι ἀθρόα πρόσεστιν·
ὥστε τὴν προηγορίαν δέχου καὶ ὑπὲρ ἀπάντων
εἰπὲ τὰ εἰκότα. νῦν ἀναμνήσθητι πάντων ἐκείνων
καὶ συμφόρει εἰς τὸ αὐτό, εἴ τί σοι πρὸς Γοργίαν
ἢ Πῶλον ἢ Πρόδικον ἡ Ἰππίαν εἴρηται· δεινότερος
οὗτός ἐστιν. ἐπίπαττε οὖν καὶ τῆς εἰρωνείας



<pb n="36"/>
καὶ τὰ κομψὰ ἐκεῖνα καὶ σννεχῆ ἐρώτα,
κἄν σοι δοκῇ, κἀκεῖνό που παράβυσον, ὡς “ ὁ
μέγας ἐν οὐρανῷ Ζεὺς πτηνὸν ἅρμα ἐλαύνων”
ἀγανακτήσειεν ἄν, εἰ μὴ οὗτος ὑπόσχοι τὴν δίκην.</p>
</sp>
</div>

<div type="textpart" subtype="section" n="23">
<sp>
<speaker>ΠΛΑΤΩΝ</speaker>
<p>23 Mηδαμῶς, ἀλλά τινα τῶν σφοδροτέρων προχειρισώμεθα,
Διογένη τοῦτον ἢ Ἀντισθένη ἢ
Κράτητα ἢ καὶ σέ, ὦ Χρύσιππε· οὐ γὰρ δὴ κάλλους
ἐν τῷ παρόντι καὶ δεινότητος συγγραφικῆς
ὁ καιρός, ἀλλά τινος ἐλεγκτικῆς καὶ δικανικῆς
παρασκευῆς· ῥήτωρ δὲ ὁ Παρρησιάδης ἐστίν.</p>
</sp>

<sp>
<speaker>ΔΙΟΓΕΝΗΣ</speaker>
<p>Ἀλλʼ ἐγὼ αὐτοῦ κατηγορήσω· οὐδὲ γὰρ πάνυ
μακρῶν οἶμαι τῶν λόγων δεήσεσθαι. καὶ ἄλλως
ὑπὲρ ἅπαντας ὕβρισ μαι δύʼ ὀβολῶν πρῴην ἀποκεκηρυγμένος.</p>
</sp>

<sp>
<speaker>ΠΛΑΤΩΝ</speaker>
<p>Ὁ Διογένης, ὦ Φιλοσοφία, ἐρεῖ τὸν λόγον ὑπὲρ
ἁπάντων. μέμνησο δέ, ὦ γενναῖε, μὴ τὰ σεαυτοῦ
μόνον πρεσβεύειν ἐν τῇ κατηγορίᾳ, τὰ κοινὰ δὲ
ὁρᾶν· εἰ γάρ τι καὶ πρὸς ἀλλήλους διαφερόμεθα
ἐν τοῖς δόγμασι, σὺ δὲ τοῦτο μὲν μὴ ἐξέταζε, μηδὲ
ὅστις ἐστὶν ὁ ἀληθέστερος νῦν λέγε, ὅλως δὲ
ὑπὲρ Φιλοσοφίας αὐτῆς ἀγανάκτει περιυβρισμένης
καὶ κακῶς ἀκουούσης ἐν τοῖς Παρρησιάδου
λόγοις, καὶ τὰς προαιρέσεις ἀφείς, ἐν αἷς διαλλάττομεν,
ὃ κοινὸν ἄπαντες ἔχομμεν, τοῦτο ὑπερμάχει.
ὅρα· σὲ μόνον προεστησάμεθα καὶ ἐν
σοὶ τὰ πάντα ἡμῶν νῦν κινδυνεύεται, ἢ σεμνότατα
δόξαι ἢ τοιαῦτα πιστευθῆναι οἶα οὗτος
ἀπέφηνε.</p>
</sp>
</div>

<pb n="38"/>
<div type="textpart" subtype="section" n="24">
<sp>
<speaker>ΛΙΟΓΕΝΗΣ</speaker>
<p>Θαρρεῖτε, οὐδὲν ἐλλείψομεν· ὑπὲρ ἀπάντων
ἐρῶ. κἂν ἡ Φιλοσοφία δὲ πρὸς τοὺς λόγους ἐπικλασθεῖσα—φύσει
γὰρ ἥμερος καὶ πρᾶός ἐστιν—ἀφεῖναι
διαβουλεύηται αὐτόν, ἀλλʼ οὐ τὰ ἐμὰ
ἐνδεήσει· δείξω γὰρ αὐτῷ ὅτι μὴ μάτην ξυλοφοροῦμεν.</p>
</sp>

<sp>
<speaker>ΦΙΛΟΣΟΦΙΑ</speaker>
<p>Τοῦτο μὲν μηδαμῶς, ἀλλὰ τῷ λόγῳ μᾶλλον·
ἄμεινον γὰρ ἤπερ τῷ ξύλγῳ. μὴ μέλλε δʼ οὖν. ἤδη
γὰρ ἐγκέχυται τὸ ὕδωρ καὶ πρὸς σὲ τὸ δικαστήριον
ἀποβλέπει.</p>
</sp>

<sp>
<speaker>ΠΑΡΡΗΣΙΑΔΗΣ</speaker>
<p>Οἱ λοιποὶ καθιζέτωσαν, ὦ Φιλοσοφία, καὶ
ψηφοφορείτωσαν μεθʼ ὑμῶν, Διογένης δὲ κατηγορείτω
μόνος.</p>
</sp>

<sp>
<speaker>ΦΙΛΟΣΟΦΙΑ</speaker>
<p>Οὐ δέδιας οὖν μή σου καταψηφίσωνται;</p>
</sp>

<sp>
<speaker>ΠΑΡΡΗΣΙΑΔΗΣ</speaker>
<p>Οὐδαμῶς· πλείοσι γοῦν κρατῆσαι βούλομαι.</p>
</sp>

<sp>
<speaker>ΦΙΛΟΣΟΦΙΑ</speaker>
<p>Γενναῖά σου ταῦτα· καθίσατε δʼ οὖν. σὺ δέ,
Διόγενες, λέγε.</p>
</sp>
</div>

<div type="textpart" subtype="section" n="25">
<sp>
<speaker>ΔΙΟΓΕΝΗΣ</speaker>
<p>25 Οἷοι μὲν ἡμεῖς ἄνδρες ἐγενόμεθα παρὰ τὸν
βίον, ὦ Φιλοσοφία, πάνυ ἀκριβῶς οἶσθα καὶ
οὐδὲν δεῖ λόγων· ἵνα γὰρ τὸ κατʼ ἐμὲ σιωπήσω,
ἀλλὰ Πυθαγόραν τοῦτον καὶ Πλάτωνα καὶ
Ἀριστοτέλη καὶ Χρύσιππον καὶ τοὺς ἄλλους τίς
οὐκ οἶδεν ὅσα εἰς τὸν βίον καλὰ εἰσεκομίσαντο; ἃ

<pb n="40"/>
δὲ τοιούτους ὄντας ἡμᾶς ὁ τρισκατάρατος οὑτοσὶ
Παρρησιάδης ὕβρικεν ἤδη ἐρῶ.
Ῥήτωρ γάρ τις, ὥς φασιν, ὥν, ἀπολιπὼν τὰ
δικαστήρια καὶ τὰς ἐν ἐκείνοις εὐδοκιμήσεις, ὁπόσον
ἢ δεινότητος ἢ ἀκμῆς ἐπεπόριστο ἐν τοῖς
λόγοις, τοῦτο πᾶν ἐφʼ ἡμᾶς συσκευασάμενος οὐ
παύεται αὐτὸς <note type="footnote" n="1">αὐτὸς inserted by A.M.H.: ἡμᾶς Bekker; παύεται μὲν</note> μὲν ἀγορεύων κακῶς γόητας καὶ
ἀπατεῶνας ἀποκαλῶν, τὰ πλήθη δὲ ἀναπείθων
καταγελᾶν ἡμῶν καὶ καταφρονεῖν ὡς τὸ μηδὲν
ὄντων· μᾶλλον δὲ καὶ μισεῖσθαι πρὸς τῶν πολλῶν
ἤδη πεποίηκεν αὐτούς τε ἡμᾶς καὶ σὲ τὴν
Φιλοσοφίαν, φληνάφους καὶ λήρους ἀποκαλῶν
τὰ σὰ καὶ τὰ σπουδαιότατα ὧν ἡμᾶς ἐπαίδευσας
ἐπὶ χλευασμῷ διεξιών, ὥστε αὐτὸν μὲν κροτεῖσθαι
καὶ ἐπαινεῖσθαι πρὸς τῶν θεατῶν, ἡμᾶς δὲ
ὑβρίζεσθαι. φύσει γὰρ τοιοῦτόν ἐστιν ὁ πολὺς
λεώς, χαίρουσι τοῖς ἀποσκώπτουσιν καὶ λοιδορουμένοις,
καὶ μάλισθʼ ὅταν τὰ σεμνότατα εἶναι
δοκοῦντα διασύρηται, ὥσπερ ἀμέλει καὶ πάλαι
ἔχαιρον Ἀριστοφάνει καὶ Εὐπόλιδι Σωκράτη
τουτονὶ ἐπὶ χλευασίᾳ παράγουσιν ἐπὶ τὴν σκηνὴν
καὶ κωμῳδοῦσιν ἀλλοκότους τινὰς περὶ αὐτοῦ
κωμῳδίας.</p>
<p>Καίτοι ἐκεῖνοι μὲν καθʼ ἑνὸς ἀνδρὸς ἐτόλμων
τοιαῦτα, καὶ ἐν Διονυσίοις ἐφειμένον αὐτὸ ἔδρων,
καὶ τὸ σκῶμμα ἐδόκει μέρος τι τῆς ἑορτῆς, καὶ
<lg>
<l>ὁ θεὸς ἴσως ἔχαιρε <note type="footnote" n="2"> MSS. ἔχαιρε Bekker, Κ. Schwartz; χαίρει MSS.</note> φιλόγελώς τις ὤν.</l>
</lg></p>
</sp>
</div>

<div type="textpart" subtype="section" n="26">
<p>26 ὁ δὲ τοὺς ἀρίστους συγκαλῶν, ἐκ πολλοῦ φροντίσας
καὶ παρασκευασάμενος καὶ βλασφημίας



<pb n="42"/>
τινὰς εἰς παχὺ βιβλίον ἐγγράψας, μεγάλῃ τῇ
φωνῇ ἀγορεύει κακῶς Πλάτωνα, Πυθαγόραν,
Ἀριστοτέλη τοῦτον, Χρύσιππον ἐκεῖνον, ἐμὲ καὶ
ὅλῶς ἅπαντας οὔτε ἑορτῆς ἐφιείσης οὔτε ἰδίᾳ τι
πρὸς ἡμῶν παθών· εἶχε γὰρ ἄν τινα συγγνώμην
αὐτῷ τὸ πρᾶγμα, εἰ ἀμυνόμενος, ἀλλὰ μὴ ἄρχων
αὐτὸς ἔδρα.</p>
<p>Ὃ δὲ πάντων δεινότατον, ὅτι τοιαῦτα ποιῶν
καὶ τὸ σὸν ὄνομα, <note type="footnote" n="1">τὸ σὸν ὄνομα Κ. Schwartz: ὑπὸ τὸ σὸν ὄνομα MSS.</note> ὦ Φιλοσοφία, ὑποδύεται καὶ
ὑπελθὼν τὸν Διάλογον ἡμέτερον οἰκέτην ὄντα,
τούτῳ συναγωνιστῇ καὶ ὑποκριτῇ χρῆται καθʼ
ἡμῶν, ἔτι καὶ Μένιππον ἀναπείσας ἑταῖρον ἡμῶν
ἄνδρα σνγκωμγῳδεῖν αὐτῷ τὰ πολλά, ὃς μόνος οὐ
πάρεστιν οὐδὲ κατηγορεῖ μεθʼ ἡμῶν, προδοὺς τὸ
κοινόν.</p>
</div>

<div type="textpart" subtype="section" n="27">
<p>27 Ἀνθʼ ὧν ἁπάντων ἄξιόν ἐστιν ὑποσχεῖν αὐτὸν
τὴν δίκην. ἢ τί γὰρ ἂν εἰπεῖν ἔχοι τὰ σεμνότατα
διασύρας ἐπὶ τοσούτων μαρτύρων; χρήσιμον
γοῦν καὶ πρὸς ἐκείνους τὸ τοιοῦτον, εἰ θεάσαιντο
αὐτὸν κολασθέντα, ὡς μηδὲ ἄλλος τις ἔτι καταφρονοίη
Φιλοσοφίας· ἐπεὶ τό γε τὴν ἡσυχίαν
ἄγειν καὶ ὑβριζόμενον ἀνέχεσθαι οὐ μετριότητος,
ἀλλὰ ἀνανδρίας καὶ εὐηθείας εἰκότως ἂν νομίζοιτο.
τὰ μὲν γὰρ τελευταῖα τίνι φορητά; ὃς
καθάπερ τὰ ἀνδράποδα παραγαγὼν ἡμᾶς ἐπὶ τὸ
πωλητήριον καὶ κήρυκα ἐπιστήσας ἀπημπόλησεν,
ὥς φασιν, τοὺς μὲν ἐπὶ πολλῷ, ἐνίους δὲ
μνᾶς Ἀττικῆς, ἐμὲ δὲ ὁ παμπονηρότατος οὗτος
δύʼ ὀβολῶν· οἱ παρόντες δὲ ἐγέλων.
Ἀνθ᾿ ὧν αὐτοί τε ἀνεληλύθαμεν ἀγανακτήσαντες
καὶ σὲ ἀξιοῦμεν τιμωρήσειν ἡμῖν τὰ
ἔσχατα ὑβρισμένοις.</p>

</div>

<pb n="44"/>
<div type="textpart" subtype="section" n="28">

<sp>
<speaker>ΠΛΑΤΩΝ</speaker>
<p>28 Eὖ γε, ὖ Διόγενες, ὑπὲρ ἁπάντων καλῶς
ὁπόσα ἐχρῆν ἅπαντα εἴρηκας.
ΦΙΛΟΣΟΦΙΑ
Παύσασθε ἐπαινοῦντες· ἔγχει τῷ ἀπολογουμένῳ.
σὺ δὲ ὁ Παρρησιάδης λέγε ἤδη ἐν τῷ
μέρει· σοὶ γὰρ τὸ νῦν ῥεῖ. μὴ μέλλε οὖν.</p>
</sp>
</div>

<div type="textpart" subtype="section" n="29">
<sp>
<speaker>ΠΑΡΡΗΣΙΑΔΗΣ</speaker>
<p>29 Οὐ πάντα μου, ὦ Φιλοσοφία, κατηγόρησε
Διογένης, ἀλλὰ τὰ πλείω καὶ ὅσα ἦν χαλεπώτερα
οὐκ οἶδα ὅ τι παθὼν παρέλιπεν. ἐγὼ δὲ
τοσούτου δέω ἔξαρνος γενέσθαι ὡς οὐκ εἶπον
αὐτά, ἢ ἀπολογίαν τινὰ μεμελετηκὼς ἀφῖχθαι,
ὥστε καὶ εἴ τινα ἢ αὐτὸς ἀπεσιώπησεν ἢ ἐγῶ μὴ
πρότερον ἔφθην εἰρηκώς, νῦν προσθήσειν μοι
δοκῶ. οὕτως γὰρ ἂν μάθοις οὕστινας ἀπεκήρυττον
καὶ κακῶς ἠγόρευον ἀλαζόνας καὶ γόητας
ἀποκαλῶν. καί μοι μόνον τοῦτο παραφυλάττετε,
εἰ ἀληθῆ περὶ αὐτῶν ἐρῶ. εἰ δέ τι βλάσφημον ἢ
τραχὺ φαίνοιτο ἔχων ὁ λόγος, οὐ τὸν διελέγχοντα
ἐμέ, ἀλλʼ ἐκείνους ἄν οἶμαι δικαιότερον αἰτιάσαισθε,<note type="footnote" n="1"> αἰτιάσαισθε Dindorf : αἰτιάσεσθαι B, αἰτιάσασθαι P, αἰτιάσεσθε
UΝ, αἰτιᾶσθε γ.</note>
τοιαῦτα ποιοῦντας.
Ἐγὼ γὰρ ἐπειδὴ τάχιστα συνεῖδον ὁπόσα τοῖς
ῥητορεύουσιν ἀναγκαῖον τὰ δυσχερῆ προσεῖναι,
ἀπάτην καὶ ψεῦδος καὶ θρασύτητα καὶ βοὴν καὶ
ὠθισμοὺς καί μυρία ἄλλα, ταῦτα μέν, ὥσπερ
εἰκὸς ἦν, ἀπέφυγον, ἐπὶ δὲ τὰ σά, Φιλοσοφία,
καλὰ ὁρμήσας ἠξίουν ὁπόσον ἔτι μοι λοιπὸν τοῦ
βίου καθάπερ ἐκ ζάλης καὶ κλύδωνος εἰς εὔδιόν


<pb n="46"/>
τινα λιμένα ἐσπλεύσας ὑπὸ σοὶ σκεπόμενος
καταβιῶναι.</p>
</sp>
</div>

<div type="textpart" subtype="section" n="30">
<p>Κἀπειδὴ μόνον παρέκυψα εἰς τὰ ὑμέτερα, σὲ
μέν, ὥσπερ ἀναγκαῖον ἦν, καὶ τούσδε ἅπαντας
ἐθαύμαζον ἀρίστου βίου νομοθέτας ὄντας καὶ τοῖς
ἐπʼ αὐτὸν ἐπειγομένοις χεῖρα ὀρέγοντας, τὰ κάλλιστα
καὶ συμφορώτατα παραινοῦντας, εἴ τις μὴ
παραβαίνοι αὐτὰ μηδὲ διολισθάνοι, ἀλλʼ ἀτενὲς
ἀποβλέπων εἰς τοὺς κανόνας οὓς προτεθείκατε,
πρὸς τούτους ῥυθμίζοι καὶ ἀπευθύνοι τὸν ἑαυτοῦ
βίον, ὅπερ νὴ Δία καὶ τῶν καθʼ ὑμᾶς <note type="footnote" n="1">ἡμᾶς β: see opposite note.</note> αὐτοὺς
ὀλίγοι ποιοῦσιν.</p>
</div>

<div type="textpart" subtype="section" n="31">
<p>31 Ορῶν δὲ πολλοὺς οὐκ ἔρωτι φιλοσοφίας ἐχομένους
ἀλλὰ δόξης μόνον τῆς ἀπὸ τοῦ πράγματος
ἐφιεμένους, καὶ τὰ μὲν πρόχειρα ταῦτα καὶ
δημόσια καὶ ὁπόσα παντὶ μιμεῖσθαι ῥᾴδιον εὖ
μάλα ἐοικότας ἀγαθοῖς ἀνδράσι, τὸ γένειον λέγω
καὶ τὸ βάδισμα καὶ τὴν ἀναβολήν, ἐπὶ δὲ τοῦ
βίου καὶ τῶν πραγμάτων ἀντιφθεγγομένους τῷ
σχήματι καὶ τἀναντία ὑμῖν ἐπιτηδεύοντας καὶ
διαφθείροντας τὸ ἀξίωμα τῆς ὑποσχέσεως, ἠγανάκτουν,
καὶ τὸ πρᾶγμα ὅμοιον ἐδόκει μοι καθάπερ
ἄν εἴ τις ὑποκριτὴς τραγῳδίας μαλθακὸς
αὐτὸς ὢν καὶ γυναικεῖος Ἀχιλλέα ἢ Θησέα ἢ καὶ
τὸν Ἡρακλέα ὑποκρίνοιτο αὐτὸν μήτε βαδίζων
μήτε βοῶν ἡρωϊκόν, ἀλλὰ θρυπτόμενος ὑπὸ τηλικούτῳ
προσωπείῳ, ὃν οὐδʼ ἂν ἡ Ἑλένη ποτὲ ἢ
Πολυξένη ἀνάσχοιντο πέρα τοῦ μετρίου αὐταῖς
προσεοικότα, οὐχ ὅπως ὁ Ἡρακλῆς ὁ Καλλίνικος,
ἀλλά μοι δοκεῖ τάχιστʼ ἂν ἐπιτρῖψαι τῷ ῥοπάλῳ


<pb n="48"/>
παίων τοῦτον αὐτόν τε καὶ τὸ προσωπεῖον, οὕτως
ἀτίμως κατατεθηλυμμένος πρὸς αὐτοῦ.</p>
</div>

<div type="textpart" subtype="section" n="32">
<p>Τοιαῦτα καὶ αὐτὸς ὑμᾶς πάσχοντας ὑπʼ ἐκείνων
ὁρῶν οὐκ ἤνεγκα τὴν αἰσχύνην τῆς ὑποκρίσεως,
εἰ πίθηκοι ὄντες ἐτόλμησαν ἡρώων προσωπεῖα
περιθέσθαι ἢ τὸν ἐν Κύμῃ ὄνον μιμήσασθαι, ὃς
λεοντῆν περιβαλόμενος ἠξίου λέων αὐτὸς εἶναι,
πρὸς ἀγνοοῦντας τοὺς Κυμαίους ὀγκώμενος μάλα
τραχὺ καὶ καταπληκτικόν, ἄχρι δή τις αὐτὸν
ξένος καὶ λέοντα ἰδὼν καὶ ὄνον πολλάκις ἤλεγξε
καὶ ἀπεδίωξε παίων τοῖς ξύλοις.</p>
<p>Ὃ δὲ μάλιστά μοι θενόν, ὦ Φιλοσοφία, κατεφαίνετο,
τοῦτο ἦν· οἱ γὰρ ἄνθρωποι εἴ τινα
τούτων ἑώρων πονηρὸν ἢ ἄσχημον ἢ ἀσελγές τι
ἐπιτηδεύοντα, οὐκ ἔστιν ὅστις οὐ Φιλοσοφίαν
αὐτὴν ᾐτιᾶτο καὶ τὸν Χρύσιππον εὐθὺς ἡ Πλάτωνα
ἢ Πυθαγόραν ἢ ὅτου ἐπώνυμον αὐτὸν ὁ
διαμαρτάνων ἐκεῖνος ἐποιεῖτο καὶ οὗ τοὺς λόγους
ἐμιμεῖτο· <note type="footnote" n="1">ἐμιμεῖτο Seager : ἐποιεῖτο γβ.</note> καὶ ἀπὸ τοῦ κακῶς βιοῦντος πονηρὰ
περὶ ὑμῶν εἴκαζον τῶν πρὸ πολλοῦ τεθνηκότων·
οὐ γὰρ παρὰ ζῶντας ὑμᾶς ἡ ἐξέτασις αὐτοῦ ἐγίγνετο,
ἀλλʼ ὑμεῖς μὲν ἐκποδών, ἐκεῖνον δὲ ἑώρων
σαφῶς ἄπαντες δεινὰ καὶ ἄσεμνα ἐπιτηδεύοντα,
ὥστε ἐρήμην ἡλίσκεσθε μετʼ αὐτοῦ καὶ ἐπὶ τὴν
ὁμοίαν διαβολὴν συγκατεσπᾶσθε.</p>
</div>

<div type="textpart" subtype="section" n="33">
<p>33 Ταῦτα οὐκ ἤνεγκα ὁρῶν ἔγωγε, ἀλλʼ ἤλεγχον
αὐτοὺς καὶ διέκρινον ἀφʼ ὑμῶν· ὑμεῖς δέ, τιμᾶν
ἐπὶ τούτοις δέον, εἰς δικαστήριόν με ἄγετε. οὐκοῦν
ἤν τινα καὶ τῶν μεμυημενων ἰδὼν ἐξαγορεύοντα
ταῖν θεαῖν τὰ ἀπόρρητα καὶ ἐξορχούμενον
ἀγανακτήσω καὶ διελέγξω, ἐμὲ τὸν ἀσεβοῦντα


<pb n="50"/>
ἡγήσεσθε εἶναι; ἀλλʼ οὐ δίκαιον. ἐπεὶ καὶ οἱ
ἀθλοθέται μαστιγοῦν εἰώθασιν, ἤν τις ὑποκριτὴς
Ἀθηνᾶν ἢ Ποσειδῶνα ἢ τὸν Δία ὑποδεδυκὼς μὴ
καλῶς ὑποκρίνηται μηδὲ κατʼ ἀξίαν τῶν θεῶν,
καὶ οὐ δή που ὀργίζονται αὐτοῖς ἐκεῖνοι, διότι
τὸν περικείμενον αὐτῶν τὰ προσωπεῖα καὶ τὸ
σχῆμα ἐνδεδυκότα ἐπέτρεψαν παίειν τοῖς μαστιγοφόροις,
ἀλλὰ καὶ ἥδοιντ’ ἄν, οἶμαι, μᾶλλον
μαστιγουμένῳ· <note type="footnote" n="2"> μαστιγουμένῳ Bekker: μαστιγουμένων MSS.</note> οἰκέτην μὲν γάρ τινα ἢ ἄγγελον
μὴ δεξιῶς ὑποκρίνασθαι μικρὸν τὸ πταῖσμα, τὸν
Δία δὲ ἡ τὸν Ἡρακλέα μὴ κατʼ ἀξίαν ἐπιδείξασθαι
τοῖς θεαταῖς, ἀποτρόπαιον ὡς αἰσχρόν.</p>
</div>

<div type="textpart" subtype="section" n="34">
<p>34 Καὶ γὰρ αὖ καὶ τόδε πάντων ἀτοπώτατόν
ἐστιν, ὅτι τοὺς μὲν λόγους ὑμῶν πάνυ ἀκριβοῦσιν
οἱ πολλοὶ αὐτῶν, καθάπερ δὲ ἐπὶ τοῦτο μόνον
ἀναγιγνώσκοντες αὐτοὺς καὶ μελετῶντες, ὡς τἀναντία
ἐπιτηδεύοιεν, οὕτως βιοῦσιν. τὸ μὲν γὰρ
βιβλίον χρημάτων φησὶ δεῖν καταφρονεῖν<note type="footnote" n="3"> οἶμαι μᾶλλον Jacobs: οἶμαι β, μᾶλλον γ.</note> καὶ
δόξης καὶ μόνον τὸ καλὸν ἀγαθὸν οἴεσθαι καὶ
ἀόργητον εἶναι καὶ τῶν λαμπρῶν τούτων ὑπερορᾶν
καὶ ἐξ ἰσοτιμίας αὐτοῖς διαλέγεσθαι, καλά <lb n="4"/>
ὦ θεοί, καὶ σοφὰ καὶ θαυμάσια λέγον 5 ὡς ἀληθῶς.
οἱ δὲ καὶ αὐτὰ ταῦτα ἐπὶ μισθῷ διδάσκουσιν
καὶ τοὺς πλουσίους τεθήπασιν καὶ πρὸς τὸ
ἀργύριον κεχήνασιν, ὀργιλώτεροι μὲν τῶν κυνιδίων
ὄντες, δειλότεροι δὲ τῶν λαγωῶν, κολακικώτεροι
δὲ τῶν πιθήκων, ἀσελγέστεροι δὲ τῶν ὄνων,
ἁρπακτικώτεροι δὲ τῶν γαλόων, φιλονεικότεροι δὲ
τῶν ἀλεκτριυόνων. τοιγαροῦν γέλωτα ὀφλισκάνουσιν
ὠθιζόμενοι ἐπʼ αὐτὰ καὶ περὶ τὰς τῶν



<pb n="52"/>
πλουσίων πυλῶνας ἀλλήλους παραγκωνιζόμενοι
καὶ δεῖπνα πολυάνθρωπα δειπνοῦντες καὶ ἐν αὐτοῖς
τούτοις ἐπαινοῦντες φορτικῶς καὶ πέρα τοῦ
καλῶς ἔχοντος ἐμφορούμενοι καὶ μεμψίμοιροι
φαινόμενοι καὶ ἐπὶ τῆς κύλικος ἀτερπῆ καὶ
ἀπῳδὰ φιλοσοφοῦντες καὶ τὸν ἄκρατον οὐ φέροντες·
οἱ ἰδιῶται δὲ ὁπόσοι πάρεισιν, γελῶσι
δηλαδὴ καὶ καταπτύουσιν φιλοσοφίας, εἰ τοιαῦτα
καθάρματα ἐκτρέφει.</p>
</div>

<div type="textpart" subtype="section" n="35">
<p>35 Τὸ δὲ πάντων αἴσχιστον, ὅτι μηδενὸς δεῖσθαι
λέγων ἕκαστος αὐτῶν, ἀλλὰ μόνον πλούσιον εἶναι
τὸν σοφὸν κεκραγὼς μικρὸν ὕστερον προσελθὼν
αἰτεῖ καὶ ἀγανακτεῖ μὴ λαβών, ὅμοιον ὡς εἴ τις
ἐν βασιλικῷ σχήματι ὀρθὴν τιάραν ἔχων καὶ
διάδημα καὶ τὰ ἄλλα ὅσα βασιλείας γνωρίσματα
προσαιτοίη τῶν ὑποδεεστέρων δεόμενος.
Ὅταν μὲν οὖν λαβεῖν αὐτοὺς δέῃ, πολὺς ὁ περὶ
τοῦ κοινωνικὸν εἶναι δεῖν λόγος καὶ ὡς ἀδιάφορον
ὁ πλοῦτος καί, “Τί γὰρ τὸ χρυσίον ἢ τἀργύριον,
οὐδὲν τῶν ἐν τοῖς αἰγιαλοῖς ψήφων διαφέρον;”
ὅταν δέ τις ἐπικουρίας δεόμενος ἑταῖρος ἐκ παλαιοῦ
καὶ φίλος ἀπὸ πολλῶν ὀλίγα αἰτῇ προσελθών,
σιωπὴ καὶ ἀπορία καὶ ἀμαθία καὶ παλινῳδία
τῶν δογμάτων πρὸς τὸ ἐναντίον· οἱ δὲ πολλοὶ
περὶ φιλίας ἐκεῖνοι λόγοι καὶ ἡ ἀρετὴ καὶ τὸ
καλὸν οὐκ οἶδα ὅποι ποτὲ οἴχεται ταῦτα ἀποπτάμενα
πάντα, πτερόεντα ὡς ἀληθῶς ἔπη, μάτην
ὁσημέραι πρὸς αὐτῶν ἐν ταῖς διατριβαῖς σκιαμαχούμενα.</p>
</div>

<div type="textpart" subtype="section" n="36">
<p>36 μέχρι γὰρ τούτου φίλος ἕκαστος αὐτῶν,
εἰς ὅσον ἂν μὴ ἀργύριον ἢ χρνσίον ᾖ προκείμενον
ἐν τῷ μέσῳ· ἢν δέ τις ὀβολὸν ἐπιδείξῃ
μόνον, λέλυται μὲν ἡ εἰρήνη, ἄσπονδα δὲ κάκηρυκτα

<pb n="54"/>
πάντα, καὶ τὰ βιβλία ἐξαλήλιπται καὶ ἡ
ἀρετὴ πέφευγεν. οἶόν τι καὶ οἱ κύνες πάσχουσιν
ἐπειδάν τις ὀστοῦν εἰς μέσους αὐτοὺς ἐμβάλῃ·
ἀναπηδήσαντες δάκνουσιν ἀλλήλους καὶ τὸν προαρπάσαντα
τὸ ὀστοῦν ὑλακτοῦσιν.
Λέγεται δὲ καὶ βασιλεύς τις Αἰγύπτιος πιθήκους
ποτὲ πυρριχίζειν διδάξαι καὶ τὰ θηρίκμιμηλότατα
δέ ἐστι τῶν ἀνθρωπίνων—ἐκμαθεῖν
τάχιστα καὶ ὀρχεῖσθαι ἁλουργίδας ἀμπεχόμενα
καὶ προσωπεῖα περικείμενα, καὶ μέχρι γε πολλοῦ
εὐδοκιμεῖν τὴν θέαν, ἄχρι δὴ θεατής τις
ἀστεῖος κάρυα ὑπὸ κόλπου<note type="footnote" n="1">κόλπου du Soul: κόλπον MSS.</note> ἔχων ἀφῆκεν εἰς τὸ
μέσον· οἱ δὲ πίθηκοι ἰδόντες καὶ ἐκλαθόμενοι τῆς
ὀρχήσεως, τοῦθʼ ὅπερ ἦσαν, πίθηκοι ἐγένοντο ἀντὶ
πυρριχιστῶν καὶ συνέτριβον τὰ προσωπεῖα καὶ
τὴν ἐσθῆτα κατερρήγνυον καὶ ἐμάχοντο περὶ τῆς
ὀπώρας πρὸς ἀλλήλους, τὸ δὲ σύνταγμα τῆς
πυρρίχης διελέλυτο καὶ κατεγελᾶτο ὑπὸ τοῦ
θεάτρου.</p>
</div>

<div type="textpart" subtype="section" n="37">
<p>37 Τοιαῦτα καὶ οὗτοι ποιοῦσιν, καὶ ἔγωγε τοὺς
τοιούτους κακῶς ἠγόρευον καὶ οὔποτε παύσομαι
διελέγχων καὶ κωμῳδῶν, περὶ ὑμῶν δὲ ἡ τῶν
ὑμῖν παραπλησίων—είσὶ γάρ, εἰσί τινες ὡς ἀληθῶς
φιλοσοφίαν ζηλοῦντες καὶ τοῖς ὑμετέροις
νόμοις ἐμμένοντες—μὴ οὕτως μανείην ἔγωγε ὡς
βλάσφημον εἰπεῖν τι ἢ σκαιόν. ἢ τί γὰρ ἂν
εἰπεῖν ἔχοιμι; τί γὰρ ὑμῖν τοιοῦτον βεβίωται;
τοὺς δὲ ἀλαζόνας ἐκείνους καὶ θεοῖς ἐχθροὺς ἄξιον
οἶμαι μισεῖν. ἢ σὺ γάρ, ὦ Πυθαγόρα καὶ Πλάτων
καὶ Χρύσιππε καὶ Ἀριστότελες, τί φατε ;
προσήκειν ὑμῖν τοὺς τοιούτους ἢ οἰκεῖόν τι καὶ


<pb n="56"/>
σνγγενὲς ἐπιδείκνυσθαι τῷ βίῳ; νὴ Διʼ Ἡρακλῆς,
φασίν, καὶ πίθηκος. ἢ διότι πώγωνας ἔχουσι καὶ
φιλοσοφεῖν φάσκουσι καὶ σκυθρωποί εἰσι, διὰ
τοῦτο χρὴ ὑμῖν εἰκάζειν αὐτούς; ἀλλὰ ἤνεγκα ἄν,
εἰ πιθανοὶ γοῦν ἦσαν καὶ ἐπὶ τῆς ὑποκρίσεως
αὐτῆς· νῦν δὲ θᾶττον ἂν γὺψ ἀηδόνα μιμήσαιτο
ἢ οὗτοι φιλοσόφους.
Εἴρηκα ὑπὲρ ἐμαυτοῦ ὁπόσα εἶχον. σὺ δέ, ὦ
Ἁλήθεια, μαρτύρει πρὸς αὐτοὺς εἰ ἀληθῇ ἐστιν.</p>
</div>

<div type="textpart" subtype="section" n="38">
<sp>
<speaker>ΦΙΛΟΣΟΦΙΑ</speaker>
<p>38 Μετάστηθι, ὦ Παρρησιάδη· ἔτι πορρωτέρω. τί
ποιῶμεν ἡμεῖς; πῶς ὑμῖν εἰρηκέναι ἀνὴρ ἔδοξεν;</p>
</sp>

<sp>
<speaker>ΑΛΟΣΟΦΙΑ</speaker>
<p>Ἐγὼ μέν, Φιλοσοφία, μεταξὺ λέγοντος αὐτοῦ
κατὰ τῆς γῆς δῦναι εὐχόμην· οὕτως ἀληθῇ
πάντα εἶπεν. ἐγνώριζον γοῦν ἀκούουσα ἕκαστον
τῶν ποιούντων αὐτὰ καὶ ἐφήρμοζον μεταξὺ τοῖς
λεγομένοις, τοῦτο μὲν εἰς τόνδε, τοῦτο δὲ ὁ δεῖνα
ποιεῖ· καὶ ὅλως ἔδειξε τοὺς ἄνδρας ἐναργῶς
καθάπερ ἐπί τινος γραφῆς τὰ πάντα προσεοικότας,
οὐ τὰ σώματα μόνον ἀλλὰ καὶ τὰς ψυχὰς
αὐτὰς εἰς τὸ ἀκριβέστατον ἀπεικάσας.</p>
</sp>

<sp>
<speaker>ΑΡΕΤΗ</speaker>
<p>Κἀγὼ πάνυ ἠρνθρίασα ἡ Ἀρετή.<note type="footnote" n="1"> ἡ Ἀρετή B: ὦ Ἀρετὴ other MSS.</note></p>
</sp>

<sp>
<speaker>ΦΙΛΟΣΟΦΙΑ</speaker>
<p>Ὑμεῖς δὲ τί φατέ;</p>

</sp>

<pb n="58"/>
<sp>
<speaker>ΠΛΑΤΩΝ</speaker>
<p>Τί δὲ ἄλλο ἢ ἀφεῖσθαι αὐτὸν τοῦ ἐγκλήματος
καὶ φίλον ἡμῖν καὶ εὐεργέτην ἀναγεγράφθαι; τὸ
γοῦν τῶν Ἰλιέων ἀτεχνῶς πεπόνθαμεν· τραγῳδόν
τινα τοῦτον ἐφʼ ἡμᾶς κεκινήκαμεν ᾀσόμενον τὰς
Φρυγῶν συμφοράς. ᾀδέτω δʼ οὖν καὶ τοὺς θεοῖς
ἐχθροὺς ἐκτραγῳδείτω.</p>
</sp>

<sp>
<speaker>ΔΙΟΓΕΝΗΣ</speaker>
<p>Καὶ αὐτός, ὦ Φιλοσοφία, πάνυ ἐπαινῶ τὸν
ἄνδρα καὶ ἀνατίθεμαι τὰ κατηγορούμενα καὶ
φίλον ποιοῦμαι αὐτὸν γενναῖον ὄντα.</p>
</sp>
</div>

<div type="textpart" subtype="section" n="39">
<sp>
<speaker>ΦΙΛΟΣΟΦΙΑ</speaker>
<p>39 Εὖ ἔχει· πρόσιθι Παρρησιάδη· ἀφίεμέν σε τῆς
αἰτίας, καὶ ἀπάσαις κρατεῖς, καὶ τὸ λοιπὸν ἴσθι
ἡμέτερος ὤν.</p>
</sp>

<sp>
<speaker>ΠΑΡΡΗΣΙΑΔΗΣ</speaker>
<p>Προσεκύνησα τήν γε πρώτην·<note type="footnote" n="1">τὴν Πτερωτήν Madvig, i.e. Victory. But for τήν γε πρώτην
cf. Xen. Mem. 3, 6, 10: and Demosth. Enc.30</note> μᾶλλον δέ,
τραγικώτερον αὐτὸ ποιήσειν μοι δοκῶ· σεμνότερον
γάρ·
<lg>
<l>ὦ μέγα σεμνὴ Νίκη, τὸν ἐμὸν</l>
<l>βίοτον κατέχοις</l>
<l>καὶ μὴ λήγοις στεφανοῦσα.</l>
</lg></p>
</sp>

<sp>
<speaker>ΑΡΕΤΗ</speaker>
<p>Οὐκοῦν δευτέρου κρατῆρος ἤδη καταρχώμεθα·
προσκαλῶμεν κἀκείνους, ὡς δίκην ὑπόσχωσιν ἀνθʼ
ὧν εἰς ἡμᾶς ὑβρίζουσι· κατηγορήσει δὲ Παρρησιάδης
ἑκάστου.</p>

</sp>

<pb n="60"/>
<sp>
<speaker>ΦΙΛΟΣΟΦΙΑ</speaker>
<p>Ὀρθῶς, ὦ Ἀρετή, ἔλεξας. ὥστε σύ, παῖ Συλλογισμμέ,
κατακύψας εἰς τὸ ἄστυ προσκήρυττε
τοὺς φιλοσόφους.</p>
</sp>
</div>

<div type="textpart" subtype="section" n="40">
<sp>
<speaker>ΣΥΛΛΟΦΙΣΜΟΣ</speaker>
<p> Ἄκουε, σίγα· τοὺς φιλοσόφους ἥκειν εἰς
ἀκρόπολιν ἀπολογησομένους ἐπὶ τῆς Ἀρετῆς καὶ
Φιλοσοφίας καὶ Δίκης.</p>
</sp>

<sp>
<speaker>ΠΑΡΡΗΣΙΑΔΗΣ</speaker>
<p>Ὁρᾶς; ὀλίγοι ἀνίασι γνωρίσαντες τὸ κήρυγμα,
καὶ ἄλλως δεδίασι τὴν Δίκην· οἱ πολλοὶ δὲ αὐτῶν
οὐδὲ σχολὴν ἄγονσιν ἀμφὶ τοὺς πλουσίους ἔχον·
τες. εἰ δὲ βούλει πάντας ἥκειν, κατὰ τάδε, ὦ
Συλλογισμέ, κήρυττε —</p>
</sp>

<sp>
<speaker>ΣΤΛΛΟΓΙΣΜΟΣ<note type="footnote" n="1">ΣΥΛΛΟΓΙΣΜΟΣ A.M.H.: ΦΙΛ. edd.</note></speaker>
<p>Μηδαμῶς, ἀλλὰ σύ, ὦ Παρρησιάδη, προσκάλει
καθʼ ὅ τι σοι δοκεῖ.</p>
</sp>
</div>

<div type="textpart" subtype="section" n="41">
<p>41 Οὐδὲν τόδε χαλεπόν. Ἄκουε, σίγα. ὅσοι φιλόσοφοι
εἶναι λέγουσιν καὶ ὅσοι προσήκειν αὐτοῖς
οἴονται τοῦ ὀνόματος, ἥκειν εἰς ἀκρόπολιν ἐπὶ τὴν
διανομήν. δύο μναῖ ἑκάστῳ δοθήσονται καὶ
σησαμαῖος πλακοῦς· ὃς δʼ ἂν πώγωνα βαθὺν
ἐπιδείξηται, καὶ παλάθην ἰσχάδων οὗτός γε προσεπιλήψεται.
κομίζειν δʼ ἕκαστον σωφροσύνην
μὲν ἢ δικαιοσύνην ἢ ἐγκράτειαν μηδαμῶς· οὐκ
ἀναγκαῖα γὰρ ταῦτά γε, ἢν μὴ παρῇ· πέντε δὲ
συλλογισμοὺς ἐξ ἅπόντος· οὐ γὰρ θέμις ἄνευ
τούτων εἶναι σοφόν.</p>
<lg>
<l>κεῖται δʼ ἐν μέσσοισι δύο χρυσοῖο τάλαντα,</l>
<l>τῷ δόμεν, ὃς μετὰ πᾶσιν ἐριζέμεν ἔξοχος εἴη.</l>
</lg>

</div>

<pb n="62"/>
<div type="textpart" subtype="section" n="42">
<sp>
<speaker>ΦΙΛΟΣΦΙΑ<note type="footnote" n="1">ΦΙΛΟΣΟΔΙΑ A.M.H.; double point U: no change of
speaker in ΓΝ, edd.</note></speaker>
<p>42 Βαβαί, ὅσοι· πλήρης μὲν ἡ ἄνοδος ὠθιζομένων
ἐπὶ τὰς δύο μνᾶς, ὡς ἤκουσαν μόνον· παρὰ δὲ τὸ
Πελασγικὸν ἄλλοι καὶ κατὰ τὸ Ἀσκληπιεῖον
ἕτεροι καὶ παρὰ τὸν Ἀρειον πάγον<note type="footnote" n="2"> πάγον vulg.: not in γβ.</note> ἔτι πλείους,
ἕνιοι δὲ καὶ κατὰ τὸν Γάλω τάφον, οἱ δὲ καὶ πρὸς
τὸ Ἀνακεῖον προσθέμενοι κλίμακας ἀνέρπουσι
βομβηδὸν νὴ Δία καὶ βοτρυδὸν ἑσμοῦ δίκην, ἵνα
καὶ καθʼ Ὅμηρον εἴπω· ἀλλὰ κἀκεῖθεν εὖ μάλα
πολλοὶ κἀντεῦθεν</p>
<p>μυρίοι, ὅσσα τε φύλλα καὶ ἄνθεα γίνεται ὥρῃ.
μεστὴ δὲ ἡ ἀκρόπολις ἐν βραχεῖ κλαγγηδὸν προκαθιζόντων
καὶ πανταχοῦ πήρα κολακεία, πώγων
ἀναισχυντία, βακτηρία λιχνεία, συλλογισμὸς
φιλαργυρία· οἱ ὀλίγοι δέ, ὁπόσοι πρὸς τὸ πρῶτον
κήρυγμα ἐκεῖνο ἀνήεσαν, ἀφανεῖς καὶ ἄσημοι,
ἀναμιχθέντες τῷ πλήθει τῶν ἄλλων, καὶ λελήθασιν
ἐν τῇ ὁμοιότητι τῶν ἄλλων σχημάτων.</p>
</sp>

<sp>
<speaker>ΠΑΡΡΗΣΙΑΔΗΣ<note type="footnote" n="3"> ΠΑΡΡΗΣΙΑΔΗΣ A.M.H.; double point Γ : no change of
speaker in UΝ, edd.</note></speaker>
<p>Τοῦτο γοῦν τὸ δεινότατόν ἐστιν, ὦ Φιλοσοφία,
καὶ ὅ τις ἂν μέμψαιτο μάλιστά σου, τὸ μηδὲν ἐπιβαλεῖν
γνώρισμα καὶ σημεῖον αὐτοῖς· πιθανώτεροι
γὰρ οἱ γόητες οὗτοι πολλάκις τῶν ἀληθῶς φιλοσοφούντων.</p>


</sp>

<pb n="64"/>
<sp>
<speaker>ΦΙΛΟΣΟΦΙΑ</speaker>
<p>Ἔσται τοῦτο μετʼ ὀλίγον, ἀλλὰ δεχώμεθα ἤδη
αὐτούς.</p>
</sp>
</div>

<div type="textpart" subtype="section" n="43">
<sp>
<speaker>ΠΛΑΤΩΝΙΚΟΣ</speaker>
<p>43 Ἡμᾶς πρώτους χρὴ τοὺς Πλατωνικοὺς λαβεῖν.</p>
</sp>

<sp>
<speaker>ΠΥΘΑΓΟΡΙΚΟΣ</speaker>
<p>Οὔκ, ἀλλὰ τοὺς Πυθαγορικοὺς ἡμᾶς· πρότερος
γὰρ ὁ Πυθαγόρας ἦν.</p>
</sp>

<sp>
<speaker>ΣΤΩΙΚΟΣ</speaker>
<p>Ληρεῖτε· ἀμείνους ἡμεῖς οἱ ἀπὸ τῆς Στοᾶς.</p>
</sp>

<sp>
<speaker>ΠΕΡΙΠΑΤΗΤΙΚΟΣ</speaker>
<p>Οὐ μὲν οὖν, ἀλλʼ ἔν γε τοῖς χρήμασι πρῶτοι ἂν
ἡμεῖς εἴημεν οἱ ἐκ τοῦ Περιπάτου.</p>
</sp>

<sp>
<speaker>ΕΠΙΚΟΥΠΕΙΟΣ</speaker>
<p>Ἡμῖν τοῖς Ἐπικουρείοις τοὺς πλακοῦντας δότα
καὶ τὰς παλάθας· περὶ δὲ τῶν μνῶν περιμενοῦμεν,
κἂν ὑστάτους δέῃ λαβεῖν.</p>
</sp>

<sp>
<speaker>ΑΚΑΔΗΜΑΙΚΟΣ</speaker>
<p>Ποῦ τὰ δύο τάλαντα ; δείξομεν γὰρ οἱ Ἀκαδημαϊκοὶ
ὅσον τῶν ἄλλων ἐσμὲν ἐριστικώτεροι.</p>
</sp>

<sp>
<speaker>ΣΤΩΙΚΟΣ</speaker>
<p>Οὐχ ἡμῶν γε τῶν Στωϊκῶν παρόντων.</p>
</sp>
</div>

<div type="textpart" subtype="section" n="44">
<sp>
<speaker>ΦΙΛΟΣΟΦΙΑ</speaker>
<p>44 Παύσασθε φιλονεικοῦντες· ὑμεῖς δὲ οἱ Κυνικοὶ
μήτε ὠθεῖτε ἀλλήλους μήτε τοῖς ξύλοις παίετε·
ἐπʼ ἄλλα γὰρ ἴστε κεκλημένοι. καὶ νῦν ἔγωγε ἡ
Φιλοσοφία καὶ Ἀρετὴ αὕτη καὶ Ἀλήθεια δικάσομεν
οἵτινες οἱ ὀρθῶς φιλοσοφοῦντές εἰσιν. εἶτα
ὅσοι μὲν ἂν εὑρεθῶσιν κατὰ τὰ ἡμῖν δοκοῦντα
βιοῦντες, εὐδαιμονήσουσιν ἄριστοι κεκριμένοι·
τοὺς γόητας δὲ καὶ οὐδὲν ἡμῖν προσήκοντας κακοὺς

<pb n="66"/>
κακῶς ἐπιτρίψομεν, ὡς μὴ ἀντιποιῶνται τῶν
ὑπὲρ αὐτοὺς ἀλαζόνες ὄντες. τί τοῦτο; φεύγετε;
νὴ Δία, κατὰ τῶν γε κρημνῶν οἱ πολλοὶ ἁλλόμενοι.
κενὴ δʼ οὖν ἀκρόπολις, πλὴν ὀλίγων
τούτων ὁπόσοι μεμενήκασιν οὐ φοβηθέντες τὴν
κρίσιν.</p>
</sp>
</div>

<div type="textpart"  subtype="section"  n="45">
<p>45 οἱ ὑπηρέται ἀνέλεσθε τὴν πήραν, ἢν ὁ
Κυνικὸς ἀπέρριψεν ἐν τῇ τροπῇ. φέρʼ ἴδω τί καὶ
ἔχει· ἦ που θέρμους ἢ βιβλίον ἢ ἄρτους τῶν
αὐτοπυριτῶν;</p>

<sp>
<speaker>ΥΠΗΡΕΤΗΣ<note type="footnote" n="1">ΥΠΗΡΕΤΗΣ A.M.H.; cf. οἱ ὑπηρέται: ΠΑΡΡ. vulg.</note></speaker>
<p>Οὔκ, ἀλλὰ χρυσίον τουτὶ καὶ μύρον καὶ μαχαίριον
κουρευτικὸν<note type="footnote" n="2"> καὶ μαχαίριον κουρευτικὸν A.M.H. (κουρικὸν du Soul) : καὶ
μαχαίριον θυτικὸν γ; not in β. Cf. Olympiodorus, Vit.
Platon. 4.</note> καὶ κάτοπτρον καὶ κύβους.</p>
</sp>

<sp>
<speaker>ΦΙΛΟΣΟΦΙΑ</speaker>
<p>Εὖ γε, ὦ γενναῖε. τοιαῦτα ἦν σοι τὰ ἐφόδια
τῆς ἀσκήσεως καὶ μετὰ τούτων ἠξίους λοιδορεῖσθαι
πᾶσιν καὶ τοὺς ἄλλους παιδαγωγεῖν;</p>
</sp>

<sp>
<speaker>ΠΑΡΡΗΣΙΑΔΗΣ</speaker>
<p>Τοιοῦτοι μὲν οὖν ὑμῖν οὗτοι. χρὴ δὲ ὑμᾶς
σκοπεῖν ὅντινα τρόπον ἀγνοούμενα ταῦτα πεπαύσεται
καὶ διαγνώσονται οἱ ἐντυγχάνοντες, οἵτινες
οἱ ἀγαθοὶ αὐτῶν εἰσι καὶ οἵτινες αὖ πάλιν οἱ τοῦ
ἑτέρου βίου.</p>
</sp>

<sp>
<speaker>ΦΙΛΟΣΟΦΙΑ<note type="footnote" n="3"> ΦΙΛΟΣΟΦΙΑ Bekker; double point after βίου in ΓU.</note></speaker>
<p>Σύ, ὦ Αλήθεια, ἐξεύρισκε ὑπὲρ σοῦ γὰρ τοῦτο
γένοιτʼ ἄν, ὡς μὴ ἐπικρατῇ σου τὸ Ψεῦδος μηδὲ
ὑπὸ τῇ Ἀγνοίᾳ λανθάναωσιν οἱ φαῦλοι τῶν ἀνδρῶν
σε τοὺς χρηστοὺς μεμεμημένοι.</p>



</sp>
</div>

<div type="textpart"  subtype="section"  n="46">
<pb n="68"/>
<sp>
<speaker>ΑΛΗΘΕΙΑ</speaker>
<p>46 Ἐπʼ αὐτῷ, εἰ δοκεῖ, Παρρησιάδῃ ποιησώμεθα
τὸ τοιοῦτον, ἐπεὶ χρηστὸς ὦπται καὶ εὔνους ἡμῖν
καὶ σέ, ὦ Φιλοσοφία, μάλιστα θαυμάζων, παραλαβόντα
μεθʼ ἑαυτοῦ τὸν Ἔλεγχον ἅπασι τοῖς
φάσκουσι φιλοσοφεῖν ἐντυγχάνειν. εἶθ’ ὃν μὲν ἂν
εὕρῃ γνήσιον ὡς ἀληθῶς φιλόσοφον, στεφανωσάτω
θαλλοῦ στεφάνῳ καὶ εἰς τὸ Πρυτανεῖον
καλεσάτω, ἢν δέ τινι—οἷοι πολλοί εἰσι—καταράτῳ
ἀνδρὶ ὑποκριτῇφιλοσοφίας ἐντύχῃ, τὸ τριβώνιον
περισπάσας ἀποκειράτω τὸν πώγωνα ἐν χρῷ
πάνυ τραγοκουρικῇ μαχαίρᾳ καὶ ἐπὶ τοῦ μετώπου
στίγματα ἐπιβαλέτω ἢ ἐγκαυσάτω κατὰ τὸ
μεσόφρυον· ὁ δὲ τύπος τοῦ καυτῆρος ἔστω ἀλώπηξ
ἡ πίθηκος.</p>
</sp>

<sp>
<speaker>ΦΙΛΟΣΟΦΙΑ</speaker>
<p>Εὖ γε, ὦ Ἁλήθεια, φής· ὁ δὲ ἔλεγχος, Παρρησιάδη,
τοιόσδε ἔστω, οἷος ὁ τῶν ἀετῶν πρὸς
τὸν ἥλιον εἶναι λέγεται, οὐ μὰ Δί ὥστε κἀκείνους
ἀντιβλέπειν τῷ φωτὶ καὶ πρὸς ἐκεῖνο δοκιμάζεσθαι,
ἀλλὰ προθεὶς χρυσίον καὶ δόξαν καὶ ἡδονὴν
ὃν μὲν ἂν αὐτῶν ἴδῃς ὑπερορῶντα καὶ μηδαμῶς
ἑλκόμενον πρὸς τὴν ὄψιν, οὗτος ἔστω ὁ τῷ θαλλῷ
στεφόμενος, ὃν δʼ ἂν ἀτενὲς ἀποβλέποντα καὶ τὴν
χεῖρα ὀρέγοντα ἐπὶ τὸ χρνσίον, ἀπάγειν ἐπὶ τὸ
καυτήριον τοῦτον ἀποκείρας<note type="footnote" n="1"> ἀποκείρας Fritzsche : ἀποκείραντα γΝ ; ἀποκείραντας BU.</note> πρότερον τὸν πώγωνα
ὡς ἔδοξεν.</p>
</sp>
</div>

<div type="textpart"  subtype="section"  n="47">
<sp>
<speaker>ΠΑΡΡΙΣΙΑΔΗΣ</speaker>
<p>47 Ἔσται ταῦτα, ὦ Φιλοσοφία, καὶ ὄψει αὐτίκα
μάλα τοὺς πολλοὺς αὐτῶν ἀλωπεκίας ἢ πιθηκοφόρους,


<pb n="70"/>
φόρους, ὀλίγους δὲ καὶ ἐστεφανωμένους· εἰ βούλεσθε
μέντοι, κἀνταῦθα ὑμῖν ἀνάξω τινὰς ἤδη
αὐτῶν.</p>
</sp>

<sp>
<speaker>ΦΙΛΟΣΟΦΙΑ</speaker>
<p>Πῶς λέγεις; ἀνάξεις τοὺς φυγόντας;</p>
</sp>

<sp>
<speaker>ΠΑΡΡΗΣΙΑΔΗΣ</speaker>
<p>Καὶ μάλα, ἤνπερ ἡ ἱέρειά μοι ἐθελήσῃ πρὸς
ὀλίγον χρῆσαι τὴν ὁρμιὰν ἐκείνην καὶ τὸ ἄγκιστρον,
ὅπερ ὁ ἁλιεὺς ἀνέθηκεν ὁ ἐκ Πειραιῶς.</p>
</sp>

<sp>
<speaker>ΙΕΡΕΙΑ</speaker>
<p>Ἰδοὺ δὴ λαβέ, καὶ τὸν κάλαμόν γε ἅμα, ὡς
πάντα ἔχῃς.</p>
</sp>

<sp>
<speaker>ΠΑΡΡΗΣΙΑΔΗΣ</speaker>
<p>Οὐκοῦν, ὦ ἱέρεια, καὶ ἰσχάδας μοί τινας δὸς
ἀνύσασα καὶ ὀλίγον τοῦ χρυσίου.
Λάμβανε.</p>
</sp>

<sp>
<speaker>ΙΕΡΕΙΑ</speaker>
<p>Λάμβανε.</p>
</sp>

<sp>
<speaker>ΦΙΛΟΣΟΦΙΑ</speaker>
<p>Τί πράττειν ἁνὴρ διανοεῖται; δελεάσας τὸ ἄγκιστρον
ἰσχάδι καὶ τῷ χρυσίῳ καθεζόμενος ἐπὶ τὸ
ἄκρον τοῦ τειχίου καθῆκεν εἰς τὴν πόλιν. τί
ταῦτα, ὦ Παρρησιάδη, ποιεῖς; ἦ που τοὺς λίθους
ἁλιεύσειν διεγνωκας ἐκ τοῦ Πελασγικοῦ;</p>
</sp>

<sp>
<speaker>ΠΑΡΡΗΣΙΑΔΗΣ</speaker>
<p>Σιώπησον, ὦ Φιλοσοφία, καὶ τὴν ἄγραν περίμενε·
σὺ δέ, ὦ Πόσειδον ἀγρεῦ καὶ Ἀμφιτρίτη
φίλη, πολλοὺς ἡμῖν ἀνάπεμπε τῶν ἰχθύων.</p>
</sp>
</div>

<div type="textpart"  subtype="section"  n="48">
<p>48 ἀλλʼ
ὁρῶ τινα λάβρακα εὐμεγέθη, μᾶλλον δὲχρύσοφριν·
οὐκ, ἀλλὰ γαλεός ἐστιν. πρόσεισι γοῦν τῷ ἀγκίστρῳ
κεχηνώς· ὤσφραται τοῦ χρνσίου· πλησίον

<pb n="72"/>
ἤδη ἐστίν· ἔψαυσεν· εἴληπται· ἀνασπάσωμεν.
καὶ σύ, ὦ Ἔλεγχε, ἀνάσπα· Ἔλεγχε,<note type="footnote" n="1">ἀνάσπα· Ἔλεγχε γ: not in β, vulg.</note> συνεπιλαβοῦ
τῆς ὁρμιᾶς.</p>

<sp>
<speaker>ΕΛΕΓΧΟΣ</speaker>
<p>Ἄνω ἐστί. φέῤ ἴδω τίς εἶ. ὦ βέλτιστε ἰχθύων;
κύων οὗτός γε.<note type="footnote" n="2"> κύων οὗτός γε ς, L. Bos: αὔων οὗτός γε γ: not in β.</note> Ἡράκλεις τῶν ὀδόντων. τι τοῦτο,
γενναιότατε; εἴληψαι λιχνεύων περὶ τὰς πέτρας,
ἔνθα λήσειν ἤλπισας ὑποδεδυκώς; ἀλλὰ νῦν
ἔσῃ φανερὸς ἅπασιν ἐκ τῶν βραγχίων ἀπηρτημένος.
ἐξέλωμεν τὸ ἄγκιστρον καὶ τὸ δέλεαρ.
μὰ Δί᾿’ ἔπιεν.<note type="footnote" n="3"> μὰ Δι᾿  ἔπιεν: γ, but after κοιλίᾳ : after δέλεαρ A. M.
Previous edd. omit. β omits καὶ τὸ δέλεαρ . . . ἄγκιστρον.</note> τουτὶ κενόν σοι τὸ ἄγκιστρον· ἡ
δʼ ἰσχὰς ἤδη προσέσχηται καὶ τὸ χρυσίον ἐν τῇ
κοιλίᾳ.</p>
</sp>

<sp>
<speaker>ΠΑΡΡΗΣΙΑΔΗΣ</speaker>
<p>Ἐξεμεσάτω νὴ Δία, ὡς καὶ ἐπʼ ἄλλους δελεάσωμεν.
εὖ ἔχει· τί φής, ὦ Διόγενες; οἶσθα τοῦτον
ὅστις ἐστιν, ἢ προσήκει τί σοι ἀνήρ;</p>
</sp>

<sp>
<speaker>ΔΙΟΓΕΝΗΣ</speaker>
<p>Οὐδαμῶς.</p>
</sp>

<sp>
<speaker>ΠΑΡΡΗΣΙΑΔΗΣ</speaker>
<p>Τί οὖν; πόσου ἄξιον αὐτὸν χρὴ φάναι; ἐγὼ μὲν
γὰρ δύʼ ὀβολῶν πρῴην αὐτὸν ἐτιμησάμην.</p>
</sp>

<sp>
<speaker>ΔΙΟΓΕΝΗΣ</speaker>
<p>Πολὺ λέγεις· ἄβρωτός τε γάρ ἐστιν καὶ εἰδεχθὴς
καὶ σκληρὸς καὶ ἄτιμος· ἄφες αὐτὸν ἐπὶ
κεφαλὴν κατὰ τῆς πέτρας· σὺ δὲ ἄλλον ἀνάσπασον
καθεὶς τὸ ἄγκιστρον. ἐκεῖνο μέντοι· ὅρα,
ὦ Παρρησιάδη, μὴ καμπτόμενός σοι ὁ κάλαμος
ἀποκλασθῇ.</p>



</sp>

<pb n="74"/>
<sp>
<speaker>ΠΑΡΡΗΣΙΑΔΗΣ</speaker>
<p>Θάρρει, ὦ Διόγενες· κοῦφοί εἰσι καὶ τῶν
ἀφύων ἐλαφρότεροι.</p>
</sp>

<sp>
<speaker>ΔΙΟΓΕΝΗΣ</speaker>
<p>Νὴ Δί᾿, ἀφυέστατοί γε· ἀνάσπα δὲ ὅμως.</p>
</sp>
</div>

<div type="textpart"  subtype="section"  n="49">
<sp>
<speaker>ΠΑΡΡΗΣΙΑΔΗΣ</speaker>
<p>49 Ἰδού τις ἄλλος ὑπόπλατος ὥσπερ ἡμίτομος
ἰχθὺς πρόσεισιν, ψῆττά τις, κεχηνὼς εἰς τὸ ἄγκιστρον·
κατέπιεν, ἔχεται, ἀνεσπάσθω. τίς ἐστιν;</p>
</sp>

<sp>
<speaker>ΕΛΕΓΧΟΣ</speaker>
<p>Ὁ Πλατωνικὸς εἶναι λέγων.</p>
</sp>

<sp>
<speaker>ΠΑΡΡΗΣΙΑΔΗΣ</speaker>
<p>Καὶ σύ, ὦ κατάρατε, ἥκεις ἐπὶ τὸ χρυσίον ; τί
φής, ὦ Πλάτων; τί ποιῶμεν αὐτόν;</p>
</sp>
</div>

<div type="textpart"  subtype="section"  n="50">
<sp>
<speaker>ΠΛΑΤΩΝ</speaker>
<p>50 Ἀπὸ τῆς αὐτῆς πέτρας καὶ οὗτος· ἐπʼ ἄλλον
καθείσθω.</p>
</sp>

<sp>
<speaker>ΠΑΡΡΗΣΙΑΔΗΣ</speaker>
<p>Καὶ μὴν ὁρῶ τινα πάγκαλον προσιόντα, ὡς ἂν
ἐν βυθῷ δόξειεν, ποικίλον τὴν χρόαν, ταινίας
τινὰς ἐπὶ τοῦ νώτου ἐπιχρύσους ἔχοντα. ὁρᾷς, ὦ
Ἔλεγχε;</p>
</sp>

<sp>
<speaker>ΕΛΕΓΧΟΣ</speaker>
<p>Ὁ τὸν Ἀριστοτέλη προσποιούμενος οὗτός
ἐστιν.</p>
</sp>

<pb n="76"/>
<sp>
<speaker>ΠΑΡΡΗΣΙΑΔΗΣ<note type="footnote" n="1">ΠΑΡΡ. A.M.H.: no change of speaker in MSS.</note></speaker>
<p>Ἦλθεν, εἶτα πάλιν ἄπεισιν. περισκοπεῖ<note type="footnote" n="2"> περισκοπεῖ Seybold, Fritzsche : περισκόπει MSS.</note> ἀκριβῶς,
αὖθις ἐπανῆλθεν, ἔχανεν, εἴληπται, ἀνιμήσθω.</p>
</sp>

<sp>
<speaker>ΑΡΙΣΤΟΤΕΛΗΣ</speaker>
<p>Μὴ ἀνέρῃ με, ὦ Παρρησιάδη, περὶ αὐτοῦ·
ἀγνοῶ γὰρ ὅστις ἐστίν.</p>
</sp>
</div>

<div type="textpart"  subtype="section"  n="51">
<sp>
<speaker>ΠΑΡΡΗΣΙΑΔΗΣ</speaker>
<p>Οὐκοῦν καὶ οὗτος, ὦ Ἀριστότελες, κατὰ τῶν
51 πετρῶν. ἀλλʼ ἢν ἰδού, πολλούς που τοὺς ἰχθῦς
ὁρῶ κατὰ ταὐτὸν ὁμόχροας, ἀκανθώδεις καὶ τὴν
ἐπιφάνειαν ἐκτετραχυσμένους, ἐχίνων δυσληπτοτέρους.
ἦ που σαγήνης ἐπʼ αὐτοὺς δεήσει;</p>
</sp>

<sp>
<speaker>ΦΙΛΟΣΟΦΙΑ<note type="footnote" n="3"> ΦΙΛ. A.M.H.: double point after δεήσει in Γ.</note></speaker>
<p>Ἀλλ’ οὐ πάρεστιν. ἱκανὸν εἰ κἂν ἕνα τινὰ ἐκ
τῆς ἀγέλης ἀνασπάσαιμεν. ἥξει δὲ ἐπὶ τὸ ἄγκιστρον
δηλαδὴ ὃς ἂν αὐτῶν θρασύτατος ᾖ.</p>
</sp>

<sp>
<speaker>ΕΛΕΓΧΟΣ</speaker>
<p>Κάθες, εἰ δοκεῖ, σιδηρώσας γε πρότερον ἐπὶ
πολὺ τῆς ὁρμιᾶς, ὡς μὴ ἀποπρίσῃ τοῖς ὁδοῦσι
καταπιὼν τὸ χρυσίον.</p>
</sp>

<sp>
<speaker>ΠΑΡΡΗΣΙΑΔΗΣ</speaker>
<p>Καθῆκα. καὶ σὺ δέ, Πόσειδον, ταχεῖαν ἐπιτέλει
τὴν ἄγραν. βαβαί, μάχονται περὶ τοῦ
δελέατος, καὶ οἱ μὲν συνάμα πολλοὶ περιτρώγουσι
τὴν ἰσχάδα, οἱ δὲ προσφύντες ἔχονται τοῦ
χρνσίου. εὖ ἔχει· περιεπάρη τις μάλα καρτερός.
φέρʼ ἴδω τίνος ἐπώνυμον σεαυτὸν εἶναι λέγεις;




<pb n="78"/>
καίτοι γελοῖός εἰμι ἀναγκάζων ἰχθὺν λαλεῖν·
ἄφωνοι γὰρ οὗτοί γε. ἀλλὰ σύ, ὦ Ἔλεγχε, εἰπὲ
ὅντινα ἔχει διδάσκαλον αὐτοῦ.</p>
</sp>

<sp>
<speaker>ΕΛΕΓΧΟΣ</speaker>
<p>Χρύσιππον τουτονί.</p>
</sp>

<sp>
<speaker>ΠΑΡΡΗΣΑΔΗΣ</speaker>
<p>Μανθάνω· διότι χρυσίον προσῆν, οἶμαι, τῷ
ὀνόματι. σὺ δʼ οὖν, Χρύσιππε, πρὸς τῆς Ἀθηνᾶς
εἰπέ, οἶσθα τοὺς ἄνδρας ἢ τοιαῦτα παραινεῖς
αὐτοῖς ποιεῖν;</p>
</sp>

<sp>
<speaker>ΧΡΥΣΙΠΠΟΣ</speaker>
<p>Νὴ Δί,᾿  ὑβριστικὰ ἐρωτᾷς, ὦ Παρρησιάδη,
προσήκειν τι ἡμῖν ὑπολαμβάνων τοιούτους ὄντας.</p>
</sp>

<sp>
<speaker>ΠΑΡΡΗΣΙΑΔΗΣ</speaker>
<p>Εὖ γε, ὦ Χρύσιππε, γενναῖος εἶ. οὗτος δὲ καὶ
αὐτὸς ἐπὶ κεφαλὴν μετὰ τῶν ἄλλων, ἐπεὶ καὶ
ἀκανθώδης ἐστί, καὶ δέος μὴ διαπαρῇ τις τὸν
λαιμὸν ἐσθίων.</p>
</sp>
</div>

<div type="textpart"  subtype="section"  n="52">
<sp>
<speaker>ΦΙΛΟΣΟΦΙΑ</speaker>
<p>52 Ἅλις, ὦ Παρρησιάδη, τῆς ἄγρας. μὴ καί τίς
σοι, οἷοι πολλοί εἰσιν, οἴχηται ἀποσπάσας τὸ
χρνσίον καὶ τὸ ἄγκιστρον, εἶτά σε ἀποτῖσαι τῇ
ἱερείᾳ δεήσῃ. ὥστε ἡμεῖς μὲν ἀπίωμεν περιπατήσουσαι·
καιρὸς δὲ καὶ ὑμᾶς ἀπιέναι ὅθεν
ἥκετε, μὴ καὶ ὑπερήμεροι γένησθε τῆς προθεσμίας.
σφὼ δέ, σύ καὶ ὁ Ἔλεγχος, ὦ Παρρησιάδη,
ἐν κύκλῳ ἐπὶ πάντας αὐτοὺς ἰόντες ἢ
στεφανοῦτε ἢ ἐγκάετε, ὡς ἔφην.</p>
</sp>

<pb n="80"/>
<sp>
<speaker>ΠΑΡΡΗΣΙΑΔΗΣ</speaker>
<p>Ἔσται ταῦτα, Φιλοσοφία. χαίρετε, ὦ βέλτιστοι
ἀνδρῶν. ἡμεῖς δὲ κατίωμεν, ὦ Ἔλεγχε,
καὶ τελῶμεν τὰ παρηγγελμένα.</p>
</sp>

<sp>
<speaker>ΕΛΕΓΧΟΣ</speaker>
<p>Ποῖ δὲ καὶ πρῶτον ἀπιέναι δεήσει; μῶν εἰς τὴν
Ἀκαδημίαν ἢ εἰς τὴν Στοὰν ἢ<note type="footnote" n="1">ἢ Seybold : not in MSS.</note> ἀπὸ τοῦ Λυκείου
ποιησώμεθα τὴν ἀρχήν;</p>
</sp>

<sp>
<speaker>ΠΑΡΡΗΣΙΑΔΗΣ</speaker>
<p>Οὐδὲν διοίσει τοῦτο. πλὴν οἶδά γε ἐγὼ ὡς
ὅποι ποτʼ ἂν ἀπέλθωμεν, ὀλίγων μὲν τῶν στεφάνων,
πολλῶν δὲ τῶν καυτηρίων δεησόμεθα.</p>

</sp>
</div>
</div>
</body>
</text>
</TEI>