<?xml version="1.0" encoding="UTF-8"?>
<ti:work xmlns:ti="http://chs.harvard.edu/xmlns/cts" groupUrn="urn:cts:greekLit:tlg0007" projid="greekLit:tlg001" urn="urn:cts:greekLit:tlg0007.tlg001" xml:lang="grc">
    
   <ti:title xml:lang="eng">Theseus</ti:title>
   
   <ti:edition urn="urn:cts:greekLit:tlg0007.tlg001.perseus-grc2" workUrn="urn:cts:greekLit:tlg0007.tlg001" xml:lang="grc">
      <ti:label xml:lang="eng">Theseus</ti:label>
      <ti:description xml:lang="eng">Plutarch, creator;  Plutarch's Lives Volume I; Perrin, Bernadotte, translator; Cambridge,
         MA. Harvard University Press. London. William Heinemann Ltd. 1914.</ti:description>
   </ti:edition> 
   
   <ti:translation urn="urn:cts:greekLit:tlg0007.tlg001.perseus-eng3" workUrn="urn:cts:greekLit:tlg0007.tlg001" xml:lang="eng">
      <ti:label xml:lang="eng">Theseus</ti:label>
      <ti:description xml:lang="eng">Plutarch, creator; Plutarch's Lives Volume I; Perrin, Bernadotte, translator; Cambridge, MA. Harvard University Press. London. William Heinemann Ltd. 1914.</ti:description>
   </ti:translation>

</ti:work>
