<?xml version="1.0" encoding="UTF-8"?> 
<?xml-model href="http://www.stoa.org/epidoc/schema/latest/tei-epidoc.rng" schematypens="http://relaxng.org/ns/structure/1.0"?> 
<TEI xmlns="http://www.tei-c.org/ns/1.0">
<teiHeader type="text">
<fileDesc>
<titleStmt>

<title n="Comp.Alc.Cor." type="work">Comparison of Alcibiades and Coriolanus</title>
<author n="Plut.">Plutarch</author>
<editor n="Perrin" role="editor">Bernadotte Perrin</editor>
<sponsor>Perseus Project, Tufts University</sponsor>
<principal>Gregory Crane</principal>
<respStmt>
<resp>Prepared under the supervision of</resp>
<name>Lisa Cerrato</name>
<name>William Merrill</name>
<name>Elli Mylonas</name>
<name>David Smith</name>
</respStmt>
<funder n="org:NEH">The National Endowment for the Humanities</funder>
</titleStmt>
<extent/>
<publicationStmt>
<publisher>Trustees of Tufts University</publisher>
<pubPlace>Medford, MA</pubPlace>
<authority>Perseus Project</authority>
</publicationStmt>
<sourceDesc>
<biblStruct>
<analytic n="Comp.Alc.Cor."/>
<monogr>
<author>Plutarch</author>
<title>Plutarch's Lives</title>
<respStmt>
<resp>with an English Translation by</resp>
<name>Bernadotte Perrin</name>
</respStmt>
<imprint>
<pubPlace>Cambridge, MA</pubPlace>
<publisher>Harvard University Press</publisher>
<pubPlace>London</pubPlace>
<publisher>William Heinemann Ltd.</publisher>
<date>1916</date>
</imprint>
<biblScope unit="volume">4</biblScope>
</monogr>
<idno type="ISBN">0674990897</idno>
</biblStruct>
</sourceDesc>
</fileDesc>
<encodingDesc>
<editorialDecl>
    <quotation marks="none"/>
<correction method="silent">
<p>optical character recognition</p>
</correction>
</editorialDecl>
    <refsDecl n="CTS">
        <cRefPattern n="section"
            matchPattern="(\w+).(\w+)"
            replacementPattern="#xpath(/tei:TEI/tei:text/tei:body/tei:div/tei:div[@n='$1']/tei:div[@n='$2'])">
            <p>This pointer pattern extracts chapter and section</p>
        </cRefPattern>
        <cRefPattern n="chapter"
            matchPattern="(\w+)"
            replacementPattern="#xpath(/tei:TEI/tei:text/tei:body/tei:div/tei:div[@n='$1'])">
            <p>This pointer pattern extracts chapter</p>
        </cRefPattern>
    </refsDecl>
<refsDecl>
<refState unit="chapter" delim="."/>
<refState unit="section"/>
</refsDecl>
</encodingDesc>
<profileDesc>
<langUsage>
<language ident="grc">Greek</language>
</langUsage>
</profileDesc>
<revisionDesc>
    <change when="2017-01-09" who="Lisa Cerrato">EpiDoc and CTS compliance; minor cleanup; bumped URN</change>
    <change who="RS" when="2010-03-01">tagged and parsed</change>
</revisionDesc>
</teiHeader>
    
<text xml:lang="grc">
<body>
    <div type="edition" n="urn:cts:greekLit:tlg0007.tlg017.perseus-grc2" xml:lang="grc">
<pb n="p.218"/>
<div type="textpart" subtype="chapter" n="1">
<div type="textpart" subtype="section" n="1">
<p>
ἐκκειμένων δὲ τῶν πράξεων, ὅσας ἡγούμεθα  
<pb n="paris.1624.233"/> λόγου καὶ μνήμης ἀξίας εἶναι, τὰς μὲν πολεμικὰς ἐπʼ οὐδέτερον ποιούσας ῥοπὴν μεγάλην ὁρᾶν ἐστιν, ὁμαλῶς γὰρ ἀμφότεροι πολλὰ μὲν στρατιωτικῆς ἔργα τόλμης καὶ ἀνδρείας, πολλὰ δὲ καὶ τέχνης καὶ προνοίας στρατηγοῦντες ἐπεδείξαντο,
</p>
</div>
<div type="textpart" subtype="section" n="2">
<p>
πλὴν εἰ μή τις θέλοι τὸν Ἀλκιβιάδην, ὅτι καὶ κατὰ γῆν καὶ κατὰ θάλατταν ἐν πολλοῖς ἀγῶσι νικῶν καὶ κατορθῶν διετέλεσεν, ἀποφαίνειν τελειότερον στρατηγόν ἐπεὶ τό γε παρόντας καὶ ἄρχοντας ὀρθοῦν ἀεὶ προδήλως τὰ οἰκεῖα καὶ προδηλότερον αὖ πάλιν βλάπτειν μεθισταμένους ἀμφοτέροις ὑπῆρξε,
</p>
</div>
<div type="textpart" subtype="section" n="3">
<p>
πολιτείαν δὲ τὴν μὲν Ἀλκιβιάδου τὴν ἄγαν λαμυρὰν καὶ τὸ μὴ καθαρεῦον ἀναγωγίας καὶ βωμολοχίας ἐν τῷ πρὸς χάριν ὁμιλεῖν τοῖς πολλοῖς οἱ σώφρονες ἐβδελύττοντο, τὴν δὲ Μαρκίου παντάπασιν ἄχαριν καὶ 
<pb n="p.220"/>
ὑπερήφανον καὶ ὀλιγαρχικὴν γενομένην ἐμίσησεν ὁ Ῥωμαίων δῆμος.
</p>
</div>
<div type="textpart" subtype="section" n="4">
<p>
οὐδετέραν μὲν οὖν ἐπαινετέον ὁ δὲ δημαγωγῶν καὶ χαριζόμενος τῶν ὅπως οὐ δόξουσι δημαγωγεῖν προπηλακιζόντων τοὺς πολλοὺς ἀμεμπτότερος· αἰσχρὸν μὲν γὰρ τὸ κολακεύειν δῆμον ἐπὶ τῷ δύνασθαι, τὸ δʼ ἰσχύειν ἐκ τοῦ φοβερὸν εἶναι καὶ κακοῦν καὶ πιέζειν πρὸς τῷ αἰσχρῷ καὶ ἄδικόν ἐστιν. </p>
</div>
</div>
<div type="textpart" subtype="chapter" n="2">
<div type="textpart" subtype="section" n="1">
<p>
ὅτι τοίνυν ἁπλοῦς τις ὁ Μάρκιος ὑπείληπται τῷ τρόπῳ γεγονέναι καὶ αὐθέκαστος, ὁ δὲ Ἀλκιβιάδης πανοῦργος ἐν τῇ πολιτείᾳ καὶ ἀναλήθης, οὐκ ἄδηλόν ἐστι. μάλιστα δὲ κατηγοροῦσιν αὐτοῦ κακοήθειαν καὶ ἀπάτην, ᾗ τοὺς Λακεδαιμονίων πρέσβεις παρακρουσάμενος, ὡς Θουκυδίδης ἱστόρηκε, τὴν εἰρήνην ἔλυσεν.
</p>
</div>
<div type="textpart" subtype="section" n="2">
<p>
ἀλλʼ αὕτη μὲν ἡ πολιτείᾳ, καίπερ εἰς πόλεμον αὖθις ἐμβαλοῦσα τὴν πόλιν, ἰσχυρὰν ἐποίησε καὶ φοβερὰν, τῆς
Μαντινέων καὶ Ἀργείων συμμαχίας διʼ Ἀλκιβιάδου προσγενομένης· Μάρκιος δʼ ὅτι μὲν ἀπάτῃ καὶ αὐτὸς ἐξεπολέμωσε Ῥωμαίους καὶ Οὐολούσκους διαβαλὼν ψευδῶς τοὺς ἥκοντας ἐπὶ τὴν θέαν, Διονύσιος ἱστόρηκεν ἡ δʼ αἰτία φαυλότερον ποιεῖ τὸ ἔργον,
</p>
</div>
<div type="textpart" subtype="section" n="3">
<p> οὐ
γὰρ ἐκ φιλονεικίας οὐδὲ πολιτικῆς μάχης ἢ ἁμίλλης, ὡς ἐκεῖνος, ἀλλʼ 
ὀργῇ χαριζόμενος, παρʼ ἧς οὐδένα φησὶν ὁ Δίων<note anchored="true" place="unspecified" resp="ed">
<foreign xml:lang="grc">Δίων</foreign> Bekker corrects to <foreign xml:lang="grc">Ἴων</foreign> after Bryan. The verse <foreign xml:lang="grc">
<gap reason="lost"/> οὐδεὶς γὰρ ὀργῆς χάριν ἀπείληφεν πάτερ <gap reason="lost"/>
</foreign> is attributed to Menander in Stobaeus, Floril. xx. 6 (Kock, Com. Att. Frag. iii. p. 188).</note>
<pb n="paris.1624.234"/> ἀπολαβεῖν χάριν, πολλὰ τῆς Ἰταλίας μέρη συνετάραξε καὶ πολλὰς πόλεις οὐδὲν ἀδικούσας τῷ πρὸς τὴν πατρίδα θυμῷ παρανάλωσε. καίτοι 
<pb n="p.222"/>
καὶ Ἀλκιβιάδης διʼ ὀργὴν μεγάλων αἴτιος συμφορῶν κατέστη τοῖς πολίταις.
</p>
</div>
<div type="textpart" subtype="section" n="4">
<p>
ἀλλʼ ὅτε πρῶτον ἔγνω μεταμελομένους, εὐγνωμόνησε, καὶ πάλιν ἀπορριφείς οὐκ ἐφήσθη τοῖς στρατηγοῖς ἁμαρτάνουσιν οὐδὲ παρεῖδε κακῶς βουλευομένους καὶ κινδυνεύοντας, ἀλλʼ, ὅπερ Ἀριστείδης ἐπαινεῖται μάλιστα πράξας πρὸς Θεμιστοκλέα, τοῦτʼ ἐποίησε, πρὸς τοὺς τότʼ ἄρχοντας οὐ φίλους ὄντας ἐλθὼν καὶ φράσας τὸ δέον καὶ διδάξας.
</p>
</div>
<div type="textpart" subtype="section" n="5">
<p>Μάρκιος δὲ πρῶτον μὲν ὅλην κακῶς ἐποίει τὴν πόλιν οὐχ ὑφ̓ὅλης παθών, ἀλλὰ τοῦ βελτίστου καὶ κρατίστου μέρους συναδικηθέντος αὐτῷ καὶ συναλγήσαντος· ἔπειτα πολλαῖς πρεσβείαις καὶ δεήσεσι μίαν ἰωμένων ὀργὴν καὶ ἄγνοιαν οὐ τεγχθεὶς οὐδʼ εἴξας ἐδήλωσεν ἐπὶ τῷ διαφθεῖραι τὴν πατρίδα καὶ καταβαλεῖν, οὐχ ὅπως ἀπολάβῃ καὶ κατέλθῃ, βαρὺν πόλεμον καὶ ἄσπονδον ἐπανῃρημένος.
</p>
</div>
<div type="textpart" subtype="section" n="6">
<p> τούτῳ δὲ<note anchored="true" place="unspecified" resp="ed">
<foreign xml:lang="grc">τούτῳ δὲ</foreign> Coraës and Bekker read <foreign xml:lang="grc">τούτῳ γε</foreign> with C, and Bekker assumes a lacuna before the words.</note> 
φήσει τις διαφέρειν Ἀλκιβιάδην μὲν γὰρ ἐπιβουλευόμενον ὑπὸ Σπαρτιατῶν διὰ δέος ἅμα καὶ μῖσος αὐτῶν μεταστῆναι πρὸς Ἀθηναίους, Μαρκίῳ δὲ πάντα δίκαια ποιοῦντας Οὐολούσκους οὐ καλῶς εἶχεν ἐγκαταλιπεῖν. καὶ γὰρ ἡγεμὼν ἀποδέδεικτο καὶ μεγίστην πίστιν εἶχε μετὰ δυνάμεως,
</p>
</div>
<div type="textpart" subtype="section" n="7">
<p>
οὐχ ὡς ἐκεῖνος, ἀποχρωμένων μᾶλλον ἢ χρωμένων αὐτῷ Λακεδαιμονίων, ἐν τῇ πόλει περιιών καὶ κυλινδούμενος αὖθις ἐν τῷ στρατοπέδῳ τέλος εἰς τὰς 
<pb n="p.224"/>
Τισαφέρνου χεῖρας ἀφῆκεν αὑτόν· εἰ μὴ νὴ Δία μὴ φθαρῆναι τὰς Ἀθήνας παντάπασι ποθῶν κατελθεῖν ἐθεράπευε. </p>
</div>
</div>
<div type="textpart" subtype="chapter" n="3">
<div type="textpart" subtype="section" n="1">
<p>
χρήματα τοίνυν ὁ μέν Ἀλκιβιάδης καὶ λαβεῖν οὐκ εὖ πολλάκις ἐκ δωροδοκιῶν καὶ διαθέσθαι κακῶς εἰς τρυφὴν καὶ ἀκολασίαν ἱστόρηται· Μάρκιον δὲ σὺν τιμῇ διδόντες οἱ στρατηγοὶ λαβεῖν οὐκ ἔπεισαν. διὸ καὶ μάλιστα τοῖς πολλοῖς ἐπαχθὴς ἦν ἐν ταῖς περὶ χρεῶν διαφοραῖς πρὸς τὸν δῆμον, ὡς οὐκ ἐπὶ κέρδεσιν, ἀλλὰ διʼ ὕβριν καὶ περιφροσύνην τοῖς πένησιν ἐπηρεάζων. 
</p>
</div>
<div type="textpart" subtype="section" n="2">
<p>Ἀντίπατρος μέν οὖν ἐν ἐπιστολῇ τινι γράφων 
περὶ τῆς Ἀριστοτέλους τοῦ φιλοσόφου τελευτῆς, <q>πρὸς
τοῖς ἄλλοις,</q> φησὶν, <q>ὁ ἀνὴρ καὶ τὸ 
πείθειν εἶχε.</q> τὰς δὲ Μαρκίου πράξεις καὶ 
ἀρετὰς τοῦτο μὴ προσὸν ἐπαχθεῖς ἐποίησεν 
αὐτοῖς τοῖς εὖ παθοῦσι, τὸν ὄγκον αὐτοῦ καὶ τὴν 
ἐρημίᾳ σύνοικον, ὡς Πλάτων εἶπεν, αὐθάδειαν 
μὴ ὑπομείναντας <gap reason="lost"/> τοῦ δʼ Ἀλκιβιάδου τοὐναντίον 
ἐπισταμένου χρῆσθαι τοῖς προστυγχάνουσιν οἰκείως, 
οὐδὲν θαυμαστὸν ἐν οἷς κατώρθου τὴν δόξαν 
ἀνθεῖν μετʼ εὐνοίας καὶ τιμῆς εὐημεροῦσαν, ὅπου 
καὶ τῶν ἁμαρτημάτων ἔνια πολλάκις<note anchored="true" place="unspecified" resp="ed">
<foreign xml:lang="grc">πολλάκις</foreign> bracketed by Bekker.</note>  χάριν εἶχε καὶ ὥραν.
</p>
</div>
<div type="textpart" subtype="section" n="3">
<p>
ὅθεν οὗτος μέν οὐ μικρὰ βλάψας οὐδʼ ὀλίγα τὴν πόλιν ὅμως ἀπεδείκνυτο πολλάκις ἡγεμὼν καὶ στρατηγός, ἐκεῖνος δὲ μετιὼν ἐπὶ 
<pb n="p.226"/>
πολλαῖς ἀριστείαις καὶ ἀνδραγαθίαις ἀρχὴν προσήκουσαν ἐξέπεσεν. οὕτω τὸν μέν οὐδὲ πάσχοντες κακῶς ἐδύναντο μισεῖν οἱ πολῖται, τῷ δὲ περιῆν θαυμαζομένῳ μὴ φιλεῖσθαι. </p>
</div>
</div>
<div type="textpart" subtype="chapter" n="4">
<div type="textpart" subtype="section" n="1">
<p>
καὶ γάρ τοι Μάρκιος μὲν οὐδὲν ἀπεδείξατο τῇ πόλει στρατηγῶν, ἀλλά τοῖς πολεμίοις κατὰ τῆς πατρίδος· Ἀλκιβιάδου δὲ καὶ στρατευομένου πολλάκις καὶ στρατηγοῦντος ἀπέλαυσαν οἱ Ἀθηναῖοι καὶ παρὼν ἐκράτει τῶν ἐχθρῶν ὅσον ἐβούλετο, καὶ μὴ παρόντος ἴσχυσαν αἱ διαβολαί·
</p>
</div>
<div type="textpart" subtype="section" n="2">
<p>Μάρκιος δὲ παρὼν ὑπὸ Ῥωμαίων κατεδικάσθη, παρόντα δὲ Οὐολοῦσκοι διέφθειραν, οὐ δικαίως μὲν οὐδʼ ὁσίως, αἰτίαν δὲ τοῦ εὐλόγου παρέσχεν αὐτός, ὅτι δημοσίᾳ τὰς διαλύσεις μὴ προσδεξάμενος, ἰδίᾳ δὲ πεισθεὶς ὑπὸ τῶν γυναικῶν οὐκ 
<pb n="paris.1624.235"/> ἔλυσε τὴν ἔχθραν, ἀλλὰ τοῦ πολέμου μένοντος ἀπώλεσε τὸν καιρὸν καὶ διέφθειρε,
</p>
</div>
<div type="textpart" subtype="section" n="3">
<p>
πείσαντα γὰρ ἔδει τοὺς πεπιστευκότας ἀπελθεῖν, εἰ τοῦ πρὸς ἐκείνους δικαίου πλεῖστον ἐποιεῖτο λόγον. εἰ δὲ μηδὲν ἐφρόντιζεν Οὐολούσκων, ἀλλὰ τὴν ὀργὴν ἐμπλῆσαι τὴν ἑαυτοῦ βουλόμενος ἐνῆγε τὸν πόλεμον, εἶτʼ ἔληξεν, οὐ διὰ τὴν μητέρα καλῶς εἶχε φείσασθαι τῆς πατρίδος, ἀλλὰ σὺν τῇ πατρίδι τῆς μητρός· μέρος γὰρ ἦν καὶ ἡ μήτηρ καὶ ἡ γυνὴ τῆς πατρίδος ἦν ἐπολιόρκει.
</p>
</div>
<div type="textpart" subtype="section" n="4">
<p> τὸ δὲ
δημοσίαις ἱκεσίαις καὶ δεήσει πρέσβεων καὶ λιταῖς ἱερέων 
<pb n="p.228"/>
ἀπηνῶς χρησάμενον εἶτα χαρίσασθαι τῇ μητρὶ τὴν ἀναχώρησιν, οὐ τῆς μητρὸς ἦν τιμὴ, ἀλλʼ ἀτιμία τῆς πατρίδος, οἴκτῳ καὶ παραιτήσει διὰ μίαν γυναῖκα σῳζομένης, ὡς οὐκ ἀξίας σῴζεσθαι διʼ αὑτήν, ἐπίφθονος γὰρ ἡ χάρις καὶ ὠμὴ καὶ ἀχάριστος ἀληθῶς καὶ πρὸς οὐδετέρους ἔχουσα τὸ εὔγνωμον· ἀνεχώρησε γὰρ μήτε πεισθεὶς ὑπὸ τῶν πολεμουμένων μήτε πείσας τοὺς συμπολεμοῦντας. 
</p>
</div>
<div type="textpart" subtype="section" n="5">
<p>ὧν
αἴτιον ἁπάντων τὸ ἀνομίλητον τοῦ τρόπου καὶ λίαν ὑπερήφανον καὶ αὔθαδες, ὃ καθʼ αὑτὸ μὲν ἐπαχθές ἐστι τοῖς πολλοῖς, τῷ δὲ φιλοτίμῳ προσὸν γίνεται παντάπασιν ἄγριον καὶ ἀπαραίτητον. οὐ γὰρ θεραπεύουσι τοὺς πολλοὺς ὡς μὴ δεόμενοι τιμῆς, εἶτα χαλεπαίνουσι μὴ τυγχάνοντες. ἐπεὶ τό γε μὴ λιπαρῆ μηδὲ θεραπευτικὸν ὄχλων εἶναι καὶ Μέτελλος εἶχε καὶ Ἀριστείδης καὶ Ἐπαμεινώνδας·
</p>
</div>
<div type="textpart" subtype="section" n="6">
<p>
ἀλλὰ τῷ καταφρονεῖν ἀληθῶς ὧν δῆμός ἐστι καὶ δοῦναι καὶ ἀφελέσθαι κύριος, ἐξοστρακιζόμενοι καὶ ἀποχειροτονούμενοι καὶ καταδικαζόμενοι πολλάκις οὐκ ὠργίζοντο τοῖς πολίταις ἀγνωμονοῦσιν, ἀλλʼ ἠγάπων αὖθις μεταμελομένους καὶ διηλλάττοντο παρακαλούντων. τὸν γὰρ ἥκιστα θεραπευτικὸν ἥκιστα πρέπει τιμωρητικὸν εἶναι τῶν πολλῶν, ὡς τὸ χαλεπαίνειν μάλιστα μὴ
τυγχάνοντα τῆς τιμῆς ἐκ τοῦ σφόδρα γλίχεσθαι φυόμενον. </p>
</div>
</div>
<div type="textpart" subtype="chapter" n="5">
<div type="textpart" subtype="section" n="1">
<p>
Ἀλκιβιάδης μὲν οὖν οὐκ ἠρνεῖτο τιμώμενος χαίρειν καὶ δυσφορεῖν παρορώμενος, ὅθεν ἐπειρᾶτο 
<pb n="p.230"/>
προσφιλὴς εἶναι τοῖς παροῦσι καὶ κεχαρισμένος· Μάρκιον δὲ θεραπεύειν μὲν οὐκ εἴα τοὺς τιμᾶν δυναμένους καὶ αὔξειν τὸ ὑπερήφανον, ὀργὴν δὲ καὶ λύπην ἀμελουμένῳ τὸ φιλότιμον παρεῖχε.
</p>
</div>
<div type="textpart" subtype="section" n="2">
<p>
καὶ ταῦτʼ ἔστιν ἅ τις ἂν αἰτιάσαιτο τοῦ ἀνδρός· τὰ δʼ ἄλλα πάντα λαμπρά, σωφροσύνης δὲ καὶ χρημάτων ἐγκρατείας ἕνεκα τοῖς ἀρίστοις καὶ καθαρωτάτοις τῶν Ἑλλήνων ἄξιον αὐτὸν παραβάλλειν, οὐκ Ἀλκιβιάδῃ μὰ Δία τῷ θρασυτάτῳ περὶ ταῦτα καὶ ὀλιγωροτάτῳ τοῦ καλοῦ γενομένῳ. </p>
</div>
</div>
    </div>
</body>
</text>
</TEI> 
