<?xml version="1.0" encoding="UTF-8"?>
<?xml-model href="http://www.stoa.org/epidoc/schema/latest/tei-epidoc.rng" schematypens="http://relaxng.org/ns/structure/1.0"?>
<TEI xmlns="http://www.tei-c.org/ns/1.0">
	<teiHeader>
		<fileDesc>
			<titleStmt><title>De causis respirationis</title>
				<author>Galen</author>
				<editor>Karl Gottlob Kühn</editor>
				<funder>Andrew W. Mellon Foundation</funder>
				<respStmt>
          <resp>Published original versions of the electronic texts</resp>
          <orgName ref="http://www.graeco-arabic-studies.org/">A Digital Corpus for Graeco-Arabic Studies, funded by the Andrew W. Mellon Foundation</orgName>
          <persName>Mark Schiefsky, Harvard University</persName>
          <persName>Gregory R. Crane, Universität Leipzig</persName>
          <persName>Uwe Vagelpohl, University of Warwick</persName>
        </respStmt>
        <respStmt>
          <resp>Keyboarding</resp>
          <orgName xml:id="DDD">Digital Divide Data</orgName>
        </respStmt>
        <respStmt>
          <resp>Editor-in-Chief, Perseus Digital Library</resp>
          <persName>Gregory R. Crane</persName>
        </respStmt>
        <respStmt>
          <resp>Project Manager (University of Leipzig), 2016 - present</resp>
          <persName>Matt Munson</persName>
        </respStmt>
        <respStmt>
          <resp>Project Assistant (University of Leipzig), 2015 - present</resp>
          <persName>Annette Geßner</persName>
        </respStmt>
        <respStmt>
          <resp>Lead Developer (University of Leipzig)</resp>
          <persName>Thibault Clérice</persName>
        </respStmt>
        <respStmt>
          <resp>Technical Advisor</resp>
          <persName>Bruce Robertson</persName>
        </respStmt>
      </titleStmt>
      <publicationStmt>
				<authority>A Digital Corpus for Graeco-Arabic Studies, funded by the Andrew W. Mellon
					Foundation</authority>
				<publisher>University of Leipzig</publisher>
				<pubPlace>Germany</pubPlace>
				<idno type="filename">tlg0057.tlg114.1st1K-grc1.xml</idno>
				<availability>
					<licence target="https://creativecommons.org/licenses/by-sa/4.0/">Available under a
						Creative Commons Attribution-ShareAlike 4.0 International License</licence>
				</availability>
				<date>2016</date>
			</publicationStmt>
			<sourceDesc>
				<biblStruct>
					<monogr>
						<title>Claudii Galeni Opera Omnia</title>
						<author>Galen</author>
						<editor>Karl Gottlob Kühn</editor>
						<imprint>
							<publisher>Cnobloch</publisher>
							<pubPlace>Lipsiae</pubPlace>
							<biblScope unit="vol">4</biblScope>
							<biblScope unit="pp" from="465" to="469">465-469</biblScope>
							<date>1822</date>
						</imprint>
					</monogr>
					<ref target="https://catalog.hathitrust.org/Record/009723957">HathiTrust</ref>
				</biblStruct>
			</sourceDesc>
		</fileDesc>
		<encodingDesc>
			<p>The following text is encoded in accordance with EpiDoc standards and with the CTS/CITE
				Architecture.</p>
			<refsDecl n="CTS">
				<cRefPattern matchPattern="(.+)" n="work" replacementPattern="#xpath(/tei:TEI/tei:text/tei:body/tei:div/tei:div[@n='$1'])"/>
			</refsDecl>
		</encodingDesc>
		<profileDesc>
			<langUsage>
				<language ident="greek">Greek</language>
			</langUsage>
		</profileDesc>
	</teiHeader>
	<text>
		<body>

			<div type="edition" xml:lang="grc" n="urn:cts:greekLit:tlg0057.tlg114.1st1K-grc1">
				<pb n="465"/>
				<div type="textpart" subtype="work" n="1">
				<head>ΓΑΛΗΝΟΥ ΠΕΡΙ ΤΩΝ ΤΗΣ ΑΝΑΠΝΟΗΣ <lb/>ΑΙΤΙΩΝ.</head>
				<p>Τὰ τῆς ἀναπνοῆς αἴτια ὁ προκείμενος ἀποδεῖξαι <lb/>λόγος ἐπαγγέλλεται. οὔτε γὰρ
					βεβαιώσασθαι τὴν ὑπόθεσιν <lb/>τῆς ἀναπνοῆς, οὔτε παραποδιζομένην ἢ καὶ τέλεον
					<lb/>εἰργομένην ἐπανορθώσασθαι δυνατὸν τὰς αἰτίας <lb/>αὐτῆς ἀγνοοῦντα. ὁ γὰρ τὸ ποιοῦν
					φωράσας πρὸς ἀλήθειαν, <lb/>οὗτος εἰδήσει μόνος καὶ τῆς βλάβης τὴν διαφορὰν, <lb/>καὶ τῆς
					ἰάσεως τὸν τρόπον. ὄντων δὲ τριῶν κατὰ γένος, <lb/>ὡς τύπῳ φάναι, τῶν αἰτίων τῆς ἀναπνοῆς,
					δυνάμεως προαιρετικῆς, <lb/>ὀργάνων τῶν ὑπηρετουμένων τῇ προαιρέσει, κᾀπὶ <pb n="466"/>
					τούτοις τῆς χρείας, δι’ ἣν καὶ τῶν προκειμένων αἰτίων <lb/>δεόμεθα, ἡ μὲν χρεία τὸ
					κυριώτατόν ἐστι τῶν τῆς ἀναπνοῆς <lb/>αἰτίων, τηροῦσα μὲν τὴν συμμετρίαν τῆς ἐμφύτου
					<lb/>θερμασίας, τρέφουσα δὲ τὴν οὐσίαν τοῦ ψυχικοῦ πνεύματος· <lb/>ἡ προαίρεσις δὲ
					διατάττει καὶ οἷον ῥυθμίζει τὰς ἀναπνευστικὰς <lb/>ἐνεργείας· τό γε μὴν τῶν ὀργάνων εἶδος
					πολυσχιδὲς <lb/>καὶ πολύτροπόν τι καθέστηκε. τὰ μὲν γὰρ τῇ παρακομιδῇ <lb/>τοῦ πνεύματος
					ἀνάκειται· τὰ δ’ ὑποδέχεται τὸν ἀέρα· <lb/>τὰ δὲ τούτων ἐστὶ κινητικὰ τῶν κινούντων. ἀρχὴ
					μὲν οὖν <lb/>διὰ τοῦ στόματος καὶ τῶν ῥινῶν ἑλκόμενος ἀὴρ, ὕλη τυγχάνων <lb/>τῆς κατὰ τὴν
					ἀναπνοὴν χρείας, διχῇ μεριζόμενος, <lb/>θατέρῳ μὲν, τῷ μείονι, διὰ τῶν ῥινῶν εἰς τὸν
					ἐγκέφαλον <lb/>φερόμενος, θατέρῳ δὲ, τῷ πλείονι, διὰ τῆς τραχείας ἀρτηρίας <lb/>εἰς τὸν
					πνεύμονα κομιζόμενος. αὐτή γε μὴν ἡ ἀρτηρία, <lb/>ὄργανον οὖσα φωνῆς, ὁδός ἐστιν ἀναπνοῆς.
					ὁ δὲ πνεύμων <lb/>οἷα βαθὺς γαστὴρ ὑπόκειται τῷ πνεύματι. τούτου δὲ τὰς <lb/>διαστολάς τε
					καὶ συστολὰς ὁ θώραξ οἰακίζει, μυσὶ κινούμενος, <lb/>ὀστοῖς τε διαρθρούμενος. καὶ μὴν καὶ
					τὸ διάφραγμα· <pb n="467"/> καὶ γὰρ δὴ καὶ αὐτὸ τοῦτο ἦν ὄργανον ἀναπνοῆς· κυκλοτερὲς
					<lb/>δέ ἐστι, καὶ νευρῶδες μὲν περὶ τὸ κέντρον ἑαυτοῦ, σαρκῶδες <lb/>δὲ τὰ πέριξ. οὕτω δὲ
					καὶ οἱ κατὰ τὰς πλευρὰς μύες, <lb/>οἱ μὲν ἐν ταῖς μέσαις χώραις αὐτοῦ <milestone unit="ed2page" n="428"/>δύο καὶ εἴκοσιν <lb/>τυγχάνουσιν, καὶ δύο μὲν οἱ τῶν πρώτων
					πλευρῶν, ἰσάριθμοι <lb/>δὲ τούτων οἱ τῶν ἐσχάτων δύο· καὶ πρὸς τούτοις <lb/>οἱ καθήκοντες
					ἐκ τοῦ τραχήλου τρεῖς· εἶθ’ οἱ παρατεταμένοι <lb/>τοῖς ῥαχίταις ἑπτά· σὺν αὐτοῖς δὲ οἱ
					κατ’ ἐπιγάστριον <lb/>ὀκτώ. τοσοῦτοι μὲν οἱ ὑπηρετοῦντες μύες τῇ ἀναπνοῇ. ἐνέργειαι
					<lb/>δὲ καθ’ ἕκαστον τούτων, τῶν μὲν τῶν φρενῶν, ἀβίαστον <lb/>ἐργάζεσθαι τὴν ἀναπνοὴν,
					τῶν δὲ κατὰ τὰς πλευρὰς, διαστέλλειν <lb/>τε καὶ συστέλλειν ἀκριβῶς τὸν θώρακα. διπλῶν δὲ
					<lb/>ὄντων αὐτῶν, οἱ μὲν ἐκτὸς τὴν ἐκπνοὴν, οἱ δ’ ἐντὸς <lb/>τὴν εἰσπνοὴν ἀποτελοῦσιν. καὶ
					τῶν μὲν πρώ<milestone unit="ed1page" n="166"/>των δυοῖν <lb/>ἐνέργεια μέν ἐστι διαστέλλειν
					μόνον τὸ ἄνω τοῦ θώρακος <lb/>μέρος, τῶν δ’ ἐσχάτων συστέλλειν μόνον τὸ κάτω μέρος.
					<lb/>οἱ δ’ ἐκ τῶν τραχήλων καθήκοντες ἀνασπῶσί τε ἅμα καὶ <lb/>διαστέλλουσι τὰ τοῦ θώρακος
					ὑψηλὰ μόρια. τῶν δὲ ὀρθίων <pb n="468"/> τῶν κατὰ τὸν τράχηλον οἱ μὲν πρὸς τὰς κλεῖς
					ἀνατεινόμενοι <lb/>προστέλλουσι τὰ ταύτῃ πέρατα τῶν χόνδρων, ὥσπερ <lb/>καὶ οἱ
					παρατεταμένοι ταῖς ῥαχίτισι ῥίζαις τῶν πλευρῶν. οἱ <lb/>δὲ κατ’ ἐπιγάστριον, ἕδρα τῶν
					φρενῶν ὄντες, τῇ τοῦ θώρακος <lb/>βοηθοῦσι συστολῇ. διττῶν τοίνυν οὐσῶν κατὰ γένος τῶν
					<lb/>ἀναπνοῶν, ἀβιάστου τε καὶ βιαίας, εἶθ’ ἑκατέρας αὐτῶν ἐχούσης <lb/>οἰκεῖα μόρια β΄,
					τήν τε εἰσπνοὴν καὶ τὴν ἐκπνοὴν, τέτταρα <lb/>τὰ σύμπαντα μόρια γίγνεται τῆς ἀναπνοῆς.
					καθ’ ἕκαστον δὲ <lb/>τῶν τεττάρων ἰδία τις φύσις ὀργάνων ἐστὶ, ἀβιάστου μὲν <lb/>εἰσπνοῆς
					τὸ διάφραγμα, βιαίας δὲ ἥ τε κατὰ τὰ σιμὰ τῶν <lb/>ὠμοπλατῶν, ἥ τ’ ἐντὸς τῶν μεσοπλευρίων
					μοῖρα· ὡσαύτως <lb/>δὲ καὶ τῆς ἐκπνοῆς, ἀβιάστου μὲν οἱ κατ’ ἐπιγάστριον <lb/>μύες, βιαίας
					δὲ τῶν μεσοπλευρίων ἡ ἐκτὸς μοῖρα. τὰ μὲν <lb/>δὴ κατὰ τοὺς μῦς ᾧδ’ ἔχει. τῶν δὲ νεύρων τὰ
					μὲν εἰς τὸ <lb/>διάφραγμα καθήκοντα, ἐκ τῆς μεταξὺ τετάρτου τε καὶ πέμπτου <lb/>τῶν ἐν τῷ
					τραχήλῳ σπονδύλων διαρθρώσεως ὁρμηθέντα, <lb/>δύο ὄντα, εἰς αὐτὸ τὸ νευρῶδες αὐτοῦ μέρος
					καταφύεται· <pb n="469"/> τὰ δ’ εἰς τοὺς μεσοπλευρίους μῦς ἐκ τῆς ῥάχεως
					<lb/>διασπειρόμενα εἰς τὸ στέρνον φέρονται, οὔτ’ οὖν ὀρθὰ κατὰ <lb/>τοῦ ζώου μῆκος
					ἐκτεινόμενα, οὔτ’ ἐγκάρσια ὁμοίως τοῖς <lb/>μυσὶν, ἀλλὰ λοξὰ φερόμενα, κεφαλὴν μὲν ἔχοντα
					τὸν ταύτῃ <lb/>σπόνδυλον, τελευτὴν δὲ τὸ στέρνον. καὶ μὴν καὶ τὰ εἰς <lb/>τοὺς ἄλλους μῦς
					τοὺς τῆς ἀναπνοῆς δημιουργοὺς φερόμενα <lb/>σχεδὸν ἅπαντα ἐκ τοῦ ῥαχίτου μυελοῦ
					βεβλάστηκε. τοιούτων <lb/>οὖν καὶ τοσούτων ὑπαρχόντων τῶν τῆς ἀναπνοῆς αἰτίων,
					<lb/>εὔδηλον τῷ γε μὴ παντάπασιν ἀνοήτῳ, τίνι διενήνοχεν <lb/>ἕκαστον αὐτῶν. ἡ μὲν γὰρ
					προαίρεσις ἔοικε τῷ κινοῦντι <lb/>τὰς ἡνίας καὶ τοὺς ἵππους ἀναβάτῃ· ταῖς δ’ ἡνίαις τὰ
					<lb/>νεῦρα ἐοίκασι, καθάπερ καὶ ἵπποις οἱ μύες· οὕτω δὲ καὶ <lb/>ἡ χρεία τὸ ἔσχατον
					ὀρεκτὸν καθέστηκε τῆς ἀναπνοῆς, ὥσπερ <lb/>ἡ νίκη τῆς ἡνιοχικῆς. </p>
				</div>
			</div>
		</body>
	</text>
</TEI>
