<ti:work xmlns:ti="http://chs.harvard.edu/xmlns/cts" groupUrn="urn:cts:greekLit:tlg0565" xml:lang="grc" urn="urn:cts:greekLit:tlg0565.tlg004">
  <ti:title xml:lang="lat">Vita Hippocratis</ti:title>
  <ti:edition urn="urn:cts:greekLit:tlg0565.tlg004.1st1K-grc1" workUrn="urn:cts:greekLit:tlg0565.tlg004">
    <ti:label xml:lang="lat">Vita Hippocratis Secundum Soranum</ti:label>
    <ti:description xml:lang="lat">Soranus, Vita Hippocratis, Ilberg, Teubner, 1927</ti:description>
  </ti:edition>
</ti:work>
