<?xml version="1.0" encoding="UTF-8"?>
<?xml-model href="http://www.stoa.org/epidoc/schema/latest/tei-epidoc.rng" schematypens="http://relaxng.org/ns/structure/1.0"?>
<TEI xmlns="http://www.tei-c.org/ns/1.0">
   <teiHeader type="text">
      <fileDesc>
         <titleStmt>
           
            <title n="Comp.Sol.Publ." type="work">Comparison of Solon and Publicola</title>
            <author n="Plut.">Plutarch</author>
            <editor n="Perrin" role="editor">Bernadotte Perrin</editor>
            <sponsor>Perseus Project, Tufts University</sponsor>
		<principal>Gregory Crane</principal>
		<respStmt>
		<resp>Prepared under the supervision of</resp>
		<name>Lisa Cerrato</name>
		<name>William Merrill</name>
		<name>Elli Mylonas</name>
		<name>David Smith</name>
		</respStmt></titleStmt>
         <extent>about 11 Kb</extent><publicationStmt>
		<publisher>Trustees of Tufts University</publisher>
		<pubPlace>Medford, MA</pubPlace>
		<authority>Perseus Project</authority>
		</publicationStmt><sourceDesc>
            <biblStruct>
               <analytic n="Comp.Sol.Publ."/>
               <monogr>
                  <author>Plutarch</author>
                  <title>Plutarch's Lives</title>
                  <respStmt>
                     <resp>with an English Translation by</resp>
                     <name>Bernadotte Perrin</name>
                  </respStmt>
                  <imprint>
                     <pubPlace>Cambridge, MA</pubPlace>
                     <publisher>Harvard University Press</publisher>
                     <pubPlace>London</pubPlace>
                     <publisher>William Heinemann Ltd.</publisher>
                     <date>1914</date>
                  </imprint>
                  <biblScope unit="volume">1</biblScope>
               </monogr>
               <idno type="ISBN">0674990528</idno>
            </biblStruct>
         </sourceDesc>
      </fileDesc>
      <encodingDesc>
         <editorialDecl>
            <quotation marks="none"/>
            <correction method="silent">
               <p>optical character recognition</p>
            </correction>
         </editorialDecl>
         <refsDecl n="CTS">
            <cRefPattern n="section"
               matchPattern="(\w+).(\w+)"
               replacementPattern="#xpath(/tei:TEI/tei:text/tei:body/tei:div/tei:div[@n='$1']/tei:div[@n='$2'])">
               <p>This pointer pattern extracts chapter and section</p>
            </cRefPattern>
            <cRefPattern n="chapter"
               matchPattern="(\w+)"
               replacementPattern="#xpath(/tei:TEI/tei:text/tei:body/tei:div/tei:div[@n='$1'])">
               <p>This pointer pattern extracts chapter</p>
            </cRefPattern>
         </refsDecl>
         
         <!--<refsDecl doctype="tei.2">
            <state unit="chapter" delim="."/>
            <state unit="section"/>
         </refsDecl>-->
      </encodingDesc>
      <profileDesc>
         <langUsage>
            <language ident="eng">English</language>
            <language ident="lat">Latin</language>
            <language ident="grc">Greek</language>
         </langUsage>
      </profileDesc>
      <revisionDesc>
         <change who="Lisa Cerrato" when="2016-12-14">review of EpiDoc and CTS compliance; minor cleanup; bumped URN</change>
         <change who="LMC" when="1998-10-01">tagged and parsed</change>
      </revisionDesc>
   </teiHeader>
   
   <text xml:lang="eng">
      <body>
      <div type="translation" n="urn:cts:greekLit:tlg0007.tlg009.perseus-eng2" xml:lang="eng">
     
         <head>COMPARSION OF SOLON AND PUBLICOLA</head>
         <div type="textpart" subtype="chapter" n="1">

<div type="textpart" subtype="section" n="1"><p>There is, then, something peculiar in this comparison, and something that has not been true of any other thus far, namely, that the second imitated the first, and the first bore witness for the second. For it must be plain that the verdict concerning happiness which Solon pronounced to Croesus, is more applicable to Publicola than to Tellus. 
				</p></div>

<div type="textpart" subtype="section" n="2"><p>Tellus, whom Solon pronounced the most blessed man he knew, because of his fortunate lot, his virtue, and his goodly offspring, was not celebrated in Solon’s poems as a good man, nor did his children or any magistracy of his achieve a reputation; whereas Publicola, while he lived, was foremost among the Romans influence and repute for virtue, and since his death the most illustrious family lines of our own day, like the Publicolae, the Messalae, and the Valerii, have for six hundred years ascribed the glory of their noble birth to him. 
				</p></div>

<div type="textpart" subtype="section" n="3"><p>Tellus, moreover, though he kept his post and fought like a brave man, died at the hands of his enemies; whereas Publicola slew his enemies, which is a better fortune than to be slain by them, saw his country victorious through his efforts as consul and general, and enjoyed honours and triumphs before he came to the end which Solon pronounced so enviable and blest. 
				</p></div>

<div type="textpart" subtype="section" n="4"><p>Still further, what Solon says to Mimnermus,<note resp="ed" place="unspecified" anchored="true">Fragment 21 (Bergk).</note> in arguing with him on the proper duration of human life,
				<quote rend="blockquote">
					          <l>May not an unlamented death be mine, but unto friends</l>
					          <l>Let me be cause, when dead, for sorrow and for sighing,</l>
				        </quote>argues Publicola a happy man. For when he died, his loss filled not only friends and kindred, but the entire city, numbering many tens of thousands, with weeping and yearning and sorrow. For the women of Rome mourned for him as though they had lost a son, or a brother, or a common father. 
				</p></div>

<div type="textpart" subtype="section" n="5"><p>
            <q type="spoken">Wealth I desire to have,</q> says Solon, 
   <q type="spoken">but wrongfully to get it, I do not wish,</q>
            <note resp="ed" place="unspecified" anchored="true">See <bibl n="Plut. Sol. 2.3">Solon, ii. 3</bibl>.</note> believing that punishment would follow. And Publicola’s wealth was not only not ill got, but also nobly spent in benefactions to the needy. So that if Solon was the wisest, Publicola was the most happy of men, since what Solon prayed for as the greatest and fairest of blessings, these Publicola was privileged to win and continue to enjoy until the end.
			</p>

</div></div>

<div type="textpart" subtype="chapter" n="2">

<div type="textpart" subtype="section" n="1"><p>Thus did Solon enhance the fame of Publicola. And Publicola, too, in his political activities, enhanced the fame of Solon, by making him the fairest of examples for one who was arranging a democracy. For he took away the arrogant powers of the consulship and made it gracious and acceptable to all, and he adopted many of Solon’s laws. For instance, he put the appointment of their rulers in the power of the people, and gave defendants the right of appealing to the people, as Solon to the jurors. He did not, indeed, create a new senate, as Solon did, but he increased the one already existing to almost double its numbers. 
				</p></div>

<div type="textpart" subtype="section" n="2"><p>And his appointment of quaestors over the public moneys mad a like origin. Its purpose was that the consul, if a worthy officer, might not be without leisure for his more important duties, and, if unworthy, might not have greater opportunities for injustice by having both the administration and the treasury in his hands. Hatred of tyranny was more intense in Publicola than in Solon. For in case any one attempted to usurp the power, by Solon’s law he could be punished only after conviction, whereas Publicola made it lawful to kill him before any trial. 
				</p></div>

<div type="textpart" subtype="section" n="3"><p>Moreover, though Solon rightly and justly plumes himself on rejecting absolute power even when circumstances offered it to him and his fellow-citizens were willing that he should take it, it redounds no less to the honour of Publicola that, when he had received a tyrannical power, he made it more democratic, and did not use even the prerogatives which were his by right of possession. And of the wisdom of such a course Solon seems to have been conscious even before Publicola, when he says<note resp="ed" place="unspecified" anchored="true">Fragment 6 (Bergk); cf. <bibl n="Aristot. Ath. Pol. 12.2">Aristotle, Const. of Athens, xii. 2.</bibl>
            </note> that a people
				<quote rend="blockquote">
					          <l>then will yield the best obedience to its guides</l>
					          <l>When it is neither humoured nor oppressed too much.</l>
				        </quote>
				        </p>

</div></div>

<div type="textpart" subtype="chapter" n="3">

<div type="textpart" subtype="section" n="1"><p>Peculiar to Solon was his remission of debts, and by this means especially he confirmed the liberties of the citizens. For equality under the laws is of no avail if the poor are robbed of it by their debts. Nay, in the very places where they are supposed to exercise their liberties most, there they are most in subjection to the rich, since in the courts of justice, the offices of state, and in public debates, they are under their orders and do them service. 
				</p></div>

<div type="textpart" subtype="section" n="2"><p>And what is of greater moment here, though sedition always follows an abolition of debts, in this case alone, by employing opportunity, as it were, a dangerous but powerful medicine, Solon actually put an end to the sedition that was already rife, for his own virtue and high repute prevailed over the ill-repute and odium of the measure.
			</p>
         <p>As regards their political careers in general, Solon’s was more brilliant in the beginning. For he led the way and followed no man, and it was alone and without colleagues that he effected the most and greatest of his public measures. But in the ending, the other was more fortunate and enviable. 
				</p></div>

<div type="textpart" subtype="section" n="3"><p>For Solon lived to see with his own eyes the dissolution of his polity, while that of Publicola preserved order in the city down to the civil wars. Solon, as soon as he had made his laws, left them inscribed on wooden tables and destitute of a defender, and departed from Athens; whereas Publicola, by remaining in the city, serving as consul, and busying himself with public affairs, firmly and safely established his form of government. 
				</p></div>

<div type="textpart" subtype="section" n="4"><p>And further, though Solon knew beforehand of the designs of Peisistratus, he was not able to hinder them, but yielded to his tyranny in its incipiency; whereas Publicola subverted and drove out a kingly power which was strong with the might which many ages bring. Thus, while exhibiting virtues equal to Solon’s, and a purpose identical with his, he enjoyed a good fortune and an efficacious power which supplemented his virtues.
			
				        </p>

</div></div>

<div type="textpart" subtype="chapter" n="4">

<div type="textpart" subtype="section" n="1"><p>When we consider their military careers, moreover, Daïmacinus of Plataea does not allow Solon even the conduct of the war against the Megarians, as we have described it<note resp="ed" place="unspecified" anchored="true">
               <bibl n="Plut. Sol. 8">Solon, viii.</bibl>; cf. <bibl n="Aristot. Ath. Pol. 14.1">Aristotle, Const. of Athens, xiv. 1</bibl>.</note> but Publicola, fighting and commanding in person, brought the greatest struggles to a successful issue. And still further, comparing their political activities, Solon, in play, so to speak, and counterfeiting madness, went forth to plead for the recovery of Salamis; 
				</p></div>

<div type="textpart" subtype="section" n="2"><p>but Publicola, without any subterfuges, ran the greatest risks, set himself in opposition to the party of the Tarquins, and detected their treachery. Then, after being mainly instrumental in the capture and punishment of the traitors, he not only drove the tyrants themselves from the city, but extirpated their very hopes of return. And if he thus sturdily and resolutely confronted situations which called for active and spirited opposition, still better did he deal with those which required peaceable intercourse and gentle persuasion, as when he tactfully won over Porsena, an invincible and formidable foe, and made him a friend of Rome.
			</p>
         <p>
				        </p></div>

<div type="textpart" subtype="section" n="3"><p>But here, perhaps, some one will say that Solon won back Salamis for the Athenians when they had given it Publicola relinquished territory which the Romans had acquired. But we must, view men’s actions in the light of the times which call them forth. The subtle statesman will handle each issue that arises in the most feasible manner, and often saves the whole by relinquishing a part, and by yielding small advantages secures greater ones. 
				</p></div>

<div type="textpart" subtype="section" n="4"><p>And so Publicola, in that instance, by yielding the territory which belonged to others, saved all that was assuredly his own, and procured besides, for those who were hard put to it to save their city, the camp of their besiegers with all its stores. He made his adversary judge in the controversy, won his case, and received besides what his people would gladly have given for the victory. For Porsena put a stop to the war, and left the Romans all his provisions for carrying it on, owing to the confidence in their virtue and nobility with which their consul had inspired him.
			</p>
      

</div>
      </div>
      </div>
</body>
   </text>
</TEI>