<?xml version="1.0" encoding="UTF-8"?>
<?xml-model href="http://www.stoa.org/epidoc/schema/latest/tei-epidoc.rng" schematypens="http://relaxng.org/ns/structure/1.0"?>
<TEI xmlns="http://www.tei-c.org/ns/1.0">
   <teiHeader type="text">
      <fileDesc>
         <titleStmt>
            
            <title n="Comp.Thes.Rom." type="work">Comparison of Theseus and Romulus</title>
            <author n="Plut.">Plutarch</author>
            <editor n="Perrin" role="editor">Bernadotte Perrin</editor><sponsor>Perseus Project, Tufts University</sponsor>
		<principal>Gregory Crane</principal>
		<respStmt>
		<resp>Prepared under the supervision of</resp>
		<name>Lisa Cerrato</name>
		<name>William Merrill</name>
		<name>Elli Mylonas</name>
		<name>David Smith</name>
		</respStmt></titleStmt>
         <extent>about 13 Kb</extent><publicationStmt>
		<publisher>Trustees of Tufts University</publisher>
		<pubPlace>Medford, MA</pubPlace>
		<authority>Perseus Project</authority>
		</publicationStmt><sourceDesc>
            <biblStruct>
               <analytic n="Comp.Thes.Rom."/>
               <monogr>
                  <author>Plutarch</author>
                  <title>Plutarch's Lives</title>
                  <respStmt>
                     <resp>with an English Translation by</resp>
                     <name>Bernadotte Perrin</name>
                  </respStmt>
                  <imprint>
                     <pubPlace>Cambridge, MA</pubPlace>
                     <publisher>Harvard University Press</publisher>
                     <pubPlace>London</pubPlace>
                     <publisher>William Heinemann Ltd.</publisher>
                     <date>1914</date>
                  </imprint>
                  <biblScope unit="volume">1</biblScope>
               </monogr>
               <idno type="ISBN">0674990528</idno>
            </biblStruct>
         </sourceDesc>
      </fileDesc>
      <encodingDesc>
         <editorialDecl>
            <quotation marks="none"/>
            <correction method="silent">
               <p>optical character recognition</p>
            </correction>
         </editorialDecl>
         <refsDecl n="CTS">
            <cRefPattern n="section" matchPattern="(\w+).(\w+)"
               replacementPattern="#xpath(/tei:TEI/tei:text/tei:body/tei:div/tei:div[@n='$1']/tei:div[@n='$2'])">
               <p>This pointer pattern extracts chapter and section</p>
            </cRefPattern>
            <cRefPattern n="chapter" matchPattern="(\w+)"
               replacementPattern="#xpath(/tei:TEI/tei:text/tei:body/tei:div/tei:div[@n='$1'])">
               <p>This pointer pattern extracts chapter</p>
            </cRefPattern>
         </refsDecl>
         <!--<refsDecl doctype="tei.2">
            <state unit="chapter" delim="."/>
            <state unit="section"/>
         </refsDecl>-->
      </encodingDesc>
      <profileDesc>
         <langUsage>
            <language ident="eng">English</language>
            <language ident="lat">Latin</language>
            <language ident="grc">Greek</language>
         </langUsage>
      </profileDesc>
      <revisionDesc>
         <change when="2016-12-12" who="Lisa Cerrato">EpiDoc and CTS conversion</change>
         <change when="1998-10-01" who="Lisa Cerrato">tagged and parsed</change>
      </revisionDesc>
   </teiHeader>
   <text xml:lang="eng">
      <body>
         <div type="translation" n="urn:cts:greekLit:tlg0007.tlg003.perseus-eng2" xml:lang="eng">
         <head>COMPARISON OF THESEUS AND ROMULUS</head>
         <div type="textpart" subtype="chapter" n="1">
				        <div type="textpart" subtype="section" n="1"><p>Such, then, are the memorable things about Romulus and Theseus which I have been able to learn. And it appears, first of all, that Theseus, of his own choice, when no one compelled him, but when it was possible for him to reign without fear at Troezen as heir to no inglorious realm, of his own accord reached out after great achievements; whereas Romulus, to escape present servitude and impending punishment, became simply <q type="written">courageous out of fear,</q> as Plato phrases it,<note resp="ed" place="unspecified" anchored="true">
               <bibl n="Plat. Phaedo 68d">Phaedo, p. 68 d.</bibl>
            </note> and through the dread of extreme penalties proceeded to perform great exploits under compulsion.</p></div>
				<div type="textpart" subtype="section" n="2"><p>In the second place, the chief deed of Romulus was the slaying of a single tyrant of Alba; whereas for mere by-adventures and preliminary struggles Theseus had Sciron, Sinis, Procrustes, and Corynetes, by slaying and chastising whom he freed Greece from dreadful tyrants before those who were saved by him knew who he was. Theseus might have travelled to Athens by sea without any trouble, and suffering no outrage at the hands of those robbers; whereas Romulus could not be without trouble while Amulius lived.</p></div>
				<div type="textpart" subtype="section" n="3"><p>And there is strong proof of this; for Theseus, although he had suffered no wrong at their hands himself, sallied out in behalf of others against those miscreants; while Romulus and Remus, as long as they themselves were not harmed by the tyrant, suffered him to wrong everybody else. And surely, if it was a great thing for Romulus to be wounded in a battle with the Sabines, and to slay Acron, and to conquer many enemies in battle, with these exploits we may compare, on the part of Theseus, his battle with the Centaurs and his campaign against the Amazons; </p></div>
				<div type="textpart" subtype="section" n="4"><p>but as for the daring which he showed about the Cretan tribute, whether that was food for some monster, or a sacrifice on the tomb of Androgeos, or whether—and this is the mildest form of the story— he offered himself for inglorious and dishonourable servitude among insolent and cruel men when he volunteered to sail away with maidens and young boys, words cannot depict such courage, magnanimity, righteous zeal for the common good, or yearning for glory and virtue.</p></div>
				<div type="textpart" subtype="section" n="5"><p>It is therefore my opinion that the philosopers<note resp="ed" place="unspecified" anchored="true">Polemon, as cited in <bibl n="Plut. Mor. 780d">Morals, p. 780 d.</bibl>
            </note> give an excellent definition of love when they call it <q type="written">a ministration of the gods for the care and preservation of the young.</q> For Ariadne's love seems to have been, more than anything else, a god's work, and a device whereby Theseus should be saved. And we should not blame her for loving him, but rather wonder that all men and women were not thus affected towards him; and if she alone felt this passion, I should say, for my part, that she was properly worthy of a god's love, since she was fond of virtue, fond of goodness, and a lover of the highest qualities in man.</p></div>

</div>

<div type="textpart" subtype="chapter" n="2">
				        <div type="textpart" subtype="section" n="1"><p>Although Theseus and Romulus were both statesmen by nature, neither maintained to the end the true character of a king, but both deviated from it and underwent a change, the former in the direction of democracy, the latter in the direction of tyranny, making thus the same mistake through opposite affections. For the ruler must preserve first of all the realm itself, and this is preserved no less by refraining from what is unbecoming than by cleaving to what is becoming.</p></div>
				<div type="textpart" subtype="section" n="2"><p>But he who remits or extends his authority is no longer a king or a ruler; he becomes either a demagogue or a despot, and implants hatred or contempt in the hearts of his subjects. However, the first error seems to arise from kindliness and humanity; the second from selfishness and severity.</p></div>
		

</div>

<div type="textpart" subtype="chapter" n="3">
				        <div type="textpart" subtype="section" n="1"> <p>III. Again, if the misfortunes of men are not to be attributed altogether to fortune, but to the different habits and passions which will be found underlying them, then no one shall acquit Romulus of unreasoning anger or hasty and senseless wrath in dealing with his brother, nor Theseus in dealing with his son, although the cause which stirred his anger leads us to be more lenient towards the one who was overthrown by a stronger provocation, as by a heavier blow. </p></div>
				<div type="textpart" subtype="section" n="2"><p>For since the difference between Romulus and his brother arose from a deliberate investigation of the common welfare, there could have been no good reason for his flying into such a passion; while Theseus was impelled to wrong his son by love, jealousy, and a woman's slanders, the overmastering power of which very few men have escaped. And what is of greater weight, the anger of Romulus vented itself in action and a deed of most unfortunate issue; whereas the wrath of Theseus got no farther than words of abuse and an old man's curse, and the rest of the youth's calamities seem to have been due to fortune. On these counts, therefore, one would give his vote of preference to Theseus.</p></div> 
			

</div>

<div type="textpart" subtype="chapter" n="4">
				        <div type="textpart" subtype="section" n="1"><p>But Romulus has, in the first place, this great superiority, that he rose to eminence from the smallest beginnings. For he and his brother were reputed to be slaves and sons of swineherds, and yet they not only made themselves free, but freed first almost all the Latins, enjoying at one and the same time such most honourable titles as slayers of their foes, saviours of their kindred and friends, kings of races and peoples, founders of cities; not transplanters, as Theseus was, who put together and consolidated one dwelling-place out of many, but demolished many cities bearing the names of ancient kings and heroes.</p></div> 
				<div type="textpart" subtype="section" n="2"><p>Romulus, it is true, did this later, compelling his enemies to tear down and obliterate their dwellings and enrol themselves among their conquerors; but at first, not by removing or enlarging a city which already existed, but by creating one from nothing, and by acquiring for himself at once territory, country, kingdom, clans, marriages and relationships, he ruined no one and killed no one, but was a benefactor of men without homes and hearths, who wished instead to be a people and citizens of a common city. Robbers and miscreants, it is true, he did not slay, but he subdued nations in war, laid cities low, and triumphed over kings and commanders.</p></div>
			
</div>

<div type="textpart" subtype="chapter" n="5">
				        <div type="textpart" subtype="section" n="1"><p>Besides, there is dispute as to who actually slew Remus, and most of the blame for the deed is put upon others than Romulus; but Romulus did unquestionably save his mother from destruction, and he set his grandfather, who was living in inglorious and dishonourable subjection upon the throne of Aeneas. Moreover, he did him many favours of his own accord, and did him no harm not even inadvertently.</p></div> 
   <div type="textpart" subtype="section" n="2"><p>Theseus, on the contrary, for his forgetfulness and neglect of the command about the sail, can hardly, I think, escape the charge of parricide, be the plea of his advocate ever so long and his judges ever so lenient. Indeed, a certain Attic writer, conscious that would-be defenders of Theseus have a difficult task, feigns that Aegeus, on the approach of the ship, ran up to the acropolis in his eagerness to catch sight of her, and stumbled and fell down the cliff; as though he were without a retinue, or was hurrying down to the sea without any servants.</p></div>
		

</div>

<div type="textpart" subtype="chapter" n="6">
				        <div type="textpart" subtype="section" n="1"><p>Furthermore, the transgressions of Theseus in his rapes of women admit of no plausible excuse. This is true, first, because there were so many; for he carried off Ariadne, Antiope, Anaxo of Troezen, and at last Helen, when he was past his prime and she had not reached her prime, but was an unripe child, while he was already of an age too great for even lawful wedlock. It is true, secondly, because of the reason for them; for the daughters of Troezenians and Laconians and Amazons were not betrothed to him, and were no worthier, surely, to be the mothers of his children than the daughters of Erechtheus and Cecrops at Athens.</p></div>
				<div type="textpart" subtype="section" n="2"><p>But one may suspect that these deeds of his were done in lustful wantonness. Romulus, on the other hand, in the first place, although he carried off nearly eight hundred women, took them not all to wife, but only one, as they say, Hersilia, and distributed the rest among the best of the citizens. And in the second place, by the subsequent honour, love, and righteous treatment given to these women, he made it clear that his deed of violence and injustice was a most honourable achievement, and one most adapted to promote political partnership. </p></div>
				<div type="textpart" subtype="section" n="3"><p>In this way he intermixed and blended the two peoples with one another, and supplied his state with a flowing fountain of strength and good will for the time to come. And to the modesty, tenderness, and stability which he imparted to the marriage relation, time is witness. For in two hundred and thirty years no man ventured to leave his wife, nor any woman her husband; but, just as the very curious among the Greeks can name the first parricide or matricide, so the Romans all know that Spurius Carvilius was the first to put away his wife, accusing her of barrenness.</p></div> 
				<div type="textpart" subtype="section" n="4"><p>And the immediate results of his act, as well as the long lapse of time, witness in favour of Romulus. For the two kings shared the government in common, and the two peoples the rights and duties of citizenship, because of that intermarriage; whereas from the marriages of Theseus the Athenians got no new friends at all, nor even any community of enterprise whatsoever, but enmities, wars, slaughters of citizens, and at last the loss of Aphidnae, and an escape from the fate which Troy suffered by reason of Alexander, only because their enemies took compassion on them when they called upon them worshipfully as gods.</p></div> 
				<div type="textpart" subtype="section" n="5"><p>However, the mother of Theseus as not only in danger, but actually suffered the fate of Hecuba when she was deserted and abandoned by her son, unless, indeed, the tale of her captivity is fictitious, and it may well be false, as well as most of the other stories. For example, the tales told of divine intervention in their lives are in great contrast; for Romulus was preserved by the signal favour of the gods, while the oracle given to Aegeus, forbidding him to approach a woman while in a foreign land, seems to indicate that the birth of Theseus was not agreeable to the will of the gods.</p></div>
		
      

</div>
         </div>
</body>
   </text>
</TEI>