<?xml version="1.0" encoding="UTF-8"?>
<?xml-model href="http://www.stoa.org/epidoc/schema/latest/tei-epidoc.rng" schematypens="http://relaxng.org/ns/structure/1.0"?>
<TEI xmlns="http://www.tei-c.org/ns/1.0">
    <teiHeader type="text">
        <fileDesc>
            <titleStmt>
                <title n="Comp.Thes.Rom." type="work">Comparison of Theseus and Romulus</title>
                <author n="Plut.">Plutarch</author>
                <editor n="Perrin" role="editor">Bernadotte Perrin</editor>
                <sponsor>Perseus Project, Tufts University</sponsor>
                <principal>Gregory Crane</principal>
                <respStmt>
                    <resp>Prepared under the supervision of</resp>
                    <name>Lisa Cerrato</name>
                    <name>William Merrill</name>
                    <name>Elli Mylonas</name>
                    <name>David Smith</name>
                </respStmt>
                <funder n="org:NEH">The National Endowment for the Humanities</funder>
            </titleStmt>
            <extent/>
            <publicationStmt>
                <publisher>Trustees of Tufts University</publisher>
                <pubPlace>Medford, MA</pubPlace>
                <authority>Perseus Project</authority>
            </publicationStmt>
            <sourceDesc>
                <biblStruct>
                    <analytic n="Comp.Thes.Rom."/>
                    <monogr>
                        <author>Plutarch</author>
                        <title>Plutarch's Lives</title>
                        <respStmt>
                            <resp>with an English Translation by</resp>
                            <name>Bernadotte Perrin</name>
                        </respStmt>
                        <imprint>
                            <pubPlace>Cambridge, MA</pubPlace>
                            <publisher>Harvard University Press</publisher>
                            <pubPlace>London</pubPlace>
                            <publisher>William Heinemann Ltd.</publisher>
                            <date>1914</date>
                        </imprint>
                        <biblScope unit="volume">1</biblScope>
                    </monogr>
                    <idno type="ISBN">0674990528</idno>
                </biblStruct>
            </sourceDesc>
        </fileDesc>
        <encodingDesc>
            <editorialDecl>
                <quotation marks="none"/>
                <correction method="silent">
                    <p>optical character recognition</p>
                </correction>
            </editorialDecl>
            <refsDecl n="CTS">
                <cRefPattern n="section" matchPattern="(\w+).(\w+)"
                    replacementPattern="#xpath(/tei:TEI/tei:text/tei:body/tei:div/tei:div[@n='$1']/tei:div[@n='$2'])">
                    <p>This pointer pattern extracts chapter and section</p>
                </cRefPattern>
                <cRefPattern n="chapter" matchPattern="(\w+)"
                    replacementPattern="#xpath(/tei:TEI/tei:text/tei:body/tei:div/tei:div[@n='$1'])">
                    <p>This pointer pattern extracts chapter</p>
                </cRefPattern>
            </refsDecl>
            <!--<refsDecl doctype="TEI.2">
<state unit="chapter" delim="."/>
<state unit="section"/>
</refsDecl>-->
        </encodingDesc>
        <profileDesc>
            <langUsage>
                <language ident="grc">Greek</language>
            </langUsage>
        </profileDesc>
        <revisionDesc>
            <change when="2016-12-12" who="Lisa Cerrato">EpiDoc and CTS conversion</change>
            <change when="2010-03-01" who="RS">tagged and parsed</change>
        </revisionDesc>
    </teiHeader>

    <text xml:lang="grc">
        <body>
            <div type="edition" n="urn:cts:greekLit:tlg0007.tlg003.perseus-grc2" xml:lang="grc">
                <pb n="p.188"/>
                <div type="textpart" subtype="chapter" n="1">
                    <div type="textpart" subtype="section" n="1">
                        <p> ἃ μὲν οὖν ἄξια μνήμης πυθέσθαι περὶ Ῥωμύλου καὶ Θησέως συμβέβηκεν ἡμῖν,
                            ταῦτʼ ἐστί. φαίνεται δὲ πρῶτον ὁ μὲν ἐκ προαιρέσεως, οὐδενὸς
                            ἀναγκάζοντος, ἀλλʼ ἐξὸν ἀδεῶς ἐν Τροιζῆνι βασιλεύειν διαδεξάμενον ἀρχὴν
                            οὐκ ἄδοξον, αὐτὸς ἀφʼ ἑαυτοῦ μεγάλων ὀρεχθείς· ὁ δὲ δουλείας φυγῇ
                            παρούσης καὶ τιμωρίας ἐπιφερομένης, ἐκεῖνο τὸ τοῦ Πλάτωνος, ἀτεχνῶς ὑπὸ
                            δέους ἀνδρεῖος γενόμενος, καὶ φόβῳ τοῦ τὰ ἔσχατα παθεῖν ἐπὶ τὸ δρᾶν
                            μεγάλα διʼ ἀνάγκην παραγενόμενος, </p>
                    </div>
                    <div type="textpart" subtype="section" n="2">
                        <p> ἔπειτα τούτου μὲν ἔργον ἐστὶ τὸ μέγιστον ἀνελεῖν ἕνα τὸν Ἄλβης τύραννον,
                            ἐκείνου δὲ πάρεργα καὶ προάγωνες ἦσαν ὁ Σκείρων, ὁ Σίνις, ὁ Προκρούστης,
                            ὁ Κορυνήτης, οὓς ἀναιρῶν καὶ κολάζων ἀπήλαττε τὴν Ἑλλάδα δεινῶν τυράννων
                            πρὶν ὅστις ἐστὶ γινώσκειν τοὺς ὑπʼ αὐτοῦ σῳζομένους, καὶ τῷ μὲν παρῆν
                            ἀπραγμόνως κομίζεσθαι διὰ θαλάττης ἀδικουμένῳ μηδὲν ὑπὸ τῶν λῃστῶν,
                            Ῥωμύλῳ δʼ οὐ παρῆν μὴ πράγματα ἔχειν Ἀμουλίου ζῶντος, </p>
                    </div>
                    <div type="textpart" subtype="section" n="3">
                        <p> μέγα δὲ τούτου τεκμήριον ὁ μὲν γὰρ οὐδὲν αὐτὸς ἀδικούμενος ὥρμησεν ὑπὲρ
                            ἄλλων ἐπὶ τοὺς πονηρούς, οἱ δʼ ὅσον αὐτοὶ κακῶς οὐκ ἔπασχον ὑπὸ τοῦ
                            τυράννου, περιεώρων ἀδικοῦντα πάντας. καὶ μὴν εἰ μέγα τὸ τρωθῆναι <pb
                                n="p.190"/> μαχόμενον Σαβίνοις καὶ ἀνελεῖν Ἄκρωνα καὶ πολλῶν μάχῃ
                            κρατῆσαι πολεμίων, τούτοις μὲν ἔστι τοῖς ἔργοις κενταυρομαχίαν καὶ τὰ
                            πρὸς Ἀμαζόνας παραβαλεῖν· </p>
                    </div>
                    <div type="textpart" subtype="section" n="4">
                        <p>ὃ δʼ ἐτόλμησε<note anchored="true" place="unspecified" resp="ed">
                                <foreign xml:lang="grc">ὃ δʼ ἐτόλμησε</foreign> Coraës and Sintenis
                                would begin the second chapter here.</note> Θησεὺς περὶ τὸν Κρητικὸν
                            δασμόν, εἴτε τινὶ θηρίῳ βοράν, εἴτε πρόσφαγμα τοῖς Ἀνδρόγεω τάφοις,
                            εἴθʼ, ὃ κουφότατόν ἐστὶ τῶν λεγομένων, λατρεύειν παρʼ ἀνδράσιν ὑβρισταῖς
                            καὶ δυσμενέσιν ἀκλεῆ λατρείαν καὶ ἄτιμον ἐπιδοὺς ἑαυτόν, ἑκουσίως μετὰ
                            παρθένων πλεύσας καὶ παίδων νέων, οὐκ ἂν εἴποι τις ἡλίκης ἐστὶ τόλμης ἢ
                            μεγαλοφροσύνης ἢ δικαιοσύνης περὶ τὸ κοινὸν ἢ πόθου δόξης καὶ ἀρετῆς,
                        </p>
                    </div>
                    <div type="textpart" subtype="section" n="5">
                        <p> ὥστʼ ἔμοιγε φαίνεται μὴ κακῶς ὁρίζεσθαι τοὺς φιλοσόφους τὸν ἔρωτα θεῶν
                            ὑπηρεσίαν πρὸς ἐπιμέλειαν καὶ σωτηρίαν νέων. ὁ γὰρ Ἀριάδνης ἔρως παντὸς
                            μᾶλλον ἔοικεν ἔργον θεοῦ καὶ μηχανὴ γενέσθαι σωτηρίας ἕνεκα τοῦ ἀνδρός,
                            καὶ οὐκ ἄξιον αἰτιᾶσθαι τὴν ἐρασθεῖσαν, ἀλλὰ θαυμάζειν εἰ μὴ πάντες οὕτω
                            καὶ πᾶσαι διετέθησαν· εἰ δʼ ἐκείνη μόνη τοῦτʼ ἔπαθεν, εἰκότως ἔγωγε
                            φαίην ἂν αὐτὴν ἀξιέραστον θεῷ γεγονέναι, φιλόκαλον καὶ φιλάγαθον καὶ τῶν
                            ἀρίστων ἐρωτικὴν οὖσαν. </p>
                    </div>
                </div>
                <div type="textpart" subtype="chapter" n="2">
                    <div type="textpart" subtype="section" n="1">
                        <p> ἀμφοτέρων τοίνυν τῇ φύσει πολιτικῶν γεγονότων, οὐδέτερος διεφύλαξε τὸν
                            βασιλικὸν τρόπον ἐξέστη δὲ καὶ μετέβαλε μεταβολὴν ὁ μὲν δημοτικήν, ὁ δὲ
                            τυραννικήν, ταὐτὸν ἀπʼ <pb n="p.192"/> ἐναντίων παθῶν ἁμαρτόντες. δεῖ
                            γὰρ τὸν ἄρχοντα σῴζειν πρῶτον αὐτὴν τὴν ἀρχήν σῴζεται δʼ οὐχ ἧττον
                            ἀπεχομένη τοῦ μὴ προσήκοντος ἢ περιεχομένη τοῦ προσήκοντος, </p>
                    </div>
                    <div type="textpart" subtype="section" n="2">
                        <p> ὁ δʼ ἐνδιδοὺς ἢ ἐπιτείνων οὐ μένει βασιλεὺς οὐδὲ ἄρχων, ἀλλʼ ἢ δημαγωγὸς
                            ἢ δεσπότης γιγνόμενος, ἐμποιεῖ τὸ μισεῖν ἢ καταφρονεῖν τοῖς ἀρχομένοις.
                            οὐ μὴν ἀλλʼ ἐκεῖνο μὲν ἐπιεικείας δοκεῖ καὶ φιλανθρωπίας εἶναι, τοῦτο δὲ
                            φιλαυτίας ἁμάρτημα καὶ χαλεπότητος. </p>
                    </div>
                </div>
                <div type="textpart" subtype="chapter" n="3">
                    <div type="textpart" subtype="section" n="1">
                        <p> εἰ δὲ δεῖ καὶ τὰ δυστυχηθέντα μὴ παντάπασι ποιεῖσθαι δαίμονος, ἀλλʼ
                            ἠθικὰς καὶ παθητικὰς <pb n="paris.1624.38"/> ζητεῖν ἐν αὐτοῖς διαφοράς,
                            θυμοῦ μὲν ἀλογίστου καὶ τάχος ἐχούσης ἄβουλον ὀργῆς μήτε τις ἐκεῖνον ἐν
                            τοῖς πρὸς τὸν ἀδελφὸν ἀπολυέτω μήτε τοῦτον ἐν τοῖς πρὸς τὸν υἱόν ἡ δὲ
                            κινήσασα τὸν θυμὸν ἀρχὴ μᾶλλον παραιτεῖται τὸν ὑπὸ μείζονος αἰτίας ὥσπερ
                            ὑπὸ πληγῆς χαλεπωτέρας ἀνατραπέντα. </p>
                    </div>
                    <div type="textpart" subtype="section" n="2">
                        <p>Ῥωμύλῳ μὲν γὰρ ἐκ βουλῆς καὶ σκέψεως περὶ κοινῶν συμφερόντων διαφορᾶς
                            γενομένης οὐκ ἄν ἠξίωσέ τις ἄφνω τὴν διάνοιαν ἐν τηλικούτῳ πάθει
                            γενέσθαι· Θησέα δὲ πρὸς τὸν υἱόν, ἃ πάμπαν ὀλίγοι τῶν ὄντων
                            διαπεφεύγασιν, ἔρως καὶ ζηλοτυπία καὶ διαβολαὶ γυναικὸς ἔσφηλαν. ὃ δὲ
                            μεῖζόν ἐστιν, ὁ μὲν Ῥωμύλου θυμὸς εἰς ἔργον ἐξέπεσε καὶ πρᾶξιν οὐκ
                            εὐτυχὲς ἔχουσαν τέλος, ἡ δὲ Θησέως ὀργὴ μέχρι λόγου καὶ βλασφημίας καὶ
                            κατάρας πρεσβυτικῆς προῆλθε, τὰ δʼ ἄλλα φαίνεται τῇ τύχῃ χρήσασθαι τὸ
                            μειράκιον. ὥστε ταύτας μὲν ἄν τις ἀποδοίη τῷ Θησεῖ τὰς ψήφους· <pb
                                n="p.194"/>
                        </p>
                    </div>
                </div>
                <div type="textpart" subtype="chapter" n="4">
                    <div type="textpart" subtype="section" n="1">
                        <p> ἐκείνῳ δὲ πρῶτον μὲν ὑπάρχει μέγα τὸ μικροτάτας λαβεῖν ἀρχὰς ἐπὶ τὰ
                            πράγματα. δοῦλοι γὰρ δὴ καὶ συφορβῶν παῖδες ὀνομαζόμενοι, πρὶν ἐλεύθεροι
                            γενέσθαι, πάντας ὀλίγου δεῖν ἠλευθέρωσαν Λατίνους, ἑνὶ χρόνῳ τῶν
                            καλλίστων ὀνομάτων ἅμα τυχόντες, φονεῖς ἐχθρῶν καὶ σωτῆρες οἰκείων καὶ
                            βασιλεῖς ἐθνῶν καὶ οἰκισταὶ πόλεων, οὐ μετοικισταὶ, καθάπερ ἦν ὁ Θησεύς,
                            ἐκ πολλῶν συντιθεὶς καὶ συνοικοδομῶν ἓν οἰκητήριον, ἀναιρῶν δὲ πολλὰς
                            πόλεις ἐπωνύμους βασιλέων καὶ ἡρώων παλαιῶν, </p>
                    </div>
                    <div type="textpart" subtype="section" n="2">
                        <p>Ῥωμύλος δὲ ταῦτα μὲν ὕστερον ἔδρα, τοὺς πολεμίους ἀναγκάζων τὰ οἰκεῖα
                            καταβάλλοντας καὶ ἀφανίζοντας τοῖς νενικηκόσι προσνέμεσθαι· τὸ δὲ πρῶτον
                            οὐ μετατιθεὶς οὐδʼ αὔξων τὴν ὑπάρχουσαν, ἀλλὰ ποιῶν ἐξ οὐχ ὑπαρχόντων
                            καὶ κτώμενος ἑαυτῷ χώραν ὁμοῦ, πατρίδα, βασιλείαν, γένη, γάμους,
                            οἰκειότητας, ἀνῄρει μὲν οὐδένα οὐδὲ ἀπώλλυεν, εὐεργέτει δὲ τοὺς ἐξ
                            ἀοίκων καὶ ἀνεστίων δῆμον ἐθέλοντας εἶναι καὶ πολίτας, λῃστὰς δὲ καὶ
                            κακούργους οὐκ ἀπέκτεινεν, ἀλλʼ ἔθνη προσηγάγετο πολέμῳ καὶ πόλεις
                            κατεστρέψατο καὶ βασιλεῖς ἐθριάμβευσε καὶ ἡγεμόνας, </p>
                    </div>
                </div>
                <div type="textpart" subtype="chapter" n="5">
                    <div type="textpart" subtype="section" n="1">
                        <p> καὶ τὸ μὲν Ῥώμου πάθος ἀμφισβητούμενον ἔχει τὸν αὐτόχειρα, καὶ τὸ
                            πλεῖστον εἰς ἑτέρους τῆς αἰτίας τρέπουσι· τὴν δὲ μητέρα διολλυμένην
                            ἔσωσε περιφανῶς, καὶ τὸν πάππον ἀκλεῶς δουλεύοντα καὶ ἀτίμως εἰς τὸν
                            Αἰνείου θρόνον ἐκάθισε, καὶ πολλὰ μὲν ἑκὼν εὐεργέτησεν, ἔβλαψε δὲ αὐτὸν οὐδὲ ἄκων.</p>
                    </div>
                    <div type="textpart" subtype="section" n="2">
                        <p> τὴν δὲ <pb n="p.196"/> Θησέως λήθην καὶ
                            ἀμέλειαν τῆς περὶ τὸ ἱστίον ἐντολῆς μόλις ἂν οἶμαι μακρᾷ τινι παραιτήσει
                            καὶ ἐν ῥᾳθύμοις δικασταῖς αἰτίαν ἀποφυγεῖν πατροκτονίας· ὃ δὴ καὶ
                            συνιδών τις Ἀττικὸς ἀνὴρ ὡς παγχάλεπόν ἐστι βουλομένοις ἀπολογεῖσθαι,
                            πλάττει τὸν Αἰγέα τῆς νεὼς προσφερομένης ὑπὸ σπουδῆς ἀνατρέχοντα πρὸς
                            τὴν ἀκρόπολιν θέας ἕνεκα καὶ σφαλλόμενον καταπεσεῖν, ὥσπερ ὀπαδῶν
                            ἔρημον, ἢ τὴν ἐπὶ θάλατταν ὁδὸν σπεύδοντι μὴ παρούσης τινὸς θεραπείας.
                        </p>
                    </div>
                </div>
                <div type="textpart" subtype="chapter" n="6">
                    <div type="textpart" subtype="section" n="1">
                        <p> καὶ μὴν τὰ περὶ τὰς ἁρπαγὰς τῶν γυναικῶν ἡμαρτημένα Θησεῖ μὲν εὐσχήμονος
                            ἐνδεᾶ προφάσεως γέγονε. πρῶτον μὲν ὅτι πολλάκις· ἥρπασε γὰρ Ἀριάδνην καὶ
                            Ἀντιόπην καὶ Ἀναξὼ τὴν Τροιζηνίαν, ἐπὶ πάσαις δὲ τὴν Ἑλένην, παρηκμακὼς
                            οὐκ ἀκμάζουσαν, ἀλλὰ νηπίαν καὶ ἄωρον αὐτὸς ὥραν ἔχων ἤδη γάμων
                            πεπαῦσθαι καὶ νομίμων ἔπειτα διὰ τὴν αἰτίαν οὐ γὰρ ἀξιώτεραί γε
                            παιδοποιοὶ τῶν Ἀθήνησιν Ἐρεχθηίδων καὶ Κεκροπίδων αἱ Τροιζηνίων καὶ
                            Λακώνων καὶ Ἀμαζόνων ἀνέγγυοι θυγατέρες ἦσαν. </p>
                    </div>
                    <div type="textpart" subtype="section" n="2">
                        <p> ἀλλὰ ταῦτα μὲν ὑποψίαν ἔχει πρὸς ὕβριν καὶ καθʼ ἡδονὴν πεπρᾶχθαι.
                            Ῥωμύλος δὲ πρῶτον μὲν ὀκτακοσίων ὀλίγον ἀριθμῷ δεούσας <pb
                                n="paris.1624.39"/> ἁρπάσας, οὐ πάσας, ἀλλὰ μίαν, ὥς φασιν, Ἑρσιλίαν
                            ἔλαβε, τὰς δʼ ἄλλας διένειμε τοῖς ἀγαθοῖς<note place="unspecified"
                                anchored="true">
                                <foreign xml:lang="grc">ἀγαθοῖς</foreign> MSS. and edd. : <foreign
                                    xml:lang="grc">ἀγάμοις</foreign>
                                (<gloss>unmarried</gloss>)</note> τῶν πολιτῶν ἔπειτα τῇ μετὰ ταῦτα
                            τιμῇ καὶ ἀγαπήσει καὶ δικαιοσύνῃ τῇ περὶ τὰς γυναῖκας ἀπέδειξε τὴν βίαν
                            ἐκείνην καὶ τὴν <pb n="p.198"/> ἀδικίαν κάλλιστον ἔργον καὶ
                            πολιτικώτατον εἰς κοινωνίαν γενομένην. </p>
                    </div>
                    <div type="textpart" subtype="section" n="3">
                        <p> οὕτω συνέμιξεν ἀλλήλοις καὶ συνέπηξε τὰ γένη, καὶ παρέσχε πηγὴν τῆς εἰς
                            αὖθις εὐνοίας καὶ δυνάμεως τοῖς πράγμασιν. αἰδοῦς δὲ καὶ φιλίας καὶ
                            βεβαιότητος, ἣν εἰργάσατο περὶ τοὺς γάμους, ὁ χρόνος ἐστὶ μάρτυς, ἐν γὰρ
                            ἔτεσι τριάκοντα καὶ διακοσίοις οὔτε ἀνὴρ ἐτόλμησε γυναικὸς οὔτε γυνὴ
                            κοινωνίαν ἀνδρὸς ἐγκαταλιπεῖν, ἀλλʼ ὥσπερ ἐν Ἓλλησιν οἱ σφόδρα περιττοὶ
                            τὸν πρῶτον ἔχουσιν εἰπεῖν πατροκτόνον ἢ μητροφόνον, οὕτω Ῥωμαῖοι πάντες
                            ἴσασιν ὅτι Καρβίλιος Σπόριος ἀπεπέμψατο γυναῖκα πρῶτος, ἀπαιδίαν
                            αἰτιασάμενος. </p>
                    </div>
                    <div type="textpart" subtype="section" n="4">
                        <p> τῷ δὲ τοσούτῳ χρόνῳ συμμαρτυρεῖ καὶ τὰ ἔργα. καὶ γὰρ ἀρχῆς ἐκοινώνησαν
                            οἱ βασιλεῖς, καὶ πολιτείας τὰ γένη διὰ τὴν ἐπιγαμίαν ἐκείνην ἀπὸ δὲ τῶν
                            Θησέως γάμων Ἀθηναίοις φιλικὸν μὲν οὐδὲν οὐδὲ κοινωνικὸν ὑπῆρξε πρὸς
                            οὐδένα συμβόλαιον, ἔχθραι δὲ καὶ πόλεμοι καὶ φόνοι πολιτῶν καὶ τέλος
                            Ἀφίδνας ἀπολέσαι καὶ μόλις ὑπʼ οἴκτου τῶν πολεμίων, προσκυνήσαντας καὶ
                            θεοὺς ἀνειπόντας, μὴ παθεῖν ἃ Τρῶες ἔπαθον διʼ Ἀλέξανδρον. </p>
                    </div>
                    <div type="textpart" subtype="section" n="5">
                        <p> ἡ μέντοι μήτηρ ἡ Θησέως οὐκ ἐκινδύνευσεν, ἀλλʼ ἔπαθε τὰ τῆς Ἑκάβης,
                            ἐγκαταλιπόντος καὶ προεμένου τοῦ παιδός, εἴγε μὴ πέπλασται τὰ τῆς
                            αἰχμαλωσίας, ὡς ἔδει γε καὶ τοῦτο ψεῦδος εἶναι καὶ τὰ πλεῖστα τῶν ἄλλων,
                            ἐπεὶ καὶ τὰ περὶ τοῦ θείου μυθολογούμενα πολλὴν ποιεῖ διαφοράν. <pb
                                n="p.200"/> Ῥωμύλῳ μὲν γὰρ ἡ σωτηρία μετὰ πολλῆς ὑπῆρξε θεῶν
                            εὐμενείας, ὁ δʼ Αἰγεῖ δοθεὶς χρησμός, ἀπέχεσθαι γυναικὸς ἐπὶ ξένης,
                            ἔοικεν ἀποφαίνειν παρὰ γνώμην θεῶν γεγονέναι τὴν Θησέως τέκνωσιν. </p>
                    </div>
                </div>
            </div>
        </body>
    </text>
</TEI>
