<ti:work xmlns:ti="http://chs.harvard.edu/xmlns/cts" groupUrn="urn:cts:greekLit:tlg0062" xml:lang="grc" urn="urn:cts:greekLit:tlg0062.tlg030">
  <ti:title xml:lang="lat">De parasito sive artem esse parasiticam</ti:title>
  <ti:edition urn="urn:cts:greekLit:tlg0062.tlg030.1st1K-grc1" workUrn="urn:cts:greekLit:tlg0062.tlg030">
    <ti:label xml:lang="lat">De parasito sive artem esse parasiticam</ti:label>
    <ti:description xml:lang="lat">Lucianus, De parasito sive artem esse parasiticam, Harmon, Harvard, 1960</ti:description>
  </ti:edition>
</ti:work>
