<ti:work xmlns:ti="http://chs.harvard.edu/xmlns/cts" groupUrn="urn:cts:greekLit:tlg0363" xml:lang="grc" urn="urn:cts:greekLit:tlg0363.tlg007">
  <ti:title xml:lang="eng">Apotelesmatica (= Tetrabiblos)</ti:title>
  <ti:edition urn="urn:cts:greekLit:tlg0363.tlg007.opp-grc2" workUrn="urn:cts:greekLit:tlg0363.tlg007">
    <ti:label xml:lang="eng">Apotelesmatica (= Tetrabiblos)</ti:label>
    <ti:description xml:lang="eng">Claudius Ptolemaeus, Apotelesmatica (= Tetrabiblos)</ti:description>
  </ti:edition>
</ti:work>
