<ti:work xmlns:ti="http://chs.harvard.edu/xmlns/cts" groupUrn="urn:cts:greekLit:tlg0057" xml:lang="grc" urn="urn:cts:greekLit:tlg0057.tlg067">
  <ti:title xml:lang="eng">Ad Glauconem de methodo medendi</ti:title>
  <ti:edition urn="urn:cts:greekLit:tlg0057.tlg067.1st1K-grc1" workUrn="urn:cts:greekLit:tlg0057.tlg067">
    <ti:label xml:lang="eng">Ad Glauconem de methodo medendi</ti:label>
    <ti:description xml:lang="eng">Galen, Ad Glauconem de methodo medendi</ti:description>
  </ti:edition>
</ti:work>
