<ti:work xmlns:ti="http://chs.harvard.edu/xmlns/cts" groupUrn="urn:cts:greekLit:tlg0018" xml:lang="grc" urn="urn:cts:greekLit:tlg0018.tlg002">
  <ti:title xml:lang="eng">Legum Allegoriarum Libri I-Iii</ti:title>
  <ti:edition urn="urn:cts:greekLit:tlg0018.tlg002.opp-grc1" workUrn="urn:cts:greekLit:tlg0018.tlg002">
    <ti:label xml:lang="eng">Legum Allegoriarum Libri I-Iii</ti:label>
    <ti:description xml:lang="eng">Philo Judaeus, Legum Allegoriarum Libri I-Iii</ti:description>
  </ti:edition>
</ti:work>
