<ti:work xmlns:ti="http://chs.harvard.edu/xmlns/cts" groupUrn="urn:cts:greekLit:tlg0057"
    xml:lang="grc" urn="urn:cts:greekLit:tlg0057.tlg035">
    <ti:title xml:lang="lat">De venereis</ti:title>
    <ti:edition urn="urn:cts:greekLit:tlg0057.tlg035.1st1K-grc2"
        workUrn="urn:cts:greekLit:tlg0057.tlg035">
        <ti:label xml:lang="lat">De venereis</ti:label>
        <ti:description xml:lang="lat">Galen, De venereis, Kühn, Cnobloch, 1823</ti:description>
    </ti:edition>
    <ti:edition urn="urn:cts:greekLit:tlg0057.tlg035.1st1K-grc3"
        workUrn="urn:cts:greekLit:tlg0057.tlg035">
        <ti:label xml:lang="lat">De venereis (ap. Oribasium)</ti:label>
        <ti:description xml:lang="lat">Galen, De venereis (ap. Oribasium), Raeder, Teubner, 1928</ti:description>
    </ti:edition>
</ti:work>
