<?xml version="1.0" encoding="UTF-8"?>
<?xml-model href="http://www.stoa.org/epidoc/schema/latest/tei-epidoc.rng" schematypens="http://relaxng.org/ns/structure/1.0"?>
<TEI xmlns="http://www.tei-c.org/ns/1.0">
    <teiHeader>
        <fileDesc>
            <titleStmt>
                <title>De venereis</title>
                <author>Galen</author>
                <editor>Karl Gottlob Kühn</editor>
                <funder>Andrew W. Mellon Foundation</funder>
                <respStmt>
                    <resp>Published original versions of the electronic texts</resp>
                    <orgName ref="http://www.graeco-arabic-studies.org/">A Digital Corpus for
                        Graeco-Arabic Studies, funded by the Andrew W. Mellon Foundation</orgName>
                    <persName>Mark Schiefsky, Harvard University</persName>
                    <persName>Gregory R. Crane, Universität Leipzig</persName>
                    <persName>Uwe Vagelpohl, University of Warwick</persName>
                </respStmt>
                <respStmt>
                    <resp>Keyboarding</resp>
                    <orgName xml:id="DDD">Digital Divide Data</orgName>
                </respStmt>
                <respStmt>
                    <resp>Editor-in-Chief, Perseus Digital Library</resp>
                    <persName>Gregory R. Crane</persName>
                </respStmt>
                <respStmt>
                    <resp>Project Manager (University of Leipzig), 2016 - present</resp>
                    <persName>Matt Munson</persName>
                </respStmt>
                <respStmt>
                    <resp>Project Assistant (University of Leipzig), 2015 - present</resp>
                    <persName>Annette Geßner</persName>
                </respStmt>
                <respStmt>
                    <resp>Lead Developer (University of Leipzig)</resp>
                    <persName>Thibault Clérice</persName>
                </respStmt>
                <respStmt>
                    <resp>Technical Advisor</resp>
                    <persName>Bruce Robertson</persName>
                </respStmt>
            </titleStmt>
            <publicationStmt>
                <authority>A Digital Corpus for Graeco-Arabic Studies, funded by the Andrew W.
                    Mellon Foundation</authority>
                <publisher>University of Leipzig</publisher>
                <pubPlace>Germany</pubPlace>
                <idno type="filename">tlg0057.tlg035.1st1K-grc2.xml</idno>
                <availability>
                    <licence target="https://creativecommons.org/licenses/by-sa/4.0/">Available
                        under a Creative Commons Attribution-ShareAlike 4.0 International
                        License</licence>
                </availability>
                <date>2016</date>
            </publicationStmt>
            <sourceDesc>
                <biblStruct>
                    <monogr>
                        <title>Claudii Galeni Opera Omnia</title>
                        <author>Galen</author>
                        <editor>Karl Gottlob Kühn</editor>
                        <imprint>
                            <publisher>Cnobloch</publisher>
                            <pubPlace>Lipsiae</pubPlace>
                            <biblScope unit="vol">5</biblScope>
                            <biblScope unit="pp" from="911" to="914">911-914</biblScope>
                            <date>1823</date>
                        </imprint>
                    </monogr>
                    <ref target="https://catalog.hathitrust.org/Record/009723957">HathiTrust</ref>
                </biblStruct>
            </sourceDesc>
        </fileDesc>
        <encodingDesc>
            <p>The following text is encoded in accordance with EpiDoc standards and with the
                CTS/CITE Architecture.</p>
            <refsDecl n="CTS">
                <cRefPattern matchPattern="(.+)" n="work"
                    replacementPattern="#xpath(/tei:TEI/tei:text/tei:body/tei:div/tei:div[@n='$1'])"
                />
            </refsDecl>
        </encodingDesc>
        <profileDesc>
            <langUsage>
                <language ident="grc">Greek</language>
            </langUsage>
        </profileDesc>
    </teiHeader>
    <text>
        <body>

            <div type="edition" xml:lang="grc" n="urn:cts:greekLit:tlg0057.tlg035.1st1K-grc2">
                <pb n="911"/>
                <div type="textpart" subtype="work" n="1">
                    <head>ΓΑΛΗΝΟΥ ΠΕΡΙ ΑΦΡΟΔΙΣΙΩΝ.</head>
                    <p>Ἀφροδισίων μὲν κατὰ μὲν Ἐπίκουρον οὐδεμία χρῆσις <lb/>ὑγιεινή· κατὰ δὲ
                        τἀληθὲς ἐκ διαλειμμάτων τηλικούτων, ὡς <lb/>ἐπὶ ταῖς χρήσεσιν ἄνθρωπον αὐτὸν
                        αὑτοῦ κουφότερον καὶ <lb/>εὐπνούστερον δοκεῖν γεγονέναι. ὁ δὲ καιρὸς τῆς
                        χρήσεως, ὅταν <lb/>ἀκριβῶς μέσον ᾖ τῶν ἔξωθεν περιστάσεων ἁπασῶν τὸ σῶμα,
                        <lb/>μήθ’ ὑπερπεπληρωμένον, μήτ’ ἐνδεὲς, μήθ’ ὑπερεψυγμένον, <lb/>μήθ’
                        ὑπερτεθερμασμένον, μήτ’ ἐξηρασμένον, μήθ’ ὑγρασμένον <lb/>ἀμέτρως. εἰ δὲ καὶ
                        διαμαρτάνοιέν ποτε κατά τι, μικρὸν <lb/>μὲν ἔστω τὸ ἁμαρτανόμενον. ἄμεινον
                        δὲ τῷ τεθερμασμένῳ <pb n="912"/> μᾶλλον ἢ ἐψυγμένῳ, καὶ πεπληρωμένῳ μᾶλλον ἢ
                        κεκενωμένῳ, <lb/>καὶ ὑγρασμένῳ μᾶλλον ἢ ἐξηρασμένῳ τῷ σώματι χρῆσθαι τοῖς
                        <lb/>ἀφροδισίοις. οἱ μὲν οὖν τὴν ἀσθενῆ δύναμιν ἔχοντες ἀπὸ <lb/>τῆς
                        λαγνείας εἰς ἐσχάτην ἀῤῥωστίαν ἀφικνοῦνται· οἱ δὲ ἰσχυρὰν <lb/>καὶ νοσοῦντες
                        ἀπὸ φλέγματος περιουσίας τῷ διαφορεῖν <lb/>ἐπιπλέον τοὺς χυμοὺς ἀβλαβῆ
                        ἔχουσι τὴν χρῆσιν αὐτῶν· <lb/>οὕτω γὰρ τοῖς ὑγροῖς καὶ θερμοῖς ἐστι, καὶ
                        ὅσοι φύσει πολύσπερμοι. <lb/>ἀλλὰ καὶ θερμαίνει τὸ σῶμα τοῖς ἐῤῥωμένην
                        <lb/>ἔχουσι τὴν δύναμιν ἡ λαγνεία, τοῖς δὲ ἀσθενέσιν ἐν μὲν <lb/>τῷ
                        παραχρῆμα θερμαίνει, ψύχει δὲ μετὰ ταῦτα γενναίως. <lb/>
                        <milestone unit="ed2page" n="510"/>ἔνιοι μὲν οὖν εὐθέως ἐπὶ ταῖς συνουσίαις
                        ἀπὸ νεότητος <lb/>ἀσθενεῖς γίνονται, τινὲς δὲ, εἰ μὴ συνεχῶς χρῶνται,
                        βαρύνονται <lb/>τὴν κεφαλὴν, ἀσώδεις τε καὶ πυρετώδεις γίνονται, <lb/>καὶ
                        χεῖρον ὀρέγονται, καὶ ἧττον πέττουσι. τοιαύτης γοῦν <lb/>ἐνίους ὄντας
                        φύσεως, εἶτ’ ἐγκρατεῖς ἀφροδισίων χρήσεως γενομένους, <lb/>ναρκώδεις τε καὶ
                        δυσκινήτους ἔγνωμεν ἀποτελεσθέντας, <lb/>ἐνίους δὲ καὶ σκυθρωποὺς ἀλόγως καὶ
                        δυσέλπιδας ὁμοίως <pb n="913"/> τοῖς μελαγχολικοῖς· ταῦτα δὲ παυόμενα ταχέως
                        ἐπὶ ταῖς τῶν <lb/>ἀφροδισίων χρήσεσι. ταῦτ’ ἀναλογιζομένῳ μοι μεγάλως
                        φαίνεται <lb/>βλάπτειν ἡ τοῦ σπέρματος ἐπίσχεσις, ἐφ’ ὧν αὐτό τε <lb/>φύσει
                        κακοχυμότερον καὶ πλέον, ἀργότερός τε ὁ βίος, καὶ <lb/>τῶν ἀφροδισίων μὲν ἡ
                        χρῆσις πρότερον μὲν ἱκανὴ πάνυ, <lb/>μετὰ ταῦτα δὲ ἀθρόως ἐγκρατεῖς
                        ἐγενήθησαν, ἰσχυροί τε καὶ <lb/>νέοι. τούτοις ἡ τοῦ σώματος ἕξις εἰς
                        ἀραιότητα πλέον ἤπερ <lb/>ἡ δύναμις εἰς ἀῤῥωστίαν ἀλλοιοῦται· καί τις
                        ἐπανόρθωσις <lb/>διὰ τῶν συναγόντων καὶ σφιγγόντων γίνεται αὐτοῖς, ὁποῖόν
                        <lb/>ἐστι παρασκευαστικὸν γυμνάσιον. εἰ δὲ δὴ καὶ ψύξις τις <lb/>ἐπὶ τοῖς
                        ἀφροδισίοις ἐγγίγνοιτο, καὶ κατὰ τοῦτ’ ἂν εἴη τῷ <lb/>παρασκευαστικῷ
                        γυμνασίῳ χρηστέον, ἐπεγείρει γὰρ τὴν <lb/>θερμότητα. τῆς δὲ ὥρας τοῦ ἔτους
                        ἐπιτρεπούσης, οὐδὲ τῆς <lb/>ψυχρολουσίας ἀφεκτέον. ἐδέσματα δὲ τῷ πλήθει μὲν
                        ἐλάττω, <lb/>τῇ ποιότητι δὲ καὶ ὑγρότερα δοτέον, ἵνα καὶ πέψῃ <lb/>καλῶς
                        αὐτὰ, καὶ τὴν ἀφροδισίων ἐπανορθώσηται ξηρότητα. <lb/>χρὴ δὲ οὐδὲ ψυχρότερα
                        τὴν κρᾶσιν, ἀλλὰ τῆς μέσης ἰδέας <pb n="914"/> τῶν θερμαινόντων ὑπάρχειν
                        αὐτά. διότι γὰρ ἐξ ἀφροδισίων <lb/>ἀραιότερον ἅμα καὶ ἀσθενέστερον,
                        ψυχρότερόν τε καὶ ξηρότερον <lb/>ἀποτελεῖται τὸ σῶμα, χρὴ δήπου τὰ πυκνοῦντα
                        <lb/>καὶ θερμαίνοντα καὶ τὴν δύναμιν ἀναῤῥωννύντα προσφέρεσθαι, <lb/>καὶ
                        τούτους εἶναι σκοποὺς ἐπ’ αὐτοῖς. </p>
                </div>
            </div>
        </body>
    </text>
</TEI>
