<?xml version="1.0" encoding="UTF-8"?><TEI.2>
<teiHeader type="text">
<fileDesc>
<titleStmt>
<title>De fortuna Romanorum</title>
<title type="sub">Machine readable text</title>
<author n="Plut.">Plutarch</author>
<editor role="editor" n="Loeb">Frank Cole Babbitt</editor>
<sponsor>Perseus Project, Tufts University</sponsor>
<principal>Gregory Crane</principal>
<respStmt>
<resp>Prepared under the supervision of</resp>
<name>Lisa Cerrato</name>
<name>William Merrill</name>
<name>Elli Mylonas</name>
<name>David Smith</name>
</respStmt>
<funder n="org:NEH">The National Endowment for the Humanities</funder>
</titleStmt>
<extent/>
<publicationStmt>
<publisher>Trustees of Tufts University</publisher>
<pubPlace>Medford, MA</pubPlace>
<authority>Perseus Project</authority>
</publicationStmt>
<sourceDesc>
<biblStruct>
<analytic/>
<monogr>
<author>Plutarch</author>
<title>Moralia</title>
<respStmt>
<resp>with an English Translation by</resp>
<name>Frank Cole Babbitt</name>
</respStmt>
<imprint>
<pubPlace>Cambridge, MA</pubPlace>
<publisher>Harvard University Press</publisher>
<pubPlace>London</pubPlace>
<publisher>William Heinemann Ltd.</publisher>
<date>1936</date>
</imprint>
<biblScope type="volume">4</biblScope>
</monogr>
</biblStruct>
</sourceDesc>
</fileDesc>
<encodingDesc>
<editorialDecl>
<correction method="silent">
<p>optical character recognition</p>
</correction>
</editorialDecl>
<refsDecl doctype="TEI.2">
<state unit="section"/>
</refsDecl>
<refsDecl doctype="TEI.2">
<state unit="stephpage" n="chunk"/>
</refsDecl>
</encodingDesc>
<profileDesc>
<langUsage>
<language id="greek">Greek</language>
</langUsage>
</profileDesc>
<revisionDesc>
<change>
<date>5/10</date>
<respStmt>
<name>RS</name>
<resp/>
</respStmt>
<item>tagged and parsed</item>
</change>
</revisionDesc>
</teiHeader>
<text>
<body>
<pb id="v.4.p.322"/>
<milestone unit="stephpage" id="stephpage-316c" n="316c"/>
<div1 type="section" n="1">
<p>αἱ πολλοὺς πολλάκις ἠγωνισμέναι καὶ μεγάλους ἀγῶνας Ἀρετὴ καὶ Τύχη πρὸς ἀλλήλας μέγιστον ἀγωνίζονται τὸν παρόντα, περὶ τῆς Ῥωμαίων ἡγεμονίας διαδικαζόμεναι ποτέρας γέγονεν ἔργον καὶ ποτέρα τὴν τηλικαύτην δύναμιν γεγέννηκεν. οὐ γὰρ μικρὸν ἔσται τῇ περιγενομένῃ τοῦτο μαρτύριον, μᾶλλον δʼ
ἀπολόγημα α πρὸς κατηγορίαν. κατηγορεῖται δʼ Ἀρετὴ μὲν ὡς καλὸν μὲν<!--<note n="v.4.p.322.n.1" place="unspecified" anchored="yes"/>--> ἀνωφελὲς δέ, Τύχη δʼ
ὡς ἀβέβαιον μὲν ἀγαθὸν
δέ· καὶ τὴν μὲν ἄκαρπα πονεῖν λέγουσι, τὴν δʼ ἄπιστα δωρεῖσθαι. τίς  οὖν οὐχὶ λέξει, τῇ ἑτέρᾳ
τῆς Ῥώμης προστεθείσης, ἢ λυσιτελέστατον
<milestone unit="stephpage" id="stephpage-316d" n="316d"/>ἀρετήν, εἰ τηλικαῦτα τοὺς ἀγαθοὺς δέδρακεν ἀγαθά, ἢ βεβαιότατον Εὐτυχίαν, χρόνον ἤδη τοσοῦτον ἃ δέδωκε τηροῦσαν;
</p>
<p>Ἴων μὲν οὖν ὁ ποιητὴς ἐν τοῖς δίχα μέτρου καὶ καταλογάδην αὐτῷ γεγραμμένοις φησὶν ἀνομοιότατον πρᾶγμα τῇ σοφίᾳ τὴν τύχην οὖσαν ὁμοιοτάτων πραγμάτων γίγνεσθαι δημιουργόν· αὔξουσιν ἀμφότεραι, προσκοσμοῦσιν ἄνδρας, εἰς δόξαν
ἀνάγουσιν, εἰς δύναμιν, εἰς ἡγεμονίαν. τί δεῖ
τὰ πολλὰ μηκύνειν ἐξαριθμούμενον; αὐτὴν τὴν
τὰ πάντα γεννῶσαν ἡμῖν καὶ φέρουσαν φύσιν οἱ
<pb id="v.4.p.324"/> μὲν τύχην εἶναι νομίζουσιν, οἱ δὲ σοφίαν. διὸ
<milestone unit="stephpage" id="stephpage-316e" n="316e"/> καλόν τι τῇ Ῥώμῃ καὶ ζηλωτὸν ὁ ἐνεστὼς λόγος ἀξίωμα περιτίθησιν, εἰ διαποροῦμεν ὑπὲρ<!--<note n="v.4.p.324.n.1" place="unspecified" anchored="yes"/>--> αὐτῆς,
ὡς ὑπὲρ γῆς καὶ θαλάττης καὶ οὐρανοῦ καὶ ἄστρων,
πότερον κατὰ τύχην συνέστηκεν ἢ κατὰ πρόνοιαν.</p>
</div1>
<div1 type="section" n="2">
<p>ἐγὼ δέ, ὅτι μέν, εἰ καὶ πάνυ πρὸς ἀλλήλας ἀεὶ πολεμοῦσι καὶ διαφέρονται Τύχη καὶ Ἀρετή,
πρός γε τηλικαύτην σύμπηξιν ἀρχῆς καὶ δυνάμεως
εἰκός ἐστιν αὐτὰς σπεισαμένας συνελθεῖν καὶ συνελθούσας ἐπιτελειῶσαι καὶ συναπεργάς<!--<note n="v.4.p.324.n.1" place="unspecified" anchored="yes"/>--> ασθαι τῶν ἀνθρωπίνων ἔργων τὸ κάλλιστον, ὀρθῶς ὑπονοεῖν οἴομαι. καὶ νομίζω, καθάπερ Πλάτων φησὶν
ἐκ πυρὸς καὶ γῆς ὡς ἀναγκαίων τε καὶ πρώτων
γεγονέναι τὸν σύμπαντα κόσμον, ἵνʼ
ὁρατός<!--<note n="v.4.p.324.n.2" place="unspecified" anchored="yes"/>--> τε
<milestone unit="stephpage" id="stephpage-316f" n="316f"/> γένηται καὶ ἁπτός, γῆς μὲν τὸ ἐμβριθὲς καὶ
στάσιμον αὐτῷ συμβαλομένης, πυρὸς δὲ χρῶμα καὶ
μορφὴν καὶ κίνησιν αἱ ξ δʼ
ἐν μέσῳ φύσεις, ὕδωρ
καὶ ἀήρ, μαλάξασαι καὶ σβέσασαι τὴν ἑκατέρου τῶν ἄκρων ἀνομοιότητα συνήγαγον καὶ ἀνεμείξαντο τὴν ὕλην διʼ αὐτῶν· οὕτως ἄρα καὶ ὁ τὴν Ῥώμην
ὑποβαλόμενος χρόνος μετὰ θεοῦ τύχην καὶ ἀρετὴν
<milestone unit="stephpage" id="stephpage-317a" n="317a"/> ἐκέρασε καὶ συνέζευξεν, ἵνʼ ἑκατέρας λαβὼν τὸ οἰκεῖον ἀπεργάσηται πᾶσιν ἀνθρώποις ἑστίαν ἱερὰν
ὡς ἀληθῶς καὶ ἀνησιδώραν<!--<note n="v.4.p.324.n.3" place="unspecified" anchored="yes"/>--> καὶ <q direct="unspecified">πεῖσμα</q>
μόνιμον καὶ στοιχεῖον ἀίδιον, ὑποφερομένοις τοῖς
πράγμασιν <q direct="unspecified">ἀγκυρηβόλιον σάλου καὶ πλάνης,</q> ὥς φησι Δημόκριτος. ὡς γὰρ οἱ φυσικοὶ τὸν
<pb id="v.4.p.326"/>
κόσμον λέγουσιν οὐκ εἶναι πάλαι<!--<note n="v.4.p.326.n.1" place="unspecified" anchored="yes"/>--> κόσμον οὐδʼ ἐθέλειν τὰ σώματα συνελθόντα καὶ συμμιγέντα κοινὸν ἐκ πάντων εἶδος τῇ φύσει παρασχεῖν, ἀλλὰ τῶν μὲν ἔτι μικρῶν καὶ σποράδην φερομένων καὶ
διολισθανόντων καὶ ὑποφευγόντων τὰς ἐναπολήψεις<!--<note n="v.4.p.326.n.2" place="unspecified" anchored="yes"/>-->
καὶ περιπλοκάς, τῶν δʼ ἀδροτέρων καὶ
συνεστηκότων<milestone unit="stephpage" id="stephpage-317b" n="317b"/>  ἤδη δεινοὺς ἀγῶνας πρὸς ἄλληλα καὶ
διαταραχὰς λαμβανόντων, κλύδωνα καὶ βρασμὸν εἶναι καὶ φθόρου καὶ πλάνης καὶ ναυαγίων μεστὰ πάντα,
πρίν γε τὴν γῆν μέγεθος λαβοῦσαν ἐκ τῶν συνισταμένων καὶ φερομένων ἱδρυθῆναί πως αὐτὴν καὶ τοῖς ἄλλοις ἵδρυσιν ἐν αὑτῇ καὶ περὶ αὑτὴν παρασχεῖν,
οὕτω τῶν μεγίστων ἐν ἀνθρώποις δυνάμεων καὶ ἡγεμονιῶν κατὰ τύχας ἐλαυνομένων καὶ συμφερομένων ὑπὸ τοῦ μηδένα κρατεῖν βούλεσθαι δὲ πάντας, ἀμήχανος ἦν ἡ<!--<note n="v.4.p.326.n.3" place="unspecified" anchored="yes"/>--> φορὰ<!--<note n="v.4.p.326.n.4" place="unspecified" anchored="yes"/>--> καὶ πλάνη καὶ μεταβολὴ πᾶσα πάντων, μέχρι οὗ τῆς Ῥώμης ἰσχὺν καὶ αὔξησιν
<milestone unit="stephpage" id="stephpage-317c" n="317c"/> λαβούσης καὶ ἀναδησαμένης τοῦτο μὲν ἔθνη καὶ δήμους ἐν αὑτῇ, τοῦτο δʼ ἀλλοφύλους καὶ διαποντίους βασιλέων ἡγεμονίας, ἕδραν ἔσχε τὰ μέγιστα καὶ ἀσφάλειαν, εἰς κόσμον εἰρήνης καὶ ἕνα κύκλον τῆς ἡγεμονίας ἀπταίστου<!--<note n="v.4.p.326.n.5" place="unspecified" anchored="yes"/>--> περιφερομένης, πάσης μὲν ἀρετῆς ἐγγενομένης τοῖς ταῦτα μηχανησαμένοις, πολλῆς δὲ καὶ τύχης συνελθούσης,
ὡς ἐνέσται τοῦ λόγου προϊόντος ἐνδείξασθαι.
<pb id="v.4.p.328"/>
</p>
</div1>
<div1 type="section" n="3">
<p>νυνὶ δέ μοι δοκῶ τοῦ προβλήματος ὥσπερ ἀπὸ σκοπιᾶς<!--<note n="v.4.p.328.n.1" place="unspecified" anchored="yes"/>--> καθορᾶν ἐπὶ τὴν σύγκρισιν καὶ τὸν ἀγῶνα τήν τε Τύχην καὶ τὴν
Ἀρετὴν βαδιζούσας. ἀλλὰ τῆς μὲν Ἀρετῆς πρᾶόν τε τὸ βάδισμα καὶ
τὸ βλέμμα καθεστηκός, παρέχει<!--<note n="v.4.p.328.n.2" place="unspecified" anchored="yes"/>--> δέ τι καὶ τῷ
<milestone unit="stephpage" id="stephpage-317d" n="317d"/> προσώπῳ πρὸς τὴν ἅμιλλαν ἐρύθημα τῆς
φιλοτιμίας. καὶ πολὺ μὲν ὑστερεῖ σπευδούσης τῆς Τύχης,
ἄγουσι δʼ αὐτὴν καὶ δορυφοροῦσι κατὰ πλῆθος
<quote rend="blockquote">ἄνδρες ἀρηίφατοι βεβροτωμένα τεύχεʼ ἔχοντες,</quote> 
ἐναντίων τραυμάτων ἀνάπλεῳ, αἷμα συμμεμιγμένον ἱδρῶτι σταλάζοντες, ἡμικλάστοις
ἐπιβεβηκότες λαφύροις. βούλεσθε δὲ πυθώμεθα, τίνες ποτʼ εἰσὶν οὗτοι; Φαβρίκιοί φασιν εἶναι καὶ Κάμιλλοι
καὶ Δέκιοι<!--<note n="v.4.p.328.n.3" place="unspecified" anchored="yes"/>--> καὶ Κικιννᾶτοι καὶ Μάξιμοι Φάβιοι καὶ Κλαύδιοι Μάρκελλοι καὶ Σκιπίωνες. ὁρῶ δὲ καὶ
Γάιον Μάριον ὀργιζόμενον τῇ Τύχῃ, καὶ Μούκιος ἐκεῖ Σκαιόλας<!--<note n="v.4.p.328.n.4" place="unspecified" anchored="yes"/>--> τὴν φλεγομένην χεῖρα δείκνυσι βοῶν
<milestone unit="stephpage" id="stephpage-317e" n="317e"/>
<q direct="unspecified">μὴ καὶ ταύτην τῇ Τύχῃ χαρίζῃ;</q> καὶ Μάρκος
Ὡράτιος<!--<note n="v.4.p.328.n.5" place="unspecified" anchored="yes"/>--> ἀριστεὺς παραποτάμιος Τυρρηνικοῖς
βέλεσι βαρυνόμενος καὶ σκάζοντα μηρὸν παρέχων,
ἐκ βαθείας ὑποφθέγγεται δίνης, <q direct="unspecified">οὐκοῦν κἀγὼ
κατὰ τύχην πεπήρωμαι;</q> τοιοῦτος ὁ τῆς Ἀρετῆς χορὸς πρόσεισιν ἐπὶ τὴν σύγκρισιν,
<quote rend="blockquote">βριθὺς ὁπλιτοπάλας δάιος ἀντιπάλοις.
</quote>
</p>
<pb id="v.4.p.330"/>
</div1>
<div1 type="section" n="4">
<p>τῆς δὲ Τύχης ὀξὺ μὲν τὸ κίνημα καὶ θρασὺ
τὸ φρόνημα καὶ μεγάλαυχος<!--<note n="v.4.p.330.n.1" place="unspecified" anchored="yes"/>--> ἡ ἐλπίς, φθάνουσα δὲ 
τὴν Ἀρετὴν ἐγγύς ἐστιν, οὐ πτεροῖς ἐλαφρίζουσα 
κούφοις ἑαυτὴν οὐδʼ ἀκρώνυχον ὑπὲρ σφαίρας τινὸς
ἴχνος καθεῖσα<!--<note n="v.4.p.330.n.2" place="unspecified" anchored="yes"/>--> περισφαλὴς καὶ ἀμφίβολος
πρόσεισιν, εἶτʼ ἄπεισιν ἀιδής<!--<note n="v.4.p.330.n.3" place="unspecified" anchored="yes"/>-->· ἀλλʼ ὥσπερ οἱ Σπαρτιᾶται
<milestone unit="stephpage" id="stephpage-317f" n="317f"/> τὴν Ἀφροδίτην λέγουσι διαβαίνουσαν τὸν Εὐρώταν
τὰ μὲν ἔσοπτρα καὶ τοὺς χλιδῶνας καὶ τὸν κεστὸν 
ἀποθέσθαι, δόρυ δὲ καὶ ἀσπίδα λαβεῖν κοσμουμένην
τῷ Λυκούργῳ· οὕτως ἡ Τύχη καταλιποῦσα Πέρσας
καὶ Ἀσσυρίους Μακεδονίαν μὲν ἐλαφρὰ διέπτη καὶ
ἀπεσείσατο ταχέως Ἀλέξανδρον, καὶ διʼ Αἰγύπτου
καὶ Συρίας περιφέρουσα βασιλείας διώδευσε, καὶ
<milestone unit="stephpage" id="stephpage-318a" n="318a"/>Καρχηδονίους στρεφομένη πολλάκις ἐβάστασε· τῷ
δὲ Παλατίῳ προσερχομένη καὶ διαβαίνουσα τὸν 
Θύμβριν ὡς ἔοικεν ἔθηκε τὰς πτέρυγας, ἐξέβη τῶν 
πεδίλων, ἀπέλιπε τὴν ἄπιστον καὶ παλίμβολον 
σφαῖραν. οὕτως εἰσῆλθεν εἰς Ῥώμην ὡς μενοῦσα
καὶ τοιαύτη πάρεστιν ὡς<!--<note n="v.4.p.330.n.4" place="unspecified" anchored="yes"/>--> ἐπὶ τὴν δίκην.
<quote rend="blockquote">οὐ μὲν γὰρἀπειθὴς,<!--<note/>--></quote> 
κατὰ Πίνδαρον, 
<quote rend="blockquote">οὐδὲ δίδυμον στρέφουσα πηδάλιον,</quote> 
ἀλλὰ μᾶλλον
<quote rend="blockquote">
<l>εὐνομίας καὶ Πειθοῦς ἀδελφὰ
</l>
<l>καὶ Προμαθείας<!--<note n="v.4.p.330.n.6" place="unspecified" anchored="yes"/>--> θυγάτηρ,</l>
</quote>
<pb id="v.4.p.332"/>
ὡς γενεαλογεῖ Ἀλκμάν. τὸ δʼ ὑμνούμενον ἐκεῖνο τοῦ πλούτου κέρας ἔχει διὰ χειρός, οὐκ ὀπώρας ἀεὶ θαλλούσης μεστόν, ἀλλʼ ὅσα φέρει πᾶσα γῆ πᾶσα
<milestone unit="stephpage" id="stephpage-318b" n="318b"/> δὲ θάλαττα καὶ ποταμοὶ καὶ μέταλλα καὶ λιμένες, ἄφθονα καὶ ῥύδην ἐπιχεαμένη. λαμπροὶ δὲ καὶ διαπρεπεῖς ἄνδρες οὐκ ὀλίγοι μετʼ
αὐτῆς ὁρῶνται, Πομπίλιος Νομᾶς ἐκ Σαβίνων καὶ Πρῖσκος
ἐκ Ταρκυνίων, οὓς ἐπήλυδας βασιλεῖς καὶ ξένους ἐνιδρύσατο τοῖς Ῥωμύλου θρόνοις· καὶ Παῦλος Αἰμίλιος ἀπὸ Περσέως καὶ Μακεδόνων ἄτρωτον στρατὸν ἄγων καὶ νίκην ἄδακρυν θριαμβεύων
μεγαλύνει τὴν Τύχην μεγαλύνει δὲ καὶ Καικίλιος Μέτελλος ὁ Μακεδονικός γέρων, ὑπὸ τεττάρων παίδων εον
ὑπατικῶν ἐκκομιζόμενος, Κοΐντου Βαλεαρικοῦ<!--<note n="v.4.p.332.n.1" place="unspecified" anchored="yes"/>--> καὶ
<milestone unit="stephpage" id="stephpage-318c" n="318c"/>Λευκίου Διαδημάτα καὶ Μάρκου Μετέλλου καὶ
Γαΐου Καπραρίου, καὶ δυοῖν γαμβρῶν ὑπατικῶν καὶ θυγατριδῶν κοσμουμένων ἐπιφανέσιν ἀριστείαις
καὶ πολιτείαις. Αἰμίλιος δὲ Σκαῦρος ἐκ ταπεινοῦ βίου καὶ ταπεινοτέρου γένους καινὸς ἄνθρωπος ἀρθεὶς ὑπʼ
αὐτῆς προγράφεται τοῦ μεγάλου συνεδρίου. Κορνήλιον δὲ Σύλλαν ἐκ τῶν Νικοπόλεως τῆς ἑταίρας ἀναλαβοῦσα καὶ βαστάσασα κόλπων
ὑψηλότερον τῶν Κιμβρικῶν Μαρίου θριάμβων καὶ τῶν ἑπτὰ ὑπατειῶν ἐπιτίθησι μοναρχίαις καὶ
δικτατωρίαις. ἄντικρυς οὗτος τῇ Τύχῃ μετὰ τῶν πράξεων
<pb id="v.4.p.334"/> ἑαυτὸν εἰσεποίει βοῶν κατὰ τὸν Οἰδίποδα τὸν Σοφοκλέους
<milestone unit="stephpage" id="stephpage-318d" n="318d"/>
<quote rend="blockquote">ἐγὼ δʼ ἐμαυτὸν παῖδα τῆς Τύχης νέμω.</quote> 
καὶ Ῥωμαϊστὶ μὲν Φήλιξ ὠνομάζετο, τοῖς δʼ Ἕλλησιν οὕτως ἔγραφε <q direct="unspecified">Λούκιος Κορνήλιος Σύλλας Ἐπαφρόδιτος.</q> καὶ τὰ παρʼ ἡμῖν ἐν Χαιρωνείᾳ τρόπαια καὶ τὰ<!--<note n="v.4.p.334.n.1" place="unspecified" anchored="yes"/>--> τῶν Μιθριδατικῶν οὕτως
ἐπιγέγραπται,, καὶ εἰκότως<!--<note n="v.4.p.334.n.2" place="unspecified" anchored="yes"/>-->· <q direct="unspecified">πλεῖστον γὰρ Ἀφροδίτης οὐ</q>
<q direct="unspecified">νύξ,</q> κατὰ Μένανδρον, ἀλλὰ τύχη μετέσχηκεν.</p>
</div1>
<div1 type="section" n="5">
<p>ἆρʼ
οὖν<!--<note n="v.4.p.334.n.3" place="unspecified" anchored="yes"/>--> ταύτην τις ἀρχὴν ποιησάμενος οἰ
-
κείαν ἂν ὑπὲρ τῆς Τύχης ἐπάγοιτο μάρτυρας αὖ
τοὺς<!--<note n="v.4.p.334.n.4" place="unspecified" anchored="yes"/>--> Ῥωμαίους, ὡς τῇ Τύχῃ πλέον ἢ τῇ Ἀρετῇ νέμοντας; ἀρετῆς μέν γε παρʼ αὐτοῖς ὀψὲ καὶ μετὰ πολλοὺς χρόνους ἱερὸν ἱδρύσατο Σκιπίων ὁ
<milestone unit="stephpage" id="stephpage-318e" n="318e"/>Νομαντῖνος, εἶτα Μάρκελλος<!--<note n="v.4.p.334.n.5" place="unspecified" anchored="yes"/>--> τὸ Οὐιρτοῦτίς τε καὶ
Ὀνῶρις προσαγορευόμενον, καὶ τὸ τῆς Μέντις καλουμένης Γνώμης ἂν νομίζοιτο Σκαῦρος
Αἰμίλιος, περὶ τὰ Κιμβρικὰ τοῖς χρόνοις γεγονώς· ἤδη τότε λόγων καὶ σοφισμάτων<!--<note n="v.4.p.334.n.6" place="unspecified" anchored="yes"/>--> καὶ στωμυλίας
παρεισρυείσης εἰς τὴν πόλιν ἤρχοντο σεμνύνειν τὰ
<pb id="v.4.p.336"/> τοιαῦτα. σοφίας δὲ μέχρι καὶ νῦν ἱερὸν οὐκ ἔστιν οὐδὲ Σωφροσύνης ἢ μεγαλοψυχίας ἢ καρτερίας ἢ
ἐγκρατείας· ἀλλὰ τά γε τῆς Τύχης ἱερὰ λαμπρὰ καὶ
παλαιά, καὶ ὁμοῦ τι τοῖς πρώτοις καταμεμειγμένα
τῆς πόλεως θεμελίοις γέγονε. πρῶτος μὲν γὰρ
ἱδρύσατο Τύχης ἱερὸν Μάρκιος<!--<note n="v.4.p.336.n.1" place="unspecified" anchored="yes"/>--> Ἄγκος, ὁ Νομᾶ<!--<note n="v.4.p.336.n.2" place="unspecified" anchored="yes"/>--><milestone unit="stephpage" id="stephpage-318f" n="318f"/> θυγατριδοῦς καὶ τέταρτος ἀπὸ Ῥωμύλου βασιλεὺς
γενόμενος· καὶ τάχα που τῇ τύχῃ τὴν ἀνδρείαν<!--<note n="v.4.p.336.n.3" place="unspecified" anchored="yes"/>--> παρωνόμασεν,<!--<note/>--> ᾗ πλεῖστον εἰς τὸ νικᾶν τύχης
μέτεστι. τὸ δὲ τῆς Γυναικείας Τύχης κατεσκευάσαντο πρὸ Καμίλλου<!--<note n="v.4.p.336.n.5" place="unspecified" anchored="yes"/>--> ὅτε Μάρκιον Κοριόλανον ἐπάγοντα τῇ πόλει Οὐολούσκους ἀπεστρέψαντο<!--<note n="v.4.p.336.n.6" place="unspecified" anchored="yes"/>--> διὰ τῶν γυναικῶν. πρεσβευσάμεναι γὰρ αὗται πρὸς τὸν ἄνδρα μετὰ τῆς μητρὸς αὐτοῦ καὶ τῆς
γυναικός, ἐξελιπάρησαν καὶ κατειργάσαντο φείσασθαι τῆς πόλεως καὶ τὴν στρατιὰν τῶν βαρβάρων
ἀπαγαγεῖν.<milestone unit="stephpage" id="stephpage-319a" n="319a"/> τότε<!--<note n="v.4.p.336.n.7" place="unspecified" anchored="yes"/>--> λέγεται τὸ ἄγαλμα τῆς Τύχης ἅμα
τῷ καθιερωθῆναι φωνὴν ἀφεῖναι καὶ εἰπεῖν, <q direct="unspecified">ὁσίῳ<!--<note n="v.4.p.336.n.8" place="unspecified" anchored="yes"/>--> 
με πόλεως νόμῳ, γυναῖκες ἀσταί, καθιδρύσασθε.</q>
</p>
<p>καὶ μὴν καὶ Φούριος Κάμιλλος, ὅτε τὸ Κελτικὸν ἔσβεσε πῦρ, καὶ τὴν Ῥώμην ἀντίρροπον χρυσῷ κεκλιμένην ἀπὸ τοῦ ζυγοῦ καὶ τῆς πλάστιγγος
<pb id="v.4.p.338"/> καθεῖλεν, οὔτʼ εὐβουλίας οὔτʼ ἀνδρείας, ἀλλὰ Φήμης
ἱδρύσατο καὶ Κληδόνος ἱερὸν<!--<note n="v.4.p.338.n.1" place="unspecified" anchored="yes"/>--> παρὰ τὴν Καινὴν ὁδόν, ὅπου φασὶ πρὸ τοῦ πολέμου Μάρκῳ Καιδικίῳ<!--<note n="v.4.p.338.n.2" place="unspecified" anchored="yes"/>--> βαδίζοντι νύκτωρ φωνὴν γενέσθαι κελεύουσαν
ὀλίγῳ χρόνῳ Γαλατικὸν πόλεμον προσδέχεσθαι.
</p>
<p>τὴν δὲ πρὸς τῷ ποταμῷ Τύχην <q direct="unspecified">φόρτιν</q> ιν<!--<note n="v.4.p.338.n.3" place="unspecified" anchored="yes"/>--><milestone unit="stephpage" id="stephpage-319b" n="319b"/> καλοῦσιν ὅπερ ἐστὶν ἰσχυρὰν ἢ ἀριστευτικὴν ἢ
ἀνδρείαν, ὡς τὸ νικητικὸν ἁπάντων κράτος ἔχουσαν. καὶ τόν γε ναὸν<!--<note n="v.4.p.338.n.4" place="unspecified" anchored="yes"/>--> αὐτῆς ἐν τοῖς ὑπὸ Καίσαρος
τῷ δήμῳ καταλειφθεῖσι κήποις ᾠκοδόμησαν, ἡγούμενοι κἀκεῖνον εὐτυχίᾳ γενέσθαι μέγιστον, ὡς αὐτὸς ἐμαρτύρησε.</p>
</div1>
<div1 type="section" n="6">
<p>περὶ δὲ Γαΐου Καίσαρος
ᾐδέσθην ἂν εἰπεῖν,
ὡς ὑπʼ εὐτυχίας ἤρθη μέγιστος, εἰ μὴ τοῦτʼ αὐτὸς
ἐμαρτύρησεν. ἐπεὶ γὰρ ἀπὸ Βρεντεσίου Πομπήιον
διώκων ἀνήχθη πρὸ μιᾶς ἡμέρας νωνῶν
Ἰανουαρίων, χειμῶνος ἐν τροπαῖς ὄντος, τὸ μὲν πέλαγος ἀσφαλῶς διεπέρασε, τῆς Τύχης τὸν καιρὸν
ὑπερθεμένης· εὑρὼν δὲ τὸν Πομπήιον ἄθρουν καὶ πολὺν
<milestone unit="stephpage" id="stephpage-319c" n="319c"/> μὲν ἐν γῇ πολὺν δʼ
ἐν θαλάττῃ μετὰ πασῶν ἅμα τῶν δυνάμεων καθεζόμενον αὐτὸς ὀλιγοστὸς ὢν, τῆς
μετʼ Ἀντωνίου καὶ Σαβίνου στρατιᾶς αὐτῷ βραδυ -
νούσης, ἐτόλμησεν εἰς ἀκάτιον μικρὸν ἐμβὰς καὶ
λαθὼν τόν τε ναύκληρον καὶ τὸν κυβερνήτην ὥς τινος θεράπων ἀναχθῆναι. σκληρᾶς δὲ πρὸς τὸ
<pb id="v.4.p.340"/> ῥεῦμα τοῦ ποταμοῦ γενομένης ἀντιμεταβάσεως καὶ κλύδωνος ἰσχυροῦ,<!--<note/>--> μεταβαλλόμενον ὁρῶν τὸν
κυβερνήτην ἀφεῖλεν ἀπὸ τῆς κεφαλῆς<!--<note n="v.4.p.340.n.70" place="unspecified" anchored="yes"/>--> ἱμάτιον, καὶ ἀναδείξας ἑαυτόν, <q direct="unspecified">ἴθι,</q> ἔφη, <q direct="unspecified">γενναῖε, τόλμα καὶ
<milestone unit="stephpage" id="stephpage-319d" n="319d"/> δέδιθι,θι, μηδέν, ἀλλʼ
ἐπιδίδου τῇ Τύχῃ τὰ ἱστία
καὶ δέχου τὸ πνεῦμα, πιστεύων ὅτι Καίσαρα φέρεις
καὶ τὴν Καίσαρος Τύχην.</q> οὕτως ἐπέπειστο τὴν
Τύχην αὐτῷ συμπλεῖν, συναποδημεῖν, συστρατεύεσθαι, συστρατηγεῖν, ἧς ἔργον ἦν γαλήνην μὲν
ἐπιτάξαι θαλάττῃ, θέρος δὲ χειμῶνι, τάχος δὲ τοῖς
βραδυτάτοις, ἀλκὴν δὲ τοῖς ἀθυμοτάτοις, τὸ δὲ
τούτων ἀπιστότερον, φυγὴν Πομπηίῳ καὶ Πτολεμαίῳ ξενοκτονίαν, ἵνα καὶ Πομπήιος πέσῃ καὶ Καῖσαρ
μὴ<!--<note n="v.4.p.340.n.7" place="unspecified" anchored="yes"/>--> μιανθῇ.</p>
</div1>
<div1 type="section" n="7">
<p>τί δέ; ὁ τούτου μὲν υἱός, πρῶτος δʼ
ἀναγορευθεὶς Σεβαστὸς ἄρξας δὲ τέτταρα καὶ πεντήκοντα
<milestone unit="stephpage" id="stephpage-319e" n="319e"/> ἔτη, οὐκ αὐτὸς ἐκπέμπων τὸν θυγατριδοῦν ἐπὶ στρατείαν εὔξατο τοῖς θεοῖς ἀνδρείαν μὲν αὐτῷ δοῦναι τὴν Σκιπίωνος, εὔνοιαν δὲ τὴν Πομπηίου, Τύχην
δὲ τὴν αὑτοῦ; καθάπερ ἔργῳ μεγάλῳ
δημιουργὸν ἐπιγράψας ἑαυτῷ τὴν Τύχην, ἥτις αὐτὸν
ἐπιθεῖσα Κικέρωνι καὶ Λεπίδῳ καὶ Πάνσᾳ<!--<note n="v.4.p.340.n.2" place="unspecified" anchored="yes"/>--> καὶ Ἱρτίῳ
καὶ Μάρκῳ Ἀντωνίῳ,<!--<note/>--> ταῖς ἐκείνων ἀριστείαις καὶ χερσὶ καὶ νίκαις καὶ στόλοις καὶ πολέμοις<!--<note n="v.4.p.340.n.4" place="unspecified" anchored="yes"/>--> καὶ
στρατοπέδοις γενόμενον πρῶτον εἰς ὕψος ἄρασα
καὶ καταβαλοῦσα τούτους, διʼ ὧν ἀνέβη, μόνον
<pb id="v.4.p.342"/> κατέλιπεν. ἐκείνῳ γὰρ ἐπολιτεύετο Κικέρων καὶ
Λέπιδος ἐστρατήγει καὶ Πάνσας<!--<note n="v.4.p.342.n.1" place="unspecified" anchored="yes"/>--> ἐνίκα καὶ Ἵρτιος
<milestone unit="stephpage" id="stephpage-319f" n="319f"/> ἔπιπτε καὶ Ἀντώνιος ὕβριζεν. ἐγὼ γὰρ καὶ Κλεοπάτραν τῆς τύχης<!--<note n="v.4.p.342.n.2" place="unspecified" anchored="yes"/>--> Καίσαρος τἰθημι, περὶ ἣν ὡς
ἕρμα κατέδυ καὶ συνετρίβη τηλικοῦτος αὐτοκράτωρ,
ἵνʼ
ᾖ μόνος Καῖσαρ. λέγεται δὲ πολλῆς οἰκειότητος αὐτοῖς καὶ συνηθείας ὑπαρχούσης πολλάκις σχολαζόντων εἰς παιδιὰν σφαίρας ἢ κύβων ἢ νὴ Δία θρεμμάτων ἁμίλλης, οἷον ὀρτύγων,
ἀλεκτρυόνων, ἀεὶ νικώμενον Ἀντώνιον ἀπαλλάττεσθαι· καί τινα τῶν περὶ αὐτὸν ἐπὶ μαντείᾳ<!--<note n="v.4.p.342.n.3" place="unspecified" anchored="yes"/>--> σεμνυνόμενον
<milestone unit="stephpage" id="stephpage-320a" n="320a"/> πολλάκις παρρησιάζεσθαι καὶ νουθετεῖν, <q direct="unspecified">ὦ
ἄνθρωπε, τί σοι πρᾶγμα πρὸς τοῦτον ἔστι τὸν νεανίσκον; φεῦγʼ αὐτόν· ἐνδοξότερος εἶ, πρεσβύτερος εἶ, ἄρχεις πλειόνων, ἐνήθληκας πολέμοις, ἐμπειρίᾳ διαφέρεις· ἀλλʼ
ὁ σὸς δαίμων τὸν τούτου φοβεῖται· καὶ ἡ τύχη σου καθʼ
ἑαυτήν ἐστι μεγάλη κολακεύει
δὲ τὴν τούτου· ἐὰν μὴ μακρὰν ᾖς,<!--<note/>--> οἰχήσεται μεταβᾶσα πρὸς αὐτόν.</q>
</p>
</div1>
<div1 type="section" n="8">
<p>ἀλλὰ γὰρ αἱ μὲν ἀπὸ τῶν μαρτύρων πίστεις τοσαῦται τῇ Τύχῃ πάρεισι. δεῖ δὲ καὶ τὰς ἀπὸ τῶν πραγμάτων αὐτῶν εἰσάγειν, ἀρχὴν τοῦ λόγου τὴν ἀρχὴν τῆς πόλεως λαβόντας. εὐθὺς οὖν τίς  οὐκ
ἂν εἴποι πρὸς τὴν Ῥωμύλου γένεσιν καὶ σωτηρίαν
<milestone unit="stephpage" id="stephpage-320b" n="320b"/> καί, τροφὴν καὶ αὔξησιν τὴν μὲν Τύχην ὑποβολὰς<!--<note n="v.4.p.342.n.5" place="unspecified" anchored="yes"/>-->
κατατεθεῖσθαι τὴν δʼ Ἀρετὴν<!--<note n="v.4.p.342.n.6" place="unspecified" anchored="yes"/>--> ἐξῳκοδομηκέναι;
<pb id="v.4.p.344"/> πρῶτον μὲν οὖν τὸ περὶ τὴν γένεσιν καὶ τὴν τέκνωσιν αὐτῶν τῶν ἐνιδρυσαμένων<!--<note n="v.4.p.344.n.1" place="unspecified" anchored="yes"/>--> καὶ κτισάντων τὴν πόλιν εὐτυχίας ἔοικε θαυμαστῆς γενέσθαι. θεῷ γὰρ ἡ τεκοῦσα μειχθῆναι λέγεται, καὶ καθάπερ τὸν Ἡρακλέα σπαρῆναί φασιν ἐν μακρᾷ νυκτί, τῆς ἡμέρας ἐπισχεθείσης παρὰ φύσιν καὶ τοῦ ἡλίου βραδύναντος, οὕτω περὶ τὴν Ῥωμύλου σπορὰν καὶ καταβολὴν τὸν ἥλιον ἐκλιπεῖν ἱστοροῦσι,
ποιησάμενον ἀτρεκῆ σύνοδον πρὸς σελήνην, ᾧπερ<!--<note n="v.4.p.344.n.2" place="unspecified" anchored="yes"/>--> ὁ Ἄρης
<milestone unit="stephpage" id="stephpage-320c" n="320c"/> θεὸς ὢν τῇ Σιλβίᾳ θνητῇ συνῆλθε. ταὐτὸ δὲ
συντυχεῖν τῷ Ῥωμύλῳ καὶ περὶ τὴν μετάστασιν αὐτὴν τοῦ βίου· λέγουσι γὰρ ἐκλείποντος τοῦ ἡλίου
ἠφανίσθαι νώναις καπρατίναις, ἣν ἄχρι νῦν ἡμέραν ἐπιφανῶς ἑορτάζουσιν.
</p>
<p>ἔπειτα γεννηθέντας αὐτούς, τοῦ τυράννου
τάττοντος<!--<note n="v.4.p.344.n.3" place="unspecified" anchored="yes"/>--> ἀνελεῖν, παρέλαβε κατὰ τύχην οὐ βάρβαρος οὐδʼ ἄγριος ὑπηρέτης, ἐλεήμων δέ τις καὶ φιλάνθρωπος, ὥστε μὴ κτεῖναι ἀλλὰ τοῦ ποταμοῦ τις ἦν ὄχθη χλοερῷ λειμῶνι προσκλύζουσα καὶ περισκιαζομένη
χθαμαλοῖς δένδρεσιν· ἐνταῦθα κατέθηκε τὰ βρέφη πλησίον ἐρινεοῦ τινος, ὃν ῥουμινᾶλιν ὠνόμαζον.
<milestone unit="stephpage" id="stephpage-320d" n="320d"/> εἶτα λύκαινα μὲν νεοτόκος σπαργῶσα καὶ
πλημμυροῦσα τοὺς μαστοὺς γάλακτι, τῶν σκύμνων
<pb id="v.4.p.346"/> ἀπολωλότων, αὐτὴ<!--<note n="v.4.p.346.n.1" place="unspecified" anchored="yes"/>--> χρῄζουσα κουφισμοῦ,
περιέστειξε<!--<note n="v.4.p.346.n.2" place="unspecified" anchored="yes"/>--> τὰ βρέφη καὶ θηλὴν ἐπέσχεν, ὥσπερ ὠδῖνα δευτέραν ἀποτιθεμένη τὴν τοῦ γάλακτος. ἱερὸς δʼ ὄρνις Ἄρεος, ὃν δρυοκολάπτην καλοῦσιν, ἐπιφοιτῶν καὶ προσκαθίζων ἀκρώνυχος, ἐν μέρει τῶν νηπίων ἑκατέρου στόμα τῇ χηλῇ διοίγων, ἐνετίθει
ψώμισμα, τῆς αὑτοῦ τροφῆς ἀπομερίζων. τὸν μὲν οὖν ἐρινεὸν ῥουμινᾶλιν ὠνόμασαν ἀπὸ τῆς θηλῆς, ἣν ἡ λύκαινα παρʼ αὐτῷ<!--<note n="v.4.p.346.n.3" place="unspecified" anchored="yes"/>--> ὀκλάσασα τοῖς βρέφεσι παρέσχε. μέχρι δὲ πολλοῦ διεφύλαττον οἱ περὶ τὸν τόπον
<milestone unit="stephpage" id="stephpage-320e" n="320e"/> ἐκεῖνον κατοικοῦντες μηδὲν ἐκτιθέναι τῶν γεννωμένων, ἀλλʼ ἀναιρεῖσθαι πάντα καὶ τρέφειν, τὸ
Ῥωμύλου πάθος καὶ τὴν ὁμοιότητα τιμῶντες.
</p>
<p>καὶ μὴν τό τε λαθεῖν αὐτοὺς τρεφομένους καὶ παιδευομένους ἐν Γαβίοις ἀγνοηθῆναι τε<!--<note n="v.4.p.346.n.4" place="unspecified" anchored="yes"/>--> Σιλβίας ὄντας υἱοὺς καὶ θυγατριδοῦς Νομίτορος
τοῦ βασιλέως παντάπασι Τύχης κλέμμα α καὶ σόφισμα α φαίνεται γεγενημένον, ὅπως μὴ ἀπόλωνται πρὸ τῶν ἔργων διὰ τὸ γένος, ἀλλʼ
ἐν αὐτοῖς φανῶσι τοῖς κατορθώμασι, γνωρίσματα<!--<note n="v.4.p.346.n.5" place="unspecified" anchored="yes"/>--> τῆς εὐγενείας τὴν ἀρετὴν παρέχοντες.
</p>
<p>ἐνταῦθά μοι μεγάλου καὶ φρονίμου στρατηγοῦ λόγος ἔπεισι Θεμιστοκλέους ῥηθεὶς πρός τινας τῶν
<milestone unit="stephpage" id="stephpage-320f" n="320f"/> ὕστερον εὐημερούντων Ἀθήνησι στρατηγῶν καὶ προτιμᾶσθαι τοῦ Θεμιστοκλέους ἀξιούντων. ἔφη
<pb id="v.4.p.348"/> γὰρ τὴν ὑστεραίαν ἐρίσαι πρὸς τὴν ἑορτὴν λέγουσαν ὡς ἐκείνη μέν ἐστι κοπώδης καὶ ἄσχολος,
ἐν αὐτῇ δὲ τῶν παρεσκευασμένων ἀπολαύουσι μεθʼ
ἡσυχίας. τὴν οὖν ἑορτὴν εἰπεῖν, <q direct="unspecified">ἀληθῆ λέγεις,
ἀλλʼ ἐμοῦ μὴ γενομένης, ποῦ ἂν σὺ ἦσθα;</q>
<q direct="unspecified">κἀμοῦ τοίνυν,</q> ἔφη, <q direct="unspecified">μὴ γενομένου περὶ τὰ Μηδικά,
τίς  ἂν ὑμῶν ἦν νῦν ὄνησις; τοῦτό</q> μοι δοκεῖ πρὸς τὴν Ῥωμύλου Ἀρετὴν ἡ Τύχη λέγειν, <q direct="unspecified">λαμπρὰ μὲν τὰ σὰ ἔργα καὶ μεγάλα καὶ θεῖον ὡς ἀληθῶς
<milestone unit="stephpage" id="stephpage-321a" n="321a"/> ἐξέφηνας αἷμα καὶ γένος οὖσαν σεαυτήν· ἀλλʼ
ὁρᾷς
πόσον ὑστερεῖς μου; εἰ γὰρ ἐγὼ τότε μὴ
παρηκολούθησα χρηστὴ καὶ φιλάνθρωπος, ἀλλʼ ἀπέλιπον
καὶ προηκάμην τὰ νήπια, σὺ πῶς ἂν ἐγένου καὶ
πόθεν ἐξέλαμψας; εἰ τότε μὴ θῆλυ θηρίον ἐπῆλθε
φλεγμαῖνον ὑπὸ πλήθους καὶ φορᾶς γάλακτος καὶ τραφησομένου δεόμενον μᾶλλον ἢ θρέψοντος, ἀλλʼ
ἀνήμερόν τι τελέως καὶ λιμῶττον, οὐκ ἂν ἔτι νῦν
τὰ καλὰ ταῦτα βασίλεια καὶ ναοὶ καὶ θέατρα καὶ
περίπατοι καὶ ἀγοραὶ<!--<note n="v.4.p.348.n.1" place="unspecified" anchored="yes"/>--> καὶ ἀρχεῖα βοτηρικαὶ<!--<note n="v.4.p.348.n.2" place="unspecified" anchored="yes"/>--> καλύβαι
καὶ σταθμοὶ νομέων ἦσαν Ἀλβανὸν ἢ Τυρρηνὸν ἢ
Λατῖνον ἄνδρα δεσπότην προσκυνούντων; ἀρχὴ</q>
<milestone unit="stephpage" id="stephpage-321b" n="321b"/> μὲν δὴ μέγιστον ἐν παντί, μάλιστα δʼ
ἐν ἱδρύσει καὶ κτίσει πόλεως· ταύτην δʼ
ἡ Τύχη παρέσχε σῴσασα καὶ φυλάξασα τὸν κτίστην ἡ μὲν γὰρ Ἀρετὴ μέγαν
ἐποίησε Ῥωμύλον, ἡ Τύχη δʼ ἄχρι τοῦ γενέσθαι
μέγαν ἐτήρησε.</p>
</div1>
<div1 type="section" n="9">
<p>καὶ μὴν τήν γε Νομᾶ βασιλείαν
<pb id="v.4.p.350"/> πολυχρονιωτάτην γενομένην ὁμολογουμένως εὐτυχία διεκυβέρνησε θαυμαστή. τὸ μὲν γὰρ Ἐγερίαν τινά, νυμφῶν
μίαν δρυάδων, δαίμονα σοφὴν ἔρωτι τἀνδρὸς ἐν
συνουσίᾳ γενομένην, παραπαιδαγωγεῖν καὶ συσχηματίζειν τὴν πολιτείαν ἴσως μυθωδέστερόν ἐστι.
<milestone unit="stephpage" id="stephpage-321c" n="321c"/> καὶ γὰρ ἄλλοι λεχθέντες ἅψασθαι γάμων θείων καὶ θεοῖς ἐράσμιοι γενέσθαι, Πηλεῖς καὶ Ἀγχῖσαι καὶ Ὠρίωνες καὶ
Ἠμαθίωνες, οὐ πάντως ἀγαπητῶς
οὐδʼ ἀλύπως διεβίωσαν. ἀλλὰ Νομᾶς ἔοικε τὴν ἀγαθὴν Τύχην ἔχειν ὡς ἀληθῶς σύνοικον καὶ
σύνεδρον καὶ συνάρχουσαν, ἣ, καθάπερ ἐν κλύδωνι θολερῷ καὶ τεταραγμένῳ πελάγει, τῇ τῶν
προσοίκων καὶ γειτόνων ἔχθρᾳ καὶ χαλεπότητι τὴν πόλιν φερομένην καὶ φλεγμαίνουσαν ὑπὸ μυρίων πόνων
καὶ διχοστασιῶν παραλαβοῦσα τοὺς μὲν ἀντιτεταγμένους θυμοὺς καὶ φθόνους ὥσπερ πνεύματα
<milestone unit="stephpage" id="stephpage-321d" n="321d"/> κατέσβεσεν· οἷα δέ φασι τὰς ἀλκυόνων λοχείας παραδεξαμένην τὴν θάλατταν ἐν χειμῶνι σῴζειν καὶ συνεκτιθηνεῖσθαι, τοιαύτην ἀναχεαμένη καὶ περιστήσασα γαλήνην πραγμάτων ἀπόλεμον<!--<note n="v.4.p.350.n.1" place="unspecified" anchored="yes"/>--> καὶ ἄνοσον
καὶ ἀκίνδυνον καὶ ἄφοβον, νεοσταθεῖ δήμῳ καὶ
κραδαινομένῳ παρέσχε ῥιζῶσαι καὶ καταστῆσαι τὴν
πόλιν αὐξανομένην ἐν ἡσυχίᾳ βεβαίως καὶ ἀνεμποδίστως. ὥσπερ γὰρ ὁλκὰς ἢ τριήρης ναυπηγεῖται μὲν ὑπὸ πληγῶν καὶ βίας πολλῆς, σφύραις καὶ
ἥλοις ἀρασσομένη καὶ γομφώμασι καὶ πρίοσι καὶ πελέκεσι, γενομένην δὲ στῆναι δεῖ καὶ παγῆναι
<pb id="v.4.p.352"/> σύμμετρον χρόνον, ἕως οἵ τε δεσμοὶ κάτοχοι
γένωνται<milestone unit="stephpage" id="stephpage-321e" n="321e"/> καὶ συνήθειαν οἱ γόμφοι λάβωσιν· ἐὰν δὲ ὑγροῖς ἔτι καὶ περιολισθάνουσι τοῖς ἁρμοῖς κατασπασθῇ, πάντα χαλάσει διατιναχθέντα καὶ δέξεται
τὴν θάλατταν· οὕτω τὴν Ῥώμην ὁ μὲν πρῶτος ἄρχων καὶ δημιουργὸς ἐξ ἀγρίων καὶ βοτήρων ὥσπερ ἐκ δρυόχων κραταιῶν συνιστάμενος, οὐκ
ὀλίγους πόνους ἔσχεν οὐδὲ μικροῖς ἀντήρεισε πολέμοις καὶ κινδύνοις, ἐξ ἀνάγκης ἀμυνόμενος τοὺς ἀνθισταμένους πρὸς τὴν γένεσιν καὶ ἵδρυσιν αὐτῆς.
</p>
<p>ὁ δὲ δεύτερος παραλαβὼν χρόνον ἔσχε<!--<note n="v.4.p.352.n.1" place="unspecified" anchored="yes"/>--> πῆξαι
καὶ βεβαιῶσαι τὴν αὔξησιν τῇ εὐτυχίᾳ,
ἐπιλαβόμενος πολλῆς μὲν εἰρήνης πολλῆς δʼ ἡσυχίας.
<milestone unit="stephpage" id="stephpage-321f" n="321f"/> εἰ δὲ τότε Πορσίνας τις ἐπέβρισε Τυρρηνικὸν χάρακα καὶ στρατόπεδον παραστήσας τείχεσιν ὑγροῖς ἔτι
καὶ κραδαινομένοις ἤ τις ἐκ Μαρσῶν ἀποστὰς ἀρειμάνιος δυνάστης ἢ Λευκανὸς ὑπὸ φθόνου καὶ φιλονεικίας, ἀνὴρ δύσερις καὶ πολεμοποιός, οἷος ὕστερον
Μουτίλος<!--<note n="v.4.p.352.n.2" place="unspecified" anchored="yes"/>--> ἢ Σίλων ὁ θρασὺς ἢ τὸ ἔσχατον Σύλλα πάλαισμα Τελεσῖνος,<!--<note/>--> ὡς ἀφʼ ἑνὸς συνθήματος ὅλην ἐξοπλίζων τὴν
Ἰταλίαν, τὸν φιλόσοφον Νομᾶν
περιεσάλπιζε θύοντα καὶ προσευχόμενον, οὐκ ἂν ἀντέσχον αἱ πρῶται τῆς πόλεως ἀρχαὶ πρὸς σάλον
<milestone unit="stephpage" id="stephpage-322a" n="322a"/> καὶ κλύδωνα τοσοῦτον οὐδʼ εἰς εὐανδρίαν καὶ
πλῆθος ἐπέδωκαν· νῦν δʼ ἔοικε<!--<note n="v.4.p.352.n.4" place="unspecified" anchored="yes"/>--> τῆς πρὸς τοὺς
<pb id="v.4.p.354"/>
ὕστερον πολέμους παρασκευῆς ἐφόδιον Ῥωμαίοις
ἡ τότʼ εἰρήνη γενέσθαι, καὶ καθάπερ ἀθλητὴς ὁ δῆμος ἐκ τῶν κατὰ Ῥωμύλον ἀγώνων ἐν ἡσυχίᾳ χρόνον ἐτῶν τριῶν καὶ τετταράκοντα σωμασκήσας τὴν δύναμιν ἀξιόμαχον καταστῆσαι τοῖς ὕστερον ἀντιταττομένοις. οὐδὲ γὰρ λιμὸν οὐδὲ λοιμὸν οὐδʼ ἀφορίαν γῆς οὐδʼ ἀωρίαν τινὸς θέρους ἢ χειμῶνος
ἐν τῷ τότε χρόνῳ παραλυπῆσαι τὴν Ῥώμην λέγουσιν, ὡς οὐκ ἀνθρωπίνης εὐβουλίας ἀλλὰ θείας Τύχης ἐπιτροπευούσης τῶν καιρῶν ἐκείνων. ἐκλείσθη δʼ οὖν τότε καὶ τὸ τοῦ Ἰανοῦ δίπυλον, ὃ
<milestone unit="stephpage" id="stephpage-322b" n="322b"/> πολέμου πύλην<!--<note n="v.4.p.354.n.1" place="unspecified" anchored="yes"/>--> καλοῦσιν ἀνέῳγε μὲν γὰρ ὅταν ᾖ πόλεμος, κλείεται δʼ εἰρήνης γενομένης. Νομᾶ δʼ ἀποθανόντος ἀνεῴχθη τοῦ πρὸς Ἀλβανοὺς πολέμου συρραγέντος. εἶτα μυρίων ἄλλων συνεχῶς ὑπολαμβανόντων πάλιν δἰ ἐτῶν ὀγδοήκοντα καὶ τετρακοσίων ἐκλείσθη μετὰ τὸν πρὸς Καρχηδονίους πόλεμον εἰρήνης γενομένης Γαΐου Ἀτιλίου καὶ Τίτου Μαλλίου<!--<note n="v.4.p.354.n.2" place="unspecified" anchored="yes"/>--> ὑπάτων, μετὰ δὲ τοῦτον τὸν ἐνιαυτὸν αὖθις ἀνεῴχθη καὶ διέμειναν οἱ πόλεμοι.
ἄχρι τῆς ἐν Ἀκτίῳ νίκης Καίσαρος· τότε δʼ ἤργησε
τὰ Ῥωμαίων ὅπλα χρόνον οὐ πολύν αἱ γὰρ ἀπὸ
<milestone unit="stephpage" id="stephpage-322c" n="322c"/>Καντάβρων ταραχαὶ καὶ Γαλατίας συρραγεῖσαι Γερμανοῖς συνετάραξαν τὴν εἰρήνην. ἀλλὰ ταῦτα μὲν εὐτυχίας τῆς Νομᾶ προσιστόρηται μαρτύρια.</p>
</div1>
<div1 type="section" n="10">
<p>τὴν δὲ Τύχην καὶ οἱ μετʼ ἐκεῖνον ἐθαύμασαν βασιλεῖς ὡς πρωτόπολιν καὶ τιθηνὸν καὶ
<pb id="v.4.p.356"/>
<q direct="unspecified">φερέπολιν τῆς</q> Ῥώμης ἀληθῶς κατὰ Πίνδαρον
Σέρβιος δὲ Τύλλιος, ἀνὴρ τῶν βασιλέων μάλιστα καὶ τὴν δύναμιν αὐξήσας τοῦ δήμου καὶ τὸ πολίτευμα κοσμήσας καὶ τάξιν μὲν ἐπιθεὶς ταῖς
ψηφοφορίαις, τάξιν δὲ ταῖς στρατείαις, τιμητὴς δὲ πρῶτος καὶ βίων ἐπίσκοπος καὶ σωφροσύνης
γενόμενος καὶ δοκῶν ἀνδρειότατος εἶναι καὶ
φρονιμώτατος, αὐτὸς ἑαυτὸν εἰς τὴν Τύχην ἀνῆπτε καὶ
ἀνεδεῖτο τὴν ἡγεμονίαν ἐξ ἐκείνης, ὥστε καὶ
συνεῖναι δοκεῖν αὐτῷ τὴν Τύχην διά τινος θυρίδος
<pb id="v.4.p.358"/>
καταβαίνουσαν εἰς τὸ δωμάτιον<!--<note n="v.4.p.358.n.1" place="unspecified" anchored="yes"/>--> νῦν Φενέστελλαν<!--<note n="v.4.p.358.n.2" place="unspecified" anchored="yes"/>--><milestone unit="stephpage" id="stephpage-322f" n="322f"/> πύλην καλοῦσιν. ἱδρύσατο δʼ οὖν Τύχης ἱερὸν ἐν μὲν Καπετωλίῳ τὸ τῆς Πριμιγενείας λεγομένης,
ὃ πρωτογόνου τις ἂν ἑρμηνεύσειε· καὶ τὸ τῆς
Ὀψεκουέντις, ἣν οἱ μὲν πειθήνιον οἱ
δὲ μειλίχιον εἶναι νομίζουσι. μᾶλλον δὲ τὰς Ῥωμαϊκὰς ἐάσας
ὀνομασίας Ἑλληνιστὶ τὰς δυνάμεις τῶν ἱδρυμάτων πειράσομαι καταριθμήσασθαι. καὶ γὰρ ἰδίας Τύχης
ἱερόν ἐστιν ἐν Παλατίῳ, καὶ τὸ τῆς ἰξευτρίας, εἰ
καὶ γελοῖον, ἀλλʼ ἔχον ἐκ μεταφορᾶς ἀναθεώρησιν,
οἷον ἑλκούσης τὰ πόρρω καὶ κρατούσης
συμπροσισχόμενα. παρὰ δὲ τὴν Μουσκῶσαν<!--<note n="v.4.p.358.n.3" place="unspecified" anchored="yes"/>--> καλουμένην
<milestone unit="stephpage" id="stephpage-323a" n="323a"/> κρήνην ἔτι Παρθένου Τύχης ἱερόν ἐστι καὶ<!--<note n="v.4.p.358.n.4" place="unspecified" anchored="yes"/>--> ἐν Αἰσκυλίαις<!--<note n="v.4.p.358.n.5" place="unspecified" anchored="yes"/>--> ἐπιστρεφομένης· ἐν δὲ τῷ μακρῷ στενωπῷ Τύχης βωμὸς Εὐέλπιδος<!--<note n="v.4.p.358.n.6" place="unspecified" anchored="yes"/>-->· ἔστι δὲ καὶ παρὰ τὸν τῆς Ἀφροδίτης ἐπιταλαρίου<!--<note n="v.4.p.358.n.7" place="unspecified" anchored="yes"/>--> βωμὸν ἄρρενος Τύχης ἕδος. ἄλλαι τε μυρίαι Τύχης τιμαὶ καὶ ἐπικλήσεις, ὧν τὰς πλείστας Σερούιος κατέστησεν,
εἰδὼς ὅτι <q direct="unspecified">μεγάλη ῥοπή, μᾶλλον δʼ ὅλον<!--<note n="v.4.p.358.n.8" place="unspecified" anchored="yes"/>--> ἡ Τύχη παρὰ πάντʼ
ἐστὶ τὰ τῶν ἀνθρώπων πράγματα,</q> καὶ μάλιστὰ γʼ
αὐτοῦ<!--<note n="v.4.p.358.n.9" place="unspecified" anchored="yes"/>--> διʼ εὐτυχίαν ἐξ αἰχμαλώτου
καὶ πολεμίου γένους εἰς βασιλείαν προαχθέντος. τοῦ γὰρ Κορνικλάνων ἄστεος ἁλόντος ὑπὸ
<pb id="v.4.p.360"/>
Ῥωμαίων, Ὀκρησία<!--<note n="v.4.p.360.n.1" place="unspecified" anchored="yes"/>--> παρθένος αἰχμάλωτος, ἧς οὐδὲ
<milestone unit="stephpage" id="stephpage-323b" n="323b"/> τὴν ὄψιν οὐδὲ τὸν τρόπον ἠμαύρωσεν ἡ τύχη,
δοθεῖσα Τανακυλλίδι<!--<note n="v.4.p.360.n.2" place="unspecified" anchored="yes"/>--> τῇ Ταρκυνίου γυναικὶ τοῦ
βασιλέως ἐδούλευσε· καὶ πελάτης τις εἶχεν αὐτήν,
οὓς κλιέντης Ῥωμαῖοι, καλοῦσιν· ἐκ τούτων
ἐγεγόνει Σερούιος. οἱ δʼ
οὔ φασιν, ἀλλὰ παρθένον τὴν
Ὀκρησίαν<!--<note n="v.4.p.360.n.1" place="unspecified" anchored="yes"/>--> ἀπάργματα καὶ λοιβὴν ἑκάστοτε λαμβάνουσαν ἀπὸ τῆς βασιλικῆς τραπέζης ἐπὶ τὴν ἑστίαν κομίζειν καί ποτε τυχεῖν μὲν αὐτήν, ὥσπερ εἰώθει,
τῷ πυρὶ τὰς ἀπαρχὰς ἐπιβάλλουσαν, αἰφνίδιον δὲ τῆς φλογὸς μαρανθείσης μόριον ἀνδρὸς ἀνατεῖναι
γόνιμον ἐκ τῆς ἑστίας, καὶ τοῦτο τὴν κόρην τῇ
<milestone unit="stephpage" id="stephpage-323c" n="323c"/>Τανακυλλίδι<!--<note n="v.4.p.360.n.2" place="unspecified" anchored="yes"/>--> φράσαι μόνῃ περίφοβον γενομένην.
τὴν δὲ συνετὴν οὖσαν καὶ φρενήρη κοσμῆσαί τε τὴν κόρην ὅσα νύμφαις πρέπει καὶ συγκαθεῖρξαι τῷ φάσματι, θεῖον ἡγουμένην. οἱ μὲν ἥρωος οἰκουροῦ
λέγουσιν, οἱ δʼ Ἡφαίστου τὸν ἔρωτα τοῦτον
γενέσθαι. τίκτεται γοῦν<!--<note n="v.4.p.360.n.3" place="unspecified" anchored="yes"/>--> Σερούιος, καὶ βρέφους ὄντος
ἡ κεφαλὴ σέλας ἀστραπῇ παραπλήσιον ἀπήστραψεν.
οἱ δὲ περὶ Ἀντίαν οὐχ οὕτω λέγουσιν, ἀλλὰ τυχεῖν μὲν τῷ Σερουίῳ τὴν γυναῖκα Γεγανίαν<!--<note n="v.4.p.360.n.4" place="unspecified" anchored="yes"/>--> θνήσκουσαν, αὐτὸν δὲ τῆς μητρὸς παρούσης εἰς ὕπνον ἐκ δυσθυμίας καὶ λύπης ἀποκλιθῆναι· καὶ καθεύδοντος αὐτοῦ ταῖς γυναιξὶν ὀφθῆναι τὸ πρόσωπον αὐτοῦ
<milestone unit="stephpage" id="stephpage-323d" n="323d"/> πυρὶ περιλαμπόμενον· ὅπερ ἦν μαρτύριον αὐτῷ τῆς
ἐκ πυρὸς γενέσεως, σημεῖον δὲ χρηστὸν ἐπὶ τὴν
ἀπροσδόκητον ἡγεμονίαν, ἧς ἔτυχε μετὰ τὴν
<pb id="v.4.p.362"/>
Ταρκυνίου τελευτὴν Τανακυλλίδος σπουδασάσης. ἐπεὶ
πάντων γε τῶν βασιλέων πρὸς μοναρχίαν οὗτος ἀφυέστατος δοκεῖ γενέσθαι καὶ ἀπροθυμότατος, ὅς
γε τὴν βασιλείαν ἀποθέσθαι διανοηθεὶς ἐκωλύθη· τελευτῶσα γὰρ, ὡς ἔοικεν, ἐξώρκωσε τοῦτον ἐμμεῖναι τῇ ἀρχῇ καὶ προθέσθαι<!--<note n="v.4.p.362.n.1" place="unspecified" anchored="yes"/>--> τὴν πάτριον Ῥωμαίων πολιτείαν.<!--<note n="v.4.p.362.n.2" place="unspecified" anchored="yes"/>-->  οὕτως ἡ Σερουίου βασιλεία
παντάπασι τῆς Τύχης, ἣν ἔλαβέ τε μὴ προσδοκήσας καὶ μὴ βουλόμενος διεφύλαξεν.
</p>
</div1>
<div1 type="section" n="11">
<milestone unit="stephpage" id="stephpage-323e" n="323e"/>
<p>ἀλλʼ ἵνα μὴ δοκῶμεν ὥσπερ εἰς τόπον 
ἀμαυρὸν τὸν παλαιὸν χρόνον ἐκ τῶν λαμπρῶν καὶ 
ἐναργῶν τεκμηρίων φεύγειν καὶ ὑποχωρεῖν, φέρε τοὺς 
βασιλεῖς ἐάσαντες ἐπὶ τὰς γνωριμωτάτας πράξεις 
καὶ τοὺς ἐπιφανεστάτους πολέμους τὸν λόγον
μεταγάγωμεν, ἐν<!--<note n="v.4.p.362.n.3" place="unspecified" anchored="yes"/>--> οἷς πολλὴν τόλμαν καὶ ἀνδρείαν εἶναι<!--<note n="v.4.p.362.n.3" place="unspecified" anchored="yes"/>--><quote rend="blockquote">αἰδῶ τε συνεργὸν ἀρετᾶς δοριμάχου,</quote>
ὥς φησι Τιμόθεος, τίς οὐκ ἂν ὁμολογήσειεν; ἡ δʼ εὔροια τῶν πραγμάτων καὶ τὸ ῥόθιον τῆς εἰς
τοσαύτην δύναμιν καὶ αὔξησιν ὁρμῆς, οὐ χερσὶν
ἀνθρώπων οὐδὲ ὁρμαῖς προχωροῦσαν<!--<note n="v.4.p.362.n.4" place="unspecified" anchored="yes"/>--> ἡγεμονίαν, θείᾳ δὲ πομπῇ καὶ πνεύματι Τύχης
ἐπιταχυνομένην<milestone unit="stephpage" id="stephpage-323f" n="323f"/>,<!--<note/>--> ἐπιδείκνυται τοῖς ὀρθῶς λογιζομένοις.
τρόπαια τροπαίοις ἐπανίσταται καὶ θριάμβοι θριάμβοις ἀπαντῶσι, καὶ τὸ πρῶτον αἷμα τῶν ὅπλων ἔτι θερμὸν ἀποκλύζεται τῷ δευτέρῳ
<pb id="v.4.p.364"/> καταλαμβανόμενον. τὰς δὲ νίκας ἀριθμοῦσιν οὐ νεκρῶν πλήθει καὶ λαφύρων, ἀλλὰ βασιλείαις αἰχμαλώτοις καὶ δεδουλωμένοις ἔθνεσι καὶ νήσοις καὶ ἠπείροις
προσοριζομέναις<!--<note n="v.4.p.364.n.1" place="unspecified" anchored="yes"/>--> τῷ μεγέθει τῆς ἡγεμονίας. μιᾷ μάχῃ Φίλιππος ἀπέβαλε Μακεδονίαν,<!--<note/>--> μιᾷ πληγῇ
παρεχώρησεν Ἀντίοχος
Ἀσίας, ἅπαξ Καρχηδόνιοι
σφα<milestone unit="stephpage" id="stephpage-324a" n="324a"/> λέντες ἀπώλεσαν Λιβύην. εἷς ἀνὴρ μιᾶς ὁρμῇ στρατιᾶς Ἀρμενίαν προσεκτήσατο, Πόντον, Εὔξεινον, Συρίαν, Ἀραβίαν, Ἀλβανούς, Ἴβηρας, τὰ μέχρι Καυκάσου καὶ Ὑρκανῶν· καὶ τρὶς αὐτὸν ὁ περιρρέων
τὴν οἰκουμένην
Ὠκεανὸς εἶδε νικῶντα. Νομάδας μὲν ἐν Λιβύῃ μέχρι τῶν μεσημβρινῶν ἀνέκοψεν<!--<note n="v.4.p.364.n.3" place="unspecified" anchored="yes"/>-->
ἠιόνων,<!--<note/>-->
Ἰβηρίαν δὲ Σερτωρίῳ συννοσήσασαν ἄχρι τῆς Ἀτλαντικῆς κατεστρέψατο θαλάττης· τοὺς δʼ Ἀλβανῶν βασιλεῖς διωκομένους περὶ<!--<note n="v.4.p.364.n.5" place="unspecified" anchored="yes"/>--> τὸ Κάσπιον πέλαγος ἔστησε. ταῦτα πάντα κατώρθωσε δημοσίᾳ τύχῃ χρώμενος, εἶθʼ ὑπὸ τῆς ἰδίας ἀνετράπη μοίρας.
</p>
<p>
<milestone unit="stephpage" id="stephpage-324b" n="324b"/> ὁ δὲ Ῥωμαίων μέγας δαίμων οὐκ ἐφήμερος πνεύσας οὐδὲ καιρὸν ἀκμάσας βραχὺν ὡς ὁ
Μακεδόνων,<!--<note/>--> οὐδὲ χερσαῖος μόνον ὡς ὁ Λακώνων οὐδʼ ἐνάλιος ὡς ὁ Ἀθηναίων, οὐδʼ ὀψὲ κινηθεὶς ὡς ὁ Περσῶν, οὐδὲ ταχὺ παυσάμενος ὡς ὁ
Καρχηδονίων<!--<note n="v.4.p.364.n.7" place="unspecified" anchored="yes"/>--> ἀλλʼ ἄνωθεν ἐκ πρώτων γενέσεων τῇ πόλει συνηβήσας καὶ συναυξηθεὶς καὶ συμπολιτευσάμενος,
<pb id="v.4.p.366"/> καὶ παραμείνας βέβαιος ἐν γῇ καὶ θαλάττῃ καὶ πολέμοις καὶ εἰρήνῃ καὶ πρὸς βαρβάρους καὶ πρὸς
Ἕλληνας. οὗτος Ἀννίβαν τὸν Καρχηδόνιον, φθόνῳ
καὶ ταῖς πολιτικαῖς δυσμενείαις<!--<note n="v.4.p.366.n.1" place="unspecified" anchored="yes"/>--> μηδενὸς οἴκοθεν
<milestone unit="stephpage" id="stephpage-324c" n="324c"/> ἐπιρρέοντος, ὥσπερ χείμαρρον ἐξέχεε καὶ
κατανήλωσε περὶ τὴν
Ἰταλίαν. οὗτος τὸ Κίμβρων
καὶ τὸ Τευτόνων στράτευμα μεγάλοις διαστήμασι
τόπων καὶ χρόνων ἐχώρισε καὶ διέσπασεν, ἵνʼ ἀρκέσῃ Μάριος ἑκατέροις ἀνὰ μέρος μαχόμενος, καὶ μὴ συμπεσοῦσαι τριάκοντα μυριάδες ἀνδρῶν ἀηττήτων καὶ ἀμάχων ὅπλων ὁμοῦ κατακλύσωσι τὴν
Ἰταλίαν. διὰ τοῦτον<!--<note n="v.4.p.366.n.2" place="unspecified" anchored="yes"/>--> Ἀντίοχος μὲν ἠσχολεῖτο πολεμουμένου Φιλίππου, Φίλιππος δὲ κινδυνεύοντος Ἀντιόχου προηττημένος ἔπιπτε· Μιθριδάτην δέ, τοῦ Μαρσικοῦ πολέμου τὴν Ῥώμην ἐπιφλέγοντος,
οἱ Σαρματικοὶ καὶ Βασταρνικοὶ πόλεμοι κατεῖχον·
<milestone unit="stephpage" id="stephpage-324d" n="324d"/>Τιγράνην δὲ Μιθριδάτου λαμπροῦ μὲν ὄντος ὑπόνοια καὶ φθόνος ἐχώριζεν, ἡττωμένῳ δʼ
ἀνέμειξεν ἑαυτὸν συναπολέσθαι,</p>
</div1>
<div1 type="section" n="12">
<p>τί
δʼ
οὐχὶ καὶ περὶ τὰς μεγίστας συμφορὰς
ὤρθου τὴν πόλιν ἡ Τύχη; Κελτῶν μὲν περὶ τὸ
Καπετώλιον στρατοπεδευόντων καὶ πολιορκούντων
τὴν ἀκρόπολιν,
<quote rend="blockquote">νοῦσον ἀνὰ στρατὸν ὦρσε κακήν, ὀλέκοντο δὲ λαοί·</quote> 
τὴν δὲ νυκτερινὴν ἔφοδον αὐτῶν, λεληθότων πάντας
<pb id="v.4.p.368"/>
ἀνθρώπους, ἡ Τύχη καὶ ταὐτόματον ἔκπυστον ἐποίησε γενέσθαι.
</p>
<p>περὶ ἧς κἀν βραχεῖ πλείω διελθεῖν ἴσως οὐκ
ἄκαιρόν ἐστι. μετὰ τὴν ἐπʼ Ἀλλίᾳ<!--<note n="v.4.p.368.n.1" place="unspecified" anchored="yes"/>--> ποταμῷ Ῥωμαίων μεγάλην ἧτταν οἱ μὲν εἰς Ῥώμην
κατάραντες<milestone unit="stephpage" id="stephpage-324e" n="324e"/> ἀπὸ<!--<note n="v.4.p.368.n.2" place="unspecified" anchored="yes"/>--> τῆς φυγῆς καὶ ταραχῆς συναναπλήσαντες τὸν δῆμον ἐξεπτόησαν καὶ διεσκέδασαν,
ὀλίγων εἰς τὸ Καπετώλιον ἀνασκευασαμένων καὶ διακαρτερούντων. οἱ δʼ εὐθὺς ἀπὸ τῆς τροπῆς εἰς Βηίους συναθροισθέντες ᾑροῦντο δικτάτωρα Φούριον Κάμιλλον, ὃν εὐτυχῶν μὲν καὶ ὑψαυχενῶν ὁ δῆμος ἀπεσείσατο καὶ κατέβαλε, δίκῃ περιπεσόντα δημοσίων κλοπῶν· πτήξας δὲ καὶ ταπεινωθεὶς
ἀνεκαλεῖτο μετὰ τὴν ἧτταν, ἐγχειρίζων καὶ παραδιδοὺς ἀνυπεύθυνον ἡγεμονίαν. ἵνʼ οὖν μὴ καιρῷ δοκῇ νόμῳ δὲ λαμβάνειν<!--<note n="v.4.p.368.n.3" place="unspecified" anchored="yes"/>--> ὁ ἀνήρ, μηδʼ, ὡς
ἀπ<milestone unit="stephpage" id="stephpage-324f" n="324f"/> ἐγνωκὼς τὴν πόλιν, ὅπλοις ἀρχαιρεσιάζῃ τὰ<!--<note n="v.4.p.368.n.4" place="unspecified" anchored="yes"/>--> τοῦ στρατοῦ σποράδος καὶ πλάνητος, ἔδει τοὺς ἐν Καπετωλίῳ βουλευτὰς ἐπιψηφίς<!--<note n="v.4.p.368.n.1" place="unspecified" anchored="yes"/>--> ασθαι τὴν τῶν
στρατιωτῶν γνώμην μαθόντας. ἦν οὖν Γάιος
Πόντιος ἀνὴρ ἀγαθός,ʼ καὶ τῶν δεδογμένων
αὐτάγγελος ὑποστὰς ἔσεσθαι τοῖς ἐν Καπετωλίῳ μέγαν ἀνεδέξατο κίνδυνον· ἡ γὰρ ὁδὸς ἦν διὰ τῶν πολεμίων κύκλῳ φυλακαῖς καὶ χάραξι τὴν ἄκραν
<pb id="v.4.p.370"/>
περιεχόντων. ὡς οὖν ἐπὶ τὸν ποταμὸν ἦλθε νύκτωρ,
<milestone unit="stephpage" id="stephpage-325a" n="325a"/> φελλοὺς πλατεῖς ὑποστερνισάμενος καὶ τὸ σῶμα τῇ
κουφότητι, τοῦ ὀχήματος παραθέμενος ἀφῆκε τῷ
ῥόῳ· τυχὼν δὲ πράου καὶ σχολαίως ὑποφέροντος
ἥψατο τῆς ἀντιπέρας ὄχθης ἀσφαλῶς, καὶ ἀποβὰς
ἐχώρει πρὸς τὸ τῶν φώτων διάκενον, τῷ τε<!--<note n="v.4.p.370.n.1" place="unspecified" anchored="yes"/>--> σκότει καὶ ʼτῇ σιωπῇ τὴν ἐρημίαν τεκμαιρόμενος· ἐμφὺς δὲ
τῷ κρημνῷ, καὶ ταῖς δεχομέναις τὴν ἐπίβασιν καὶ παρεχούσαις ἀντίληψιν ἐγκλίσεσι καὶ περιαγωγαῖς καὶ τραχύτησι τῆς πέτρας παραδοὺς ἑαυτὸν καὶ
ἐπερεισάμενος ἐξίκετο πρὸς τὸ ἄνω πέτρας<!--<note n="v.4.p.370.n.2" place="unspecified" anchored="yes"/>--> καὶ ἀναληφθεὶς ὑπὸ τῶν προφυλάκων ἐδήλωσε τοῖς ἔσω
<milestone unit="stephpage" id="stephpage-325b" n="325b"/> τὰ δεδογμένα· καὶ λαβὼν τὸ ψήφισμα πάλιν ᾤχετο 
πρὸς τὸν Κάμιλλον.
</p>
<p>ἡμέρας δὲ τῶν βαρβάρων τις ἄλλως τὸν τόπον
περιιὼν ὡς εἶδε τοῦτο μὲν ἴχνη ποδῶν ἀκρώνυχα καὶ περιολισθήσεις, τοῦτο δʼ ἀποτριβὰς καὶ περικλάσεις τῆς ἐπιβλαστανούσης τοῖς γεώδεσι πόας
ὁλκούς τε σώματος πλαγίους καὶ ἀπερείσεις,<!--<note/>--> ἔφραζε τοῖς ἄλλοις. οἱ δὲ δείκνυσθαι τὴν ὁδὸν αὑτοῖς<!--<note n="v.4.p.370.n.4" place="unspecified" anchored="yes"/>--> ὑπὸ τῶν πολεμίων νομίζοντες ἐπεχείρουν
ἁμιλλᾶσθαι, καὶ τῆς νυκτὸς τὸ ἐρημότατον διαφυλάξαντες ἀνέβησαν λαθόντες οὐ μόνον τοὺς φύλακας, ἀλλὰ καὶ τοὺς συνεργοὺς καὶ<!--<note n="v.4.p.370.n.5" place="unspecified" anchored="yes"/>--> προκοίτους τῆς φρουρᾶς κύνας ὕπνῳ κρατηθέντας.
</p>
<p>
<milestone unit="stephpage" id="stephpage-325c" n="325c"/>οὐ μὴν ἠπόρησεν ἡ τῆς Ῥώμης Τύχη φωνῆς κακὸν τοσοῦτο μηνῦσαι καὶ φράσαι δυναμένης. χῆνες ἱεροὶ περὶ τὸν νεὼν τῆς Ἥρας ἐτρέφοντο
<pb id="v.4.p.372"/> θεραπεύοντες τὴν θεόν. φύσει μὲν οὖν τὸ ζῷον
εὐθορύβητόν ἐστι καὶ ψοφοδεές· τότε δέ, συντόνου περὶ τοὺς ἔνδον οὔσης ἀπορίας ἀμελουμένων αὐτῶν, λεπτὸς ἦν καὶ λιμώδης ὁ ὕπνος, ὡστʼ εὐθὺς ᾔσθοντο τῶν πολεμίων ὑπερφανέντων τῆς στεφάνης καὶ καταβοῶντες ἰταμῶς προσεφέροντο, καὶ τῇ τῶν ὅπλων ὄψει μᾶλλον ἐκταραττόμενοι κλαγγῆς
διατόρου καὶ τραχείας ἐνεπεπλήκεσαν τὸν τόπον ὑφʼ
<milestone unit="stephpage" id="stephpage-325d" n="325d"/> ἧς ἀναστάντες οἱ Ῥωμαῖοι καὶ συμφρονήσαντες τὸ
γενόμενον ἐώσαντο καὶ κατεκρήμνισαν τοὺς πολεμίους. πομπεύει δὲ μέχρι νῦν ἐπὶ μνήμῃ τῶν τότε συμπτωμάτων<!--<note n="v.4.p.372.n.1" place="unspecified" anchored="yes"/>--> κύων μὲν ἀνεσταυρωμένος, χὴν δὲ μάλα σεμνῶς ἐπὶ στρωμνῆς πολυτελοῦς καὶ φορείου καθήμενος.
</p>
<p>ἡ δʼ ὄψις ἐπιδείκνυται Τ ύχης ἰσχὺν καὶ πρὸς
ἅπαν εὐπορίαν ἐκ τῶν παραλόγων, ὅταν τι πραγματεύηται καὶ στρατηγῇ, νοῦν μὲν ἀλόγοις καὶ ἄφροσιν, ἀλκὴν δὲ καὶ θράσος δειλοῖς ἐντιθείσης. τίς  γὰρ οὐκ ἂν ὡς ἀληθῶς ἐκπλαγείη καὶ θαυμάσειεν
ἐπιμαθὴς<!--<note n="v.4.p.372.n.2" place="unspecified" anchored="yes"/>--> γενόμενος καὶ λογισμῷ τινι τὴν τότε
κατήφειαν καὶ τὴν νῦν<!--<note n="v.4.p.372.n.3" place="unspecified" anchored="yes"/>--> ὑπάρχουσαν εὐδαιμονίαν
<milestone unit="stephpage" id="stephpage-325e" n="325e"/> τῆς πόλεως περιλαβὼν καὶ ἀποβλέψας ναῶν<!--<note n="v.4.p.372.n.4" place="unspecified" anchored="yes"/>-->
λαμπρότητα καὶ πλοῦτον ἀναθημάτων καὶ τεχνῶν
ἁμίλλας καὶ φιλοτιμίας πόλεων καὶ στεφάνους βασιλέων, καὶ ὅσα γῆ φέρει καὶ θάλαττα καὶ νῆσοι
<pb id="v.4.p.374"/>
καὶ ἤπειροι καὶ ποταμοὶ καὶ δένδρα καὶ ζῷα καὶ πεδία καὶ ὄρη καὶ μέταλλα, πάντων ἀπαρχὰς ἐριζούσας εἰς κάλλος ὄψει καὶ χάριτι κοσμούσῃ τὸν τόπον, ὡς ταῦτα παρὰ μικρὸν ἦλθε μὴ γενέσθαι μηδʼ εἶναι; πυρὶ δὲ καὶ σκότει φοβερῷ καὶ ὄρφνῃ καὶ ξίφεσι βαρβάροις καὶ μιαιφόνοις θυμοῖς κρατουμένων πάντων, εὐτελῆ καὶ ἄλογα καὶ ἄτολμα
θρέμματα<milestone unit="stephpage" id="stephpage-325f" n="325f"/> σωτηρίας ἀρχὴν παρέσχε καὶ τοὺς μεγάλους ἐκείνους ἀριστεῖς καὶ ἡγεμόνας Μαλλίους καὶ
Σερουιλίους<!--<note n="v.4.p.374.n.1" place="unspecified" anchored="yes"/>--> καὶ Ποστουμίους καὶ Παπιρίους, τῶν
αὖθις οἴκων γενάρχας, παρʼ οὐδὲν ἥκοντας
ἀπολέσθαι, χῆνες ἀνέστησαν ὑπὲρ τοῦ πατρίου θεοῦ<!--<note n="v.4.p.374.n.2" place="unspecified" anchored="yes"/>--> καὶ τῆς πατρίδος ἀμύνεσθαι. εἰ δέ, ὥσπερ Πολύβιος
ἐν τῇ δευτέρᾳ βίβλῳ περὶ τῶν τότε τὴν Ῥωμαιων πόλιν καταλαβόντων ἱστόρηκε Κελτῶν, ἀληθές ἐστιν, ὅτι προσπεσούσης αὐτοῖς ἀγγελίας φθείρεσθαι
τὰ οἴκοι ὑπὸ τῶν προσοίκων βαρβάρων
ἐμβεβληκότων εἰς τὴν χώραν καὶ κρατούντων ἀνεχώρησαν
<milestone unit="stephpage" id="stephpage-326a" n="326a"/> εἰρήνην θέμενοι πρὸς τὸν Κάμιλλον, οὐδʼ
ἀμφισβήτησις ἔστι πρὸς τὴν Τύχην ὡς οὐχὶ τῆς σωτηρίας αἰτία κατέστη περισπάσασα τοὺς πολεμίους, μᾶλλον δʼ ἀποσπάσασα τῆς Ῥώμης ἀπροσδοκήτως.</p>
</div1>
<div1 type="section" n="13">
<p>ἀλλὰ τί δεῖ περὶ ταῦτα διατρίβειν, ἃ σαφὲς οὐδὲν οὐδʼ ὡρισμένον ἔχει τῷ καὶ τὰ πράγματα<!--<note n="v.4.p.374.n.3" place="unspecified" anchored="yes"/>--> συγχυθῆναι τῶν Ῥωμαίων καὶ διαφθαρῆναι<!--<note n="v.4.p.374.n.4" place="unspecified" anchored="yes"/>--> τοὺς
ἐπʼ<!--<note n="v.4.p.374.n.5" place="unspecified" anchored="yes"/>--> αὐτῶν ὑπομνηματισμούς, ὡς Λίβιος ἱστόρηκε;
<pb id="v.4.p.376"/>
τὰ γὰρ ὕστερον μᾶλλον ὄντα δῆλα καὶ καταφανῆ δεικνύει τὴν τῆς Τύχης εὐμένειαν, ᾗ ἔγωγε<!--<note n="v.4.p.376.n.1" place="unspecified" anchored="yes"/>--> τίθεμαι καὶ τὴν Ἀλεξάνδρου τελευτήν, ἀνδρὸς εὐτυχήμασι μεγάλοις καὶ κατορθώμασι λαμπροῖς ὑπὸ θάρσους
<milestone unit="stephpage" id="stephpage-326b" n="326b"/> ἀμάχου καὶ φρονήματος ὥσπερ ἄστρου φερομένου καὶ
διᾴττοντος ἐπὶ δυσμὰς ἐξ ἀνατολῶν καὶ βάλλοντος ἤδη τὰς τῶν ὅπλων αὐγὰς εἰς τὴν
Ἰταλίαν,
ὡς πρόφασις μὲν ἦν αὐτῷ τῆς στρατείας ὁ Μολοττὸς Ἀλέξανδρος ὑπὸ Βρεττίων καὶ Λευκανῶν περὶ Πανδοσίαν κατακεκομμένος· ὁ δʼ ἄγων αὐτὸν ὡς ἀληθῶς ἐπὶ πάντας ἀνθρώπους δόξης ἔρως καὶ ἡγεμονίας ζῆλον ἔσχε καὶ ἅμιλλαν ὑπερβαλέσθαι τὰ Διονύσου καὶ Ἡρακλέους πέρατα τῆς
στρατηλασίας. τῆς δʼ Ἰταλίας ἐπυνθάνετο τὴν ἐν Ῥώμῃ δύναμιν καὶ ἀλκὴν ὥσπερ στόμωμα προτεταγμένην
<milestone unit="stephpage" id="stephpage-326c" n="326c"/> ὄνομα γὰρ καὶ δόξα τούτων ἐπιφανεστάτη
διεπέμπετο πρὸς αὐτὸν ὥσπερ ἀθλητῶν μυρίοις ἐγγεγυμνασμένων πολέμοις.
<quote rend="blockquote">οὐ γὰρ ἀναιμωτί γε διακρινθήμεναι οἴω,</quote>
συμπεσόντων ὅπλοις ἀνικήτοις φρονημάτων
ἀδουλώτων. πλῆθος μὲν γὰρ ἦσαν οὗτοι τρισκαίδεκα μυριάδων οὐκ ἐλάττους, πολεμικοὶ δὲ καὶ ἀνδρώδεις
ἅπαντες,
<quote rend="blockquote">
<l>ἐπιστάμενοι μὲν ἀφʼ ἵππων 
</l>
<l>ἀνδράσι μάρνασθαι καὶ ὅθι χρὴ πεζὸν ἐόντα.</l>
</quote>
</p>
</div1>
</body>
</text>
</TEI.2>
