<ti:work xmlns:ti="http://chs.harvard.edu/xmlns/cts" groupUrn="urn:cts:greekLit:tlg0057" xml:lang="grc" urn="urn:cts:greekLit:tlg0057.tlg070">
  <ti:title xml:lang="eng">De curandi ratione per venae sectionem</ti:title>
  <ti:edition urn="urn:cts:greekLit:tlg0057.tlg070.1st1K-grc1" workUrn="urn:cts:greekLit:tlg0057.tlg070">
    <ti:label xml:lang="eng">De curandi ratione per venae sectionem</ti:label>
    <ti:description xml:lang="eng">Galen, De curandi ratione per venae sectionem</ti:description>
  </ti:edition>
</ti:work>
