<ti:work xmlns:ti="http://chs.harvard.edu/xmlns/cts" groupUrn="urn:cts:greekLit:tlg0086"
    xml:lang="grc" urn="urn:cts:greekLit:tlg0086.tlg052">
    <ti:title xml:lang="lat">De anima (codicis E fragmenta recensionis a vulgata diversae)</ti:title>
    <ti:edition urn="urn:cts:greekLit:tlg0086.tlg052.1st1K-grc1"
        workUrn="urn:cts:greekLit:tlg0086.tlg052">
        <ti:label xml:lang="lat">De anima (codicis E fragmenta recensionis a vulgata diversae)</ti:label>
        <ti:description xml:lang="mul">Aristotle, De anima (codicis E fragmenta recensionis a vulgata diversae), Ross, Harvard, 1961</ti:description>
    </ti:edition>
</ti:work>
