<?xml version="1.0" encoding="UTF-8"?>
<?xml-model href="http://www.stoa.org/epidoc/schema/latest/tei-epidoc.rng" schematypens="http://relaxng.org/ns/structure/1.0"?>
<TEI xmlns="http://www.tei-c.org/ns/1.0" xml:lang="eng">
    <teiHeader>
        <fileDesc>
            <titleStmt>
                <title xml:lang="lat">De anima (codicis E fragmenta recensionis a vulgata diversae)</title>
                <author>Aristotle</author>
                <editor>W. D. Ross</editor>
                <sponsor>Harvard College Library</sponsor>
                <funder>Harvard Library Arcadia Fund</funder>
                <principal>Gregory Crane</principal>
                <respStmt>
                    <persName xml:id="DDD">Digital Divide Data</persName>
                    <resp>Corrected and encoded the text</resp>
                </respStmt>
                <respStmt>
                    <persName>Gregory Crane</persName>
                    <resp>Editor-in-Chief, Perseus Digital Library</resp>
                </respStmt>
                <respStmt>
                    <persName>Matt Munson</persName>
                    <resp>Project Manager (University of Leipzig), 2016 - present</resp>
                </respStmt>
                <respStmt>
                    <persName>Annette Gessner</persName>
                    <resp>Project Assistant (University of Leipzig) 2015 - present</resp>
                </respStmt>
                <respStmt>
                    <persName>Thibault Clérice</persName>
                    <resp>Lead Developer (University of Leipzig)</resp>
                </respStmt>
                <respStmt>
                    <persName>Bruce Robertson</persName>
                    <resp>Technical Advisor</resp>
                </respStmt>
                <respStmt>
                    <persName>RHEA LESAGE</persName>
                    <resp>Librarian for Hellenic Studies and Coordinator for the Classics Collection
                        Development</resp>
                </respStmt>
            </titleStmt>
            <publicationStmt>
                <authority>Harvard College Library</authority>
                <idno type="filename">tlg0086.tlg052.1st1K-grc1.xml</idno>
                <availability>
                    <p>Available under a Creative Commons Attribution-ShareAlike 4.0 International
                        License</p>
                </availability>
                <date>2016</date>
                <publisher>Harvard College Library</publisher>
                <pubPlace>United States</pubPlace>
            </publicationStmt>
            <sourceDesc>
                <listBibl>
                    <biblStruct>
                        <monogr>
                            <title xml:lang="lat">Aristotelis De anima</title>
                            <editor>
                                <persName>
                                    <name>W. D. Ross</name>
                                </persName>
                            </editor>
                            <author ref="urn:cts:greekLit:tlg0086">Aristotle</author>
                            <imprint>
                                <publisher xml:lang="lat">Oxonii</publisher>
                                <pubPlace xml:lang="lat">E Typographeo Clarendoniano</pubPlace>
                                <date>1956</date>
                            </imprint>
                            <biblScope unit="volume"/>
                        </monogr>
                        <ref target="http://digital.slub-dresden.de/id416024572">SLUB</ref>
                    </biblStruct>
                </listBibl>
            </sourceDesc>
        </fileDesc>
        <encodingDesc>
            <p>Text encoded in accordance with the latest EpiDoc standards (January 2014)</p>
            <refsDecl n="CTS">
                <cRefPattern matchPattern="(.+)" n="chapter"
                    replacementPattern="#xpath(/tei:TEI/tei:text/tei:body/tei:div/tei:div[@n='$1'])"
                />
            </refsDecl>
        </encodingDesc>
        <profileDesc>
            <langUsage>
                <language ident="grc">Greek</language>
                <language ident="lat">Latin</language>
            </langUsage>
        </profileDesc>
        <revisionDesc>
            <change/>
        </revisionDesc>
    </teiHeader>
    <text>
        <body>
            <div type="edition" xml:lang="grc" n="urn:cts:greekLit:tlg0086.tlg052.1st1K-grc1">
                <div type="textpart" subtype="chapter" n="1">
                    <pb n="88"/>
                    <head>Codicis E fragmenta recensionis a vulgata diversae I</head>
                    <p>lib. II, 412a3—112</p>
                    <p>Ἐοεὶ δὲ τὰ παραδεδομένα περὶ ψυχῆς παρὰ τῶν ἄλλων, ἐφʼ ὅσον ἕκαστος ἀπεφήνατο
                        τῶν πρότερον, εἴρηται σχεδόν, νῦν ὥσπερ ἐξ ἀρχῆς πάλιν ἐπανίωμεν, πειρώμενοι
                        διορίσαι <lb n="5"/> τί ἐστιν ἡ ψυχὴ καὶ τίς ἂν εἴη λόγος αὐτῆς κοινότατος·
                        χωρίζομεν δὴ τὰς μὲν οὐσίας ἀπὸ τῶν ὄντων τῶν ἄλλων· τῆς δὲ οὐσίας τὸ μὲν ὡς
                        ὕλην λέγεσθαι τίθεμεν, ὅ καθʼ αὐτὸ <add cause="fix">οὐκ ἔστι τόδε τι,
                            τὸ</add> δὲ ἡ μορφή, τὸ δʼ ἐκ τούτων. ἔστι δʼ ἡ μὲν ὕλη δυνάμει, τὸ δʼ
                        εἶδος ἐντελέχεια, αὕτη δʼ <lb n="10"/> ὑπάρχει διχῶς, ἢ γὰρ ὡς ἡ ἐπιστήμη, ἢ
                        ὡς τὸ θεωρεῖν. οὐσίαι δὲ μάλιστα δοκοῦσιν εἶναι τὰ σώματα, καὶ τούτων τὰ
                            φυσικά·<gap reason="omitted"/></p>
                </div>

                <div type="textpart" subtype="chapter" n="2">
                    <head>II</head>
                    <p>lib. II, 414b13—416a9</p>
                    <p>ὁ δὲ χυμός ὥσπερ ἥδυσμα τούτοις ἐστίν· διόπερ ὅσα <lb n="15"/> ἔχει τῶν ζῴων
                        ἁφήν, πᾶσιν ὑπάρχει καὶ ὄρεξις. πεςρὶ δὲ φαντασίας ἄδηλον, καὶ ὕστερον
                        ἐπισκεπτέον. ἐνίοις δὲ ταῦτά τε ὑπάρχει καὶ τὸ κατὰ τόπον κινητικόν, τοῖς δʼ
                        ἔτι πρὸς τούτοις διάνοια καὶ νοῦς, οἷον ἀνθρώπῳ καὶ εἴ τι ἄλλο ζῷον ἕτερόν
                        ἐστι τοιοῦτον ἢ καὶ τιμιώτερον. δῆλον οὖν <lb n="20"/> ὡς ὁμοίως σχήματος
                        καὶ ψυχῆς εἷς ἂν εἴη λόγος. οὔτε γὰρ ἐκεῖ σχῆμα παρὰ τρίγωνον ἔστι καὶ τὰ
                        ἐφεξῆς, οὔτ᾿ ἐνταῦθα ψυχὴ παρὰ τὰς εἰρημένας. γένοιτο δʼ ἂν καὶ ἐπὶ τῶν
                        σχημάτων λόγος ὃς ἐφαρμόσει πᾶσιν, οὐκ ἔσται μέντοι ἴδιος οὐθενὸς σχήματος.
                        ὁμοίως δὲ καὶ ἐπὶ ταῖς εἰρημέναις <pb n="89"/> ψυχαῖς. διὸ γελοῖον ζητεῖν
                        τὸν κοινὸν λόγον καὶ ἐπʼ ἄλ- <lb n="25"/> λων καὶ ἐπὶ τούτων, ὃς οὐκ ἔσται
                        οὐθενὸς τῶν ὄντων ἴδιος, οὐδὲ κατὰ τὸ οἰκεῖον καὶ ἄτομον εἶδος, τὸν τοιοῦτον
                        ἀφέντας. παραπλησίως δὲ ὥσπερ καὶ ἐπὶ τῶν σχημάτων, ἔχει καὶ τὰ περὶ τὴν
                        ψυχήν· ἀεὶ γὰρ ἐν τῷ ἐφεξῆς ὑπάρχει δυνάμει τὸ πρότερον ἐπί τε τῶν σχημάτων
                        καὶ ἐπὶ <del>τε</del> τῶν ἐμψύχων, λέγω δʼ ὥσπερ <lb n="30"/> ἐν τετραγώνῳ
                        μὲν τρίγωνον, ἐν αἰσθητικῷ δὲ τὸ θρεπτικόν. ὥστε καὶ καθʼ ἕκαστον δεῖ ζητεῖν
                        τίς ἡ ἑκάστου ψυχή, οἷον τίς φυτοῦ καὶ τίς ἀνθρώπου καὶ τίς θηρίου. διὰ τίνα
                        δʼ αἰτίαν τῷ ἐφεξῆς οὕτως ἔχουσι, σκεπτέον. ἄνευ μὲν γὰρ τοῦ θρεπτικοῦ οὐθέν
                            <note type="marginal">415a</note> ἐστιν αἰσθητικόν· τοῦ δʼ αἰσθητικοῦ
                        χωρίζεται τὸ θρεπτικόν, οἷον ἐν τοῖς φυτοῖς. πάλιν δʼ ἄνευ τοῦ ἁπτικοῦ
                        οὐδεμία τῶν ἄλλων αἰσθήσεων, ἁφὴ δʼ ἄνευ τῶν ἄλλων ὑπάρχει· πολλὰ γὰρ ἔστι
                        τῶν ζῴων, ἃ οὔτʼ ὄψιν ἔχει οὔτʼ ἀκοήν. καὶ <lb n="5"/> τῶν αἰσθητικῶν δὲ
                        κίνησις τοῖς μὲν ὑπάρχει τοῖς δʼ οὐχ ὑπάρχει· τελευταῖον δὲ διάνοια καὶ
                        λογισμός· οἶς μὲν γὰρ ὑπάρχει λογισμός, καὶ τῶν ἄλλων ἕκαστον· τῶν
                        εἰρημένων, οἷς δʼ ἐκείνων ἕκαστον, οὐ πᾶσιν ὑπάρχει λογισμός. ἀλλὰ τὰ <lb
                            n="10"/> μὲν οὐδὲ φαντασίαν ἔχει <add cause="fix">τὰ δὲ ταύτην</add>
                        μόνον. ὅτι μὲν οὖν ὁ περὶ τούτων ἑκάστου λόγος οἰκειότατος περὶ ψυχῆς ἐστι,
                        δῆλον.</p>
                    <lb n="4"/>
                    <p>Ἀνάγκη δὲ τὸν περὶ τούτων μέλλοντα πραγματεύεσθαι λαβεῖν τί ἕκαστον αὐτῶν
                        ἐστιν, εἶθ᾿ οὕτω περὶ τῶν ἐχομένων <lb n="15"/> καὶ τῶν ἄλλων ποιεῖσθαι τὴν
                        ἐπίσκεψιν. εἰ δὲ δεῖ λέγειν τί ἕκαστον, οἷον τί τὸ νοητικὸν ἢ τί τὸ
                        αἰσθητικὸν ἢ θρεπτικόν, πρότερον λεκτέον τί τὸ νοεῖν καὶ τί τὸ αἰσθάνεσθαι·
                        αἱ γὰρ πράξεις καὶ αἱ ἐνέργειαι πρότεραι κατὰ τὸν λόγον εἰσὶ τῶν δυνάμεων.
                        ἀλλὰ μὴν εἴ γε ταῦτα, πρότερον ἔτι <lb n="20"/> τούτων διοριστέον τὰ
                        ἀντικείμενα, οἷον περὶ τροφῆς καὶ αἰ- σθητοῦ καὶ νοητοῦ, διὰ τὴν αὐτὴν
                        αἰτίαν. ὥστε πρῶτον περὶ τροφῆς καὶ γεννήσεως λεκτέον· αὕτη γὰρ ἡ ψυχὴ καὶ
                        τοῖς ἄλλοις ὑπάρχει πρώτη καὶ κοινοτάτη, ψυχῆς δʼ ἐστὶ <pb n="90"/>
                        <lb n="25"/> δύναμις καθʼ ἣν ὑπάρχει τὸ ζῆν πᾶσιν. ἧς ἔργον ἐστὶ γέννησις
                        καὶ τὸ χρῆσθαι τροφῇ· τοῦτο γὰρ ἔργον μάλιστα φυσικὸν πᾶσι τοῖς ζῶσιν, ὅσα
                        μὴ ἀτελῆ ἢ πηρώματά ἐστιν ἢ αὐτόματον ἔχει τὴν γένεσιν, τὸ ποιῆσαι οἶον αὐτὸ
                        ἕτερον, ζῷον μὲν ζῷα, φυτὸν δὲ φυτά, ἵνα τοῦ ἀεὶ καὶ τοῦ θείου μετέχῃ
                        ἕκαστον <note type="marginal">415b</note> ὃν δύναται τρόπον· πάντα γὰρ
                        ἐκείνου ὀρέγεται, κἀκείνου ἕνεκα πράττει ὅσα πράττει κατὰ φύσιν. τὸ γὰρ οὗ
                        ἕνεκα διττόν, τὸ μὲν οὗ, τὸ δὲ ᾧ· ἐπεὶ οὖν οὐ τῇ συνεχείᾳ τοῦ ἀεὶ καὶ τοῦ
                        θείου δύναται κοινωνεῖν (οὐ γὰρ ἐνδέχεται τὸ αὐτὸ ἀεὶ ἀριθμῷ <lb n="5"/>
                        εἶναι οὐθὲν τῶν φθαρτῶν), ὃν τρόπον ἐπιβάλλει, τοῦτον ἕκαστον θιγγάνει, τὸ
                        μὲν μᾶλλον, τὸ δὲ ἧττον· καὶ διαμένει οὐκ αὐτό, ἀλλʼ οἷον αὐτό, ἀριθμῷ μὲν
                        οὐχ ἕν, εἴδει δʼ ἕν. ἔστι δʼ ἡ ψυχὴ ἀρχὴ τοῦ ζῶντος σώματος, ἀλλʼ ἡ ἀρχὴ καὶ
                        τὸ αἴτιον λέγεται πολλαχῶς. ὁμοίως δʼ ἡ ψυχὴ τούς τρεῖς τρόπους αἰτία <lb
                            n="10"/> τοὺς διωρισμένους· καὶ γὰρ ὅθεν ἡ κίνησις καὶ οὗ ἕνεκα καὶ ὡς
                        οὐσία τῶν ἐμψύχων σωμάτων ἐστὶν ἡ ψυχή. ὅτι μὲν οὖν ὡς οὐσία δῆλον· τοῦ γὰρ
                        εἶναι ἡ οὐσία αἴτιον πᾶσι, τὸ δὲ ζῆν τοῖς ζῶσι τὸ εἶναί ἐστιν, αἰτία δὲ καὶ
                        ἀρχὴ ἡ <lb n="15"/> ψυχὴ τούτου ἐστίν. φανερὸν δὲ καὶ ὡς τὸ οὗ ἕνεκα ἡ ψνχή·
                        καὶ γάρ ἡ φύσις ἕνεκά του ποιεῖ, ὥσπερ ὁ νοῦς, καὶ τοῦτʼ ἐστὶν αὐτῆς τὸ
                        τέλος. καὶ ἡ ψυχὴ τοιοῦτον ἐν τοῖς κατὰ φύσιν, καὶ πᾶν τό σῶμα ὄργανον τῇ
                        ψυχῇ· ὥσπερ δὲ τὸ <lb n="20"/> τῶν ζῴων, καὶ τὸ τῶν φυτῶν. ἀλλὰ μὴν καὶ ὅθεν
                        ἡ κίνησις πρῶτον ἡ κατὰ τόπον, τοῦτό ἐστι ψυχή· ἀλλʼ οὐ πᾶσι τοῖς ζῴοις ἡ
                        τοιαύτη ὑπάρχει δύναμις· ἔτι δʼ ἀλλοίωσις καὶ αὔξησις κατὰ ψυχήν. ἡ μὲν γὰρ
                        αἴσθησις δοκεῖ τις ἀλλοίωσις <lb n="25"/> εἶναι, μὴ ἔχον δὲ ψυχὴν οὐθὲν ἂν
                        αἴσθοιτο. ὁμοίως δὲ καὶ περὶ αὐξήσεως καὶ φθίσεως ἔχει· οὐθὲν γὰρ αὐξάνεται
                        οὐδὲ φθίνει φυσικῶς μὴ τρεφόμενον, οὐδὲ τρέφεται μὴ ζωῆς μετέχον. ἀλλὰ τοῦτο
                        Ἐμπεδοκλῆς οὐκ εἴρηκεν ἀρθῶς, προστιθεὶς <pb n="91"/> τὴν αὔξησιν συμβαίνειν
                        τοῖς φυτοῖς κάτω μὲν διὰ τὸ τὴν γῆν φύσει οὕτω φέρεσθαι, ἄνω δὲ διὰ τὸ <add
                            cause="fix">τὸ</add> πῦρ. οὔτε γὰρ <note type="marginal">416a</note> τὸ
                        κάτω καὶ ἄνω λαμβάνει ὀρθῶς· οὐ γὰρ τὸ αὐτὸ ἑκάστου τὸ ἄνω καὶ τὸ κάτω καὶ
                        τοῦ παντός, ἀλλʼ ὡς ἡ κεφαλὴ τῶν ζῴων, οὕτως ἡ ῥίζα τῶν φυτῶν ἐστιν· τὸ δὲ
                        αὐτὸ δεῖ λέγειν ὅργανον, ὧν ἂν ᾗ τὸ αὐτὸ ἔργον. ἔτι δὲ τί τὸ συνέχον εἰς <lb
                            n="5"/> τἀναντία φερομένων; τοῦτο γὰρ αἴτιον τὸ τῆς αὐξήσεως καὶ τροφῆς·
                        εἰ δὲ μή, οὐθὲν κωλύσει δι — —.</p>
                </div>

                <div type="textpart" subtype="chapter" n="3">
                    <head>III</head>
                    <p>lib. II, 421a5—422a24</p>
                    <p>ὅτι οὐ δέχονται τὸν ἀέρα οὐδʼ ἀναπνέουσιν· δἰ ἣν δʼ <lb n="5"/> αἰτίαν,
                        ἕτερος ἔσται περὶ αὐτῶν λόγος. περὶ δὲ ὀσμῆς καὶ τοῦ ὀσφραντοῦ οὐκ ἔστι
                        ῥᾴδιον διορίσαι ὁμοίως τοῖς εἰρημένοις αἰσθητοῖς, τί ἐστιν ἡ ὀσμὴ οὕτως ὡς ὁ
                        ψόφος καὶ τὸ φῶς, αἴτιον δʼ ὅτι οὐκ ἔχομεν ἀκριβῆ ταύτην τὴν αἴσθησιν, ἀλλὰ
                        χείριστα ὀσμᾶται ἄνθρωπος τῶν ζῴων, καὶ οὐδεμίαν ἄνευ <lb n="10"/> τοῦ
                        λυπηροῦ καὶ ἡδέος δύναται αἰσθέσθαι ὀσμήν, ὡς τοῦ αἰσθητηρίου ὄντος οὐκ
                        ἀκριβοῦς. ὥσπερ οὖν τοῖς σκληροφθάλμοις ἀδήλους εἰκός εἶναι τὰς διαφορὰς τῶν
                        χρωμάτων καὶ συγκεχυμένας, ἀλλὰ τῷ φοβερῷ καὶ τῷ ἀφόβῳ διορίζειν μόνον, <lb
                            n="15"/> οὕτω καὶ τὰ περὶ τὰς ὀσμὰς τοῖς ἀνθρώποις, ἐπεὶ ἔοικέ τε
                        ἀνάλογον ἔχειν πρὸς γεῦσιν καὶ ὅμοια τὰ εἴδη τῶν· χυμῶν τοῖς τῆς ὀσμῆς· ἀλλὰ
                        τὴν γεῦσιν ἔχομεν ἀκριβεστέραν διὰ τὸ εἶναι ἁφρήν τινα αὐτήν· <add
                            cause="fix">ταύτην</add> δʼ ἔχει τὴν αἴσθησιν ἀκριβεστάτην ἄνθρωπος· ἐν
                        μὲν γὰρ ταῖς ἄλλαις <lb n="20"/> λείπεται πολλῶν ζῴων, τῶν δʼ ἁπτῶν
                        αἰσθάνεται μάλιστα ἀκριβῶς. διὸ καὶ φρονιμώτατον τῶν ζῴων ἐστίν. σημεῖον δέ·
                        καὶ γὰρ αὐτῶν τῶν ἀνθρώπων εὐφυεῖς οἱ δʼ ἀφυεῖς εἰσὶ παῤ οὐδὲν αἰσθητήριον
                        ἕτερον, ἀλλὰ παρὰ τοῦτο. ὧν μὲν γὰρ ἡ σὰρξ μαλακή, εὐφυεῖς, οἱ δὲ
                        σκληρόσαρκοι ἀφυεῖς <lb n="25"/>
                        <pb n="92"/> τὴν διάνοιαν. ἔστι δʼ ὥσπερ χνμὸς ὁ μὲν γλυκὺς ὁ δὲ πικρός, καὶ
                        ὀσμαὶ τὸν αὐτὸν ἔχουσαι τρόπον. ἀλλὰ τὰ μὲν ἔχει τὴν ἀνάλογον ὀσμὴν καὶ
                        χυμόν, τὰ δὲ τοὐναντίον. ὁμοίως δὲ καὶ <lb n="30"/> δριμεῖα καὶ αὐστηρὰ καὶ
                        ὀξεῖα καὶ λιπαρὰ ἔστιν ὀσμή. ἄλλʼ, ὥσπερ εἴρηται, διὰ τὸ μὴ σφόδρα διαδήλους
                        εἶναι τὰς ὀσμὰς ὥσπερ τοὺς χυμούς, ἀπὸ τούτων εἴληφε τὰ ὀνόματα <note
                            type="marginal">421b</note> καθʼ ὁμοιότητα τῶν πραγμάτων, ἡ μὲν γλυκεῖα
                        κρόκου καὶ μέλιτος, ἡ δὲ δριμεῖα θύμου καὶ τῶν τοιούτων· τὸν αὐτὸν δὲ τρόπον
                        καὶ ἐπὶ τῶν ἄλλων. ἔστι δʼ ὥσπερ καὶ ἡ ἀκοὴ καὶ ἑκάστη τῶν αἰσθήσεων τοῦ τε
                        ἀκουστοῦ <lb n="5"/> καὶ ἀνηκούστου, καὶ ὁρατοῦ καὶ ἀοράτου, καὶ ἡ ὄσφρησις
                        τοῦ ὀσφραντοῦ καὶ ἀνοσφράντου. ἀνόσφραντον δὲ τὸ μὲν <del>παρὰ</del> τὸ ὅλως
                        ἀδύνατον ἔχειν ὀσμήν, τὸ δὲ <add cause="fix">τὸ</add> μικρὰν ἔχον καὶ τὸ
                        φαύλην, ὥσπερ τό ἄγευστον ὡσαύτως έγεται. ἔστι δὲ καὶ ἡ ὄσφρησις διὰ τοῦ
                        μεταξύ, οἷον ὕδατος καὶ ἀέρος· καὶ <lb n="10"/> γὰρ τὰ ἔνυδρα φαίνεται
                        αἰσθανόμενα ὀσμῆς, καὶ τὰ ἔναιμα καὶ ἄναιμα ὁμοίως, ὥσπερ καὶ τὰ ἐν τῷ ἀέρι·
                        καὶ γὰρ τούτων ἔνια πόρρωθεν ἀπαντᾷ πρὸς τὴν τροφὴν αἰσθανόμενα τὴν ὀσμήν·
                        διὸ καὶ ἔχει ἀπορίαν εἰ πάντα μὲν ὡσαύτως ὀσμᾶται, ὁ δʼ ἄνθρωπος ἀναπνέων,
                        μὴ ἀναπνέων δὲ <lb n="15"/> ἀλλʼ ἢ κατέχων τὸ πνεῦμα ἢ ἐκπνέων οὐκ ὀσμᾶται,
                        οὔτε πόρρω οὔτʼ ἐγγύς, οὐδʼ ἂν ἐπιθῇ τις εἰς τὸν μυκτῆρα ἐντός. καὶ τὸ μὲν
                        ἐπʼ αὐτῷ τῷ αἰσθητηρίῳ τιθέμενον ἀναίσθητον εἶναι κοινὸν πάντων, ἀλλὰ τὸ
                        ἄνευ τοῦ ἀναπνεῖν μὴ αἰσθάνεσθαι ἴδιον ἐπί τῶν ἀνθρώπων ἐστίν· τοῦτο δὲ
                        πειρωμένῳ <lb n="20"/> δῆλον. εἰ οὖν τὰ. ἄναιμα μὴ ἀναπνεῖ, ἑτέραν ἅν τινα
                        ἔχοι αἴσθησιν παρὰ τὰς λεγομένας. ἀλλʼ εἴπερ τῆς ὀσμῆς αἰσθάνεται, ἀδύνατον·
                        ἡ γὰρ τοῦ ὀσφραντοῦ καὶ εὐώδους καὶ δυσώδους αἴσθησις ὄσφρησίς ἐστιν.
                        φαίνεται δὲ καὶ φθειρόμενα ὑπὸ τῶν ἰσχυρῶν ὀσμῶν ὑφʼ ὧνπερ καὶ ἄνθρωπος,
                        οἷον ἀσφάλτου <lb n="25"/> καὶ θείου καὶ τῶν τοιούτων. ὀσφραίνεσθαι μέντοι
                        νῦν <pb n="93"/> ἀναγκαῖον, ἀλλʼ οὐκ ἀναπνεῖν. ἀλλʼ ἔοικε διαφέρειν τὸ
                        αἰσθητήριον τοῦτο τοῖς ἀνθρώποις πρὸς τὸ τῶν ἄλλων ζῴων, ὥσπερ καὶ τὰ ὄμματα
                        πρὸς τὰ τῶν σκληροφθάλμων (τὰ μὲν γὰρ ἔχει πῶμα καὶ ὥσπερ ἔλυτρον τὰς
                        βλεφαρίδας, ἃς ἂν μὴ ἀνασπάσῃ καὶ κινήσῃ, οὐχ ὁρᾷ· τὰ δὲ σκληρόφθαλμα οὐκ
                            <lb n="30"/> ἔχει, ἀλλʼ εὐθὺς ὁρᾷ ὅ τι ἂν τεθῇ ἐν τῷ διαφανεῖ), οὕτω καὶ
                        τὸ ἀσφραντικὸν αἰσθητήριον τοῖς μὲν ἀκάλυφον εἶναι, ὥσπερ τὸ ὄμμα, τοῖς δὲ
                        δεχομένοις τὸν ἀέρα ἔχειν ἐπικάλυμμα, <note type="marginal">422a</note> ὃ
                        ἀαπνεόντων ἀποκαλύπτεται, διευρυνομένων τῶν φλεβῶν καὶ τῶν πόρων. καὶ διὰ
                        τοῦτο τὰ ἀναπνέοντα ἐν τῷ ὑγρῷ οὐκ ὀσμᾶται, ὅτι ἀνάγκη ἀναπνεύσαντα
                        ὀσφρανθῆναι, ἐν δὲ τῷ ὑγρῷ ἀδύνατον τοῦτο ποιεῖν. ἔστι δʼ ἡ ὀσμὴ τοῦ ξηροῦ
                            <lb n="5"/> ὥσπερ ὁ χυμὸς τοῦ ὑγροῦ· τὸ δʼ ὀσφραντικὸν <del>τὸ</del>
                        αἰσθητήριον τὸ δονάμει τοιοῦτον.</p>
                    <lb n="10"/>
                    <p>Τὸ δὲ γευστόν ἐστιν ἁπιόν τι, καὶ τοῦτο αἴτιον τοῦ μὴ εἶναι αἰσθητὸν διὰ τοῦ
                        μεταξὺ ἀλλοτρίου ὄντος σώμα- τος· οὐδὲ γὰρ ἡ ἀρή. καὶ τὸ σῶμα ἐν ᾧ ὁ χυμός,
                        τὸ γευ- <lb n="10"/> στόν, ἐν ὑγρῷ ὡς ὕλῃ· τοῦτο δʼ ἁπτόν τι. διὸ κἂν εἰ ἐν
                        ὕδατι εἴημεν, αἰσθανοίμεθʼ <add cause="fix">ἂν</add> ἐμβληθέντος γλυκέος, οὐ
                        διὰ τοῦ μεταξὺ δὲ ἡμῖν ἡ αἴσθησις, ἀλλὰ τῷ μιχθῆναι τῷ ὑγρῷ, ὥσπερ ποτῷ· τὸ
                        δὲ χρῶμα οὐχ οὕτως ὁρᾶται τῷ μίγνυσθαι, <lb n="15"/> οὐδὲ ταῖς ἀπορροίαις.
                        ὡς μὲν οὖν τὸ μεταξὺ οὐθὲν ἔστιν· ὡς δὲ χρῶμα τό ὁρατόν, οὕτω <add
                            cause="fix">τὸ</add> γευστὸν χυμός. οὐθὲν δὲ ποιεῖ αἴσθησιν χυμοῦ ἄνευ
                        ὑγρότητος, ἀλλʼ ἔχει ἐνεργείᾳ ἢ δυνάμει ὑγρότητα, οἱον τὸ ἁλμυρόν· τηκτόν τε
                        γὰρ αὐτὸ καὶ συντηκτικὸν τῆς γλώττης. ὥσπερ δὲ καὶ ἡ ὄψις ἐστὶ τοῦ τε ὁρατοῦ
                        καὶ <lb n="20"/> τοῦ ἀοράτου (ὁ γὰρ σκότος ἀόρατος, κρίνει δὲ καὶ τοῦτον ἡ
                        ὄψις), ἔτι <add cause="fix">δὲ</add> τοῦ λίαν λαμπροῦ (καὶ γὰρ τοῦτό πως
                        ἀόρατον, ἄλλον τρόπον καὶ ὁ σκότος)—ὁμοίως δὲ καὶ ἡ ἀκοὴ ψόφου τε καὶ σιγῆς,
                        ὧν τὸ<gap reason="omitted"/></p>
                </div>

                <div type="textpart" subtype="chapter" n="4">
                    <pb n="94"/>
                    <head>IV</head>
                    <p>lib. II, 423b8—424b18</p>
                    <p>εἴρηται πρότερον ὅτι καὶ διʼ ὑμένος ἂν πάντων αἰσθανοίμεθα <lb n="10"/> τῶν
                        ἁπτῶν, κἂν εἰ λανθάνοι διείργων, ὁμοίως ἂν ἔχοιμεν ὥσπερ νῦν ἐν τῷ ὕδατι καὶ
                        ἐν τῷ ἀέρι· δοκοῦμεν γὰρ αὐτῶν θιγγάνειν καὶ οὐθὲν εἶναι διὰ μέσου. ἀλλὰ
                        διαφέρει τούτῳ τὰ ἁπτὰ τῶν ὁρατῶν καὶ ψοφητικῶν, ὅτι ἐκείνων αἰσθανόμεθα τῷ
                        τὸ μεταξὺ ποιεῖν τι ἡμᾶς, τῶν δʼ ἁπτῶν οὐχ ὑπὸ τοῦ <lb n="15"/> μεταξὺ ἀλλʼ
                        ἅμα τῷ μεταξύ, ὥσπερ οἱ διὰ τῆς ἀσπίδος πληvγέντες· οὐδὲ γὰρ ἡ ἀσπὶς
                        πληγεῖσα ἐπάταξεν, ἀλλʼ ἅμα ἀμφοῖν συνέβη πληγῆναι. ὅλως δʼ ἔοικε καὶ ἡ σὰρξ
                        καὶ ἡ γλῶττα, ὡς ὁ ἀὴρ καὶ τὸ ὕδωρ πρὸς τὴν ὄψιν καὶ τὴν ἀκοὴν καὶ ὄσφρησιν
                        ἔχουσιν, οὕτως ἔχειν πρὸς τὸ αἰσθητήριον ὥσπερ <lb n="20"/> ἐκείνων ἕκαστον.
                        αὐτοῦ δὲ τοῦ αἰσθητηρίου ἁπτομένου οὔτʼ ἐκεῖ οὔτʼ ἐνταῦθα γένοιτʼ ἂν
                        αἴσθησις, οἷον εἴ τις τὸ σῶμα τὸ λευκὸν ἐπὶ τοῦ ὄμματος θείη τὸ ἔσχατον. ᾗ
                        καὶ δῆλον ὅτι ἐντὸς τὸ τοῦ ἁπτοῦ αἰσθητικόν. οὕτω γὰρ ἂν συμβαίνοι ὅπερ ἐπὶ
                        τῶν ἄλλων· ἐπιτιθεμένου γὰρ ἐπὶ τὸ αἰσθητήριον <lb n="25"/> οὐκ αἰσθάνεται,
                        ἐπὶ δὲ τὴν σάρκα ἐπιτιθεμένου αἰσθάνεται· ὥστε μεταξὺ ἄρα τοῦ ἁπτικοῦ ἡ
                        σάρξ. ἁπταὶ μὲν οὖν εἰσὶν αἱ διαφοραὶ τοῦ σώματος ᾗ σῶμα· λέγω δὲ διαφοράς,
                        αἷς τὰ στοιχεία διορίζουσι, θερμὸν καὶ ψυχρὸν καὶ ξηρὸν καὶ ὑγρόν, περὶ ὧν
                        εἴρηται πρότερον ἐν τοῖς περὶ τῶν στοιχείων. τὸ <lb n="30"/> δὲ αἰσθητήριον
                        αὐτῶν τὸ ἁπτικόν, καὶ ἐν ᾧ ἡ καλουμένη ἁρὴ ὑπάρχει πρώτῳ, τό δυνάμει
                        τοιοῦτόν ἐστι μόριον· τὸ γὰρ αἰσθάνεσθαι <note type="marginal">424a</note>
                        πάσχειν τί ἐστιν· ὥστε τὸ ποιοῦν <add cause="fix">οἷον</add> αὐτὸ ἐνεργείᾳ
                        τοιοῦτον ποιεῖ ἐκεῖνο τὸ δυνάμει ὄν. διὸ τοῦ ὁμοίως θερμοῦ ἢ ψυχροῦ, ἢ
                        σκληροῦ ἢ μαλακοῦ, οὐκ αἰσθανόμεθα, ἀλλὰ τῶν ὑπερβολῶν, ὡς ἂν <del>τοῦ
                            αἰσθητηρίου</del> τῆς αἰσθήσεως οἷον μεσότητός <lb n="5"/> τινος οὔσης
                        τῆς ἐν τοῖς αἰσθητοῖς ἐναντιώσεως. καὶ διὰ τοῦτο <pb n="95"/> κρίνει τὰ
                        αἰσθητά. τὸ γὰρ μέσον <add cause="fix">κριτικόν· γίνεται γὰρ πρὰς</add>
                        ὁποτερονοῦν αὐτῶν θάτερον τῶν ἄκρων· καὶ δεῖ ὥσπερ τὸ μέλλον λευκοῦ
                        αἰσθάνεσθαι ἢ μέλανος μηδέτερον εἶναι ἐνεργείᾳ, ἀλλὰ δυνάμει, οὕτω δὴ καὶ
                        ἐπὶ τῶν ἄλλων, καὶ ἐπὶ τῆς ἁφῆς μήτε θερμὸν μήτε ψυχρόν. ἔτι δʼ ὥσπερ τοῦ τε
                        ὁρατοῦ καὶ <lb n="10"/> τοῦ ἀοράτου ἧν πως ἡ ὄψις, ὁμοίως δὲ καὶ αἱ ἄλλαι
                        τῶν ἀντικειμένων, οὕτω καὶ ἡ ἁρὴ τοῦ ἁπτοῦ καὶ ἀνάπτου· ἄναπτον δὲ τό τε
                        μικρὰν πάμπαν ἔχον διαφορὰν τῶν ἁπτῶν, οἶον πέπονθεν ὁ ἀήρ, καὶ αἱ ὑπερβολαὶ
                        τῶν ἁπτῶν <del>ἄναπτοι</del>, ὥσπερ τὰ φθαρτικά. καθʼ ἑκάστην μὲν οὖν
                        αἴσθησιν εἴρηται ὡς ἐν <lb n="15"/> τύπῳ εἰπεῖν.</p>
                    <lb n="12"/>
                    <p>Καθόλου δὲ περὶ πάσης αἰσθήσεως δεῖ λαβεῖν ὅτι ἡ μὲν αἴσθησίς ἐστι τὸ
                        δεκτικὸν τῶν αἰσθητῶν ἄνευ τῆς ὕλης, οἷον ὁ κηρὸς τοῦ δακτυλίου ἄνευ τοῦ
                        σιδήρου καὶ τοῦ χρυσοῦ δέχεται τὸ σημεῖον, λαμβάνει δὲ τὸ χαλκοῦν ἢ χρυσοῦν
                            <lb n="20"/> σημεῖον, ἀλλʼ οὐχ ᾗ χαλκὸς ἢ χρυσός. ὁμοίως δὲ καὶ ἡ
                        αἴσθησις ἑκάστη ὑπὸ τοῦ ἔχοντος χρῶμα ἢ ψόφον ἢ χυμὸν πάσχει, ἀλλʼ οὐχ ᾗ
                        ἕκαστον ἐκείνων λέγεται, ἀλλʼ ᾗ τοιόνδε καὶ κατὰ τὸν λόγον. αἰσθητήριον δὲ
                        πρῶτον, ἐν ᾧ ἡ τοιαύτη δύναμις. ἔστι μὲν οὖν τὸ αὐτό, τὸ δʼ εἶναι ἕτερον·
                            <lb n="25"/> μέγεθος μὲν γάρ ἄν τι εἴη τὸ αἰσθανόμενον, οὐ μέντοι τό γε
                        αἰσθητικῷ εἶναι ἢ αἰσθήσει μεγέθει ἐστὶν εἶναι, ἀλλὰ λόγος τις καὶ δύναμις
                        ἐκείνου. φανερὸν δʼ ἐκ τούτων καὶ διὰ τί ποτε τῶν αἰσθητῶν αἱ ὑπερβολαὶ
                        φθείρουσι τὰς αἰσθή- σεις (ἂν γὰρ ἡ κίνησις ἰσχυροτέρα τοῦ αἰσθητηρίου, <lb
                            n="30"/> λύεται ὁ λόγος, τοῦτο δʼ ἧν αἴσθησις, ὡσπερανεὶ ἡ συμ- φωνία
                        καὶ ὁ τόνος σφόδρα κρουομένων τῶν χορδῶν), καὶ διὰ τί ποτε τὰ φυτὰ οὐκ
                        αἰσθάνεται, ἔχοντά τι μόριον ψυχι- κὸν καὶ πάσχοντα ὑπὸ τῶν ἁπτῶν· καὶ γὰρ
                        ψύχεται καὶ θερμαίνεται· αἴτιον δὲ τὸ μὴ ἔχειν μεσότητα, μηδὲ τοιαύτην <note
                            type="marginal">424b</note>
                        <pb n="96"/> ἀρχὴν οἵαν τὰ εἴδη τῶν αἰσθητῶν δέχεσθαι, ἀλλὰ μετὰ τῆς ὕλης
                        πάσχειν. ἀπορήσειε δʼ ἄν τις, ἆρα πάθοι ἂν ὑπʼ ὀσμῆς τὸ μὴ δυνάμενον
                        ἀσφρανθῆναι, <add cause="fix">ἢ</add> ὑπὸ χρώματος τὸ <lb n="5"/> μὴ
                        δυνάμενον ἰδεῖν· ὁμοίως δὲ καὶ ἐπὶ τῶν ἄλλων. εἰ δʼ ἡ ὀσμὴ τὸ ὀσφραντόν, εἴ
                        τι ποιεῖ, τὴν ὄσφρησιν ποιεῖ ὀσμή, ὥστε οὐθὲν πάσχειν τῶν ἀδυνάτων
                        ὀσφρανθῆναι (ὁ δʼ αὐτὸς λόγος καὶ ἐπὶ τῶν ἄλλων), οὐδὲ τῶν δυνατῶν, ἀλλʼ
                            <add cause="fix">ἢ</add> ᾗ αἰσθητικόν ἕκαστον. ἅμα δὲ δῆλον καὶ οὕτως.
                        οὔτε γὰρ <lb n="10"/> ψόφος οὔτε τὸ φῶς καὶ σκότος οὔτε ἡ ὀσμὴ οὐθὲν ποιεῖ
                        τὰ σώματα, ἀλλʼ ἐν οἷς ἐστίν, οἷον ἀὴρ ὁ μετὰ τῆς βροντῆς διέστησε τὸ ξύλον.
                        ἀλλὰ δὴ τὰ ἁπτὰ καὶ οἱ χυμοὶ ποιοῦσιν· εἰ γὰρ μή, ὑπὸ τίνος ἂν πάσχοι τὰ
                        ἄψυχα ἢ ἀλλοιοῖτο; ἆρ᾿ οὖν κἀκεῖνα ποιεῖ; ἢ οὐ πᾶν σῶμα παθητικὸν ὑπ᾿ ὀσμῆς
                            <lb n="15"/> καὶ ψόφου, καὶ τὰ πάσχοντα ἀόριστα, καὶ οὐ μένει, οἷον ἀήρ·
                        ὄζει γὰρ ὡς παθών τι. τί οὖν ἐστὶ τὸ ὀσμᾶσθαι παρὰ τὸ πάσχειν τι; ἢ τό μὲν
                        ὀσμᾶσθαι καὶ αἰσθάνεσθαι, ὁ δ᾿ ἀὴρ παθὼν τοῦτο ταχὺ αἰσθητός γίγνεται.</p>
                    <lb n="96"/>
                </div>

            </div>
        </body>
    </text>
</TEI>
