<ti:work xmlns:ti="http://chs.harvard.edu/xmlns/cts" groupUrn="urn:cts:greekLit:tlg0062" xml:lang="grc" urn="urn:cts:greekLit:tlg0062.tlg028">
  <ti:title xml:lang="lat">Adversus indoctum et libros multos ementem</ti:title>
  <ti:edition urn="urn:cts:greekLit:tlg0062.tlg028.1st1K-grc1" workUrn="urn:cts:greekLit:tlg0062.tlg028">
    <ti:label xml:lang="lat">Adversus indoctum et libros multos ementem</ti:label>
    <ti:description xml:lang="lat">Lucianus, Adversus indoctum et libros multos ementem, Harmon, Harvard, 1960</ti:description>
  </ti:edition>
</ti:work>
