﻿<?xml version="1.0" encoding="UTF-8"?>
<?xml-model href="http://www.stoa.org/epidoc/schema/latest/tei-epidoc.rng" schematypens="http://relaxng.org/ns/structure/1.0"?>
<TEI xmlns="http://www.tei-c.org/ns/1.0">
 <teiHeader>
  <fileDesc>
   <titleStmt>
    <title>Adversus indoctum et libros multos ementem</title>
    <author>Lucianus Samosatenus</author>
    <editor>A. M. Harmon</editor>
    <funder>Harvard Library Arcadia Fund</funder>
    <principal>Gregory Crane</principal>
    <respStmt>
     <persName xml:id="DDD">Digital Divide Data</persName>
     <resp>Corrected and encoded the text</resp>
    </respStmt>
    <respStmt>
     <persName>Gregory Crane</persName>
     <resp>Editor-in-Chief, Perseus Digital Library</resp>
    </respStmt>
    <respStmt>
     <persName>Matt Munson</persName>
     <resp>Project Manager (University of Leipzig), 2016 - present</resp>
    </respStmt>
    <respStmt>
     <persName>Annette Geßner</persName>
     <resp>Project Assistant (University of Leipzig) 2015 - present</resp>
    </respStmt>
    <respStmt>
     <persName>Thibault Clérice</persName>
     <resp>Lead Developer (University of Leipzig)</resp>
    </respStmt>
    <respStmt>
     <persName>Bruce Robertson</persName>
     <resp>Technical Advisor</resp>
    </respStmt>
   </titleStmt>
   <publicationStmt>
    <authority>Harvard College Library</authority>
    <idno type="filename">tlg0062.tlg028.1st1K-grc1.xml</idno>
    <availability>
     <p>Available under a Creative Commons Attribution-ShareAlike 4.0 International License</p>
    </availability>
    <date>2016</date>
    <publisher>Harvard College Library</publisher>
    <pubPlace>United States</pubPlace>
   </publicationStmt>
   <sourceDesc>
    <listBibl>
     <biblStruct>
      <monogr>
       <title>Lucian</title>
       <editor>
        <persName>
         <name>A. M. Harmon</name>
        </persName>
       </editor>
       <author ref="urn:cts:greekLit:tlg0062">Lucianus Samosatenus</author>
       <imprint>
        <publisher>Harvard University Press</publisher>
        <pubPlace>Cambridge, Mass</pubPlace>
        <date>1960</date>
       </imprint>
       <biblScope unit="volume">3</biblScope>
      </monogr>
      <ref target="https://archive.org/details/lucianhar03luciuoft">The Internet Archive</ref>
     </biblStruct>
    </listBibl>
   </sourceDesc>
  </fileDesc>
  <encodingDesc>
   <p>Text encoded in accordance with the latest EpiDoc standards (January 2014)</p>
   <refsDecl n="CTS">
    <cRefPattern matchPattern="(.+)" n="section" replacementPattern="#xpath(/tei:TEI/tei:text/tei:body/tei:div/tei:div[@n='$1'])"/>
   </refsDecl>
  </encodingDesc>
  <profileDesc>
   <langUsage>
    <language ident="grc">Greek</language>
   </langUsage>
  </profileDesc>
  <revisionDesc>
   <change/>
  </revisionDesc>
 </teiHeader>
<text>
<body>
 <div type="edition" xml:lang="grc" n="urn:cts:greekLit:tlg0062.tlg028.1st1K-grc1">
<pb n="174"/>
<head>ΠΡΟΣ ΤΟΝ ΑΠΑΙΔΕΥΤΟΝ ΚΑΙ ΠΟΛΛΑ
ΒΙΒΛΙΑ ΩΝΟΥΜΕΝΟΝ</head>

<div type="textpart"  subtype="section"  n="1">
<p>1 Καὶ μὴν ἐναντίον ἐστὶν οὗ ἐθέλεις ὃ νῦν ποιεῖς.
οἴει μὲν γὰρ ἐν παιδείᾳ καὶ αὐτὸς εἶναί τις δόξειν
σπουδῇ συνωνόύμενος τὰ κάλλιστα τῶν βιβλίων·
τὸ δέ σοι περὶ τὰ κάτω χωρεῖ, καὶ ἔλεγχος γίγνεται
τῆς ἀπαιδευσίας πως τοῦτο. μάλιστα δὲ
οὐδὲ τὰ κάλλιστα ὠνῇ, ἀλλὰ πιστεύεις τοῖς ὡς
ἔτυχεν ἐπαινοῦσι καὶ ἕρμαιον εἰ τῶν τὰ τοιαῦτα
ἐπιψευδομένων τοῖς βιβλίοις καὶ θησαυρὸς ἕτοιμος
τοῖς καπήλοις αὐτῶν. ἢ πόθεν γάρ σοι διαγνῶναι
δυνατόν, τίνα μὲν παλαιὰ καὶ πολλοῦ ἄξια, τίνα
δὲ φαῦλα καὶ ἄλλως σαπρά, εἰ μὴ τῷ διαβεβρῶσθαι
καὶ κατακεκόφθαι αὐτὰ τεκμαίροιο καὶ
συμβούλους τοὺς σέας ἐπὶ τὴν ἐξέτασιν παραλαμβάνοις;<note type="footnote" n="1"></note>
ἐπεὶ τοῦ ἀκριβοῦς ἢ ἀσφαλοῦς ἐν
αὐτοῖς τίς ἢ ποία διάγνωσις;</p>
</div>

<div type="textpart"  subtype="section"  n="2">
<p>2 Ἵνα δέ σοι δῶ αὐτὰ ἐκεῖνα κεκρικέναι, ὅσα ὁ
Καλλῖνος εἰς κάλλος ἢ ὁ ἀοίδιμος Ἀττικὸς σὺν
ἐπιμελείᾳ τῇ πάσῃ ἔγραψαν, <note type="footnote" n="2"></note> σοὶ τί ὄφελος, ὦ
Available in photographs: rPΝ.
<note type="footnote">1 παραλαμβάνοις Guyet : παραλαμβάνεις MSS.</note>
<note type="footnote">2 ἔγραψαν Herwerden: γράψαιεν MSS.</note>

<pb n="176"/>
θαυμάσιε, τοῦ κτήματος οὔτε εἰδότι τὸ κάλλος
αὐτῶν οὔτε χρησομένῳ ποτὲ οὐδὲν μᾶλλον ἢ
τυφλὸς ἄν τις ἀπολαύσειε κάλλους παιδικῶν;
σύ δὲ ἀνεῳγμένοις μὲν τοῖς ὀφθαλμοῖς ὁρᾷς τὰ
βιβλία, καὶ νὴ Δία κατακόρως, καὶ ἀναγιγνώσκεις
ἔνια πάνυ ἐπιτρέχων, φθάνοντος τοῦ ὀφθαλμοῦ
τὸ στόμα· οὐδέπω δὲ τοῦτό μοι ἱκανόν, ἢν
μὴ εἰδῇς τὴν ἀρετὴν καὶ κακίαν ἑκάστου τῶν
ἐγγεγραμμένων καὶ συνίῃς ὅστις μὲν ὁ νοῦς σύμπασιν,
τίς δὲ ἡ τάξις τῶν ὀνομάτων, ὅσα τε πρὸς
τὸν ὀρθὸν κανόνα τῷ συγγραφεῖ ἀπηκρίβωται καὶ
ὅσα κίβδηλα καὶ νόθα καὶ παρακεκομμένα.</p>
</div>

<div type="textpart"  subtype="section"  n="3">
<p>3 Τί οὖν; φὴς καὶ ταὐτὰ<note type="footnote" n="1"></note> μὴ μαθὼν ἡμῖν εἰδέναι;
πόθεν, εἰ μή ποτε παρὰ τῶν Μουσῶν κλῶνα
δάφνης καθάπερ ὁ ποιμὴν ἐκεῖνος λαβών; Ἑλικῶνα
μὲν γάρ, ἵνα διατρίβειν αἱ θεαὶ λέγονται,
οὐδὲ ἀκήκοας οἶμαί ποτε, οὐδὲ τὰς αὐτὰς<note type="footnote" n="2"></note> διατριβὰς
ἡμῖν ἐν παισὶν ἐποιοῦ· σοὶ καὶ μεμνῆσθαι
Μουσῶν ἀνόσιον. ἐκεῖναι γὰρ ποιμένι μὲν οὐκ
ἂν ὤκνησαν φανῆναι σκληρῷ ἀνδρὶ καὶ δασεῖ καὶ
πολὺν τὸν ἥλιον ἐπὶ τῷ σώματι ἐμφαίνοντι, οἵῳ
δὲ σοί—καὶ μοι πρὸς τῆς Λιβανίτιδος ἄφες ἐν τῷ
παρόντι τὸ μὴ σύμπαντα σαφῶς εἰπεῖν —οὐδὲ
ἐγγὺς γενέσθαι ποτʼ ἂν εὖ οἶδʼ ὅτι ἠξίωσαν, ἀλλʼ
ἀντὶ τῆς δάφνης μυρρίνῃ ἂν ἢ καὶ μαλάχης φύλλοις
μαστιγοῦσαι ἀπήλλαξαν ἂν τῶν τοιούτων, ὡς μὴ
<note type="footnote">1 ταὐτὰ Naber: ταῦτα MSS.</note>
<note type="footnote">2 τὰς αὐτὰς Marcilius: τοιαύτας MSS.</note>

<pb n="178"/>
μιᾶναι μήτε τὸν Ὀλμειὸν μήτε τὴν τοῦ Ἴππου
κρήνην, ἅπερ ἢ ποιμνίοις διψῶσιν ἢ ποιμένων
στόμασι καθαροῖς πότιμα.</p>
</div>

<div type="textpart"  subtype="section"  n="4">
<p>Καίτοι οὐδέ, εἰ καὶ πάνυ ἀναίσχυντος εἶ καὶ
ἀνδρεῖος τὰ τοιαῦτα, τολμήσειας ἄν ποτε εἰπεῖν
ὡς ἐπαιδεύθης ἢ ἐμέλησέ σοι πώποτε τῆς ἐν χρῷ
πρὸς τὰ βιβλία συνουσίας ἢ ὡς διδάσκαλός σοι
4 ὁ δεῖνα ἢ τῷ δεῖνι συνεφοίτας. ἀλλʼ ἑνὶ τούτῳ
μόνῳ πάντα ἐκεῖνα ἀναδραμεῖσθαι νῦν ἐλπίζεις,
τῷ κτᾶσθαι πολλὰ βιβλία. κατὰ δὴ ταῦτα,
ἐκεῖνα ἔχε συλλαβὼν τὰ τοῦ Δημοσθένους ὅσα
τῇ χειρὶ τῇ αὐτοῦ ὁ ῥήτωρ ἔγραψε, καὶ τὰ τοῦ
Θουκυδίδου ὅσα παρὰ τοῦ Δημοσθένους καὶ αὐτὰ
ὀκτάκις μεταγεγραμμένα εὑρέθη, καὶ ὅλως<note type="footnote" n="1"></note> ἅπαντα
ἐκεῖνα ὅσα ὁ Σύλλας Ἀθήνηθεν εἰς Ἰταλίαν
ἐξέπεμψε· τί ἂν πλέον ἐκ τούτου εἰς παιδείαν
κτήσαιο, κἂν ὑποβαλόμενος αὐτὰ ἐπικαθεύδῃς ἢ
συγκολλήσας καὶ περιβαλόμενος περινοστῇς;
πίθηκος γὰρ ὁ πίθηκος, ἡ παροιμία φησί, κἂν
χρύσεα ἔχῃ σύμβολα. καὶ σὺ τοίνυν βιβλίον
μὲν ἔχεις ἐν τῇ χειρὶ καὶ ἀναγιγνώσκεις ἀεί, τῶν
δὲ ἀναγιγνωσκομένων οἶσθα οὐδέν, ἀλλʼ ὄνος
λύρας ἀκούεις κινῶν τὰ ὦτα.</p>
<p>Ὡς εἴ γε τὸ κεκτῆσθαι τὰ βιβλία καὶ πεπαιδευμένον
ἀπέφαινε τὸν ἔχοντα, πολλοῦ ἂν ὡς
ἀληθῶς τὸ κτῆμα ἦν ἄξιον καὶ μόνων ὑμῶν τῶν
πλουσίων, εἰ ὥσπερ ἐξ ἀγορᾶς ἦν πριάσθαι τοὺς
<note type="footnote">1 εὑρέθη, καὶ ὅλως A.M.H.: εὑρέθη καλῶς MSS.; εὑρέθη
καλῶς, καὶ Bekker, Dindorf.</note>
<note type="footnote">1 Of the copies of his own works and those of Thucydides
written by Demosthenes we have no other notice ; Sulla</note>

<pb n="180"/>
πένητας ἡμᾶς ὑπερβάλλοντας. τίς δὲ τοῖς ἐμπόροις
καὶ τοῖς βιβλιοκαπήλοις ἤρισεν ἂν περὶ
παιδείας τοσαῦτα βιβλία ἔχουσι καὶ πωλοῦσιν,
ἀλλʼ εἴ γε διελέγχειν ἐθέλεις, ὄψει μηδʼ ἐκείνους
πολύ σου τὰ εἰς παιδείαν ἀμείνους, ἀλλὰ βαρβάρους
μὲν τὴν φωνὴν ὥσπερ σύ, ἀξυνέτους δὲ
τῇ γνώσει, οἵους εἰκὸς εἶναι τοὺς μηδὲν τῶν καλῶν
καὶ αἰσχρῶν καθεωρακότας. καίτοι σὺ μὲν δύο
ἢ τρία παῤ αὐτῶν ἐκείνων πριάμενος ἔχεις, οἱ δὲ
νύκτωρ καὶ μεθʼ ἡμέραν διὰ χειρὸς ἔχουσιν αὐτά.</p>
</div>

<div type="textpart"  subtype="section"  n="5">
<p>5 τίνος οὖν ἀγαθοῦ ὠνῇ ταῦτα, εἰ μὴ καὶ τὰς ἀποθήκας
αὐτὰς τῶν βιβλίων ἡγῇ πεπαιδεῦσθαι
τοσαῦτα περιεχούσας παλαιῶν ἀνδρῶν
συγγράμματα;</p>
<p>Καί μοι, εἰ δοκεῖ, ἀπόκριναι· μᾶλλον δέ, ἐπεὶ
τοῦτό σοι ἀδύνατον, ἐπίνευσον γοῦν ἢ ἀνάνευσον
πρὸς τὰ ἐρωτώμενα. εἴ τις αὐλεῖν μὴ ἐπιστάμενος
κτήσαιτο τοὺς Τιμοθέου αὐλοὺς ἢ τοὺς Ἰσμηνίου,
οὓς ἑπτὰ ταλάντων ὁ Ἰσμηνίας ἐν Κορίνθῳ ἐπρίατο,
ἆῤ ἂν διὰ τοῦτο καὶ αὐλεῖν δύναιτο, ἢ οὐδὲν
ὄφελος αὐτῷ τοῦ κτήματος οὐκ ἐπισταμένῳ χρήσασθαι
κατὰ τὴν τέχνην; εὖ γε ἀνένευσας· οὐδὲ
γὰρ τοὺς Μαρσύου ἡ Ὀλύμπου κτησάμενος αὐλήσειεν
ἂν μὴ μαθών. τί δʼ εἴ τις τοῦ Ἡρακλέους τὰ
τόξα κτήσαιτο μὴ Φιλοκτήτης ὢν ὡς δύνασθαι
ἐντείνασθαί τε αὐτὰ καὶ ἐπίσκοπα τοξεῦσαι; τί
σοι καὶ οὗτος δοκεῖ; ἆῤ ἂν ἐπιδείξασθαί τι ἔργον
τοξότου ἄξιον; ἀνένευσας καὶ τοῦτο. κατὰ ταὐτὰ
δὴ καὶ ὁ κυβερνᾶν οὐκ εἰδὼς καὶ ἱππεύειν μὴ
μεμελετηκὼς εἰ ὁ μὲν ναῦν καλλίστην παραλάβοι,
τοῖς πᾶσι καὶ εἰς κάλλος καὶ εἰς ἀσφάλειαν κάλλιστα

<pb n="182"/>
ἐξειργασμένην, ὁ δὲ ἵππον κτήσαιτο Μῆδον
ἢ κενταυρίδην ἢ κοππαφόρον, ἐλέγχοιτο ἄν, οἶμαι,
ἑκάτερος οὐκ εἰδὼς ὅ τι χρήσαιτο ἑκατέρῳ. ἐπινεύεις
καὶ τοῦτο; πείθου δὴ καὶ τοῦτό μοι ἐπίνευσον·
εἴ τις ὥσπερ σὺ ἀπαίδευτος ὢν ὠνοῖτο πολλὰ βιβλία,
οὐ σκώμματα οὗτος εἰς ἀπαιδευσίαν καθʼ
ἑαυτοῦ ἐκφέροι; τί ὀκνεῖς καὶ τοῦτο ἐπινεύειν;
ἔλεγχος γάρ, οἶμαι, σαφὴς οὗτος, καὶ τῶν ὁρώντων
ἕκαστος εὐθὺς τὸ προχειρότατον ἐκεῖνο ἐπιφθέγγεται,
“τί κυνὶ καὶ βαλανείῳ;”</p>
</div>

<div type="textpart"  subtype="section"  n="6">
<p>6 Καὶ ἐγένετό τις οὐ πρὸ πολλοῦ ἐν Ἀσίᾳ πλούσιος
ἀνὴρ ἐκ συμφορᾶς ἀποτμηθεὶς τοὺς πόδας
ἀμφοτέρους, ἀπὸ κρύους, οἶμαι, ἀποσαπέντας
ἐπειδή ποτε διὰ χιόνος ὁδοιπορῆσαι συνέβη αὐτῷ.
οὗτος τοίνυν τοῦτο μὲν ἐλεεινὸν ἐπεπόνθει, καὶ
θεραπεύων τὴν δυστυχίαν ξυλίνους πόδας πεποίητο,
καὶ τούτους ὑποδούμενος ἐβάδιζεν ἐπιστηριζόμενος
ἅμα τοῖς οἰκέταις. ἐκεῖνο δὲ γελοῖον
ἐποίει, κρηπῖδας γὰρ καλλίστας ἐωνεῖτο νεοτμήτους
ἀεί, καὶ τὴν πλείστην πραγματείαν περὶ
ταύτας εἶχεν, ὡς καλλίστοις ὑποδήμασι κεκοσμημένα
εἴη αὐτῷ τὰ ξύλα. <note type="footnote" n="1"></note> οὐ ταὐτὰ οὖν καὶ σὺ
ποιεῖς χωλὴν μὲν ἔχων καὶ συκίνην τὴν γνώμην,
ὠνούμενος δὲ χρυσοῦς ἐμβάτας, οἷς μόλις ἄν τις
καὶ ἀρτίπους ἐμπεριπατήσειεν;</p>
</div>

<div type="textpart"  subtype="section"  n="7">
<p>7 Ἐπεὶ δὲ ἐν τοῖς ἄλλοις καὶ τὸν Ὅμηρον ἐπρίω
πολλάκις, ἀναγνώτω σοί τις αὐτοῦ λαβὼν τὴν
δευτέραν τῆς Ἰλιάδος ῥαψῳδίαν, ἧς τὰ μὲν ἄλλα
<note type="footnote">1 τὰ ξύλα, οἱ πόδες δή MSS.: οἱ πόδες δή excised by Headlam.</note>
<note type="footnote">1 The “Centaur” horses probably came from Thessaly,
the home of the Centaurs and a land of good horses. The</note>

<pb n="184"/>
μὴ ἐξετάζειν· οὐδὲν γὰρ αὐτῶν πρὸς σέ· πεποίηται
δέ τις αὐτῷ δημηγορῶν παγγέλοιος ἄνθρωπος,
διάστροφος τὸ σῶμα καὶ λελωβημένος. ἐκεῖνος
τοίνυν ὁ Θερσίτης ὁ τοιοῦτος εἰ λάβοι τὴν Ἀχιλλέως
πανοπλίαν, οἴει ὅτι αὐτίκα διὰ τοῦτο καὶ
καλὸς ἅμα καὶ ἰσχυρὸς ἂν γένοιτο, καὶ ὑπερπηδήσεται
μὲν τὸν ποταμόν, ἐπιθολώσει δὲ αὐτοῦ
τὸ ῥεῖθρον τῷ φόνῳ τῶν Φρυγῶν, ἀποκτενεῖ δὲ
τὸν Ἕκτορα καὶ πρὸ αὐτοῦ τὸν Λυκάονα καὶ τὸν
Ἀστεροπαῖον, μηδὲ φέρειν ἐπὶ τῶν ὤμων τὴν
μελίαν δυνάμενος; οὐκ ἂν εἴποις· ἀλλὰ καὶ γέλωτα\
ἄν ὀφλισκάνοι χωλεύων ὑπὸ τῇ ἀσπίδι καὶ
ἐπὶ στόμα καταπίπτων ὑπὸ τοῦ βάρους καὶ ὑπὸ
τῷ κράνει ὁπότε ἀνανεύσειε δεικνὺς τοὺς παραβλῶπας
ἐκείνους αὐτοῦ ὀφθαλμοὺς καὶ τὸν
θώρακα ἐπαίρων τῷ τοῦ μεταφρένου κυρτώματι
καὶ τὰς κνημῖδας ἐπισυρόμενος, καὶ ὅλως αἰσχύνων
ἀμφοτέρους, καὶ τὸν δημιουργὸν αὐτῶν καὶ
τὸν δεσπότην. τὸ αὐτὸ δὴ καὶ σὺ πάσχων οὐχ
ὁρᾷς, ὁπόταν τὸ μὲν βιβλίον ἐν τῇ χειρὶ ἔχῃς
πάγκαλον, πορφυρᾶν μὲν ἔχον τὴν διφθέραν,
χρυσοῦν δὲ τὸν ὀμφαλόν, ἀναγιγνώσκῃς δὲ αὐτὸ
βαρβαρίζων καὶ καταισχύνων καὶ διαστρέφων,
ὑπὸ μὲν τῶν πεπαιδευμένων καταγελώμενος, ὑπὸ
δὲ τῶν συνόντων σοι κολάκων ἐπαινούμενος, οἳ
καὶ αὐτοὶ πρὸς ἀλλήλους ἐπιστρεφόμενοι γελῶσι
τὰ πολλά;</p>
</div>

<div type="textpart"  subtype="section"  n="8">
<p>8 Θέλω γοῦν σοι διηγήσασθαί τι Πυθοῖ γενόμενον.
Ταραντῖνος Εὐάγγελος τοὔνομα τῶν οὐκ
ἀφανῶν ἐν τῷ Τάραντι ἐπεθύμησεν νικῆσαι
Πύθια. τὰ μὲν οὖν τῆς γυμνῆς ἀγωνίας αὐτίκα
ἐδόκει αὐτῷ ἀδύνατον εἶναι μήτε πρὸς ἰσχὺν μήτε

<pb n="186"/>
πρὸς ὠκύτητα εὖ πεφυκότι, κιθάρᾳ δὲ καὶ ᾠδῇ
ῥᾳδίως κρατήσειν ἐπείσθη ὑπὸ καταράτων ἀνθρώπων
οὓς εἶχε περὶ αὑτὸν ἐπαινούντων καὶ
βοώντων ὁπότε καὶ τὸ σμικρότατον ἐκεῖνος ἀνακρούσαιτο.
ἧκεν οὖν εἰς τοὺς Δελφοὺς τοῖς τε
ἄλλοις λαμπρὸς καὶ δὴ καὶ ἐσθῆτα χρυσόπαστον
ποιησάμενος καὶ στέφανον δάφνης χρυσῆς κάλλιστον,
ὡς ἀντὶ καρποῦ τῆς δάφνης σμαράγδους
εἶναι ἰσομεγέθεις τῷ καρπῷ· τὴν μέν γε κιθάραν
αὐτήν, ὑπερφυές τι χρῆμα εἰς κάλλος καὶ πολυτέλειαν,
χρυσοῦ μὲν τοῦ ἀκηράτου πᾶσαν,
σφραγῖσι δὲ καὶ λίθοις ποικίλοις κατακεκοσμημένην,
Μουσῶν μεταξὺ καὶ Ἀπόλλωνος καὶ
Ὀρφέως ἐντετορνευμένων, θαῦμα μέγα τοῖς
ὁρῶσιν,</p>
</div>

<div type="textpart"  subtype="section"  n="9">
<p>9 Ἐπεὶ δʼ οὖν ποτε καὶ ἧκεν ἡ τοῦ ἀγῶνος ἡμέρα,
τρεῖς μὲν ἦσαν, ἔλαχεν δὲ μέσος αὐτῶν ὁ Εὐάγγελος
ᾄδειν· καὶ μετὰ Θέσπιν τὸν Θηβαῖον οὐ
φαύλως ἀγωνισάμενον εἰσέρχεται ὅλος περιλαμπόμενος
τῷ χρυσῷ καὶ τοῖς σμαράγδοις καὶ
βηρύλλοις καὶ ὑακίνθοις· καὶ ἡ πορφύρα δὲ ἐνέπρεπε
τῆς ἐσθῆτος, ἣ μεταξὺ τοῦ χρυσοῦ διεφαίνετο.
τούτοις ἅπασι προεκπλήξας τὸ θέατρον
καὶ θαυμαστῆς ἐλπίδος ἐμπλήσας τοὺς θεατάς,
ἐπειδή ποτε καὶ ᾆσαι καὶ κιθαρίσαι πάντως ἔδει,
ἀνακρούεται μὲν ἀνάρμοστόν τι καὶ ἀσύντακτον,
ἀπορρήγνυσι δὲ τρεῖς ἅμα χορδὰς σφοδρότερον
τοῦ δέοντος ἐμπεσὼν τῇ κιθάρᾳ, ἄδειν δὲ ἄρχεται
ἀπόμουσόν τι καὶ λεπτόν, ὥστε γέλωτα μὲν παρὰ
πάντων γενέσθαι τῶν θεατῶν, τοὺς ἀθλοθέτας δὲ
ἀγανακτήσαντας ἐπὶ τῇ τόλμῃ μαστιγώσαντας
αὐτὸν ἐκβαλεῖν τοῦ θεάτρου· ὅτεπερ καὶ γελοιότατος

<pb n="188"/>
ὤφθη δακρύων ὁ χρυσοῦς Εὐάγγελος καὶ
ὑπὸ τῶν μαστιγοφόρων συρόμενος διὰ μέσης τῆς
σκηνῆς καὶ τὰ σκέλη καθῃματωμένος ἐκ τῶν
μαστίγων καὶ συλλέγων χαμάθεν τῆς κιθάρας
τὰς σφραγῖδας· ἐξεπεπτώκεσαν γὰρ κἀκείνης
συμμαστιγουμένης αὐτῷ.</p>
</div>

<div type="textpart"  subtype="section"  n="10">
<p>10 Μικρὸν δὲ ἐπισχὼν μετʼ αὐτὸν Εὔμηλός τις
Ἠλεῖος εἰσέρχεται, κιθάραν μὲν παλαιὰν ἔχων,
ξυλίνους δὲ κόλλοπας ἐπικειμένην, ἐσθῆτα δὲ
μόγις σὺν τῷ στεφάνῳ δέκα δραχμῶν ἀξίαν·
ἀλλʼ οὗτός γε ᾄσας δεξιῶς καὶ κιθαρίσας κατὰ
τὸν νόμον τῆς τέχνης ἐκράτει καὶ ἀνεκηρύττετο
καὶ τοῦ Εὐαγγέλου κατεγέλα μάτην ἐμπομπεύσαντος
τῇ κιθάρᾳ καὶ ταῖς σφραγῖσιν ἐκείναις.
καὶ εἰπεῖν γε λέγεται πρὸς αὐτόν· “Ὦ Εὐάγγελε,
σὺ μὲν χρυσῆν δάφνην περίκεισαι, πλουτεῖς γάρ,
ἐγὼ δὲ ὁ πένης τὴν Δελφικήν. πλὴν τοῦτό γε
μόνον ὤνησο τῆς σκευῆς, ὅτι μηδὲ ἐλεούμενος ἐπὶ
τῇ ἥττῃ ἀπέρχῃ, ἀλλὰ μισούμενος προσέτι διὰ
τὴν ἄτεχνόν σου ταύτην τρυφήν.” περὶ πόδα δή
σοι καὶ Εὐάγγελος οὗτος, παῤ ὅσον σοί γε οὐδʼ
ὀλίγον μέλει τοῦ γέλωτος τῶν θεατῶν.</p>
</div>

<div type="textpart"  subtype="section"  n="11">
<p>11 Οὐκ ἄκαιρον δʼ ἂν γένοιτο καὶ Λέσβιον μῦθόν
τινα διηγήσασθαί σοι πάλαι γενόμενον. ὅτε τὸν
Ὀρφέα διεσπάσαντο αἱ Θρᾷτται, φασὶ τὴν
κεφαλὴν αὐτοῦ σὺν τῇ λύρᾳ εἰς τὸν Ἕβρον ἐμπεσοῦσαν
ἐκβληθῆναι εἰς τὸν μέλανα κόλπον,
καὶ ἐπιπλεῖν γε τὴν κεφαλὴν τῇ λύρᾳ, τὴν μὲν
ᾄδουσαν θρῆνόν τινα ἐπὶ τῷ Ὀρφεῖ, ὡς λόγος,<note type="footnote" n="1"></note>
<note type="footnote">1 Ὀρφεῖ, ὡς λόγος P : Ὀρφείῳ λόγῳ other MSS. Bekkerʼs
conjecture Ὀρφείῳ μόρῳ is anticipated rather than confirmed
by a correction in Ψ.</note>

<pb n="190"/>
τὴν λύραν δὲ αὐτὴν ὑπηχεῖν τῶν ἀνέμων ἐμπιπτόντων
ταῖς χορδαῖς, καὶ οὕτω μετʼ ᾠδῆς προσενεχθῆναι
τῇ Λέσβῳ, κἀκείνους ἀνελομένους
τὴν μὲν κεφαλὴν καταθάψαι ἵναπερ νῦν τὸ
Βακχεῖον αὐτοῖς ἐστι, τὴν λύραν δὲ ἀναθεῖναι εἰς
τοῦ Ἀπόλλωνος τὸ ἱερόν, καὶ ἐπὶ πολύ γε σώζεσθαι
αὐτήν.</p>
</div>

<div type="textpart"  subtype="section"  n="12">
<p>χρόνῳ δὲ ὕστερον Νέανθον τὸν τοῦ
Πιττακοῦ τοῦ τυράννου ταῦτα ὑπὲρ τῆς λύρας
πυνθανόμενον, ὡς ἐκήλει μὲν θηρία καὶ φυτὰ καὶ
λίθους, ἐμελῴδει δὲ καὶ μετὰ τὴν τοῦ Ὀρφέως
συμφορὰν μηδενὸς ἀπτομένον, εἰς<note type="footnote" n="1"></note> ἔρωτα τοῦ κτήματος
ἐμπεσεῖν καὶ διαφθείραντα τὸν ἱερέα μεγάλοις
χρήμασι πεῖσαι ὑποθέντα ἑτέραν ὁμοίαν
λύραν δοῦναι αὐτῷ τὴν τοῦ Ὀρφέως. λαβόντα δὲ
μεθʼ ἡμέραν μὲν ἐν τῇ πόλει χρῆσθαι οὐκ ἀσφαλὲς
οἴεσθαι εἶναι, νύκτωρ δὲ ὑπὸ κόλπου ἔχοντα μόνον
προελθεῖν εἰς τὸ προάστειον καὶ προχειρισάμενον
κρούειν καὶ συνταράττειν τὰς χορδὰς
ἄτεχνον καὶ ἄμουσον νεανίσκον, ἐλπίζοντα μέλη
τινα θεσπέσια ὑπηχήσειν τὴν λύραν ὑφʼ ὧν
πάντας καταθέλξειν καὶ κηλήσειν, καὶ ὅλως
μακάριον ἔσεσθαι κληρονομήσαντα τῆς Ὀρφέως
μουσικῆς· ἄχρι δὴ συνελθόντας τοὺς κύνας πρὸς
τὸν ἦχον—πολλοὶ δὲ ἦσαν αὐτόθι—διασπάσασθαι
αὐτόν, ὡς τοῦτο γοῦν ὅμοιον τῷ Ὀρφεῖ παθεῖν
καὶ μόνους ἐφʼ ἑαυτὸν συγκαλέσαι τοὺς κύνας.
ὅτεπερ καὶ σαφέστατα ὤφθη ὡς οὐχ ἡ λύρα ἡ<note type="footnote" n="2"></note>
θέλγουσα ἦν, ἀλλὰ ἡ τέχνη καὶ ἡ ὠδή, ἃ μόνα
ἐξαίρετα τῷ Ὀρφεῖ παρὰ τῆς μητρὸς ὑπῆρχεν·
ἡ λύρα δὲ ἄλλως κτῆμα ἦν, οὐδὲν ἄμεινον τῶν
ἄλλων βαρβίτων.</p>
<note type="footnote">1 εἰς Cobet: πρὸς MSS.</note>
<note type="footnote">2 Halm: not in MSS.</note>
</div>

<div type="textpart"  subtype="section"  n="13">
<pb n="192"/>
<p>13 Καὶ τί σοι τὸν Ὀρφέα ἢ τὸν Νέανθον λέγω,
ὅπου καὶ καθʼ ἡμᾶς αὐτοὺς ἐγένετό τις καὶ ἔτι
ἐστίν, οἶμαι, ὃς τὸν Ἐπικτήτου λύχνον τοῦ
Στωϊκοῦ κεραμεοῦν ὄντα τρισχιλίων δραχμῶν
ἐπρίατο; ἤλπιζεν γὰρ οἶμαι κἀκεῖνος, εἰ τῶν
νυκτῶν ὑπʼ ἐκείνῳ τῷ λύχνῳ ἀναγιγνώσκοι,
αὐτίκα μάλα καὶ τὴν Ἐπικτήτου σοφίαν ὄναρ
ἐπικτήσεσθαι<note type="footnote" n="1"></note> καὶ ὅμοιος ἔσεσθαι τῷ θαυμαστῷ
ἐκείνῳ γέροντι.</p>
</div>

<div type="textpart"  subtype="section"  n="14">
<p>14 χθὲς δὲ καὶ πρῴην ἄλλος τις τὴν
Πρωτέως τοῦ Κυνικοῦ βακτηρίαν, ἣν καταθέμενος
ἥλατο εἰς τὸ πῦρ, ταλάντου κἀκεῖνος
ἐπρίατο, καὶ ἔχει μὲν τὸ κειμήλιον τοῦτο καὶ
δείκνυσιν ὡς Τεγεᾶται τοῦ Καλυδωνίου ὑὸς<note type="footnote" n="2"></note> τὸ
δέρμα καὶ Θηβαῖοι τὰ ὀστᾶ τοῦ Γηρυόνου καὶ
Μεμφῖται τῆς Ἴσιδος τοὺς πλοκάμους· αὐτὸς δὲ ὁ
τοῦ θαυμαστοῦ κτήματος δεσπότης καὶ αὐτὸν σὲ
τῇ ἀπαιδευσίᾳ καὶ βδελυρίᾳ ὑπερηκόντισεν. ὁρᾷς
ὅπως κακοδαιμόνως διάκειται, βακτηρίας εἰς τὴν
κεφαλὴν ὡς ἀληθῶς δεόμενος.</p>
</div>

<div type="textpart"  subtype="section"  n="15">
<p>15 Λέγεται δὲ καὶ Διονύσιον τραγῳδίαν ποιεῖν
φαύλως πάνυ καὶ γελοίως, ὥστε τὸν Φιλόξενον
πολλάκις δι᾿  αὐτὴν εἰς τὰς λατομίας ἐμπεσεῖν οὐ
δυνάμενον κατέχειν τὸν γέλωτα. οὗτος τοίνυν
πυθόμενος ὡς ἐγγελᾶται, τὸ Αἰσχύλου πυξίον εἰς
ὃ ἑκεῖνος ἔγραφε σὺν πολλῇ σπουδῇ κτησάμενος
καὶ αὐτὸς <note type="footnote" n="3"></note> ᾤετο ἔνθεος ἔσεσθαι καὶ κάτοχος ἐκ
τοῦ πυξίου· ἀλλʼ ὅμως ἐν αὐτῷ ἐκείνῳ μακρῷ
γελοιότερα ἔγραφεν, οἷον κἀκεῖνο τό·
<lg>
<l>Δωρὶς τέθνηκεν <note type="footnote" n="4"></note> ἡ Διονυσίου γυνή.</l>
</lg>
<note type="footnote">1 ἐπικτήσεσθαι Roeper: ἐπιστήσεσθαι MSS.</note>
<note type="footnote">2 ὑὸς Cobet : not in MSS.</note>
<note type="footnote">3 καὶ αὐτὸς Jacobs: αὐτὸ MSS.</note>
<note type="footnote">4 Δωρὶς τέθνηκεν C. F. Hermann: Δωρικόν· ἦκεν MSS.</note>

<pb n="194"/>
καὶ πάλιν·
<lg>
<l>οἴμοι, γυναῖκα χρησίμην ἀπώλεσα.</l>
</lg>
καὶ τοῦτο γὰρ ἐκ τοῦ πυξίου, καὶ τό·
<lg>
<l>αὑτοῖς γὰρ ἐμπαίζουσιν οἱ μωροὶ βροτῶν.</l>
</lg></p>
<p>Τοῦτο μέν γε πρὸς σὲ μάλιστα εὐστόχως ἂν
εἰρημένον εἴη τῷ Διονυσίῳ, καὶ διʼ αὐτὸ χρυσῶσαι
αὐτοῦ ἔδει ἐκεῖνο τὸ πυξίον.</p>
</div>

<div type="textpart"  subtype="section"  n="16">
<p>16 τίνα γὰρ ἐλπίδα
καὶ αὐτὸς ἔχων εἰς<note type="footnote" n="1"></note> τὰ βιβλία καὶ ἀνατυλίττεις
ἀεὶ καὶ διακολλᾷς καὶ περικόπτεις καὶ ἀλείφεις
τῷ κρόκῳ καὶ τῇ κέδρῳ καὶ διφθέρας περιβάλλεις
καὶ ὀμφαλοὺς ἐντίθης, ὡς δή τι ἀπολαύσων αὐτῶν;
πάνυ γοῦν ἤδη βελτίων γεγένησαι διὰ τὴν
ὠνήν, ὃς τοιαῦτα μὲν φθέγγῃ—μᾶλλον δὲ τῶν
ἰχθύων ἀφωνότερος εἶ—βιοῖς δὲ ὡς οὐδʼ εἰπεῖν
καλόν, μῖσος δὲ ἄγριον, φασί, παρὰ πάντων ἔχεις
ἐπὶ τῇ βδελυρίᾳ· ὡς εἰ τοιούτους ἀπειργάζετο τὰ
βιβλία, φυγῇ φευκτέον ἂν ἦν ὅτι πορρωτάτω
ἀπʼ αὐτῶν.</p>
</div>

<div type="textpart"  subtype="section"  n="17">
<p>17 δυοῖν δὲ ὄντοιν ἅττʼ ἂν παρὰ τῶν
παλαιῶν τις κτήσαιτο, λέγειν τε δύνασθαι καὶ
πράττειν τὰ δέοντα ζήλῳ τῶν ἀρίστων καὶ φυγῇ
τῶν χειρόνων, ὅταν μήτε ἐκεῖνα μήτε ταῦτα φαίνηταί
τις παῤ αὐτῶν ὠφελούμενος, τί ἄλλο ἢ
τοῖς μυσὶ διατριβὰς ὠνεῖται καὶ ταῖς τίλφαις
οἰκήσεις καὶ πληγὰς ὡς ἀμελοῦσι τοῖς οἰκέταις;</p>
</div>

<div type="textpart"  subtype="section"  n="18">
<p>18 Πῶς δὲ οὐ κἀκεῖνο αἰσχρόν, εἴ τις ἐν τῇ χειρὶ
ἔχοντά σε βιβλίον ἰδών—ἀεὶ δέ τι πάντως ἔχεις
<note type="footnote">1 εις? A.M.H.</note>
<note type="footnote">1 The few extant fragments of Dionysius' plays are given
by Nauck, Trαg. Graec. Fragm. pp. 793—796. Tzetzes</note>

<pb n="196"/>
—ἔροιτο οὗτινος ἢ ῥήτορος ἢ συγγραφέως ἢ
ποιητοῦ ἐστι, σὺ δὲ ἐκ τῆς ἐπιγραφῆς εἰδὼς
πρᾴως εἴποις τοῦτό γε· εἶτα, ὡς φιλεῖ τὰ τοιαῦτα
ἐν συνουσίᾳ προχωρεῖν εἰς μῆκος λόγων, ὁ μὲν
ἐπαινοῖ τι ἢ αἰτιῷτο τῶν ἐγγεγραμμένων, σὺ δὲ
ἀποροίης καὶ μηδὲν ἔχοις εἰπεῖν; οὐκ εὔξῃ τότε
χανεῖν σοι τὴν γῆν, κατὰ σεαυτοῦ ὁ Βελλεροφόντης
περιφέρων τὸ βιβλίον;</p>
</div>

<div type="textpart"  subtype="section"  n="19">
<p>19 Δημήτριος δὲ ὁ Κυνικὸς ἰδὼν ἐν Κορίνθῳ ἀπαίδευτόν
τινα βιβλίον κάλλιστον ἀναγιγνώσκοντα
—τὰς Βάκχας οἶμαι τοῦ Εὐριπίδου, κατὰ τὸν
ἄγγελον δὲ ἦν τὸν διηγούμενον τὰ τοῦ Πενθέως
πάθη καὶ τὸ τῆς Ἀγαύης ἔργον—ἁρπάσας διέσπασεν
αὐτὸ εἰπών, “Ἄμεινον ἐστι τῷ Πενθεῖ
ἅπαξ σπαραχθῆναι ὑπʼ ἐμοῦ ἢ ὑπὸ σοῦ
πολλάκις.”</p>
<p>Ζητῶν δὲ ἀεὶ πρὸς ἐμαυτὸν οὔπω καὶ τήμερον
εὑρεῖν δεδύνημαι τίνος ἕνεκα τὴν σπουδὴν ταύτην
ἐσπούδακας περὶ τὴν ὠνὴν τῶν βιβλίων· ὠφελείας
μὲν γὰρ ἢ χρείας τῆς ἀπʼ αὐτῶν οὐδʼ ἂν
οἰηθείη τις τῶν καὶ ἐπʼ ἐλάχιστόν σε εἰδότων, οὐ
μᾶλλον ἢ φαλακρὸς ἄν τις πρίαιτο κτένας ἢ
κάτοπτρον ὁ τυφλὸς ἢ ὁ κωφὸς αὐλητὴν ἢ παλλακὴν
ὁ εὐνοῦχος ἢ ὁ ἠπειρώτης κώπην ἢ\ ὁ
κυβερνήτης ἄροτρον. ἀλλὰ μὴ ἐπίδειξιν πλούτου
σοι τὸ πρᾶγμα ἔχει καὶ βούλει τοῦτο ἐμφῆναι
ἅπασιν, ὅτι καὶ εἰς τὰ μηδέν σοι χρήσιμα
ὅμως ἐκ πολλῆς τῆς περιουσίας ἀναλίσκεις; καὶ
μὴν ὅσα γε κἀμὲ Σύρον ὄντα εἰδέναι, εἰ μὴ σαυτὸν
<note type="footnote">1 The letter that Bellerophon carried to the King of Lycia
contained a request that he be put to death : Iliad 6, 155—195.</note>

<pb n="198"/>
φέρων ταῖς τοῦ γέροντος ἐκείνου διαθήκαις
παρενέγραψας, ἀπωλώλεις ἂν ὑπὸ λιμοῦ ἤδη καὶ
ἀγορὰν προὐτίθεις τῶν βιβλίων.</p>
</div>

<div type="textpart"  subtype="section"  n="20">
<p>20 λοιπὸν οὖν δὴ
ἐκεῖνο, πεπεισμένον ὑπὸ τῶν κολάκων ὡς οὐ
μόνον καλὸς εἶ καὶ ἐράσμιος ἀλλὰ σοφὸς καὶ
ῥήτωρ καὶ συγγραφεὺς οἷος οὐδʼ ἕτερος, ὠνεῖσθαι
τὰ βιβλία, ὡς ἀληθεύοις τοὺς ἐπαίνους αὐτῶν.
φασὶ δὲ σὲ καὶ λόγους ἐπιδείκνυσθαι αὐτοῖς
ἐπὶ δείπνῳ κἀκείνους χερσαίων βατράχων δίκην
διψῶντας κεκραγέναι, ἢ μὴ πίνειν, ἢν μὴ διαρραγῶσι
βοῶντες.</p>
<p>Καὶ γὰρ οὐκ οἶδ᾿  ὅπως ῥᾷστος εἰ τῆς ῥινὸς ἕλκεσθαι,
καὶ πιστεύεις αὐτοῖς ἅπαντα, ὅς ποτε
κἀκεῖνο ἐπείσθης, ὡς βασιλεῖ τινι ὡμοιώθης τὴν
ὄψιν, καθάπερ ὁ ψευδαλέξανδρος καὶ ὁ<note type="footnote" n="1"></note> ψευδοφίλιππος
ἐκεῖνος κναφεὺς καὶ ὁ κατὰ τοὺς προπάτορας
ἡμῶν ψευδονέρων καὶ εἴ τις ἄλλος τῶν
ὑπὸ τῷ ψευδο <note type="footnote" n="2"></note> τεταγμένων.</p>
</div>

<div type="textpart"  subtype="section"  n="21">
<p>21 καὶ τί θαυμαστὸν
εἰ τοῦτο ἔπαθες, ἀνόητος καὶ ἀπαίδευτος ἄνθρωπος,
καὶ προῄεις ἐξυπτιάζων καὶ μιμούμενος
βάδισμα καὶ σχῆμα καὶ βλέμμα ἐκείνου σεαυτὸν
εἰκάζων ἔχαιρες, ὅπου καὶ Πύρρον φασὶ τὸν
Ἠπειρώτην, τὰ ἄλλα θαυμαστὸν ἄνδρα, οὕτως
ὑπὸ κολάκων ἐπὶ τῷ ὁμοίῳ ποτὲ διαφθαρῆναι ὡς
πιστεύειν ὅτι ὅμοιος ἦν Ἀλεξάνδρῳ ἐκείνῳ; καίτοι
τὸ τῶν μουσικῶν τοῦτο, δὶς διὰ πασῶν<note type="footnote" n="3"></note> τὸ
<note type="footnote">1 ὁ Herwerden : not in MSS.</note>
<note type="footnote">2 τῷ ψευδο Sommerbrodt: τὸ ψεῦδος MSS.</note>
<note type="footnote">3 μουσικῶν τοῦτο, δὶς διὰ πασῶν ς: μυσῶν (μουσῶν r) τοῦτο
διὰ πάντων MSS.</note>

<pb n="200"/>
πρᾶγμα ἦν· εἶδον γὰρ καὶ τὴν τοῦ Πύρρου εἰκόνα·
καὶ ὅμως ἐπέπειστο ἐκμεμάχθαι τοῦ Ἀλεξάνδρου\
τὴν μορφήν. ἀλλʼ ἕνεκα μὲν δὴ τούτων ὕβρισταί
μοι εἰς τὸν Πύρρον, ὅτι σὲ εἴκασα κατὰ τοῦτο
αὐτῷ· τὸ δὲ ἀπὸ τούτου καὶ πάνυ σοι πρέπον ἂν
εἴη. ἐπεὶ γὰρ οὕτω διέκειτο ὁ Πύρρος καὶ ταῦτα
ὑπὲρ ἑαυτοῦ ἐπέπειστο, οὐδεὶς ὅστις οὐ συνετίθετο
καὶ συνέπασχεν αὐτῷ, ἄχρι δή τις ἐν
Λαρίσῃ πρεσβῦτις ξένη αὐτῷ τἀληθὲς εἰποῦσα
ἔπαυσεν αὐτὸν τῆς κορύζης. ὁ μὲν γὰρ Πύρρος
ἐπιδείξας αὐτῇ εἰκόνα Φιλίππου καὶ Περδίκκου
καὶ Ἀλεξάνδρου καὶ Κασσάνδρου καὶ ἄλλων
βασιλέων ἤρετο τίνι ὅμοιος εἴη, πάνυ πεπεισμένος
ἐπὶ τὸν Ἀλέξανδρον ἥξειν αὐτήν, ἡ δὲ πολὺν
χρόνον ἐπισχοῦσα, “Βατραχίωνι,” ἔφη, “τῷ
μαγείρῳ·” καὶ γὰρ ἦν τις ἐν τῇ Λαρίσῃ Βατραχίων
μάγειρος τῷ Πύρρῳ ὅμοιος.</p>
</div>

<div type="textpart"  subtype="section"  n="22">
<p>22 Καὶ σὺ δὴ ᾧτινι μὲν τῶν τοῖς ὀρχησταῖς
συνόντων κιναίδων ἕοικας οὐκ ἂν εἴποιμι, ὅτι δὲ
μανίαν ἐρρωμένην ἔτι καὶ νῦν μαίνεσθαι δοκεῖς
ἅπασιν ἐπ᾿  ἐκείνῃ τῇ εἰκόνι, πάνυ σαφῶς οἶδα.
οὔκουν θαυμαστόν, εἰ ἀπίθανος οὕτως ζωγράφος
ὢν καὶ τοῖς πεπαιδευμένοις ἐξομοιοῦσθαι ἐθέλεις,
πιστεύων τοῖς τὰ τοιαῦτά σε ἐπαινοῦσι.</p>
<p>Καίτοι τί<note type="footnote" n="1"></note> ταῦτα ληρῶ; πρόδηλος γὰρ ἡ αἰτία
τῆς περὶ τὰ βιβλία σπουδῆς, εἰ καὶ ὑπὸ νωθείας
ἐγὼ μὴ πάλαι κατεῖδον· σοφὸν γάρ, ὡς γοῦν οἴει,
τοῦτʼ ἐπινενόηκας καὶ ἐλπίδας οὐ μικρὰς ἔχεις
περὶ τοῦ πράγματος, εἰ βασιλεὺς μάθοι ταῦτα
σοφὸς ἀνὴρ καὶ παιδείαν μάλιστα τιμῶν· εἰ δὲ
ταῦτα ὑπὲρ σοῦ ἐκεῖνος ἀκούσειεν, ὡς ὠνῇ βιβλία
<note type="footnote">1 καίτοι τί Fritzsche: καὶ ὅτι (καὶ τί) MSS.</note>

<pb n="202"/>
καὶ συνάγεις πολλά, πάντα ἐν βραχεῖ παῤ αὐτοῦ
ἔσεσθαί σοι νομίζεις.</p>
</div>

<div type="textpart"  subtype="section"  n="23">
<p>ἀλλʼ, ὦ κατάπυγον,
οἴει τοσοῦτον μανδραγόραν κατακεχύσθαι αὐτοῦ
ὡς ταῦτα μὲν ἀκούειν, ἐκεῖνα δὲ μὴ εἰδέναι, οἷος
μέν σου ὁ μεθʼ ἡμέραν βίος, οἶοι δέ σοι πότοι,
ὁποῖαι δὲ νύκτες καὶ οἵοις καὶ ἡλίκοις συγκαθεύδεις;
οὐκ οἶσθα ὡς ὦτα καὶ ὀφθαλμοὶ πολλοὶ
βασιλέως; τὰ δὲ σὰ οὕτω περιφανῆ ἐστιν ὡς καὶ
τυφλοῖς εἶναι καὶ κωφοῖς γνώριμα· εἰ γὰρ καὶ
φθέγξαιο μόνον, εἰ γὰρ καὶ λουόμενος ἀποδύσαιο,
μᾶλλον δὲ μὴ ἀποδύσῃ, εἰ δοκεῖ, οἱ δʼ οἰκέται
μόνον ἢν ἀποδύσωνταί σου, τί οἴει; μὴ αὐτίκα
ἔσεσθαι πάντα σου πρόδηλα τὰ τῆς νυκτὸς ἀπόρρητα;
εἰπὲ γοῦν μοι καὶ τόδε, εἰ Βάσσος ὁ ὑμέτερος
ἐκεῖνος σοφιστὴς ἡ Βάταλος ὁ αὐλητὴς
ἡ ὁ κίναιδος Ἡμιθέων ὁ Συβαρίτης, ὃς τοὺς
θαυμαστοὺς ὑμῖν νόμους συνέγραψεν, ὡς χρὴ
λεαίνεσθαι <note type="footnote" n="1"></note> καὶ παρατίλλεσθαι καὶ πάσχειν καὶ
ποιεῖν ἐκεῖνα,—εἰ τούτων τις νυνὶ λεοντῆν περιβαλόμενος
καὶ ῥόπαλον ἔχων βαδίζοι, τί οἴει
φανεῖσθαι <note type="footnote" n="2"></note> τοῖς ὁρῶσιν; Ἡρακλέα εἶναι αὐτόν;
οὔκ, εἴ γε μὴ χύτραις λημῶντες τνγχάνοιεν.
μυρία γάρ ἐστι τὰ ἀντιμαρτυροῦντα τῷ σχήματι,
βάδισμα καὶ βλέμμα καὶ φωνὴ καὶ τράχηλος
ἐπικεκλασμένος καὶ ψιμύθιον καὶ μαστίχη καὶ
φῦκος, οἷς ὑμεῖς κοσμεῖσθε, καὶ ὅλως κατὰ τὴν
παροιμίαν, θᾶττον ἂν πέντε ἐλέφαντας ὑπὸ μάλης
κρύψειας ἢ ἕνα κίναιδον. εἶτα ἡ λεοντῇ μὲν τὸν
τοιοῦτον οὐκ ἂν ἔκρυψεν, σὺ δʼ οἴει λήσειν
<note type="footnote">1 λεαίνεσθαι Markland : μαίνεσθα. MSS.</note>
<note type="footnote">2 φανεῖσθαι Cobet : φαίνεσθαι MSS.</note>

<pb n="204"/>
σκεπόμενος βιβλίῳ; ἀλλʼ οὐ δυνατόν· προδώσει
γάρ σε καὶ ἀποκαλύψει τὰ ἄλλα ὑμῶν γνωρίσματα.</p>
</div>

<div type="textpart"  subtype="section"  n="24">
<p>24 Τὸ δʼ ὅλον ἀγνοεῖν μοι δοκεῖς ὅτι τὰς ἀγαθὰς
ἐλπίδας οὐ παρὰ τῶν βιβλιοκαπήλων δεῖ ζητεῖν,
ἀλλὰ παῤ αὑτοῦ καὶ τοῦ καθʼ ἡμέραν βίου
λαμβάνειν. σὺ δʼ οἴει συνήγορον κοινὸν καὶ
μάρτυρα ἔσεσθαί σοι τὸν Ἀττικὸν καὶ Καλλῖνον
τοὺς βιβλιογράφους; οὔκ, ἀλλʼ ὠμούς τινας
ἀνθρώπους ἐπιτρίψοντάς σε, ἢν οἱ θεοὶ ἐθέλωσι,
καὶ πρὸς ἔσχατον πενίας συνελάσοντας· δέον ἔτι
νῦν σωφρονήσαντα ἀποδόσθαι μέν τινι τῶν πεπαιδευμένων
τὰ βιβλία ταῦτα καὶ σὺν αὐτοῖς
τὴν νεόκτιστον ταύτην οἰκίαν, ἀποδοῦναι δὲ τοῖς
ἀνδραποδοκαπήλοις μέρος γοῦν ἀπὸ πολλῶν τῶν
ὁφειλομένων.</p>
</div>

<div type="textpart"  subtype="section"  n="25">
<p>25 Καὶ γὰρ κἀκεῖνα· περὶ δύο ταῦτα δεινῶς ἐσπούδακας,
βιβλίων τε τῶν πολυτελῶν κτῆσιν καὶ
μειρακίων τῶν ἐξώρων καὶ ἤδη καρτερῶν ὠνήν,
καὶ τὸ πρᾶγμά σοι πάνυ σπουδάζεται καὶ θηρεύεται.
ἀδύνατον δὲ πένητα ὄντα πρὸς ἄμφω διαρκεῖν.
σκόπει τοίνυν ὡς ἱερὸν χρῆμα συμβουλή.
ἀξιῶ γάρ σε ἀφέμενον τῶν μηδὲν προσηκόντων
τὴν ἑτέραν νόσον θεραπεύειν καὶ τοὺς ὑπηρέτας
ἐκείνους ὠνεῖσθαι, ὅπως μὴ ἐπιλειπόντων σε τῶν
οἴκοθεν μεταστέλλοιό τινας τῶν ἐλευθέρων, οἷς
ἀκίνδυνον ἀπελθοῦσιν, ἢν μὴ λάβωσιν ἅπαντα,
ἐξαγορεῦσαι τὰ πραχθέντα ὑμῖν μετὰ τὸν πότον,
οἷα καὶ πρῴην αἴσχιστα περὶ σοῦ διηγεῖτο ἐξελθὼν
ὁ πόρνος, ἔτι καὶ δήγματα ἐπιδεικνύς. ἀλλ
ἔγωγε καὶ μάρτυρας ἂν παρασχοίμην τοὺς τότε
παρόντας ὡς ἠγανάκτησα καὶ ὀλίγου πληγὰς

<pb n="206"/>
ἐνέτριψα αὐτῷ χαλεπαίνων ὑπὲρ σοῦ, καὶ μάλισθʼ
ὅτε καὶ ἄλλον ἐπεκαλέσατο μάρτυρα τῶν ὁμοίων
καὶ ἄλλον ταὐτὰ καὶ λόγοις διηγουμένους. πρὸς
δὴ ταῦτα, ὦγαθέ, ταμιεύου τἀργύριον καὶ φύλαττε,
ὡς οἴκοι καὶ κατὰ πολλὴν ἀσφάλειαν ταῦτα ποιεῖν
καὶ πάσχειν ἔχῃς. ὥστε μὲν γὰρ μηκέτι ἐργάζεσθαι
τις ἂν μεταπέισειέ σε; οὐδὲ γὰρ κύων
ἅπαξ παύσαιτʼ ἂν σκυτοτραγεῖν μαθοῦσα.</p>
</div>

<div type="textpart"  subtype="section"  n="26">
<p>26 τὸ δʼ
ἕτερον ῥᾴδιον, τὸ μηκέτι ὠνεῖσθαι βιβλία. ἱκανῶς
πεπαίδευσαι, ἅλις σοι τῆς σοφίας. μόνον οὐκ ἐπʼ
ἄκρου τοῦ χείλους ἔχεις τὰ παλαιὰ πάντα. πᾶσαν
μὲν ἱστορίαν οἶσθα, πάσας δὲ λόγων τέχνας καὶ
κάλλη αὐτῶν καὶ κακίας καὶ ὀνομάτων χρῆσιν
τῶν Ἀττικῶν· πάνσοφόν τι χρῆμα καὶ ἄκρον ἐν
παιδείᾳ γεγένησαι διὰ τὸ πλῆθος τῶν βιβλίων.
κωλύει γὰρ οὐδὲν κἀμέ σοι ἐνδιατρίβειν, ἐπειδὴ
χαίρεις ἐξαπατώμενος.</p>
</div>

<div type="textpart"  subtype="section"  n="27">
<p>27 Ἡδέως δʼ ἂν καὶ ἐροίμην σε, τὰ τοσαῦτα βιβλία
ἔχων τί μάλιστα ἀναγιγνώσκεις αὐτῶν; τὰ Πλάτωνος;
τὰ Ἀντισθένους; τὰ Ἀρχιλόχου; <note type="footnote" n="1"></note> τὰ
Ἱππώνακτος; ἢ τούτων μὲν ὑπερφρονεῖς, ῥήτορες
δὲ μάλιστά σοι διὰ <note type="footnote" n="2"></note> χειρός; εἰπέ μοι, καὶ Αἰσχίνου
τὸν κατὰ Τιμάρχου λόγον ἀναγιγνώσκεις; ἢ
ἐκεῖνά γε πάντα οἶισθα καὶ γιγνώσκεις αὐτῶν
ἕκαστον, τὸν δὲ Ἀριστοφάνην καὶ τὸν Εὔπολιν
ὑποδέδυκας; ἀνέγνως καὶ τοὺς Βάπτας, τὸ δρᾶμα
ὅλον; εἴτ᾿ οὐδέν σου τἀκεῖ καθίκετο, οὐδʼ ἠρυθρίασας
γνωρίσας αὐτά; τοῦτο γοῦν καὶ μάλιστα
θαυμάσειεν ἄν τις, τίνα ποτὲ ψυχὴν <note type="footnote" n="3"></note> ἔχων ἅπτῃ
<note type="footnote">1 Ἀρχιλόχου Guyet: Ἀντιλόχου MSS.</note>
<note type="footnote">2 σοι διὰ Jacobitz: σοι τούτων διὰ MSS.</note>
<note type="footnote">3 ποτὲ ψυχὴν Gesner: ἀπὸ χυχῆς MSS.</note>

<pb n="208"/>
τῶν βιβλιων, ὁποίαις αὐτὰ χερσὶν ἀνελίττεις.
πότε δὲ ἀναγιγνώσκεις; μεθʼ ἡμέραν; ἀλλʼ οὐδεὶς
ἑώρακε τοῦτο ποιοῦντα. ἀλλὰ νύκτωρ; πότερον
ἐπιτεταγμένος ἤδη ἐκείνοις ἢ πρὸ τῶν λόγων;
ἀλλὰ πρὸς Κότυος <note type="footnote" n="1"></note> μηκέτι μὴ τολμήσῃς τοιοῦτο
μηδέν,</p>
</div>

<div type="textpart"  subtype="section"  n="28">
<p>28 ἄφες δὲ τὰ βιβλία καὶ μόνα ἐργάζου τὰ
σαυτοῦ. καίτοι ἐχρῆν μηκέτι μηδὲ ἐκεῖνα, αἰδεσθῆναι
δὲ τὴν τοῦ Εὐριπίδου Φαίδραν καὶ ὑπὲρ
τῶν γυναικῶν ἀγανακτοῦσαν καὶ λέγουσαν,
<lg>
<l>οὐδὲ σκότον φρίσσουσι τὸν σινυνεργάτην</l>
<l>τέρεμνά τʼ οἴκων μή ποτε φθογγὴν ἀφῇ.</l>
</lg>
εἰ δὲ πάντως ἐμμένειν τῇ ὁμοίᾳ νόσῳ διέγνωσται,
ἴθι, ὠνοῦ μὲν βιβλία καὶ οἴκοι κατακλείσας ἔχε
καὶ καρποῦ τὴν δόξαν τῶν κτημάτων. ἱκανόν σοι
καὶ τοῦτο. προσάψῃ δὲ μηδέποτε μηδὲ ἀναγνῶς
μηδὲ ὑπαγάγῃς τῇ γλώττῃ παλαιῶν ἀνδρῶν
λόγους και ποιήματα μηδὲν δεινόν σε εἰργασμένα.</p>
<p>Οἶδα ὡς μάτην ταῦτά μοι λελήρηται καὶ κατὰ
τὴν παροιμίαν Αἰθίοπα σμήχειν ἐπιχειρῶ· σὺ
γὰρ ὠνήσῃ καὶ χρήσῃ εἰς οὐδὲν καὶ καταγελασθήσῃ
πρὸς τῶν πεπαιδευμένων, οἷς ἀπόχρη
ὠφελεῖσθαι οὐκ ἐκ τοῦ κάλλους τῶν βιβλίων οὐδʼ
ἐκ τῆς πολυτελείας αὐτῶν, ἀλλʼ ἐκ τῆς φωνῆς καὶ
ῆς γνώμης τῶν γεγραφότων.</p>
</div>

<div type="textpart"  subtype="section"  n="29">
<p>σὺ δὲ οἴει θεραπεύσειν
τὴν ἀπαιδευσίαν καὶ ἐπικαλύψειν τῇ δόξῃ
ταύτῃ καὶ ἐκπλήξειν τῷ πλήθει τῶν βιβλίων, οὐκ
εἰδὼς ὅτι καὶ οἱ ἀμαθέστατοι τῶν ἰατρῶν τὸ αὐτὸ
σοὶ ποιοῦσιν, ἐλεφαντίνους νάρθηκας καὶ σικύας
ἀργυρᾶς ποιούμενοι καὶ σμίλας χρυσοκολλήτους·
ὁπόταν δὲ καὶ χρήσασθαι τούτοις δέῃ, οἱ μὲν
<note type="footnote">1 πρὸς Κότυος Burmeister: πρὸ σκότους MSS.</note>

<pb n="210"/>
οὐδὲ ὅπως χρὴ μεταχειρίσασθαι αὐτὰ ἴσασιν·
παρελθὼν δέ τις εἰς τὸ μέσον τῶν μεμαθηκότων
φλεβότομον εὗ μάλα ἠκονημένον ἔχων ἰοῦ τἄλλα
μεστὸν ἀπήλλαξε τῆς ὀδύνης τὸν νοσοῦντα. ἵνα
δὲ καὶ γελοιοτέρῳ τινὶ τὰ σὰ εἰκάσω, τοὺς κουρέας
τούτους ἐπίσκεψαι, καὶ ὄψει τοὺς μὲν τεχνίτας
αὐτῶν ξυρὸν καὶ μαχαιρίδας καὶ κάτοπτρον σύμμετρον
ἔχοντας, τοὺς δὲ ἀμαθεῖς καὶ ἰδιώτας
πλῆθος μαχαιρίδων προτιθέντας καὶ κάτοπτρα
μεγάλα, οὐ μὴν λήσειν γε διὰ ταῦτα οὐδὲν εἰδότας.
ἀλλὰ τὸ γελοιότατον ἐκεῖνο πάσχουσιν, ὅτι κείρονται
μὲν οἱ πολλοὶ παρὰ τοῖς γείτοσιν αὐτῶν,
πρὸς δὲ τὰ ἐκείνων κάτοπτρα προσελθόντες τὰς
κόμας εὐθετίζουσιν.</p>
</div>

<div type="textpart"  subtype="section"  n="30">
<p>καὶ σὺ τοίνυν ἄλλῳ μὲν
δεηθέντι χρήσειας ἂν τὰ βιβλία, χρήσασθαι δὲ
αὐτὸς οὐκ ἂν δύναιο. καίτοι οὐδὲ ἔχρησάς τινι
βιβλίον πώποτε, ἀλλὰ τὸ τῆς κυνὸς ποιεῖς τῆς ἐν
τῇ φάτνῃ κατακειμένης, ἣ οὔτε αὐτὴ τῶν κριθῶν
ἐσθίει οὔτε τῷ ἵππῳ δυναμένῳ φαγεῖν ἐπιτρέπει.</p>
<p>Ταῦτα τό γε νῦν εἶναι ὑπὲρ μόνων τῶν βιβλίων
παρρησίαζομαι πρὸς σέ, περὶ δὲ τῶν ἄλλων ὅσα
κατάπτυστα καὶ ἐπονείδιστα ποιεῖς, αὖθις ἀκούσῃ
πολλάκις.</p>
</div>
</div>
</body>
</text>
</TEI>