<?xml version="1.0" encoding="UTF-8"?><TEI.2>
<teiHeader type="text">
<fileDesc>
<titleStmt>
<title n="Comp.Demetr.Ant." type="work">Comparison of Demetrius and Antony</title>
<title type="sub">Machine readable text</title>
<author n="Plut.">Plutarch</author>
<editor n="Loeb" role="editor">Bernadotte Perrin</editor>
<sponsor>Perseus Project, Tufts University</sponsor>
<principal>Gregory Crane</principal>
<respStmt>
<resp>Prepared under the supervision of</resp>
<name>Lisa Cerrato</name>
<name>William Merrill</name>
<name>Elli Mylonas</name>
<name>David Smith</name>
</respStmt>
</titleStmt>
<extent>about 682Kb</extent>
<publicationStmt>
<publisher>Trustees of Tufts University</publisher>
<pubPlace>Medford, MA</pubPlace>
<authority>Perseus Project</authority>
</publicationStmt>
<sourceDesc>
<listBibl>
<biblStruct>
<analytic n="Comp. Demetr. Ant."/>
<monogr>
<author>Plutarch</author>
<title>Plutarch's Lives</title>
<respStmt>
<resp>with an English Translation by</resp>
<name>Bernadotte Perrin</name>
</respStmt>
<imprint>
<pubPlace>Cambridge, MA</pubPlace>
<publisher>Harvard University Press</publisher>
<pubPlace>London</pubPlace>
<publisher>William Heinemann Ltd.</publisher>
<date>1920</date>
</imprint>
<biblScope type="volume">9</biblScope>
</monogr>
</biblStruct>
</listBibl>
</sourceDesc>
</fileDesc>
<encodingDesc>
<refsDecl doctype="TEI.2">
<state unit="chapter" delim="."/>
<state unit="section"/>
</refsDecl>
</encodingDesc>
<profileDesc>
<langUsage>
<language id="greek">Greek</language>
<language id="en">English</language>
</langUsage>
</profileDesc>
<revisionDesc>
<change>
<date>1/9/98</date>
<respStmt>
<name>David Smith</name>
<resp>ed.</resp>
</respStmt>
<item>	
$Log: plut.comp.demetr.ant_gk.xml,v $
Revision 1.1  2013-09-13 11:17:54  balmas01
moving Greg's work-in-progress on CTS-izing greco-roman collection texts to a Work directory

Revision 1.3  2013-06-13 12:41:35  gcrane
tagging now should be compatible with CTS

Revision 1.2  2013-06-13 05:31:10  gcrane
changed chapters from milestones to divs

Revision 1.1  2011-01-04 06:01:12  gcrane
base SDL file

Revision 1.9  2010-11-17 16:00:32  gcrane
fixed a problem in the header

Revision 1.8  2010-11-13 20:30:21  gcrane
several loose ends cleaned up:

* above all -- the basic problem enclitic accent:

a)ndro\s tinos --&gt; a)ndro/s tinos

also:

apostrophes represented as rough breathigns have been fixed:

ei)=t) --&gt; ei)t'

some noise has been cleaned up:

ou(/tws:: --&gt; ou(/tws:
floating "'" removed
'*fw/kw| --&gt; *fw/kw|

Revision 1.7  2010-11-10 22:57:39  gcrane
a bug that removed spaces after ./:/; was fixed

Revision 1.6  2010-11-09 15:46:22  gcrane
We have run a script to check capitalized words at the starts of paragraphs, sentences and quotes, lower-casing
common nouns and leaving proper names unchanged. The goal is to have files where only proper nouns are
upper cased.

Revision 1.5  2010-09-08 15:57:17  rsingh04
added notes

Revision 1.4  2010/08/20 20:27:15  gcrane
some errors detected with morpheus fixed  -- more to do

Revision 1.3  2010/08/18 17:18:30  gcrane
capialization has been normalized as much as possible -- in Greek, we do not capitalize anything bu proper nouns. A number of common nouns at the start of paragraphs and quotations have been converted to lower case automatigcally.

Revision 1.2  2009/12/30 16:53:50  rsingh04
fixed the cvs log keyword

Revision 1.1  2009/12/15 20:52:49  rsingh04
converted demetrius, antony and comparison from sgml to xml and added to hopper.  also replaced xml snippets in other plutarch files with their respective entities.

Revision 1.2  1999/07/28 18:27:51  dasmith
Added text to REFSDECL.
		
Revision 1.1  1998/01/09 23:03:45  textgod
Added to repository. Passed SGML parse.
		
				</item>
</change>
</revisionDesc>
</teiHeader>
<text n="Comp. Demetr. Ant.">
<body>
<div1 type="chapter" n="1">
<div2 type="section" n="1">
<p>
ἐπεὶ τοίνυν μεγάλαι περὶ ἀμφοτέρους γεγόνασι
μεταβολαί, πρῶτον τὰ τῆς δυνάμεως καὶ τῆς
ἐπιφανείας σκοπῶμεν, ὅτι τῷ μὲν ἦν πατρῷα καὶ
προκατειργασμένα, μέγιστον ἰσχύσαντος Ἀντιγόνου
τῶν διαδόχων καὶ πρὸ τοῦ Δημήτριον ἐν
ἡλικίᾳ γενέσθαι τὰ πλεῖστα τῆς Ἀσίας ἐπελθόντος
καὶ κρατήσαντος·
</p>
</div2>
<div2 type="section" n="2">
<p>Ἀντώνιος δὲ χαρίεντος
μὲν ἄλλως, ἀπολέμου δὲ καὶ μέγα μηδὲν εἰς δόξαν
αὐτῷ καταλιπόντος γενόμενος πατρός, ἐπὶ τὴν
<pb n="334"/>
Καίσαρος ἐτόλμησεν ἀρχήν, οὐδὲν αὐτῷ κατὰ
γένος προσήκουσαν, ἐλθεῖν, καὶ τοῖς ἐκείνῳ προπεπονημένοις
αὐτὸς ἑαυτὸν εἰσεποίησε διάδοχον.
καὶ τοσοῦτον ἴσχυσεν, ἐκ μόνων τῶν περὶ αὐτὸν
ὑπαρχόντων ὁρμώμενος, ὥστε δύο μοίρας τὰ
σύμπαντα ποιησάμενος τὴν ἑτέραν ἑλέσθαι καὶ
λαβεῖν τὴν ἐπιφανεστέραν, ἀπὼν δὲ αὐτὸς ὑπηρέταις
τε καὶ ὑποστρατήγοις Πάρθους τε νικῆσαι
πολλάκις καὶ τὰ περὶ Καύκασον ἔθνη βάρβαρα
μέχρι τῆς Κασπίας ὤσασθαι θαλάσσης.
</p>
</div2>
<div2 type="section" n="3">
<p>μαρτύρια
δὲ τοῦ μεγέθους αὐτῷ καὶ δἰ ἃ κακῶς
ἀκούει. Δημητρίῳ μὲν γὰρ ὁ πατὴρ ἠγάπησε
τὴν Ἀντιπάτρου Φίλαν ὡς κρείττονα συνοικῆσαι
παρʼ ἡλικίαν, Ἀντωνίῳ δὲ ὁ Κλεοπάτρας γάμος
ὄνειδος ἦν, γυναικὸς ὑπερβαλομένης δυνάμει καὶ
λαμπρότητι πάντας πλὴν Ἀρσάκου τοὺς καθʼ
αὑτὴν βασιλεῖς. ἀλλʼ οὕτως ἐποίησε μέγαν
ἑαυτὸν ὥστε τοῖς ἄλλοις μειζόνων ἢ ἐβούλετο
δοκεῖν ἄξιος.
</p>
</div2>
</div1>
<div1 type="chapter" n="2">
<div2 type="section" n="1">
<p>
ἡ μέντοι προαίρεσις, ἀφʼ ἧς ἐκτήσαντο
τὴν ἀρχήν, ἄμεμπτος ἐπὶ<note lang="en" n="1" resp="ed" place="unspecified" anchored="yes">
<foreign lang="greek">ἐπὶ</foreign> Bekker reads <foreign lang="greek">ἡ,</foreign> with a single MS.</note> τοῦ Δημητρίου, κρατεῖν
καὶ βασιλεύειν ἀνθ ρώπων εἰθισμένων κρατεῖσθαι
καὶ βασιλεύεσθαι ζητοῦντος, ἡ δʼ Ἀντωνίου χαλεπὴ
καὶ τυραννική, καταδουλουμένου τὸν Ῥωμαίων
δῆμον ἄρτι διαφυγόντα τὴν ὑπὸ Καίσαρι μοναρχίαν.
</p>
</div2>
<div2 type="section" n="2">
<p>
ὃ δʼ οὖν μέγιστον αὐτῷ καὶ λαμπρότατόν
ἐστι τῶν εἰργασμένων, ὁ πρὸς Κάσσιον καὶ
Βροῦτον πόλεμος, ἐπὶ τῷ τὴν πατρίδα καὶ τοὺς
πολίτας ἀφελέσθαι τὴν ἐλευθερίαν ἐπολεμήθη. Δημήτριος δέ, καὶ<note lang="en" n="2" resp="ed" place="unspecified" anchored="yes">
<foreign lang="greek">καὶ</foreign> deleted by Bekker, after Schaefer.</note> πρὶν εἰς τύχας ἐλθεῖν ἀναγκαίας,<pb n="336"/>
ἐλευθερῶν τὴν Ἑλλάδα καὶ τῶν πόλεων
ἐξελαύνων τὰς φρουρὰς διετέλεσεν, οὐχ ὥσπερ
Ἀντώνιος, ὅτι τοὺς ἐλευθερώσαντας τὴν Ῥώμην
ἀπέκτεινεν ἐν Μακεδονίᾳ, σεμνυνόμενος.
</p>
</div2>
<div2 type="section" n="3">
<p>ἓν τοίνυν
ἐστὶ τῶν ἐπαινουμένων Ἀντωνίου, τὸ φιλόδωρον
καὶ μεγαλόδωρον, ἐν ᾧ τοσοῦτον ὑπεραίρει
Δημήτριος ὥστε χαρίσασθαι τοῖς πολεμίοις ὅσα
τοῖς φίλοις οὐκ ἔδωκεν Ἀντώνιος. καίτοι ταφῆναί
γε καὶ περισταλῆναι κελεύσας Βροῦτον ἐκεῖνος
εὐδοκίμησεν· οὗτος δὲ καὶ τοὺς ἀποθανόντας τῶν
πολεμίων πάντας ἐκήδευσε καὶ τοὺς ἁλόντας
Πτολεμαίῳ μετὰ χρημάτων καὶ δωρεῶν ἀπέπεμψεν.
</p>
</div2>
</div1>
<div1 type="chapter" n="3">
<div2 type="section" n="1">
<p>
ὑβρισταὶ μὲν εὐτυχοῦντες ἀμφότεροι, καὶ
πρὸς τρυφὰς ἀνειμένοι καὶ ἀπολαύσεις. οὐκ ἂν
εἴποι δέ τις ὡς Δημήτριον ἐν εὐπαθείαις καὶ
συνουσίαις ὄντα πράξεων καιρὸς ἐξέφυγεν, ἀλλὰ
τῇ περιουσίᾳ τῆς σχολῆς ἐπεισῆγε τὰς ἡδονάς,
καὶ τὴν Λάμιαν ὥσπερ τὴν μυθικὴν ἀτεχνῶς
παίζων καὶ νυστάζων ἐποιεῖτο διαγωγήν.
</p>
</div2>
<div2 type="section" n="2">
<p>ἐν δὲ
ταῖς τοῦ πολέμου παρασκευαῖς οὐκ εἶχεν αὐτοῦ
τὸ δόρυ κιττόν, οὐδὲ μύρων ὠδώδει τὸ κράνος,
οὐδὲ γεγανωμένος καὶ ἀνθηρὸς ἐπὶ τὰς μάχας
ἐκ τῆς γυναικωνίτιδος προῄει, κοιμίζων δὲ τοὺς
θιάσους καὶ τὰ βακχεῖα καταπαύων ἀμφίπολος
Ἄρεος ἀνιέρου, κατὰ τὸν Εὐριπίδην, ἐγίνετο, καὶ
δἰ ἡδονὴν ἢ ῥαθυμίαν οὐθὲν ἁπλῶς ἔπταισεν.
</p>
</div2>
<div2 type="section" n="3">
<p>
Ἀντώνιον δέ, ὥσπερ ἐν ταῖς γραφαῖς ὁρῶμεν
τοῦ Ἡρακλέους τὴν Ὀμφάλην ὑφαιροῦσαν τὸ
ῥόπαλον καὶ τὴν λεοντῆν ἀποδύουσαν, οὕτω
πολλάκις Κλεοπάτρα παροπλίσασα καὶ καταθέλξασα<pb n="338"/>
συνέπεισεν ἀφέντα μεγάλας πράξεις ἐκ
τῶν χειρῶν καὶ στρατείας ἀναγκαίας ἐν ταῖς περὶ
Κάνωβον καὶ Ταφόσιριν ἀκταῖς ἀλύειν καὶ παίζειν
μετʼ αὐτῆς.
</p>
</div2>
<div2 type="section" n="4">
<p>τέλος δέ, ὡς ὁ Πάρις, ἐκ τῆς
μάχης ἀποδρὰς εἰς τοὺς ἐκείνης κατεδύετο κόλπους·
μᾶλλον δὲ ὁ μὲν Πάρις ἡττηθεὶς ἔφυγεν εἰς
τὸν θάλαμον, Ἀντώνιος δὲ Κλεοπάτραν διώκων
ἔφυγε καὶ προήκατο τὴν νίκην.
</p>
</div2>
</div1>
<div1 type="chapter" n="4">
<div2 type="section" n="1">
<p>
ἔτι Δημήτριος μέν, οὐ κεκωλυμένον, ἀλλʼ
ἀπὸ Φιλίππου καὶ Ἀλεξάνδρου γεγονὸς ἐν ἔθει
τοῖς Μακεδόνων βασιλεῦσιν, ἐγάνει γάνους πλείονας,
ὥσπερ Λυσίμαχος καὶ Πτολεμαῖος, ἔσχε δὲ
διὰ τιμῆς ὅσας ἔγημεν· Ἀντώνιος δὲ πρῶτον
μὲν ὁμοῦ δύο γυναῖκας ἠγάγετο, πρᾶγμα μηδενὶ
Ῥωμαίῳ τετολμημένον, ἔπειτα τὴν ἀστὴν καὶ
δικαίως γαμηθεῖσαν ἐξήλασε τῇ ξένῃ καὶ μὴ κατὰ
νόμους συνούσῃ χαριζόμενος· ὅθεν ἐκ γάμου τῷ
μὲν οὐθέν, τῷ δὲ τὰ μέγιστα τῶν κακῶν ἀπήντησεν.
</p>
</div2>
<div2 type="section" n="2">
<p>
ἀσέβημα μέντοι τοσοῦτον δἰ ἀσέλγειαν οὐθὲν
ταῖς Ἀντωνίου πράξεσιν ὅσον ταῖς Δημητρίου
πρόσεστιν. οἱ μὲν γὰρ ἱστορικοί φασι καὶ τῆς
ἀκροπόλεως ὅλης εἴργεσθαι τὰς κύνας, διὰ τὸ τὴν
μῖξιν ἐμφανῆ μάλιστα τοῦτο ποιεῖσθαι τὸ ζῷον·
ὁ δὲ ἐν αὐτῷ τῷ Παρθενῶνι ταῖς τε πόρναις
συνῆν καὶ τῶν ἀστῶν κατεπόρνευσε πολλάς·
</p>
</div2>
<div2 type="section" n="3">
<p>καὶ
οὗ τις ἂν ἥκιστα τὰς τοιαύτας τρυφὰς καὶ ἀπολαύσεις
οἴοιτο μετέχειν κακοῦ, τῆς ὠμότητος,
τοῦτο ἔνεστι τῇ Δημητρίου φιληδονίᾳ, περιϊδόντος,
μᾶλλον δὲ ἀναγκάσαντος, οἰκτρῶς ἀποθανεῖν τὸν
κάλλιστον καὶ σωφρονέστατον Ἀθηναίων, φεύγοντα
τὸ καθυβρισθῆναι. συνελόντι δὲ εἰπεῖν,<pb n="340"/>
Ἀντώνιος μὲν ἑαυτὸν διὰ τὴν ἀκρασίαν, Δημήτριος
δὲ ἄλλους ἠδίκησε.
</p>
</div2>
</div1>
<div1 type="chapter" n="5">
<div2 type="section" n="1">
<p>
πρὸς μέντοι γονεῖς ἄμεμπτον ἑαυτὸν εἰς
ἅπαντα παρέσχεν ὁ Δημήτριος· Ἀντώνιος δὲ τὸν
ἀδελφὸν τῆς μητρὸς ἐξέδωκεν ἐπὶ τῷ Κικέρωνα
ἀποκτεῖναι, πρᾶγμα καὶ καθʼ ἑαυτὸ μιαρὸν καὶ
ὠμόν, ὡς μόλις ἂν Ἀντώνιον ἐπʼ αὐτῷ συγγνώμης
τυχεῖν, εἰ σωτηρίας τοῦ θείου μισθὸς ἦν ὁ Κικέρωνος
θάνατος.
</p>
</div2>
<div2 type="section" n="2">
<p>
ἃ τοίνυν ἐπιώρκησαν ἀμφότεροι καὶ παρεσπόνδησαν,
ὁ μὲν Ἀρτάβαζον συλλαβών, ὁ δὲ
Ἀλέξανδρον ἀποκτείνας, Ἀντωνίῳ μὲν ἔχει τὴν
πρόφασιν ὁμολογουμένην· ἀπελείφθη γὰρ ἐν
Μήδοις ὑπὸ Ἀρταβάζου καὶ προεδόθη· Δημήτριον
δὲ πολλοὶ λέγουσι ψευδεῖς αἰτίας, ἐφʼ οἷς
ἔδρασε, πλασάμενον κατηγορεῖν ἀδικηθέντα, οὐκ
ἀδικήσαντα ἀμύνασθαι.
</p>
<p>πάλιν δὲ τῶν μὲν κατορθωμάτων αὐτουργὸς ὁ
Δημήτριος γέγονε· καὶ τοὐναντίον ὁ Ἀντώνιος,
ἐν οἷς οὐ παρῆν, καλλίστας καὶ μεγίστας διὰ τῶν
στρατηγῶν ἀνῃρεῖτο νίκας.
</p>
</div2>
</div1>
<div1 type="chapter" n="6">
<div2 type="section" n="1">
<p>
ἐξέπεσον δὲ τῶν πραγμάτων ἀμφότεροι
μὲν δἰ αὑτούς, οὐ μὴν ὁμοίως, ἀλλʼ ὁ μὲν ἐγκαταλειφθείς,
ἀπέστησαν γὰρ αὐτοῦ Μακεδόνες, ὁ
δὲ ἐγκαταλιπών, ἔφυγε γὰρ τοὺς ὑπὲρ αὐτοῦ
κινδυνεύοντας· ὥστε τοῦ μὲν ἔγκλημα εἶναι τὸ
δυσμενεῖς οὕτω πρὸς αὑτὸν ἀπεργάσασθαι τοὺς
μαχομένους, τοῦ δὲ τὸ παρεσκευασμένην εὔνοιαν
τοιαύτην καὶ πίστιν ἐγκαταλιπεῖν.
</p>
</div2>
<div2 type="section" n="2">
<p>
τὸν δὲ θάνατον οὐδετέρου μὲν ἔστιν ἐπαινέσαι,
ψεκτὸς δὲ ὁ Δημητρίου μᾶλλον. αἰχμάλωτός τε
γὰρ ὑπέμεινε γενέσθαι, καὶ καθειρχθεὶς ἠγάπησεν<pb n="342"/>
ἐπικερδᾶναι τριετίαν, οἴνῳ καὶ γαστρὶ καθάπερ
τὰ ζῷα χειροήθης γενόμενος. Ἀντώνιος δὲ δειλῶς
μὲν καὶ οἰκτρῶς καὶ ἀτίμως, οὐ μὴν ἀλλὰ πρό γε
τοῦ κύριον γενέσθαι τὸν πολέμιον τοῦ σώματος
ἑαυτόν ἐξήγαγεν.
</p>
</div2>
</div1>
</body>
</text>
</TEI.2>
