<?xml version="1.0" encoding="UTF-8"?>
<!DOCTYPE TEI.2
  PUBLIC "-//TEI P4//DTD Main DTD Driver File//EN" "http://www.tei-c.org/Guidelines/DTD/tei2.dtd" [
<!ENTITY % TEI.XML "INCLUDE">
<!ENTITY % PersProse PUBLIC "-//Perseus P4//DTD Perseus Prose//EN" "http://www.perseus.tufts.edu/DTD/1.0/PersProse.dtd" >
%PersProse;
]>
<TEI.2>
   <teiHeader type="text" status="new">
      <fileDesc>
         <titleStmt>
            <title type="sub">Machine readable text</title>
            <title n="Comp.Demetr.Ant." type="work">Comparison of Demetrius and Antony</title>
            <author n="Plut.">Plutarch</author>
            <editor n="Perrin" role="editor">Bernadotte Perrin</editor>&responsibility;</titleStmt>
         <extent>about 12Kb</extent>&Perseus.publish;<sourceDesc>
            <biblStruct>
               <analytic n="Comp.Demetr.Ant."/>
               <monogr>
                  <author>Plutarch</author>
                  <title>Plutarch's Lives</title>
                  <respStmt>
                     <resp>with an English Translation by</resp>
                     <name>Bernadotte Perrin</name>
                  </respStmt>
                  <imprint>
                     <pubPlace>Cambridge, MA</pubPlace>
                     <publisher>Harvard University Press</publisher>
                     <pubPlace>London</pubPlace>
                     <publisher>William Heinemann Ltd.</publisher>
                     <date>1920</date>
                  </imprint>
                  <biblScope type="volume">9</biblScope>
               </monogr>
               <idno type="ISBN">0674991125</idno>
            </biblStruct>
         </sourceDesc>
      </fileDesc>
      <encodingDesc>
         <editorialDecl>
            <correction status="high" method="silent">
               <p>optical character recognition</p>
            </correction>
         </editorialDecl>
         <refsDecl doctype="tei.2">
            <state unit="chapter" delim="."/>
            <state unit="section"/>
         </refsDecl>
      </encodingDesc>
      <profileDesc>
         <langUsage>
            <language id="en">English</language>
         </langUsage>
      </profileDesc>
      <revisionDesc>
         <change>
            <date>8/01</date>
            <respStmt>
               <name>LMC</name>
               <resp/>
            </respStmt>
            <item>tagged and parsed</item>
         </change>
      </revisionDesc>
   </teiHeader>
   <text>
      <body>
         <head>COMPARISON OF DEMETRIUS AND ANTONY</head>
         <div1 type="chapter" n="1"><p>
				        <milestone n="1" unit="section"/>Since, then, both these men experienced great reversals of fortune, let us first observe, with regard to their power and fame, that in the one case these were acquired for him by his father and inherited, since Antigonus became the strongest of Alexander's successors, and before Demetrius came of age had attacked and mastered the greater part of Asia; 
				<milestone n="2" unit="section"/>Antony, on the contrary, was the son of a man who, though otherwise gifted, was yet no warrior, and could leave him no great legacy of reputation; and yet Antony had the courage to seek the power of Caesar, to which his birth gave him no claim, and to all that Caesar had wrought out before him he made himself the rightful successor. And so great strength did he attain, in reliance upon his own resources alone, that, after forcing a division of the empire into two parts, he chose one, and took the more splendid one of the two; and though absent himself through his assistants and lieutenant-generals he defeated the Parthians many times, and drove the barbarous tribes about the Caucasus as far as the Caspian Sea. 
				<milestone n="3" unit="section"/>Moreover, even the things that brought him ill-repute bear witness to his greatness. For Antigonus was well pleased to have his son Demetrius marry Phila, the daughter of Antipater, in spite of her disparity in years, because he thought her a greater personage; whereas Antony's marriage to Cleopatra was a disgrace to him, although she was a woman who surpassed in power and splendour all the royalties of her time except Arsaces. But he made himself so great that men thought him worthy of greater things than he desired.
			</p>
         <p>
				        </p>

</div1>

<div1 type="chapter" n="2"><p>
				        <milestone n="1" unit="section"/>As regards their resolution to win empire, this was blameless in the case of Demetrius, who sought to subdue and reign as king over men who were accustomed to subjection and kings; but in the case of Antony it was harsh and tyrannical, since he tried to enslave the Roman people when it had just escaped from the sole rule of Caesar. 
				<milestone n="2" unit="section"/>Moreover, as regards the greatest and most brilliant of his achievements, namely, the war against Cassius and Brutus, it was to deprive his country and his fellow citizens of their liberty that the war was waged. But Demetrius, even before he felt the constraints of adversity, kept on liberating Greece and expelling their garrisons from her cities, unlike Antony, whose boast was that he had slain in Macedonia the men who had given liberty to Rome. 
				<milestone n="3" unit="section"/>And besides, as regards their love of giving and the largeness of their gifts, one of the things for which Antony is lauded, Demetrius far surpassed in this, and bestowed more upon his enemies than Antony ever gave to his friends. It is true that for ordering the body of Brutus to be robed and buried Antony won a good name ; but Demetrius gave obsequies to all his enemy's dead, and sent his prisoners back to Ptolemy with money and gifts.<note resp="ed" place="unspecified" anchored="yes">See the <bibl n="Plut. Demetr. 17.1">
                  <title>Demetrius</title>, xvii. 1</bibl>.</note>
			      </p>
         <p>
				        </p>

</div1>

<div1 type="chapter" n="3"><p>
				        <milestone n="1" unit="section"/>Both were insolent in prosperity, and abandoned themselves to luxury and enjoyment. But it cannot be said that Demetrius, for all his pleasures and amours, ever let slip the time for action, nay, it was only when his leisure was abundant that he introduced his pleasures; and his Lamia, like the creature of fable, he made his pastime only when he was sportive or drowsy. 
				<milestone n="2" unit="section"/>But when he got ready for war, his spear was not tipped with ivy, nor did his helmet smell of myrrh, nor did he go forth to his battles from the women's chamber, sleek and blooming, but quieting down and stopping the revels and orgies of Bacchus, he became, in the words of Euripides,<note resp="ed" place="unspecified" anchored="yes">Nauck, <title>Trag. Graec. Frag.2</title> p. 679.</note> a 
				<q direct="unspecified">minister of unhallowed Ares,</q> and got not a single slip or fall because of his indolence or pleasures.
			</p>
         <p>
				        <milestone n="3" unit="section"/>Antony, on the contrary, like Heracles in paintings where Omphal&mdash; is seen taking away his club and stripping off his lion's skin, was often disarmed by Cleopatra, subdued by her spells, and persuaded to drop from his hands great undertakings and necessary campaigns, only to roam about and play with her on the sea-shores by Canopus and Taphosiris. And at last, like Paris, he ran away from the battle and sank upon her bosom; although, more truly stated, Paris ran away to Helen's chamber after he bad been defeated; but Antony ran away in chase of Cleopatra, and thereby threw away the victory.
			</p>
         <p>
				        </p>

</div1>

<div1 type="chapter" n="4"><p>
				        <milestone n="1" unit="section"/>Further, Demetrius, in making several marriages, did not do what was prohibited, but what had been made customary for the kings of Macedonia by Philip and Alexander; he did just what Lysimachus and Ptolemy did, and held all his wives in honour. Antony, on the contrary, in marrying two wives at once, in the first place did what no Roman had ever dared to do; and in the second place, he drove away his Roman and lawfully wedded wife, in order to gratify the foreigner, with whom he was living contrary to law. Hence marriage brought no harm to Demetrius, but to Antony the greatest of his evils.
			</p>
         <p>
				        <milestone n="2" unit="section"/>On the other hand, the lascivious practices of Antony are marked by no such sacrilege as are those of Demetrius. For historians tell us that bitches are excluded from the entire acropolis, because these animals couple without the least concealment; but the very Parthenon itself saw Demetrius cohabiting with harlots and debauching many Athenian women. 
				<milestone n="3" unit="section"/>And that vice which one would think least associated with such wanton enjoyments, namely, the vice of cruelty, this enters into Demetrius' pursuit of pleasure, since he suffered, or rather compelled, the lamentable death of the most beautiful and the most chaste of Athenians, who thus sought to escape his shameful treatment. In a word, Antony wronged himself by his excesses, while Demetrius wronged others.
			</p>
         <p>
				        </p>

</div1>

<div1 type="chapter" n="5"><p>
				        <milestone n="1" unit="section"/>Again, towards his parents Demetrius was in all respects blameless; whereas Antony surrendered his mother's brother for the privilege of killing Cicero, a deed in itself so abominable and cruel that Antony would hardly have been forgiven had Cicero's death been the price of his uncle's safety.
			</p>
         <p>
				        <milestone n="2" unit="section"/>Further, as regards violations of oaths and treaties by both, in the seizure of Artabazus by the one, and the killing of Alexander by the other, for Antony there is the excuse which men admit to be valid, namely, that he had been deserted in Media by Artabazus and betrayed; but Demetrius, as many say, invented false accusations, upon which he acted, and denounced one who had been wronged by him; the murder was not retaliation for wrongs done to him.
			</p>
         <p>And again, Demetrius was himself the author of his successes; Antony, on the contrary, won his greatest and fairest victories through his generals, on fields where he was not present.
			</p>
         <p>
				        </p>

</div1>

<div1 type="chapter" n="6"><p>
				        <milestone n="1" unit="section"/>But the downfall of both was due to themselves, though the manner of it differed. Demetrius was deserted by others, for the Macedonians went away from him; whereas Antony deserted others, for he ran away from those who were risking their lives for him. Demetrius may therefore be blamed for making his soldiers so hostile to him, and Antony for abandoning a goodwill and confidence which was so much in evidence.
			</p>
         <p>
				        <milestone n="2" unit="section"/>As for their deaths, neither is to be commended, but that of Demetrius is the more to be censured. For he suffered himself to be taken prisoner, and was well content to add to his life three years of imprisonment. He was tamed, like a wild beast, by way of his belly and by wine. Whereas Antony took himself off-in a cowardly, pitiful, and ignoble way, it is true, but at least before his enemy became master of his person.
			</p>
      

</div1>
</body>
   </text>
</TEI.2>