<ti:work xmlns:ti="http://chs.harvard.edu/xmlns/cts" groupUrn="urn:cts:greekLit:tlg0057" xml:lang="grc" urn="urn:cts:greekLit:tlg0057.tlg051">
  <ti:title xml:lang="eng">De tremore, palpitatione, convulsione et rigore</ti:title>
  <ti:edition urn="urn:cts:greekLit:tlg0057.tlg051.1st1K-grc1" workUrn="urn:cts:greekLit:tlg0057.tlg051">
    <ti:label xml:lang="eng">De tremore, palpitatione, convulsione et rigore</ti:label>
    <ti:description xml:lang="eng">Galen, De tremore, palpitatione, convulsione et rigore</ti:description>
  </ti:edition>
</ti:work>
