<ti:work xmlns:ti="http://chs.harvard.edu/xmlns/cts" groupUrn="urn:cts:greekLit:tlg0057" xml:lang="grc" urn="urn:cts:greekLit:tlg0057.tlg056">
  <ti:title xml:lang="eng">De difficultate respirationis</ti:title>
  <ti:edition urn="urn:cts:greekLit:tlg0057.tlg056.1st1K-grc1" workUrn="urn:cts:greekLit:tlg0057.tlg056">
    <ti:label xml:lang="eng">De difficultate respirationis</ti:label>
    <ti:description xml:lang="eng">Galen, De difficultate respirationis</ti:description>
  </ti:edition>
</ti:work>
