<?xml version="1.0" encoding="UTF-8"?><TEI.2>
<teiHeader type="text">
<fileDesc>
<titleStmt>
<title type="sub">Machine readable text</title>
<title n="Gal." type="work">Galba</title>
<author n="Plut.">Plutarch</author>
<editor n="Perrin" role="editor">Bernadotte Perrin</editor>
<sponsor>Perseus Project, Tufts University</sponsor>
<principal>Gregory Crane</principal>
<respStmt>
<resp>Prepared under the supervision of</resp>
<name>Lisa Cerrato</name>
<name>William Merrill</name>
<name>Elli Mylonas</name>
<name>David Smith</name>
</respStmt>
<funder n="org:NEH">The National Endowment for the Humanities</funder>
</titleStmt>
<extent/>
<publicationStmt>
<publisher>Trustees of Tufts University</publisher>
<pubPlace>Medford, MA</pubPlace>
<authority>Perseus Project</authority>
</publicationStmt>
<sourceDesc>
<biblStruct>
<analytic n="Gal."/>
<monogr>
<author>Plutarch</author>
<title>Plutarch's Lives</title>
<respStmt>
<resp>with an English Translation by</resp>
<name>Bernadotte Perrin</name>
</respStmt>
<imprint>
<pubPlace>Cambridge, MA</pubPlace>
<publisher>Harvard University Press</publisher>
<pubPlace>London</pubPlace>
<publisher>William Heinemann Ltd.</publisher>
<date>1926</date>
</imprint>
<biblScope type="volume">11</biblScope>
</monogr>
<idno type="ISBN">0674991141</idno>
</biblStruct>
</sourceDesc>
</fileDesc>
<encodingDesc>
<editorialDecl>
<correction method="silent">
<p>optical character recognition</p>
</correction>
</editorialDecl>
<refsDecl doctype="TEI.2">
<state unit="chapter" delim="."/>
<state unit="section"/>
</refsDecl>
</encodingDesc>
<profileDesc>
<langUsage>
<language id="greek">Greek</language>
</langUsage>
</profileDesc>
<revisionDesc>
<change>
<date>03/10</date>
<respStmt>
<name>RS</name>
<resp/>
</respStmt>
<item>tagged and parsed</item>
</change>
</revisionDesc>
</teiHeader>
<text>
<body>
<pb id="p.206"/>
<div1 type="chapter" n="1">
<div2 type="section" n="1">
<p>
ὁ μὲν
Ἀθηναῖος Ἰφικράτης τὸν μισθοφόρον 
<pb id="paris.1624.1053"/> ἠξίου στρατιώτην καὶ φιλόπλουτον εἶναι καὶ φιλήδονον, ὅπως ταῖς ἐπιθυμίαις χορηγίαν ἐπιζητῶν ἀγωνίζηται παραβολώτερον, οἱ δὲ πλεῖστοι, καθάπερ ἐρρωμένον σῶμα, τὸ στρατιωτικὸν ἀξιοῦσιν ἰδίᾳ μηδέποτε χρώμενον ὁρμῇ συγκινεῖσθαι τῇ τοῦ στρατηγοῦ.
</p>
</div2>
<div2 type="section" n="2">
<p>
διὸ καὶ Παῦλον Αἰμίλιον λέγουσι τὴν ἐν Μακεδονίᾳ δύναμιν παραλαβόντα λαλιᾶς καὶ περιεργίας, οἷον διαστρατηγοῦσαν, ἀνάπλεων, παρεγγυῆσαι τὴν χεῖρα ποιεῖν ἑτοίμην καὶ τὴν μάχαιραν ὀξεῖαν ἕκαστον, αὐτῷ δὲ τῶν ἄλλων μελήσειν.
</p>
</div2>
<div2 type="section" n="3">
<p> ὁ δὲ
Πλάτων οὐδὲν ἔργον ὁρῶν ἄρχοντος ἀγαθοῦ καὶ στρατηγοῦ στρατιᾶς μὴ σωφρονούσης μηδὲ ὁμοπαθούσης, ἀλλὰ τὴν πειθαρχικὴν ἀρετὴν ὁμοίως τῇ βασιλικῇ νομίζων φύσεως γενναίας καὶ τροφῆς φιλοσόφου δεῖσθαι, μάλιστα τῷ πρᾴῳ καὶ φιλανθρώπῳ τὸ θυμοειδὲς καὶ δραστήριον ἐμμελῶς ἀνακεραννυμένης, ἄλλα τε πάθη πολλὰ καὶ τὰ Ῥωμαίοις συμπεσόντα μετὰ τὴν Νέρωνος τελευτὴν ἔχει μαρτύρια καὶ παραδείγματα τοῦ μηδὲν εἶναι φοβερώτερον 
<pb id="p.208"/>
ἀπαιδεύτοις χρωμένης καὶ ἀλόγοις ὁρμαῖς ἐν ἡγεμονίᾳ στρατιωτικῆς δυνάμεως.
</p>
</div2>
<div2 type="section" n="4">
<p>Δημάδης μὲν γὰρ Ἀλεξάνδρου τελευτήσαντος εἴκαζε τὴν Μακεδόνων στρατιὰν ἐκτετυφλωμένῳ τῷ Κύκλωπι, πολλὰς κινουμένην ὁρῶν κινήσεις ἀτάκτους καὶ παραφόρους· τὴν δὲ Ῥωμαίων ἡγεμονίαν ὅμοια τοῖς λεγομένοις Τιτανικοῖς πάθεσι καὶ κινήμασι κατελάμβανεν, εἰς πολλὰ διασπωμένην ἅμα καὶ πολλαχόθεν αὖθις ἑαυτῇ συμπίπτουσαν, οὐχ οὕτως ὑπὸ φιλαρχίας τῶν ἀναγορευομένων αὐτοκρατόρων, ὡς φιλοπλουτίας καὶ ἀκολασίας τὸν στρατιωτικοῦ διʼ ἀλλήλων ὥσπερ ἥλους τοὺς ἡγεμόνας ἐκκρούοντος.
</p>
</div2>
<div2 type="section" n="5">
<p>
καίτοι Διονύσιος Φεραῖον ἄρξαντα Θετταλῶν δέκα μῆνας, εἶτα εὐθὺς ἀναιρεθέντα, τὸν τραγικὸν ἀνεκάλει τύραννον, ἐπισκώπτων τὸ τάχος τῆς μεταβολῆς, ἡ δὲ τῶν Καισάρων ἑστία, τὸ Παλάτιον, ἐν ἐλάσσονι χρόνῳ τέσσαρας αὐτοκράτορας ὑπεδέξατο, τὸν μὲν εἰσαγόντων ὥσπερ διὰ σκηνῆς, τὸν δʼ ἐξαγόντων. ἀλλʼ ἦν γε παραμυθία τοῖς κακῶς πάσχουσι μία τὸ μὴ δεηθῆναι δίκης ἑτέρας ἐπὶ τοὺς αἰτίους, ἀλλʼ ὁρᾶν αὐτοὺς ὑφʼ ἑαυτῶν φονευομένους, πρῶτον δε καὶ δικαιότατα πάντων τὸν δελεάσαντα καὶ διδάξαντα τοσοῦτον ἐλπίζειν ἐπὶ μεταβολῇ Καίσαρος ὅσον αὐτὸς ὑπέσχετο, κάλλιστον ἔργον διαβαλὼν τῷ μισθῷ, τὴν ἀπὸ Νέρωνος ἀποστασίαν προδοσίαν γενομένην. </p>
</div2>
</div1>
<div1 type="chapter" n="2">
<div2 type="section" n="1">
<p>
Νυμφίδιος γὰρ Σαβῖνος ὢν ἔπαρχος, ὥσπερ εἴρηται, μετὰ Τιγελλίνου τῆς αὐλῆς, ἐπεὶ τὰ Νέρωνος ἀπέγνωστο παντάπασι καὶ δῆλος ἦν 
<pb id="p.210"/>
ἀποδρασόμενος εἰς Αἴγυπτον, ἔπεισε τὸ στρατιωτικόν, ὡς μηκέτι παρόντος, ἀλλʼ ἤδη πεφευγότος,
</p>
</div2>
<div2 type="section" n="2">
<p>
αὐτοκράτορα Γάλβαν ἀναγορεῦσαι, καὶ δωρεὰν ὑπέσχετο κατʼ ἄνδρα τοῖς αὐλικοῖς καὶ στρατηγικοῖς προσαγορευομένοις δραχμὰς ἑπτακισχιλίας πεντακοσίας, τοῖς δὲ ἐκτὸς στρατευομένοις πεντήκοντα καὶ διακοσίας ἐπὶ χιλίαις, ὅσον ἀμήχανον ἦν συναγαγεῖν μὴ πλείονα μυριάκις κακὰ παρασχόντα πᾶσιν ἀνθρώποις ὧν Νέρων παρέσχε,
</p>
</div2>
<div2 type="section" n="3">
<p>
τοῦτο 
<pb id="paris.1624.1054"/> γὰρ εὐθὺς μὲν ἀπώλεσε Νέρωνα, μετʼ ὀλίγον δὲ Γάλβαν τὸν μὲν γὰρ ὡς ληψόμενοι προήκαντο, τὸν δὲ μὴ λαμβάνοντες ἀπέκτειναν. εἶτα τὸν τοσοῦτον δώσοντα ζητοῦντες ἔφθησαν ἐν ταῖς ἀποστάσεσι καὶ προδοσίαις ἀναλώσαντες αὑτοὺς ἢ τυχόντες ὧν ἤλπισαν. τὰ μὲν οὖν καθʼ ἕκαστα τῶν γενομένων ἀπαγγέλλειν ἀκριβῶς τῆς πραγματικῆς ἱστορίας ἐστίν, ὅσα δὲ ἄξια λόγου τοῖς τῶν Καισάρων ἔργοις καὶ πάθεσι συμπέπτωκεν, οὐδὲ ἐμοὶ προσήκει παρελθεῖν. </p>
</div2>
</div1>
<div1 type="chapter" n="3">
<div2 type="section" n="1">
<p>
Γάλβας Σουλπίκιος ὅτι μὲν ἰδιώτης πλουσιώτατος ἁπάντων εἰς τὸν Καισάρων παρῆλθεν οἶκον, ὁμολογεῖται μέγα δὲ ἔχων εὐγενείας ἀξίωμα τὸν Σερουΐων οἶκον, αὐτὸς ἐφρόνει μεῖζον ἐπὶ τῇ Κάτλου συγγενείᾳ, πρωτεύσαντος ἀνδρὸς ἀρετῇ καὶ δόξῃ τῶν καθʼ ἑαυτόν, εἰ καὶ τὸ δύνασθαι μᾶλλον ἑκὼν ἑτέροις παρῆκεν.
</p>
</div2>
<div2 type="section" n="2">
<p> ἦν δέ τι
καὶ Λιβίᾳ τῇ Καίσαρος γυναικὶ κατὰ γένος προσήκων ὁ Γάλβας, καὶ διὰ τοῦτο Λιβίας 
<pb id="p.212"/>
παρασχούσης ὕπατος ἐκ Παλατίου προῆλθε. λέγεται δὲ καὶ στρατεύματος ἐν Γερμανίᾳ καλῶς ἄρξαι καὶ Λιβύης ἀνθύπατος γενόμενος σὺν ὀλίγοις ἐπαινεθῆναι. τὸ δὲ εὔκολον αὐτοῦ τῆς διαίτης καὶ φειδωλὸν ἐν δαπάναις καὶ ἀπέριττον αἰτίαν ἔσχεν αὐτοκράτορος γενομένου μικρολογίας, ἣν ἕωλόν τινα δόξαν εὐταξίας ἔφερε καὶ σωφροσύνης.
</p>
</div2>
<div2 type="section" n="3">
<p>
ἐπέμφθη δὲ ὑπὸ Νέρωνος Ἰβηρίας ἄρχων, οὔπω 
δεδιδαγμένου φοβεῖσθαι τοὺς ἐν ἀξιώμασι μεγάλους<note anchored="yes" place="unspecified" resp="ed">
<foreign lang="greek">μεγάλους</foreign> Coraës and Bekker have <foreign lang="greek">μεγάλοις</foreign>, after Reiske.</note> 
τῶν πολιτῶν. ἐκείνῳ δὲ καὶ φύσει δοκοῦντι 
πρᾴῳ γεγονέναι προσετίθει πίστιν εὐλαβείας τὸ γῆρας. </p>
</div2>
</div1>
<div1 type="chapter" n="4">
<div2 type="section" n="1">
<p>
ἐπεὶ<note anchored="yes" place="unspecified" resp="ed">
<foreign lang="greek">ἐπεὶ</foreign> Sint.<hi rend="superscript">2</hi> corrects to <foreign lang="greek">ἐκεῖ</foreign> (<gloss>there</gloss>).</note>  δέ, τῶν ἀλιτηρίων ἐπιτρόπων ὠμῶς 
καὶ ἀγρίως τὰς ἐπαρχίας ἐκείνῳ διαφορούντων, ἄλλο μὲν εἶχεν οὐδὲν βοηθεῖν, αὐτῷ δὲ τῷ φανερὸς εἶναι συναλγῶν καὶ συναδικούμενος ἁμῶς γέ πως ἀναπνοήν τινα καὶ παραμυθίαν τοῖς καταδικαζομένοις καὶ πωλουμένοις παρέσχε· καὶ ποιημάτων εἰς Νέρωνα γινομένων καὶ πολλαχοῦ περιφερομένων καὶ ᾀδομένων, οὐκ ἐκώλυεν οὐδὲ συνηγανάκτει τοῖς ἐπιτρόποις· ἐφʼ  οἷς ἔτι μᾶλλον ἠγαπᾶτο ὑπὸ τῶν ἀνθρώπων,
</p>
</div2>
<div2 type="section" n="2">
<p>
καὶ γὰρ ἦν ἤδη συνήθης, ἔτος ὄγδοον ἐκεῖνο τὴν ἀρχὴν ἔχων ἐν ᾧ Ἰούνιος Οὐίνδιξ ἐπανέστη Νέρωνι, Γαλατίας ὢν στρατηγός. λέγεται μὲν οὖν καὶ πρὸ τῆς ἐμφανοῦς ἀποστάσεως γράμματα πρὸς αὐτὸν ἀφικέσθαι παρὰ τοῦ Οὐίνδικος, οἷς μήτε πιστεῦσαι μήτε μηνῦσαι καὶ κατειπεῖν, 
<pb id="p.214"/>
ὡς ἕτεροι τῶν ἡγεμονικῶν ἐπιστολὰς αὐτοῖς γραφείσας ἔπεμψαν πρὸς Νέρωνα καὶ διέφθειραν ὅσον ἐπʼ αὐτοῖς τὴν πρᾶξιν, ἧς ὕστερον μετασχόντες ὡμολόγησαν αὑτῶν οὐδὲν ἧττον ἢ ἐκείνου προδόται γεγονέναι.
</p>
</div2>
<div2 type="section" n="3">
<p>
ἀλλʼ ἐπειδὴ λαμπρῶς τὸν πόλεμον ἐκφήνας ὁ Οὐίνδιξ ἔγραψε τῷ Γάλβᾳ παρακαλῶν ἀναδέξασθαι τὴν ἡγεμονίαν καὶ παρασχεῖν ἑαυτὸν ἰσχυρῷ σώματι ζητοῦντι κεφαλήν, ταῖς Γαλατίαις δέκα μυριάδας ἀνδρῶν ὡπλισμένων
ἐχούσαις ἄλλας τε πλείονας ὁπλίσαι δυναμέναις, προὔθηκε βουλὴν τοῖς φίλοις. ὧν οἱ μὲν ἠξίουν περιμένειν καραδοκοῦντα τίνα κίνησιν ἡ Ῥώμη καὶ φορὰν ἕξει πρὸς τὸν νεωτερισμόν·
</p>
</div2>
<div2 type="section" n="4">
<p>Τίτος δὲ Οὐίνιος ὁ τοῦ στρατηγικοῦ τάγματος ἡγεμὼν 
αὐτοῖς<note anchored="yes" place="unspecified" resp="ed">
<foreign lang="greek">αὐτοῖς</foreign> suggested by Sint.<hi rend="superscript">2</hi> for the <foreign lang="greek">αὐτός</foreign> of the MSS.</note> εἶπεν· “ὦ Γάλβα, τίνα τρόπον βουλεύεσθε ; 
τὸ γὰρ ζητεῖν Νέρωνι εἰ πιστοὶ μενοῦμεν, οὐκ ἤδη μενόντων ἐστίν, ὡς οὖν ὑπάρχοντος ἐχθροῦ Νέρωνος οὐ δὴ προετέον τὴν τοῦ Οὐίνδικος φιλίαν, ἢ καὶ κατηγορητέον εὐθὺς αὐτοῦ καὶ πολεμητέον, ὅτι σὲ βούλεται Ῥωμαίους ἔχειν ἄρχοντα μᾶλλον ἢ Νέρωνα τύραννον.” </p>
</div2>
</div1>
<div1 type="chapter" n="5">
<div2 type="section" n="1">
<p>
ἐκ
τούτου προγράμματι μὲν ἐδήλωσεν ὁ Γάλβας ἡμέραν ἐν ᾗ τὰς κατά μέρος ἐλευθερώσεις 
<pb id="paris.1624.1055"/> ἀποδώσει τοῖς δεομένοις, λαλιὰ δὲ καὶ φήμη προεκπεσοῦσα πλῆθος ἀνθρώπων ἤθροισε προθύμων ἐπὶ τὸν νεωτερισμόν. οὐκ ἔφθη γοῦν φανερὸς ἐπὶ τοῦ βήματος γενόμενος, καὶ πάντες αὐτὸν ὁμοφώνως αὐτοκράτορα προσεῖπον.
</p>
</div2>
<div2 type="section" n="2">
<p> ὁ δὲ
ταύτην μὲν εὐθὺς οὐ προσεδέξατο τὴν προσηγορίαν, κατηγορήσας δὲ τοῦ Νέρωνος, καὶ τῶν ἀνῃρημένων ἀνδρῶν ὑπʼ αὐτοῦ τοὺς 
<pb id="p.216"/>
ἐπιφανεστάτους ὀλοφυράμενος, ὡμολόγησεν ἐπιδώσειν τῇ πατρίδι τὴν ἑαυτοῦ πρόνοιαν, οὔτε Καῖσαρ οὔτε αὐτοκράτωρ, στρατηγὸς δὲ συγκλήτου καὶ δήμου Ῥωμαίων ὀνομαζόμενος. 
</p>
</div2>
<div2 type="section" n="3">
<p>ὅτι δʼ ὀρθῶς ὁ Οὐίνδιξ καὶ λελογισμένως ἐξεκαλεῖτο τὸν Γάλβαν ἐπὶ τὴν ἡγεμονίαν, ἐπιστώσατο μάρτυρι τῷ Νέρωνι. προσποιούμενος γὰρ ἐκείνου καταφρονεῖν καὶ παρʼ οὐδὲν ἡγεῖσθαι τὰ Γαλατῶν, ἅμα τῷ πυθέσθαι τὰ περὶ Γάλβαν ἔτυχε δὲ λελουμένος καὶ ἀριστῶν ἀνέτρεψε τὴν τράπεζαν.
</p>
</div2>
<div2 type="section" n="4">
<p> οὐ
μὴν ἀλλὰ συγκλήτου ψηφισαμένης πολέμιον τὸν Γάλβαν αὐτός τε παίζειν καὶ θρασύνεσθαι πρὸς τοὺς φίλους βουλόμενος, οὐ φαύλην ἔφη πρόρρησιν ἐμπεπτωκέναι λογισμοῦ δεομένῳ χρημάτων αὐτῷ· καὶ τὰ μὲν Γαλατῶν, ὅταν ὑποχείριοι γένωνται, λαφυραγωγήσεσθαι, ἡ δὲ Γάλβα πάρεστιν οὐσία χρῆσθαι καὶ πωλεῖν ἤδη πολεμίου πεφηνότος.
</p>
</div2>
<div2 type="section" n="5">
<p>
οὗτός τε δὴ τὰ Γάλβα πιπράσκειν ἐκέλευε, καὶ Γάλβας ἀκούσας, ὅσα Νέρωνος ἦν ἐν Ἰβηρίᾳ κηρύττων εὕρισκε πολλοὺς προθυμοτέρους ὠνητάς. </p>
</div2>
</div1>
<div1 type="chapter" n="6">
<div2 type="section" n="1">
<p>
ἀφισταμένων δὲ πολλῶν τοῦ Νέρωνος καὶ πάντων ἐπιεικῶς τῷ Γάλβᾳ προστιθεμένων, μόνος Κλώδιος Μάκρος ἐν Λιβύῃ καὶ Οὐεργίνιος Ῥοῦφος ἐν Γαλατίᾳ τοῦ Γερμανικοῦ στρατεύματος ἡγούμενος αὐτοὶ καθʼ ἑαυτοὺς ἔπραττον, οὐ τὴν αὐτὴν αἵρεσιν ἔχοντες, ἀλλʼ ὁ μὲν Κλώδιος,
</p>
</div2>
<div2 type="section" n="2">
<p> ἐν
ἁρπαγαῖς πραγμάτων γεγονὼς καὶ φόνοις ἀνδρῶν διʼ ὠμότητα καὶ πλεονεξίαν, δῆλος ἦν ἐν τῷ μήτε κατέχειν μήτε ἀφιέναι τὴν ἀρχὴν δύνασθαι περιφερόμενος; Οὐεργίνιος δὲ ταγμάτων ἐπιστατῶν δυνατωτάτων πολλάκις αὐτὸν ἀναγορευόντων αὐτοκράτορα καὶ 
<pb id="p.218"/>
βιαζομένων οὔτε αὐτὸς ἔφη λήψεσθαι τὴν ἡγεμονίαν οὔτε ἄλλῳ περιόψεσθαι διδομένην, ὃν ἂν μὴ ἡ σύγκλητος ἕληται.
</p>
</div2>
<div2 type="section" n="3">
<p>
ταῦτα τὸν Γάλβαν οὐ μετρίως ἐθορύβει τὸ πρῶτον· ἐπεὶ δὲ τὰ Οὐεργινίου καὶ Οὐίνδικος στρατεύματα τρόπον τινὰ βίᾳ τοὺς ἡγεμόνας, ὥσπερ ἡνιόχους κρατῆσαι χαλινῶν μὴ δυνηθέντας, εἰς μάχην ἐξενεγκόντα μεγάλην συνέρραξαν, καὶ Οὐίνδικος ἑαυτὸν ἀνελόντος ἐπὶ δισμυρίοις Γαλατῶν πεσοῦσι, διῆλθε λόγος ὡς βουλομένων πάντων ἐπὶ νίκῃ τοσαύτῃ τὸν Οὐεργίνιον ἀναδέξασθαι τὴν ἡγεμονίαν ἢ πάλιν μεταβαλουμένων πρὸς Νέρωνα,
</p>
</div2>
<div2 type="section" n="4">
<p>
τότε δὴ παντάπασι περίφοβος γενόμενος ὁ Γάλβας ἔγραψε τῷ Οὐεργινίῳ, παρακαλῶν κοινοπραγεῖν καὶ διαφυλάσσειν ἅμα τὴν ἡγεμονίαν καὶ τὴν ἐλευθερίαν Ῥωμαίοις· αὖθις δὲ μετὰ τῶν φίλων εἰς Κλουνίαν, Ἰβηρικὴν πόλιν, ἀναχωρήσας ἐν τῷ μετανοεῖν περὶ τῶν γεγονότων καὶ ποθεῖν τὴν συνήθη καὶ σύντροφον ἀπραγμοσύνην μᾶλλον ἢ πράττειν τι τῶν ἀναγκαίων διέτριβεν. </p>
</div2>
</div1>
<div1 type="chapter" n="7">
<div2 type="section" n="1">
<p>
ἦν δὲ
θέρος ἤδη, καὶ βραχὺ πρὸ δείλης ἧκεν ἀπὸ Ῥώμης Ἴκελος ἀνὴρ ἀπελεύθερος ἑβδομαῖος. πυθόμενος δὲ τὸν Γάλβαν ἀναπαύεσθαι καθʼ ἑαυτὸν ἐβάδιζε συντόνως ἐπὶ τὸ δωμάτιον αὐτοῦ, καὶ βίᾳ τῶν θαλαμηπόλων ἀνοίξας καὶ παρελθὼν ἀπήγγειλεν ὅτι καὶ ζῶντος ἔτι τοῦ Νέρωνος,
</p>
</div2>
<div2 type="section" n="2">
<p>
οὐκ ὄντος δὲ φανεροῦ, τὸ στράτευμα πρῶτον, εἶτα ὁ δῆμος καὶ ἡ σύγκλητος αὐτοκράτορα τὸν Γάλβαν ἀναγορεύσειεν, ὀλίγον δὲ ὕστερον ἀπαγγελθείη τεθνηκὼς ἐκεῖνος· οὐ μὴν αὐτός γε πιστεύσας ἔφη τοῖς ἀπαγγέλλουσιν, ἀλλὰ ἐπελθὼν τῷ νεκρῷ καὶ κείμενον θεασάμενος, οὕτως ἐξελθεῖν. 
<pb id="p.220"/>
</p>
</div2>
<div2 type="section" n="3">
<p>
ταῦτα ἀπαγγελλόμενα λαμπρὸν ἦρε τὸν Γάλβαν, 
καὶ συνέδραμε πλῆθος ἀνδρῶν ἐπὶ θύρας ἐκτεθαρρηκότων 
<pb id="paris.1624.1056"/> ὑπʼ αὐτοῦ βεβαίως, καίτοι τὸ τάχος 
ἦν ἄπιστον. ἀλλὰ καὶ δυσὶν ἡμέραις ὕστερον<note anchored="yes" place="unspecified" resp="ed">
<foreign lang="greek">ὕστερον</foreign> supplied by Coraës, after Amyot.</note> 
Οὐίνιος Τίτος<note anchored="yes" place="unspecified" resp="ed">
<foreign lang="greek">Τίτος</foreign> after this name the words <foreign lang="greek">πολλὰ τῶν</foreign>, deleted by Coraës and Bekker, are retained by Sint.<hi rend="superscript">2</hi> with indication of a lacuna (<foreign lang="greek">πολλὰ <gap/> τῶν</foreign>).</note>  ἀπὸ στρατοπέδου μεθʼ ἑτέρων 
ἀφίκετο τὰ δόξαντα τῇ συγκλήτῳ καθʼ ἕκαστον ἀπαγγέλλων. οὗτος μὲν οὖν εἰς τάξιν ἔντιμον προήχθη· τῷ δʼ ἀπελευθέρῳ δακτυλίους τε χρυσοῦς ἔδωκε καὶ Μαρκιανὸς ὁ Ἴκελος ἤδη καλούμενος εἶχε τὴν πρώτην ἐν τοῖς ἀπελευθέροις δύναμιν. </p>
</div2>
</div1>
<div1 type="chapter" n="8">
<div2 type="section" n="1">
<p>
ἐν δὲ
Ῥώμῃ Νυμφίδιος Σαβῖνος, οὐκ ἠρέμα καὶ κατὰ μικρόν, ἀλλὰ συλλήβδην ὁμοῦ, πάντα πράγματα φέρων περιήνεγκεν εἰς ἑαυτόν, ὡς Γάλβαν μὲν ὄντα πρεσβύτην καὶ μόλις εἰς Ῥώμην ἐξαρκέσοντα φοράδην κομισθῆναι διὰ γῆρας ἦν γὰρ ἐτῶν τριῶν καὶ ἑβδομήκοντα· τὰ δὲ αὐτόθι στρατεύματα, καὶ πάλαι πρὸς αὐτὸν εὐνόως ἔχοντα καὶ νῦν ἑνὸς ἐξηρτημένα μόνου, διὰ τὸ τῆς δωρεᾶς μέγεθος εὐεργέτην ἐκεῖνον ἡγεῖσθαι, Γάλβαν δὲ χρεωφειλέτην.
</p>
</div2>
<div2 type="section" n="2">
<p>
εὐθὺς οὖν Τιγελλίνῳ μὲν τῷ συνάρχοντι προσέταξεν ἀποθέσθαι τὸ ξίφος, ὑποδοχὰς δὲ ποιούμενος ἐδείπνιζε τοὺς ὑπατικοὺς καὶ τοὺς ἡγεμονικούς, ἔτι τὸ Γάλβα προστιθεὶς ὄνομα ταῖς κλήσεσιν, ἔν τε τῷ στρατοπέδῳ πολλοὺς παρεσκεύασε λέγειν ὡς πεμπτέον ἐστὶ πρὸς Γάλβαν αἰτουμένους ἔπαρχον εἰσαεὶ Νυμφίδιον ἄνευ συνάρχοντος. 
</p>
</div2>
<div2 type="section" n="3">
<p>ἃ δὲ ἡ
σύγκλητος εἰς τιμὴν ἔπραττεν αὐτοῦ 
<pb id="p.222"/>
καὶ δύναμιν, ἀνακαλοῦσα εὐεργέτην καὶ συντρέχουσα καθʼ ἡμέραν ἐπὶ θύρας καὶ παντὸς ἐξάρχειν δόγματος ἀξιοῦσα καὶ βεβαιοῦν, ἔτι περαιτέρω τόλμης ἀνῆγεν αὐτόν, ὥστε ὀλίγου χρόνου τοῖς θεραπεύουσι μὴ μόνον ἐπίφθονον, ἀλλὰ καὶ φοβερὸν εἶναι,
</p>
</div2>
<div2 type="section" n="4">
<p>
τῶν δʼ ὑπάτων οἰκέτας δημοσίους προχειρισαμένων τὰ δόγματα κομίζοντας τῷ αὐτοκράτορι, καὶ τὰ καλούμενα διπλώματα σεσημασμένα δόντων, ἃ γνωρίζοντες οἱ κατὰ πόλιν ἄρχοντες ἐν ταῖς τῶν ὀχημάτων ἀμοιβαῖς ἐπιταχύνουσι τὰς προπομπὰς τῶν γραμματηφόρων, οὐ μετρίως ἠγανάκτησεν ὅτι μὴ παρʼ αὐτοῦ καὶ σφραγῖδα καὶ στρατιώτας λαβόντες ἀνέπεμψαν, ἀλλὰ λέγεται καὶ βουλεύσασθαι περὶ τῶν ὑπάτων, εἶτα τὴν ὀργὴν ἀπολογησαμένοις καὶ δεηθεῖσιν ἀνῆκε,
</p>
</div2>
<div2 type="section" n="5">
<p> τῷ δὲ
δήμῳ χαριζόμενος οὐκ ἐκώλυε τὸν παραπίπτοντα τῶν Νέρωνος ἀποτυμπανίζειν. Σπῖκλον μὲν οὖν τὸν μονομάχον ἀνδριάσι Νέρωνος ἑλκομένοις ὑποβαλόντες ἐν ἀγορᾷ διέφθειραν, Ἀπόνιον δέ τινα τῶν κατηγορικῶν ἀνατρέψαντες ἁμάξας λιθοφόρους ἐπήγαγον, ἄλλους δὲ διέσπασαν πολλούς, ἐνίους μηδὲν ἀδικοῦντας, ὥστε καὶ Μαύρικον, ἄνδρα τῶν ἀρίστων καὶ ὄντα καὶ δοκοῦντα, πρὸς τὴν σύγκλητον εἰπεῖν ὅτι φοβεῖται μὴ ταχὺ Νέρωνα ζητήσωσιν. </p>
</div2>
</div1>
<div1 type="chapter" n="9">
<div2 type="section" n="1">
<p>
οὕτω δὲ προσάγων ὁ Νυμφίδιος ἐγγυτέρω ταῖς ἐλπίσιν οὐκ ἔφευγε Γαΐου Καίσαρος υἱὸς λέγεσθαι τοῦ μετὰ Τιβέριον ἄρξαντος. ἐγνώκει γὰρ ὁ Γάϊος, ὡς ἔοικε, τὴν τεκοῦσαν αὐτὸν ἔτι 
<pb id="p.224"/>
μειράκιον ὢν οὐκ ἀειδῆ τὴν ὄψιν οὖσαν, ἐκ δʼ ἀκεστρίας ἐπιμισθίου Καλλίστῳ, Καίσαρος ἀπελευθέρῳ, γεγενημένην.
</p>
</div2>
<div2 type="section" n="2">
<p>
ἀλλʼ ἦν ἡ πρὸς Γάϊον ἔντευξις αὐτῆς, ὡς ἔοικε, νεωτέρα τῆς Νυμφιδίου γενέσεως, αἰτίαν δὲ ἔσχεν ἐκ Μαρτιανοῦ τοῦ μονομάχου γεγονέναι, τῆς Νυμφιδίας ἐρασθείσης διὰ δόξαν αὐτοῦ, καὶ μᾶλλον ἐδόκει καθʼ ὁμοιότητα τῆς ἰδέας ἐκείνῳ προσήκειν.
</p>
</div2>
<div2 type="section" n="3">
<p>
ἀλλʼ ὁμολογῶν γε Νυμφιδίας εἶναι μητρὸς ἔργον μὲν αὑτοῦ μόνου τὴν Νέρωνος ἐποιεῖτο κατάλυσιν, ἆθλα δὲ αὐτῆς οὐ νομίζων ἱκανὰ καρποῦσθαι τὰς τιμὰς καὶ τὰ χρήματα καὶ τὸ Σπόρῳ τοῦ Νέρωνος συγκαθεύδειν, ὃν εὐθὺς ἀπὸ τῆς πυρᾶς ἔτι καιομένου τοῦ νεκροῦ μεταπεμψάμενος ἐκεῖνος ἐν γαμετῆς εἶχε τάξει καὶ 
<pb id="paris.1624.1057"/> Ποππαίαν προσηγόρευεν, ἐπὶ τὴν διαδοχὴν παρεδύετο τῆς ἡγεμονίας,
</p>
</div2>
<div2 type="section" n="4">
<p>
καὶ τὰ μὲν αὐτὸς ἐν Ῥώμῃ διὰ τῶν φίλων ὑπειργάζετο, καὶ γυναικῶν τινων αὐτῷ καὶ συγκλητικῶν ἀνδρῶν κρύφα συλλαμβανομένων, ἕνα δὲ τῶν φίλων, Γελλιανόν, εἰς Ἰβηρίαν ἔπεμψεν κατασκεψόμενον. </p>
</div2>
</div1>
<div1 type="chapter" n="10">
<div2 type="section" n="1">
<p>
τῷ δὲ Γάλβᾳ μετὰ τὴν Νέρωνος τελευτὴν ἐχώρει πάντα. Οὐεργίνιος δὲ Ῥοῦφος ἀμφίβολος ὢν ἔτι φροντίδα παρεῖχε, μὴ τῷ δυνάμεως πολλῆς καὶ μαχιμωτάτης ἄρχειν προσειληφὼς τὸ νενικηκέναι Οὐίνδικα καὶ κεχειρῶσθαι μέγα μέρος τῆς Ῥωμαίων ἡγεμονίας, ἐν σάλῳ γενομένην ἀποστατικῷ Γαλατίαν ἅπασαν, ὑπακούσαι τοῖς παρακαλοῦσιν αὐτὸν ἐπὶ τὴν ἀρχήν,
</p>
</div2>
<div2 type="section" n="2">
<p>
οὐδενὸς γὰρ ἦν ὄνομα μεῖζον, οὐδὲ εἶχε δόξαν οὐδεὶς ὅσην ὁ 
<pb id="p.226"/>
Οὐεργίνιος, ὡς μεγίστη ῥοπὴ τοῖς Ῥωμαίων πράγμασι τυραννίδος ὁμοῦ χαλεπῆς καὶ Γαλατικῶν πολέμων ἀπαλλαγῇ γενόμενος, ἀλλʼ ἐκεῖνος τότε τοῖς ἐξ ἀρχῆς ἐμμένων λογισμοῖς ἐφύλαττε τῇ συγκλήτῳ τὴν αἵρεσιν τοῦ αὐτοκράτορος. καίτοι φανερᾶς γε τῆς Νέρωνος τελευτῆς γενομένης τό τε πλῆθος ἐνέκειτο τῷ Οὐεργινίῳ πάλιν, καὶ τῶν χιλιάρχων τις τῶν ἐν τῇ σκηνῇ σπασάμενος τὸ ξίφος ἐκέλευε τὸν Οὐεργίνιον δέχεσθαι τὴν ἡγεμονίαν ἢ τὸν σίδηρον.
</p>
</div2>
<div2 type="section" n="3">
<p>
ἐπεὶ δὲ Φάβιος Οὐάλης ἄρχων ἑνὸς τάγματος ὥρκωσε πρῶτος εἰς Γάλβαν, καὶ γράμματα ἧκεν ἀπὸ Ῥώμης περὶ ὧν ἡ σύγκλητος ἐψηφίσατο, χαλεπῶς μὲν καὶ μόλις, ἔπεισε δʼ οὖν τοὺς στρατιώτας αὐτοκράτορα τὸν Γάλβαν ἀνειπεῖν καὶ πέμψαντος αὐτοῦ διάδοχον Φλάκκον Ὁρδεώνιον ἐδέξατο. καὶ παραδοὺς ἐκείνῳ τὴν δύναμιν αὐτὸς ἀπήντησε τῷ Γάλβᾳ πρόσω χωροῦντι, καὶ συνανέστρεφεν, οὔτε ὀργῆς οὔτε τιμῆς ἐπιδήλου τυγχάνων.
</p>
</div2>
<div2 type="section" n="4">
<p>
αἴτιος δὲ τοῦ μὲν αὐτὸς ὁ Γάλβας αἰδούμενος τὸν ἄνδρα, τοῦ δὲ οἱ φίλοι καὶ μάλιστα Οὐίνιος Τίτος, ὑπὸ φθόνου τὸν Οὐεργίνιον οἰόμενος μὲν κολούειν, ἠγνόει δὲ ἄρα τῷ Οὐεργινίου χρηστῷ δαίμονι συνεργῶν, ἤδη τὸν ἄνδρα πολέμων καὶ κακῶν, ὅσα τοὺς ἄλλους ἡγεμόνας κατέσχεν, ἐκτὸς εἰς βίον ἀκύμονα καὶ γῆρας εἰρήνης καὶ ἡσυχίας μεστὸν ὑπεκτιθεμένῳ. </p>
</div2>
</div1>
<div1 type="chapter" n="11">
<div2 type="section" n="1">
<p>
Γάλβαν δὲ περὶ Νάρβωνα, πόλιν Γαλατικήν, οἱ παρὰ τῆς συγκλήτου πρέσβεις ἐντυχόντες ἠσπάζοντο, καὶ παρεκάλουν ἐπιφανῆναι τῷ δήμῳ ποθοῦντι ταχέως, ὁ δὲ τάς τε ἄλλας παρεῖχεν ἐντεύξεις καὶ συνουσίας αὐτοῖς φιλανθρώπους καὶ 
<pb id="p.228"/>
δημοτικάς, πρός τε τάς ἑστιάσεις πολλῆς κατασκευῆς καὶ θεραπείας βασιλικῆς παρούσης, ἣν ἐκ τῶν Νέρωνος ὁ Νυμφίδιος αὐτῷ προσέπεμψεν, οὐδενὶ χρώμενος ἐκείνων, ἀλλὰ τοῖς ἑαυτοῦ πᾶσιν, εὐδοκίμει, μεγαλόφρων ἀνὴρ καὶ κρείττων ἀπειροκαλίας φαινόμενος,
</p>
</div2>
<div2 type="section" n="2">
<p>
ταχὺ μέντοι τὰ γενναῖα ταῦτα καὶ ἄτυφα καὶ πολιτικὰ δημαγωγίαν Οὐίνιος ἀποφαίνων καὶ κομψότητα μεγάλων ἀπαξιοῦσαν αὑτήν, ἔπεισε χρήμασί τε χρῆσθαι τοῖς Νέρωνος καὶ περὶ τάς ὑποδοχὰς μὴ φείδεσθαι τῆς βασιλικῆς πολυτελείας, καὶ ὅλως αἴσθησιν αὑτοῦ κατὰ μικρὸν ὑπὸ τῷ Οὐινίῳ γενησομένου παρεῖχεν ὁ πρεσβύτης. </p>
</div2>
</div1>
<div1 type="chapter" n="12">
<div2 type="section" n="1">
<p>
ἦν δὲ
Οὐίνιος ἀργυρίου μὲν ἐσχάτως καὶ παρʼ ὁντινοῦν ἥττων, ἔνοχος δὲ καὶ τοῖς περὶ γυναῖκας ἁμαρτήμασιν. ἔτι γὰρ ὢν νέος καὶ στρατευόμενος ὑπὸ Καλβισίῳ Σαβίνῳ τὴν πρώτην στρατείαν ἀκόλαστον οὖσαν τὴν γυναῖκα τοῦ ἡγεμόνος παρεισήγαγε νύκτωρ εἰς τὸ στρατόπεδον ἐν ἐσθῆτι στρατιωτικῇ καὶ διέφθειρεν ἐν τοῖς ἀρχείοις, ἃ πριγκίπια καλοῦσι Ῥωμαῖοι.
</p>
</div2>
<div2 type="section" n="2">
<p>
ἐπὶ τούτῳ δὲ Γάϊος Καῖσαρ ἔδησεν αὐτόν ἐκείνου δὲ ἀποθανόντος εὐτυχίᾳ χρησάμενος ἀπελύθη, δειπνῶν 
<pb id="paris.1624.1058"/> δὲ παρὰ Κλαυδίῳ Καίσαρι ποτήριον ἀργυροῦν ὑφείλετο πυθόμενος δὲ ὁ Καῖσαρ τῇ ὑστεραίᾳ πάλιν αὐτόν ἐπὶ δεῖπνον ἐκάλεσεν, ἐλθόντι δὲ ἐκέλευσεν ἐκείνῳ μηδὲν ἀργυροῦν, ἀλλὰ κεράμεα πάντα προσφέρειν καὶ παρατιθέναι τοὺς ὑπηρέτας.
</p>
</div2>
<div2 type="section" n="3">
<p>
τοῦτο μὲν οὖν διὰ τὴν Καίσαρος μετριότητα κωμικωτέραν γενομένην γέλωτος, οὐκ ὀργῆς ἄξιον ἔδοξεν ἃ δὲ τὸν Γάλβαν ἔχων ὑφʼ αὑτῷ καὶ δυνάμενος 
<pb id="p.230"/>
μέγιστον ἐπὶ χρήμασιν, ἔπραττε, τραγικῶν παθῶν καὶ συμφορῶν μεγάλων τοῖς μὲν αἰτίαν, τοῖς δὲ πρόφασιν παρέσχεν. </p>
</div2>
</div1>
<div1 type="chapter" n="13">
<div2 type="section" n="1">
<p>
ὁ
γὰρ Νυμφίδιος εὐθὺς ἐπανελθόντος τοῦ Γελλιανοῦ πρὸς αὐτόν, ὃν ἔπεμψε τοῦ Γάλβᾳ τρόπον τινὰ κατάσκοπον, ἀκούσας τῆς μὲν αὐλῆς καὶ τῶν δορυφόρων ἔπαρχον ἀποδεδεῖχθαι Κορνήλιον Λάκωνα, τὸ δὲ σύμπαν εἶναι τοῦ Οὐινίου κράτος, αὐτῷ δὲ μηδέποτε τοῦ Γάλβᾳ στῆναι πλησίον ἐγγεγονέναι μηδὲ ἐντυχεῖν ἰδίᾳ, πάντων αὐτὸν ὑφορωμένων καὶ διαφυλαττόντων, ἐθορυβήθη
</p>
</div2>
<div2 type="section" n="2">
<p>
καὶ συναγαγὼν τοὺς ἡγεμόνας τοῦ στρατεύματος ἔφη Γάλβαν μὲν αὐτὸν εἶναι πρεσβύτην ἐπιεικῆ καὶ μέτριον, ἐλάχιστα δὲ τοῖς αὑτοῦ χρώμενον λογισμοῖς ὑπὸ Οὐινίου καὶ Λάκωνος οὐκ εὖ διοικεῖσθαι. πρὶν οὖν λαθεῖν αὐτοὺς ἣν ἔσχε Τιγελλῖνος ἰσχὺν ἐν τοῖς πράγμασι κτησαμένους, πεμπτέον εἶναι πρὸς τὸν ἡγεμόνα πρέσβεις ἀπὸ στρατοπέδου τοὺς διδάξοντας ὅτι τῶν φίλων δύο μόνους τούτους ἀποσκευασάμενος ἡδίων παρέσται πᾶσι καὶ ποθεινότερος.
</p>
</div2>
<div2 type="section" n="3">
<p>
ἐπεὶ δὲ ταῦτα λέγων οὐκ ἔπειθεν, ἀλλʼ ἄτοπον ἐδόκει καὶ ἀλλόκοτον ἡγεμόνα πρεσβύτην, ὥσπερ ἄρτι γευόμενον ἐξουσίας μειράκιον, οἷς χρήσεται φίλοις ἢ μή, ῥυθμίζειν, ἑτέραν ὁδὸν τραπόμενος ἔγραφε τῷ Γάλβᾳ δεδιττόμενος, νῦν μὲν ὡς ὕπουλα καὶ μετέωρα πολλὰ τῆς πόλεως ἐχούσης, νῦν δὲ Κλώδιον Μάκρον ἐν Λιβύῃ τὰ σιτηγὰ κατέχειν, αὖθις δὲ παρακινεῖν τὰ Γερμανικὰ τάγματα, καὶ περὶ τῶν ἐν Συρίᾳ καὶ Ἰουδαίᾳ δυνάμεων ὅμοια πυνθάνεσθαι. 
<pb id="p.232"/>
</p>
</div2>
<div2 type="section" n="4">
<p>
τοῦ δὲ Γάλβᾳ μὴ πάνυ τὸν νοῦν προσέχοντος αὐτῷ μηδὲ πιστεύοντος ἔγνω προεπιχειρεῖν καίτοι Κλώδιος Κέλσος Ἀντιοχεύς, ἀνὴρ ἔμφρων, εὔνους δὲ ἐκείνῳ καὶ πιστός, ἀπηγόρευε, λέγων οὐκ ἂν οἴεσθαι μίαν ἐν Ῥώμῃ συνοικίαν Καίσαρα προσειπεῖν Νυμφίδιον. ἀλλὰ πολλοὶ κατεγέλων, καὶ Μιθριδάτης ὁ Ποντικὸς ἐπισκώπτων τὴν φαλακρότητα καὶ ῥυσσότητα τοῦ Γάλβᾳ νῦν ἔφη τινὰ δοκεῖν εἶναι Ῥωμαίοις, ὀφθέντα δὲ φανεῖσθαι τῶν ἡμερῶν τούτων ἃς καλεῖται Καῖσαρ, ὄνειδος. </p>
</div2>
</div1>
<div1 type="chapter" n="14">
<div2 type="section" n="1">
<p>
ἔδοξεν οὖν περὶ μέσας νύκτας εἰς τὴν παρεμβολὴν παραγαγόντας ἀναδεικνύειν αὐτοκράτορα τὸν Νυμφίδιον. πρῶτος δὲ τῶν χιλιάρχων Ἀντώνιος Ὁνωράτος ἑσπέρας γενομένης τοὺς ὑφʼ ἑαυτῷ στρατιώτας συναγαγὼν ἐκάκιζε μὲν αὑτόν, ἐκάκιζε δὲ ἐκείνους ἐν ὀλίγῳ χρόνῳ τροπὰς τοσαύτας τρεπομένους κατʼ οὐδένα λογισμὸν οὐδὲ αἵρεσιν ἀμεινόνων, ἀλλὰ δαίμονός τινος αὐτοὺς ἐκ προδοσίας εἰς προδοσίαν ἐλαύνοντος.
</p>
</div2>
<div2 type="section" n="2">
<p>
καὶ τὰ μὲν πρῶτα προφάσεις ἔχειν τὰ Νέρωνος ἐγκλήματα· νῦν δὲ Γάλβαν προδιδόναι, τίνα φόνον μητρὸς ἐγκαλοῦντας ἢ σφαγὴν γυναικός, ἢ ποίαν αἰδουμένους θυμέλην ἢ τραγῳδίαν τοῦ αὐτοκράτορος; “ἀλλʼ οὐδὲ ἐκεῖνον ἐπὶ τούτοις ὑπεμείναμεν ἐγκαταλιπεῖν, ἀλλὰ Νυμφιδίῳ πεισθέντες ὅτι πρῶτος ἡμᾶς ἐγκατέλιπε καὶ πέφευγεν εἰς Αἴγυπτον.
</p>
</div2>
<div2 type="section" n="3">
<p>
πότερον οὖν Νέρωνι Γάλβαν ἐπιθυσώμεθα, καὶ τὸν ἐκ Νυμφιδίας ἑλόμενοι Καίσαρα τὸν ἐκ Λιβίας ἀνέλωμεν, ὡς τὸν ἐξ 
<pb id="p.234"/>
Ἀγριππίνης ἀνείλομεν; ἢ τούτῳ δίκην ἐπιθέντες ὧν 
<pb id="paris.1624.1059"/> δέδρακε, τιμωροὶ μὲν Νέρωνος, Γάλβα δὲ φύλακες ἀγαθοὶ καὶ πιστοὶ φανῶμεν;” </p>
<p>ταῦτα λέγοντι τῷ χιλιάρχῳ προσέθεντο πάντες οἱ στρατιῶται, καὶ τοὺς ἄλλους προσιόντες ἐμμένειν παρεκάλουν τῇ πρὸς τὸν αὐτοκράτορα πίστει·
</p>
</div2>
<div2 type="section" n="4">
<p>
καὶ τοὺς πλείους μετέστησαν. ἀρθείσης δὲ βοῆς, εἴτε πεισθεὶς ὁ Νυμφίδιος, ὥς φασιν ἔνιοι, καλεῖν αὐτὸν ἤδη τοὺς στρατιώτας, εἴτε προλαβεῖν σπεύδων τὸ θορυβοῦν ἔτι καὶ διστάζον, ὑπὸ φωτὶ πολλῷ προῄει, λόγον τινὰ κομίζων ἐν βιβλίῳ γεγραμμένον ὑπὸ Κιγγωνίου Βάρρωνος, ὃν ἐκμεμελετήκει
πρὸς τοὺς στρατιώτας εἰπεῖν.
</p>
</div2>
<div2 type="section" n="5">
<p>
ἰδὼν δὲ κεκλεισμένας τοῦ στρατοπέδου τὰς πύλας καὶ περὶ τὰ τείχη πολλοὺς ὡπλισμένους ἔδεισε· καὶ προσιὼν ἠρώτα τί βούλονται καί τινος κελεύσαντος ἐν ὅπλοις γεγόνασιν. ἀπαντώσης δʼ αὐτῷ παρὰ πάντων μιᾶς φωνῆς, Γάλβαν αὐτοκράτορα γινώσκειν, κἀκεῖνος ὁμόσε χωρῶν ἐπευφήμει καὶ τοὺς ἑπομένους ἐκέλευε.
</p>
</div2>
<div2 type="section" n="6">
<p>
τῶν δὲ παρὰ τὰς πύλας παρέντων αὐτὸν εἰσελθεῖν μετʼ ὀλίγων αὐτὸς ἀκοντίζεται λόγχῃ· καὶ ταύτην μὲν ἐδέξατο πρὸ αὐτοῦ θυρεῷ Σεπτίμιος, ἄλλων δὲ γυμνοῖς ξίφεσιν ἐπιφερομένων φυγὼν καὶ διωχθεὶς ἐν οἰκήματι στρατιώτου σφάττεται. καὶ τὸν νεκρὸν εἰς μέσον ἑλκύσαντες καὶ περιβαλόντες κιγκλίδα θέαμα τοῖς βουλομένοις μεθʼ ἡμέραν παρέσχον. </p>
</div2>
</div1>
<div1 type="chapter" n="15">
<div2 type="section" n="1">
<p>
οὕτω δὲ τοῦ Νυμφιδίου καταστρέψαντος ὁ Γάλβας πυθόμενος, καί τῶν συνωμοτῶν αὐτοῦ 
<pb id="p.236"/>
κελεύσας ἀποθανεῖν ὅσοι μὴ διʼ αὑτῶν εὐθὺς ἀπέθανον, ἐν οἷς ἦν καί Κιγγώνιος ὁ τὸν λόγον γράψας καί Μιθριδάτης ὁ Ποντικός, ἔδοξε μὴ νομίμως, εἰ καί δικαίως, μηδὲ δημοτικῶς ἀνῃρηκέναι πρὸ κρίσεως ἄνδρας οὐκ ἀσήμους, ἕτερον γὰρ ἡγεμονίας σχῆμα προσεδέχοντο πάντες, ἐξαπατώμενοι συνήθως ὑπὸ τῶν ἐν ἀρχῇ λεγομένων,
</p>
</div2>
<div2 type="section" n="2">
<p>
ἔτι δὲ μᾶλλον ἠνίασεν αὐτοὺς ἀνὴρ ὑπατικὸς καί 
Νέρωνι πιστὸς ἀποθανεῖν κελευσθείς, Πετρώνιος 
Τουρπιλιανός. Μάκρον<note anchored="yes" place="unspecified" resp="ed">
<foreign lang="greek">Μάκρον</foreign> (as in xiii. 3), <foreign lang="greek">Τρεβωνίου</foreign>, suggested by Sint.<hi rend="superscript">2</hi> for <foreign lang="greek">Μάκρωνα</foreign> and <foreign lang="greek">Τρεβωνιανοῦ</foreign> of the MSS.</note>  γὰρ ἐν Λιβύῃ διὰ Τρεβωνίου<note anchored="yes" place="unspecified" resp="ed">
<foreign lang="greek">Μάκρον</foreign> (as in xiii. 3), <foreign lang="greek">Τρεβωνίου</foreign>, suggested by Sint.<hi rend="superscript">2</hi> for <foreign lang="greek">Μάκρωνα</foreign> and <foreign lang="greek">Τρεβωνιανοῦ</foreign> of the MSS.</note> 
καὶ Φοντήϊον ἐν Γερμανίᾳ διὰ Οὐάλεντος 
ἀνελὼν πρόφασιν εἶχεν ἐν ὅπλοις καί στρατοπέδοις 
ὄντας φοβηθῆναι. Τουρπιλιανὸν δέ, γέροντα 
γυμνὸν καί ἄνοπλον, λόγου μεταλαβεῖν οὐδὲν 
ἐκώλυεν, εἴ τις ἣν ἐπαγγέλλεται μετριότητα τοῖς 
πράγμασιν<note anchored="yes" place="unspecified" resp="ed">
<foreign lang="greek">πράγμασιν</foreign> Sint.<hi rend="superscript">2</hi> has <foreign lang="greek">γράμμασιν</foreign> (<gloss>in his letters</gloss>), after Emporius.</note>  ἔργῳ φυλάξειν ἔμελλε. 
</p>
</div2>
<div2 type="section" n="3">
<p>ταῦτα μὲν οὖν τοιαύτας ἔχει μέμψεις. ἐπεὶ δὲ προσιὼν ἀπεῖχε τῆς πόλεως περὶ πέντε καί εἴκοσι σταδίους, ἐνετύγχανεν ἀκοσμίᾳ καί θορύβῳ τῶν ἐρετῶν τὴν ὁδὸν προκατεχόντων καὶ περικεχυμένων πανταχόθεν, οὗτοι δὲ ἦσαν οὓς εἰς ἓν τάγμα ὁ Νέρων συλλοχίσας ἀπέφηνε στρατιώτας·
</p>
</div2>
<div2 type="section" n="4">
<p> καί
τότε παρόντες ἐκβεβαιώσασθαι τὴν στρατείαν 
οὔτʼ ὀφθῆναι τοῖς ἀπαντῶσιν οὔτʼ ἀκουσθῆναι 
παρίεσαν τὸν αὐτοκράτορα, ἀλλʼ ἐθορύβουν βοῇ 
σημεῖα τῷ τάγματι καί χώραν αἰτοῦντες, ἐκείνου 
δὲ ὑπερτιθεμένου καί πάλιν εἰπεῖν<note anchored="yes" place="unspecified" resp="ed">
<foreign lang="greek">πάλιν εἰπεῖν</foreign> Bekker has <foreign lang="greek">παρείχειν</foreign> (<gloss>yield</gloss>), after Coraës.</note>  κελεύσαντος, 
<pb id="p.238"/>
ἀρνήσεως σχῆμα τὴν ἀναβολὴν εἶναι φάσκοντες ἠγανάκτουν καί παρείποντο μὴ φειδόμενοι βοῆς. ἐνίων δὲ καί τὰς μαχαίρας σπασαμένων, ἐκέλευσε τοὺς ἱππεῖς ἐμβαλεῖν αὐτοῖς ὁ Γάλβας. ὑπέστη δὲ οὐδεὶς ἐκείνων, ἀλλʼ οἱ μὲν εὐθὺς ἀνατραπέντες, οἱ δὲ φεύγοντες διεφθάρησαν, οὐ χρηστὸν οὐδὲ αἴσιον ποιοῦντες τῷ Γάλβᾳ τὸν οἰωνὸν εἰσιόντι διὰ πολλοῦ φόνου καί νεκρῶν τοσούτων εἰς τὴν πόλιν. ἀλλʼ εἰ καί τις αὐτοῦ κατεφρόνει πρότερον ἀσθενοῦς καί γέροντος ὁρωμένου, τότε πᾶσι φρικώδης καί φοβερὸς ἐγένετο. </p>
</div2>
</div1>
<div1 type="chapter" n="16">
<div2 type="section" n="1">
<p>
βουλόμενος δὲ τῆς περὶ τὰς δωρεὰς ἀμετρίας καὶ πολυτελείας τοῦ Νέρωνος ἀποδεικνύναι μεγάλην μεταβολήν, ἀστοχεῖν ἐδόκει τοῦ πρέποντος. Κάνου γὰρ αὐλήσαντος αὑτῷ παρὰ 
<pb id="paris.1624.1060"/> δεῖπνον ʽἀκρόαμα δὲ ἦν ὁ Κάνος εὐδοκιμούμενον ἐπαινέσας καὶ ἀποδεξάμενος ἐκέλευσεν αὑτῷ κομισθῆναι τὸ γλωσσόκομον· καὶ λαβὼν χρυσοῦς τινας ἐπέδωκε τῷ Κάνῳ, φήσας ἐκ τῶν ἰδίων, οὐκ ἐκ τῶν δημοσίων χαρίζεσθαι,
</p>
</div2>
<div2 type="section" n="2">
<p>
τὰς δὲ δωρεὰς ἃς Νέρων ἔδωκε τοῖς περὶ σκηνὴν καὶ παλαίστραν, ἀπαιτεῖσθαι συντόνως κελεύσας πλὴν τοῦ δεκάτου μέρους, εἶτα μικρὰ καὶ γλίσχρα κομιζόμενος ἀνηλώκεσαν γὰρ οἱ πλεῖστοι τῶν λαβόντων, ἐφήμεροι καὶ σατυρικοὶ τοῖς βίοις ἄνθρωποι τοὺς πριαμένους παρʼ αὐτῶν ἢ λαβόντας ὁτιοῦν ἀνεζήτει καὶ παρʼ ἐκείνων ἐξέπραττε.
</p>
</div2>
<div2 type="section" n="3">
<p>
τοῦ δὲ πράγματος ὅρον οὐκ ἔχοντος, ἀλλὰ πόρρω νεμομένου καὶ προϊόντος ἐπὶ πολλούς, αὐτὸς μὲν 
<pb id="p.240"/>
ἠδόξει, φθόνον δὲ καὶ μῖσος εἶχεν Οὐίνιος, ὡς 
τοῖς μὲν ἄλλοις ἅπασιν ἀνελεύθερον παρέχων 
τὸν ἡγεμόνα καὶ μικρολόγον, αὐτὸς δὲ χρώμενος ἀσώτως καὶ λαμβάνων πάντα καὶ πιπράσκων.
</p>
</div2>
<div2 type="section" n="4">
<p> ὁ
μὲν γὰρ Ἡσίοδος 
<quote rend="blockquote">ἀρχομένου τε πίθου καὶ λήγοντος κορέσασθαι</quote> 
φησὶ δεῖν, ὁ δὲ Οὐίνιος ὁρῶν ἀσθενῆ καὶ γέροντα τὸν Γάλβαν ἐνεπίμπλατο τῆς τύχης, ὡς ἅμα μὲν ἀρχομένης, ἅμα δὲ φθινούσης. </p>
</div2>
</div1>
<div1 type="chapter" n="17">
<div2 type="section" n="1">
<p>
ὁ δὲ
πρεσβύτης ἠδικεῖτο τὰ μὲν πρῶτα τοῦ Οὐινίου κακῶς διοικοῦντος, ἃ δὲ αὐτὸς ὀρθῶς προῃρεῖτο διαβάλλοντος ἢ κωλύοντος· οἷον ἦν τὸ περὶ τὰς κολάσεις τῶν Νερωνιανῶν.
</p>
</div2>
<div2 type="section" n="2">
<p>
ἀπέκτεινε γὰρ τοὺς πονηρούς, ἐν οἷς ἦν ὁ Ἥλιος καὶ Πολύκλειτος καὶ Πετῖνος καὶ Πατρόβιος. ὁ δὲ δῆμος ἐκρότει, καὶ διʼ ἀγορᾶς αὐτῶν ἀγομένων ἐβόα καλὴν μὲν εἶναι καὶ θεοφιλῆ πομπήν, ἀπαιτεῖν δὲ καὶ θεοὺς καὶ ἀνθρώπους τὸν διδάσκαλον καὶ παιδαγωγὸν τῆς τυραννίδος Τιγελλῖνον. ἐφθάκει δὲ ὁ γενναῖος προειληφὼς ἀρραβῶσι μεγάλοις τὸν Οὐίνιον.
</p>
</div2>
<div2 type="section" n="3">
<p>
εἶτα Τουρπιλιανὸς μέν, ὅτι μὴ προεδίδου μηδὲ ἐμίσει τὸν ἡγεμόνα τοιοῦτον ὄντα μισούμενος, ἄλλο δὲ μηδὲ ἓν μέγα συναδικήσας, ἀπέθανεν ὁ δὲ καὶ ποιήσας ἄξιον θανάτου Νέρωνα καὶ γενόμενον τοιοῦτον ἐγκαταλιπὼν καὶ προδοὺς περιῆν, μέγα δίδαγμα 
<pb id="p.242"/>
τοῦ μηδὲν ἄπρακτον εἶναι παρὰ Οὐινίῳ μηδὲ ἀνέλπιστον τοῖς διδοῦσιν.
</p>
</div2>
<div2 type="section" n="4">
<p>
οὐδενὸς γὰρ οὕτω θεάματος ἐρασθεὶς ὁ Ῥωμαίων δῆμος ὡς τοῦ Τιγελλῖνον ἰδεῖν ἀπαγόμενον, οὐδὲ παυσάμενος ἐν πᾶσι θεάτροις καὶ σταδίοις αἰτούμενος ἐκεῖνον, ἐπεπλήχθη διαγράμματι τοῦ αὐτοκράτορος Τιγελλῖνον μὲν οὐ πολὺν ἔτι βιώσεσθαι φάσκοντος χρόνον ὑπὸ φθινάδος νόσου δαπανώμενον, ἐκείνους δὲ παραιτουμένου μὴ διαγριαίνειν μηδὲ τυραννικὴν ποιεῖν τὴν ἡγεμονίαν.
</p>
</div2>
<div2 type="section" n="5">
<p>
ἀχθομένου δὲ τοῦ δήμου καταγελῶντες ὁ μὲν Τιγελλῖνος ἔθυσε σωτήρια καὶ παρεσκεύασε λαμπρὰν ἑστίασιν, ὁ δὲ Οὐίνιος ἀναστὰς παρὰ τοῦ αὐτοκράτορος μετὰ δεῖπνον ἐκώμασεν ὡς ἐκεῖνον, ἄγων τὴν θυγατέρα χήραν οὖσαν. καὶ προὔπιεν ὁ Τιγελλῖνος αὐτῇ πέντε καὶ εἴκοσι μυριάδας ἀργυρίου, καὶ τῶν παλλακίδων τὴν ἀγελαρχοῦσαν ἐκέλευσε τὸν περιδέραιον κόσμον ἀφελομένην ἐκείνῃ περιάψαι, πεντεκαίδεκα μυριάδων εἶναι λεγόμενον. </p>
</div2>
</div1>
<div1 type="chapter" n="18">
<div2 type="section" n="1">
<p>
ἐκ δὲ
τούτου καί τὰ μετρίως πραττόμενα διαβολὴν εἶχεν, ὡς τὰ πρὸς τοὺς Γαλάτας Οὐΐνδικι συναραμένους. ἐδόκουν γὰρ οὐ φιλανθρωπίᾳ τοῦ αὐτοκράτορος, ἀλλὰ ὠνούμενοι παρὰ Οὐινίου τυγχάνειν ἀνέσεώς τε δασμῶν καί πολιτείας,
</p>
</div2>
<div2 type="section" n="2">
<p> οἱ
μὲν οὖν πολλοὶ διὰ ταῦτα πρὸς τὴν ἡγεμονίαν ἀπηχθάνοντο, τοὺς δὲ στρατιώτας τὴν δωρεὰν μὴ κομιζομένους ἐν ἀρχῇ μὲν ἐλπὶς παρῆγεν ὡς, εἰ καί μὴ τοσοῦτον, ἀλλʼ ὅσον 
<pb id="p.244"/>
Νέρων ἔδωκεν, ἀποδώσοντος. ἐπεὶ δὲ μεμφομένους ἀκούσας ἀφῆκε φωνὴν ἡγεμόνι μεγάλῳ πρέπουσαν, εἰπὼν εἰωθέναι καταλέγειν στρατιώτας, οὐκ ἀγοράζειν, πυθομένοις τοῦτο δεινὸν εἰσῆλθε 
<pb id="paris.1624.1061"/> μῖσος καί ἄγριον πρὸς αὐτόν, ἐδόκει γὰρ οὐκ αὐτὸς ἀποστερεῖν μόνος, ἀλλὰ νομοθετεῖν καί διδάσκειν τοὺς μεθʼ αὑτὸν αὐτοκράτορας. 
</p>
</div2>
<div2 type="section" n="3">
<p>ἀλλὰ τὸ μὲν<note anchored="yes" place="unspecified" resp="ed">
<foreign lang="greek">τὸ μὲν</foreign> Coraës and Bekker have <foreign lang="greek">τῶν μὲν</foreign>, the correction of Reiske.</note>  ἐν Ῥώμῃ τυφλὸν ἦν ἔτι κίνημα, 
καί τις αἰδὼς ἅμα πρὸς παρόντα τὸν Γάλβαν ἀμβλύτητα καί μέλλησιν ἐνεποίει τῷ νεωτερισμῷ, καί τὸ μηδεμίαν ἀρχὴν ἐμφανῆ μεταβολῆς ὁρᾶσθαι συνέστελλε καί συνέκρυπτεν ἁμῶς γέ πως τὴν δυσμένειαν αὐτῶν, οἱ δὲ πρότερον ὑπὸ Οὐεργινίῳ γενόμενοι, τότε δὲ ὄντες ὑπὸ Φλάκκῳ περὶ Γερμανίαν, μεγάλων μὲν ἀξιοῦντες αὑτοὺς διὰ τὴν μάχην ἣν ἐμαχέσαντο πρὸς Οὐΐνδικα, μηδενὸς δὲ τυγχάνοντες, ἀπαρηγόρητοι τοῖς ἄρχουσιν ἦσαν.
</p>
</div2>
<div2 type="section" n="4">
<p> αὑτὸν δὲ
τὸν Φλάκκον ὑπὸ συντόνου ποδάγρας ἀδύνατον ὄντα τῷ σώματι καὶ πραγμάτων ἄπειρον ἐν οὐδενὶ λόγῳ τὸ παράπαν ἐποιοῦντο. καί ποτε θέας οὔσης, καί τῶν χιλιάρχων καί λοχαγῶν τὸ Ῥωμαίοις σύνηθες εὐτυχίαν ἐπευχομένων τῷ αὐτοκράτορι Γάλβᾳ, διεθορύβησαν οἱ πολλοὶ τὸ πρῶτον, εἶτα ταῖς εὐχαῖς ἐπιμενόντων ἐκείνων ἀντεφώνουν “εἰ ἄξιος.” </p>
</div2>
</div1>
<div1 type="chapter" n="19">
<div2 type="section" n="1">
<p>
τοιαῦτα δὲ ἕτερα καὶ τῶν ὑπὸ Τιγελλίνῳ ταγμάτων ὑβριζόντων πολλάκις, ἐπέμπετο γράμματα τῷ Γάλβᾳ παρὰ τῶν ἐπιτρόπων ὁ δὲ φοβηθεὶς ὡς μὴ μόνον διὰ τὸ γῆρας, ἀλλὰ καὶ 
<pb id="p.246"/>
διὰ τήν ἀπαιδίαν καταφρονούμενος, ἐβουλεύετο παῖδα θέσθαι τῶν ἐπιφανῶν τινα νεανίσκον καὶ διάδοχον ἀποδεῖξαι τῆς ἀρχῆς.
</p>
</div2>
<div2 type="section" n="2">
<p> ἦν δέ
Μάρκος Ὄθων, ἀνὴρ γένει μὲν οὐκ ἀφανής, τρυφῇ δὲ καὶ φιληδονίαις εὐθὺς ἐκ παίδων ἐν ὀλίγοις Ῥωμαίων διεφθαρμένος, ὡς δὲ τὸν Ἀλέξανδρον Ὅμηρος “Ἑλένης; πόσιν ἠϋκόμοιο,” μηδὲν ἔχοντα πρὸς δόξαν ἄλλο σεμνύνων ἀπὸ τῆς γυναικός, ὀνομάζει πολλάκις, οὕτως γεγονὼς περιβόητος ἐν Ῥώμῃ διὰ τὸν Ποππαίας γάμον, ἧς ἤρα μὲν ὁ Νέρων Κρισπίνῳ συνούσης, ἔτι δʼ αἰδούμενος τήν ἑαυτοῦ γυναῖκα καὶ τήν μητέρα φοβούμενος ὑφῆκε τὸν Ὄθωνα πειρῶντα τήν Ποππαίαν.
</p>
</div2>
<div2 type="section" n="3">
<p>
φίλῳ δὲ τῷ Ὄθωνι καὶ συμβιωτῇ διὰ τήν ἀσωτίαν ἐχρῆτο, καὶ σκωπτόμενος ὑπʼ αὐτοῦ πολλάκις εἰς μικρολογίαν καὶ ἀνελευθερίαν ἔχαιρε, λέγεται δέ ποτε μύρῳ τῶν πολυτελῶν χρισαμένου τοῦ Νέρωνος καὶ τὸν Ὄθωνα καταβρέξαντος, ἐκεῖνος πάλιν τῇ ὑστεραίᾳ δεχόμενος αὐτὸν ἅμα πολλαχόθεν ἀργυροῦς καὶ χρυσοῦς προβαλεῖν ἄφνω σωλῆνας, ὥσπερ ὕδωρ τὸ μύρον ἐκχέοντας καὶ κατακλύζοντας,
</p>
</div2>
<div2 type="section" n="4">
<p>
ἀλλὰ τήν γε Ποππαίαν προμοιχεύσας τῷ Νέρωνι, καὶ διαφθείρας ταῖς εἰς ἐκεῖνον ἐλπίσιν, ἔπεισεν ἀποστῆναι τοῦ ἀνδρός. ἐλθούσης δὲ παρʼ αὐτὸν ὡς γαμετῆς οὐκ ἠγάπα μετέχων, ἀλλʼ ἤσχαλλε μεταδιδούς, οὐδὲ αὐτῆς ἀχθομένης, ὥς φασι, τῇ ζηλοτυπίᾳ τῆς Ποππαίας.
</p>
</div2>
<div2 type="section" n="5">
<p>
καὶ γὰρ ἀποκλεῖσαι τὸν Νέρωνα λέγεται μὴ παρόντος τοῦ Ὄθωνος, εἴτε τῆς ἡδονῆς ἀφαιροῦσα τὸ πλήσμιον, εἴτε, ὥς φασιν ἔνιοι, βαρυνομένη 
<pb id="p.248"/>
τὸν Καίσαρος γάμον, ἐραστῇ δὲ μὴ φεύγουσα χρῆσθαι διὰ τὸ φιλακόλαστον. ἐκινδύνευσεν οὖν ὁ Ὄθων ἀποθανεῖν· καὶ παράλογον ἦν ὅτι τήν γυναῖκα καὶ ἀδελφὴν ἀποκτείνας διὰ τὸν Ποππαίας γάμον ἐφείσατο τοῦ Ὄθωνος. </p>
</div2>
</div1>
<div1 type="chapter" n="20">
<div2 type="section" n="1">
<p>
Σενέκαν δὲ εἶχεν εὔνουν κἀκείνου τὸν Νέρωνα πείσαντος καὶ παραινέσαντος ἐξεπέμφθη Λυσιτανῶν στρατηγὸς ἐπὶ τὸν Ὠκεανόν. καὶ παρέσχεν ἑαυτὸν οὐκ ἄχαριν οὐδὲ ἐπαχθῆ τοῖς ὑπηκόοις, εἰδὼς φυγῆς ὑποκόρισμα καὶ παρακάλυμμα τὴν ἀρχὴν αὐτῷ δεδομένην.
</p>
</div2>
<div2 type="section" n="2">
<p>
ἀποστάντος δὲ Γάλβα πρῶτος αὐτῷ<note anchored="yes" place="unspecified" resp="ed">
<foreign lang="greek">αὐτῷ</foreign> Coraës and Bekker, after Du Soul: <foreign lang="greek">αὐτός</foreign>.</note> προσεχώρησε τῶν 
ἡγεμόνων, καὶ φέρων ὅσον εἶχεν ἐν ἐκπώμασι καὶ τραπέζαις ἄργυρον καὶ χρυσὸν ἔδωκε κατακόψαι ποιουμένῳ νόμισμα, καὶ τῶν οἰκετῶν ἐδωρήσατο 
<pb id="paris.1624.1062"/> τοὺς εἰθισμένους περὶ δίαιταν ἡγεμόνι ἐμμελῶς ὑπουργεῖν. καὶ τὰ ἄλλα πιστὸς ἦν αὐτῷ, καὶ διδοὺς πεῖραν οὐδενὸς ἧττον ἐδόκει πραγμάτων ἔμπειρος εἶναι· καὶ βαδίζοντι τὴν ὁδὸν ἅπασαν ἐφʼ  ἡμέρας πολλὰς συνοχούμενος διετέλεσεν.
</p>
</div2>
<div2 type="section" n="3">
<p> ἐν δὲ τῇ
συνοδίᾳ καὶ τῇ συνηθείᾳ τὸν Οὐίνιον ἐξεθεράπευσεν ὁμιλίᾳ καὶ δώροις, μάλιστα δὲ τῶν πρωτείων ὑφιέμενος αὐτῷ τό γε μετʼ  ἐκεῖνον δύνασθαι διʼ ἐκεῖνον εἶχε βεβαίως, τῷ δὲ ἀνεπιφθόνῳ περιῆν, προῖκα συμπράττων πάντα τοῖς δεομένοις, καὶ παρέχων ἑαυτὸν εὐπροσήγορον καὶ φιλάνθρωπον ἅπασι. πλεῖστα δὲ τοῖς στρατιωτικοῖς συνελάμβανε καὶ προῆγε πολλοὺς ἐφʼ  
<pb id="p.250"/>
ἡγεμονίας, τὰ μὲν αἰτούμενος ἀπὸ τοῦ αὐτοκράτορος,
</p>
</div2>
<div2 type="section" n="4">
<p> τὰ δὲ
τὸν Οὐίνιον καὶ τοὺς ἀπελευθέρους παρακαλῶν Ἴκελον καὶ Ἀσιατικόν οὗτοι γὰρ ἦσαν ἐν δυνάμει μάλιστα τῶν περὶ τὴν αὐλήν. ὁσάκις δὲ τὸν Γάλβαν εἱστία, τὴν παραφυλάττουσαν ἀεὶ σπεῖραν ἐδέκαζε χρυσοῦν ἑκάστῳ διανέμων, οἷς τιμᾶν αὐτὸν ἐδόκει καταπολιτευόμενος καὶ δημαγωγῶν τὸ στρατιωτικόν. </p>
</div2>
</div1>
<div1 type="chapter" n="21">
<div2 type="section" n="1">
<p>
ἀλλʼ οὖν βουλευομένου γε τοῦ Γάλβα περὶ διαδόχου τὸν Ὄθωνα παρεισῆγεν ὁ Οὐίνιος, οὐδὲ τοῦτο προῖκα πράσσων, ἀλλʼ ἐπὶ γάμῳ τῆς θυγατρός, ὁμολογίας γενομένης γαμεῖν αὐτὴν τὸν Ὄθωνα
παῖδα τοῦ Γάλβα καὶ διάδοχον ἀποδειχθέντα τῆς ἡγεμονίας, ὁ δὲ Γάλβας ἀεὶ μὲν ἦν δῆλος πρὸ τοῦ ἰδίου τὸ κοινὸν τιθέμενος καὶ ζητῶν οὐχ χ αὑτῷ θέσθαι τὸν ἥδιστον, ἀλλὰ Ῥωμαίοις τὸν ὠφελιμώτατον.
</p>
</div2>
<div2 type="section" n="2">
<p>
δοκεῖ δὲ μηδʼ ἂν ἐπὶ τοῖς ἰδίοις χρήμασι μόνον ἑλέσθαι τὸν Ὄθωνα κληρονόμον, ἀκόλαστον εἰδὼς καὶ πολυτελῆ καὶ πεντακισχιλίων μυριάδων ὀφλήμασι βεβαπτισμένον. ὅθεν ἀκούσας τοῦ Οὐινίου σιωπῇ καὶ πρᾴως ὑπερέθετο τὴν διάθεσιν. ἀποδείξας δʼ αὑτὸν ὕπατον καὶ συνάρχοντα τὸν Οὐίνιον ἐπίδοξος ἦν ἔτους ἀρχῇ τὸν διάδοχον ἀναγορεύσειν καὶ τὸ στρατιωτικὸν ἡδέως εἶχε τὸν Ὄθωνα παρʼ ὁντινοῦν ἄλλον ἀναγορευθῆναι. </p>
</div2>
</div1>
<div1 type="chapter" n="22">
<div2 type="section" n="1">
<p>
καταλαμβάνει δʼ αὐτὸν ἔτι μέλλοντα 
<pb id="p.252"/>
καὶ βουλευόμενον ἐκραγέντα τὰ Γερμανικά, κοινῇ γὰρ ἅπαντες οἱ στρατευόμενοι τὸν Γάλβαν ἐμίσουν οὐκ ἀποδιδόντα τὴν δωρεάν, ἰδίας δὲ ἐκεῖνοι προφάσεις ἐποιοῦντο Οὐεργίνιόν τε Ῥοῦφον ἀπερριμμένον ἀτίμως καὶ Γαλατῶν τοὺς πολεμήσαντας αὐτοῖς δωρεῶν τυγχάνοντας,
</p>
</div2>
<div2 type="section" n="2">
<p>
ὅσοι δὲ μὴ προσέθεντο Οὐΐνδικι κολαζομένους, ᾧ μόνῳ τὸν Γάλβαν χάριν εἰδέναι καὶ τιμᾶν τεθνηκότα καὶ γεραίρειν δημοσίοις ἐναγισμοῖς, ὡς ὑπʼ ἐκείνου Ῥωμαίων ἀποδεδειγμένον αὐτοκράτορα,
</p>
</div2>
<div2 type="section" n="3">
<p>
τοιούτων ἀναφανδὸν ἤδη λόγων ἐν τῷ στρατοπέδῳ περιφερομένων ἐπῆλθεν ἡ νουμηνία τοῦ πρώτου μηνός, ἣν καλάνδας Ἰανουαρίας καλοῦσι · τοῦ δὲ Φλάκκου συναγαγόντος αὐτοὺς ἐπὶ τὸν ὅρκον ὃν ἔθος ἐστὶν ὀμνύειν ὑπὲρ τοῦ αὐτοκράτορος, τὰς μὲν εἰκόνας τοῦ Γάλβα προσελθόντες ἀνέτρεψαν καὶ κατέσπασαν, αὐτοὶ δὲ ὀμόσαντες ὑπὲρ συγκλήτου καὶ δήμου Ῥωμαίων διελύθησαν.
</p>
</div2>
<div2 type="section" n="4">
<p>
εἶτα τοῖς ἡγεμονικοῖς παρίστατο δεδοικέναι τὴν ἀναρχίαν ὡς ἀπόστασιν. λέγει δέ τις ἐν αὐτοῖς· “τί πάσχομεν, ὦ συστρατιῶται, μήτʼ ἄλλον ἡγεμόνα ποιούμενοι μήτε τὸν νῦν ὄντα φυλάττοντες, ὥσπερ οὐ Γάλβαν, ἀλλʼ ὅλως ἄρχοντα καὶ τὸ ἄρχεσθαι φεύγοντες ;
</p>
</div2>
<div2 type="section" n="5">
<p>Φλάκκον μὲν οὖν Ὁρδεώνιον οὐδὲν ἄλλο ἢ σκιὰν ὄντα Γάλβα καὶ εἴδωλον ἐατέον, ἡμέρας δὲ μιᾶς ὁδὸν ἀφέστηκεν ἡμῶν Οὐϊτέλλιος, ὁ τῆς ἑτέρας Γερμανίας ἡγούμενος, πατρός τε τιμητοῦ καὶ τρὶς ὑπάτου γενομένου καὶ Κλαυδίῳ 
<pb id="paris.1624.1063"/> Καίσαρι τρόπον τινὰ συνάρξαντος, αὐτός τε τὴν 
<pb id="p.254"/>
λοιδορουμένην ὑπʼ ἐνίων πενίαν δεῖγμα λαμπρὸν ἔχων χρηστότητος καὶ μεγαλοφροσύνης, φέρε, τοῦτον ἑλόμενοι δείξωμεν ἀνθρώποις πᾶσιν ὡς Ἰβήρων καὶ Λυσιτανῶν ἀμείνους ἐσμὲν αὐτοκράτορα αἱρεῖσθαι.” </p>
</div2>
<div2 type="section" n="6">
<p>ταῦτα τῶν μὲν ἤδη προσιεμένων, τῶν δʼ οὐ προσιεμένων, εἷς ὑπεξελθὼν σημαιοφόρος ἀπήγγειλε τῷ Οὐϊτελλίῳ νυκτός, ἑστιωμένων πολλῶν παρʼ αὐτῷ. τοῦ δὲ λόγου διαπεσόντος εἷς τὰ στρατεύματα πρῶτος Φάβιος Οὐάλης, ἡγεμὼν ἑνὸς τάγματος, τῇ ὑστεραίᾳ μετὰ ἱππέων συχνῶν ἐλάσας αὐτοκράτορα τὸν Οὐϊτέλλιον προσεῖπεν.
</p>
</div2>
<div2 type="section" n="7">
<p> ὁ δὲ
τὰς μὲν ἔμπροσθεν ἡμέρας ἐδόκει διωθεῖσθαι καὶ ἀναδύεσθαι, τὸ μέγεθος τῆς ἀρχῆς φοβούμενος, τότε δέ φασιν οἴνου διάπλεων καὶ τροφῆς ὄντα μεσημβρινῆς προελθεῖν καὶ ὑπακοῦσαι Γερμανικὸν ὄνομα θεμένων αὐτῷ, τὸ δὲ Καίσαρος οὐ προσδεξάμενον.
</p>
</div2>
<div2 type="section" n="8">
<p>
εὐθὺς δὲ καὶ τὸ μετὰ Φλάκκου στράτευμα τοὺς καλοὺς ἐκείνους καὶ δημοκρατικοὺς εἷς σύγκλητον ὅρκους ἀφέντες ὤμοσαν Οὐϊτελλίῳ τῷ αὐτοκράτορι ποιήσειν τὸ προστασσόμενον. </p>
</div2>
</div1>
<div1 type="chapter" n="23">
<div2 type="section" n="1">
<p>
οὕτω μὲν ἀνηγορεύθη Οὐϊτέλλιος αὐτοκράτωρ ἐν Γερμανίᾳ. πυθόμενος δὲ τὸν ἐκεῖ νεωτερισμὸν ὁ Γάλβας οὐκέτι τὴν εἰσποίησιν ἀνεβάλλετο. γινώσκων δὲ τῶν φίλων ἐνίους μὲν ὑπὲρ Δολοβέλλα, τοὺς δὲ πλείστους ὑπὲρ Ὄθωνος ἀρχαιρεσιάζοντας, ὧν οὐδέτερον ἐδοκίμαζεν αὐτός, ἄφνω μηδὲν προειπὼν μετεπέμψατο Πείσωνα , Κράσσου καὶ Σκριβωνίας ἔκγονον, οὓς Νέρων ἀνῃρήκει,
</p>
</div2>
<div2 type="section" n="2">
<p>
νεανίαν ἐν τῇ πρὸς πᾶσαν ἀρετὴν εὐφυΐᾳ τὸ κόσμιον καὶ αὐστηρὸν ἐμφανέστατα 
<pb id="p.256"/>
ἔχοντα· καὶ κατέβαινεν εἰς τὸ στρατόπεδον ἐκεῖνον ἀποδείξων Καίσαρα καὶ διάδοχον. καίτοι μεγάλαι μὲν εὐθὺς ἐξιόντι διοσημίαι παρηκολούθουν, ἀρξαμένου δὲ τὰ μὲν λέγειν ἐν τῷ στρατοπέδῳ, τὰ δὲ ἀναγινώσκειν, τοσαυτάκις ἐβρόντησε καὶ κατήστραψε, καὶ τοσοῦτος ὄμβρος καὶ ζόφος ἐξεχύθη εἰς τὸ στρατόπεδον καὶ τὴν πόλιν, ὡς κατάδηλον εἶναι μὴ προσιέμενον μηδὲ ἐπαινοῦν τὸ δαιμόνιον γινομένην οὐκ ἐπʼ ἀγαθῷ τὴν εἰσποίησιν.
</p>
</div2>
<div2 type="section" n="3">
<p> ἦν δὲ
καὶ τὰ τῶν στρατιωτῶν ὕπουλα καὶ σκυθρωπὰ μηδὲ τότε δωρεᾶς αὐτοῖς δοθείσης. 
</p>
<p>τοῦ δὲ Πείσωνος οἱ παρόντες ἐθαύμασαν τῇ τε φωνῇ τεκμαιρόμενοι καὶ τῷ προσώπῳ τὸ τηλικαύτην χάριν ἀνεμπλήκτως, οὐ μὴν ἀναισθήτως δεχόμενον, ὥσπερ αὖ τοῦ Ὄθωνος ἐπεφαίνετο πολλὰ σημεῖα τῇ μορφῇ πικρῶς καὶ σὺν ὀργῇ τῆς ἐλπίδος τὴν ἀπότευξιν φέροντος, ἧς πρῶτος ἀξιωθεὶς καὶ τοῦ τυχεῖν ἐγγυτάτω γενόμενος τὸ μὴ τυχεῖν ἐποιεῖτο σημεῖον ἔχθους ἅμα καὶ κακονοίας τοῦ Γάλβα πρὸς αὐτόν.
</p>
</div2>
<div2 type="section" n="4">
<p>
ὅθεν οὐδὲ ἄφοβος ἦν περὶ τοῦ μέλλοντος, ἀλλὰ καὶ τὸν Πείσωνα δεδιὼς καὶ τὸν Γάλβαν προβαλλόμενος καὶ τῷ Οὐινίῳ χαλεπαίνων ἀπῄει πολλῶν παθῶν πλήρης, οὐδὲ γὰρ τὸ ἐλπίζον ἐκλιπεῖν οὐδὲ ἀπαγορεῦσαι παντάπασιν εἴων οἱ περὶ αὐτὸν ὄντες ἀεὶ μάντεις καὶ Χαλδαῖοι, εἰς τὰ μάλιστα δὲ Πτολεμαῖος ἰσχυριζόμενος τῷ προειπεῖν πολλάκις ὡς οὐκ ἀποκτενεῖ Νέρων αὐτόν, ἀλλὰ τεθνήξεται πρότερος, αὐτὸς δὲ περιέσται καὶ ἄρξει Ῥωμαίων ἐκεῖνο γὰρ 
<pb id="p.258"/>
ἀληθὲς ἀποδείξας ἠξίου μηδὲ ταῦτα ἀπελπίζειν· οὐχ ἥκιστα δʼ οἱ συναχθόμενοι κρύφα καὶ συνεπιστένοντες ὡς ἀχάριστα πεπονθότι. πλεῖστοι δὲ τῶν περὶ Τιγελλῖνον καὶ Νυμφίδιον ἐν τιμῇ γεγονότων ἀπερριμμένοι τότε καὶ ταπεινὰ πράττοντες ἐφθείροντο πρὸς αὐτὸν καὶ συνηγανάκτουν καὶ παρώξυνον. </p>
</div2>
</div1>
<div1 type="chapter" n="24">
<div2 type="section" n="1">
<p>
ἐν δὲ
τούτοις Οὐετούριος καὶ Βάρβιος, ὁ μὲν ὀπτίων, ὁ δὲ τεσσεράριος· οὕτω γὰρ καλοῦνται οἱ διαγγέλων καὶ διοπτήρων ὑπηρεσίας τελοῦντες. μεθʼ ὧν Ὄθωνος ἀπελεύθερος Ὀνόμαστος 
<pb id="paris.1624.1064"/> ἐπιφοιτῶν τοὺς μὲν ἀργυρίῳ, τοὺς δὲ ἐλπίσι διέφθειρεν ἤδη σαθροὺς ὄντας καὶ δεομένους προφάσεως. οὐ γὰρ ἦν ἡμερῶν τεσσάρων ἔργον ὑγιαίνοντος στρατοπέδου μεταστῆσαι πίστιν, ὅσαι μεταξὺ τῆς εἰσποιήσεως ἐγένοντο καὶ τῆς σφαγῆς, ἕκτῃ γὰρ ἀνῃρέθησαν, ἣν ἄγουσι Ῥωμαῖοι πρὸ δεκαοκτὼ καλανδῶν Φεβρουαρίων. 
</p>
</div2>
<div2 type="section" n="2">
<p>ἐκείνῃ γὰρ ἕωθεν εὐθὺς ὁ μὲν Γάλβας ἔθυεν ἐν Παλατίῳ τῶν φίλων παρόντων, ὁ δὲ θύτης Ὀμβρίκιος ἅμα τῷ λαβεῖν εἰς τὰς χεῖρας τοῦ ἱερείου τὰ σπλάγχνα καὶ προσιδεῖν οὐ διʼ αἰνιγμῶν, ἀλλʼ ἄντικρυς ἔφη σημεῖα μεγάλης ταραχῆς, καὶ μετὰ δόλου κίνδυνον ἐκ κεφαλῆς ἐπικείμενον τῷ αὐτοκράτορι, μονονουχὶ τὸν Ὄθωνα τοῦ θεοῦ χειρὶ ληπτὸν παραδιδόντος,
</p>
</div2>
<div2 type="section" n="3">
<p>
παρῆν γὰρ ὄπισθεν τοῦ Γάλβα, καὶ προσεῖχε τοῖς λεγομένοις καὶ δεικνυμένοις ὑπὸ τοῦ Ὀμβρικίου. θορυβουμένῳ 
<pb id="p.260"/>
δὲ αὐτῷ καὶ χρόας ἀμείβοντι παντοδαπὰς ὑπὸ δέους παραστὰς Ὀνόμαστος ἀπελεύθερος ἥκειν ἔφη καὶ περιμένειν αὐτὸν οἴκοι τοὺς ἀρχιτέκτονας, ἦν δὲ σύμβολον καιροῦ , πρὸς ὃν ἔδει ἀπαντῆσαι τὸν Ὄθωνα τοῖς στρατιώταις.
</p>
</div2>
<div2 type="section" n="4">
<p>
εἰπὼν οὖν, ὅτι παλαιὰν ἐωνημένος οἰκίαν βούλεται τὰ ὕποπτα δεῖξαι τοῖς πωληταῖς, ἀπῆλθε, καὶ διὰ τῆς Τιβερίου καλουμένης οἰκίας καταβὰς ἐβάδιζεν εἰς ἀγοράν, οὗ χρυσοῦς εἱστήκει κίων, εἰς ὃν αἱ τετμημέναι τῆς Ἰταλίας ὁδοὶ πᾶσαι τελευτῶσιν. </p>
</div2>
</div1>
<div1 type="chapter" n="25">
<div2 type="section" n="1">
<p>
ἐνταῦθα τοὺς πρώτους ἐκδεξαμένους αὐτὸν καὶ προσειπόντας αὐτοκράτορά φασι μὴ πλείους τριῶν καὶ εἴκοσι γενέσθαι, διό, καίπερ οὐ κατὰ τὴν τοῦ σώματος μαλακίαν καὶ θηλύτητα τῇ ψυχῇ διατεθρυμμένος, ἀλλὰ ἰταμὸς ὢν πρὸς τὰ δεινὰ καὶ ἄτρεπτος, ἀπεδειλίασεν.
</p>
</div2>
<div2 type="section" n="2">
<p> οἱ δὲ
παρόντες οὐκ εἴων, ἀλλὰ τοῖς ξίφεσι γυμνοῖς περιϊόντες αὐτοῦ τὸ φορεῖον ἐκέλευον αἴρεσθαι, παραφθεγγομένου πολλάκις ἀπολωλέναι καὶ τοὺς φορειαφόρους ἐπιταχύνοντος. ἐξήκουον γὰρ ἔνιοι θαυμάζοντες μᾶλλον ἢ ταραττόμενοι διὰ τὴν ὀλιγότητα τῶν ἀποτετολμημένων, φερομένῳ δὲ οὕτω διʼ ἀγορᾶς ἀπήντησαν ἕτεροι τοσοῦτοι, καὶ πάλιν κατὰ τρεῖς καὶ τέτταρας ἄλλοι προσεπέλαζον.
</p>
</div2>
<div2 type="section" n="3">
<p>
εἶτα συνανέστρεφον ἅπαντες ἀνακαλούμενοι Καίσαρα καὶ γυμνὰ τὰ ξίφη προϊσχόμενοι. τῶν δὲ χιλιάρχων ὁ τὴν φυλακὴν ἔχων τοῦ στρατοπέδου Μαρτίαλις, ὥς φασι, μὴ συνειδώς, ἐκπλαγεὶς δὲ τῷ ἀπροσδοκήτῳ καὶ φοβηθεὶς 
<pb id="p.262"/>
ἐφῆκεν εἰσελθεῖν. γενομένῳ δὲ ἐντὸς οὐδεὶς ἀντέπεσεν. οἱ γὰρ ἀγνοοῦντες τὰ πραττόμενα τοῖς εἰδόσι καὶ συνεστῶσιν ἐκ παρασκευῆς ἐμπεριεχόμενοι καθʼ ἕνα καὶ δύο σποράδες, ὑπὸ δέους τὸ πρῶτον, εἶτα πεισθέντες ἐπηκολούθησαν. 
</p>
</div2>
<div2 type="section" n="4">
<p>εἰς δὲ τὸ Παλάτιον εὐθὺς μὲν ἀπηγγέλη τῷ Γάλβᾳ παρόντος ἔτι τοῦ θύτου καὶ τῶν ἱερῶν ἐν χερσὶν ὄντων, ὥστε καὶ τοὺς πάνυ πρὸς τὰ τοιαῦτα δυσπειθῶς καὶ ἀτενῶς ἔχοντας ἐκπλήττεσθαι καὶ θαυμάζειν τὸ θεῖον ὄχλου δὲ παντοδαποῦ συρρέοντος ἐξ ἀγορᾶς, αὐτῷ μὲν Οὐίνιος καὶ Λάκων καὶ τῶν ἀπελευθέρων ἔνιοι γυμνὰ τὰ ξίφη προϊσχόμενοι παρέστησαν, ὁ δὲ Πείσων προελθὼν τοῖς φυλάττουσι τὴν αὐλὴν δορυφόροις ἐνετύγχανε.
</p>
</div2>
<div2 type="section" n="5">
<p>
τοῦ δʼ Ἰλλυρικοῦ τάγματος ἐν τῇ καλουμένῃ παστάδι Βιψανίᾳ στρατοπεδεύοντος ἀπεστάλη Μάριος Κέλσος, ἀνὴρ ἀγαθός, προκαταληψόμενος. </p>
</div2>
</div1>
<div1 type="chapter" n="26">
<div2 type="section" n="1">
<p>
βουλευομένου δὲ τοῦ Γάλβᾳ προελθεῖν, καὶ Οὐινίου μὲν οὐκ ἐῶντος, Κέλσου δὲ καὶ Λάκωνος παρορμώντων καὶ σφοδρότερον τοῦ Οὐινίου καθαπτομένων, θροῦς διῆλθε πολὺς ὡς ἀνῃρημένου τοῦ Ὄθωνος ἐν τῷ στρατοπέδῳ· καὶ μετὰ μικρὸν ὤφθη Ἰούλιος Ἄττικος τῶν οὐκ ἀσήμων ἐν τοῖς δορυφόροις στρατευόμενος γυμνῷ τῷ ξίφει προσφερόμενος καὶ βοῶν ἀνῃρηκέναι τὸν Καίσαρος πολέμιον ὠσάμενος δὲ διὰ τῶν προεστώτων 
<pb id="paris.1624.1065"/> ἔδειξε τῷ Γάλβᾳ τὸ ξίφος ᾑμαγμένον.
</p>
</div2>
<div2 type="section" n="2">
<p> ὁ δὲ
βλέψας πρὸς αὐτόν, “τίς σε,” εἶπεν, “ἐκέλευσε ;” τοῦ δὲ ἀνθρώπου τὴν πίστιν εἰπόντος καὶ τὸν 
<pb id="p.264"/>
ὅρκον ὃν ὤμοσε, καὶ τοῦ πλήθους ἐπιβοῶντος ὡς εὖ, καὶ κροτοῦντος, ἐμβὰς εἰς τὸ φορεῖον ἐκομίζετο τῷ τε Διῒ θῦσαι καὶ φανῆναι τοῖς πολίταις βουλόμενος. ἐμβαλόντος δὲ εἰς τὴν ἀγοράν, ὥσπερ τροπαία πνεύματος, ἀπήντησε φήμη κρατεῖν τὸν Ὄθωνα τοῦ στρατεύματος,
</p>
</div2>
<div2 type="section" n="3">
<p>
οἷα δὲ ἐν πλήθει τοσούτῳ, τῶν μὲν ἀναστρέφειν, τῶν δὲ προϊέναι, τῶν δὲ θαρρεῖν, τῶν δὲ ἀπιστεῖν βοώντων, καὶ τοῦ φορείου, καθάπερ ἐν κλύδωνι, δεῦρο κἀκεῖ διαφερομένου καὶ πυκνὸν ἀπονεύοντος, ἐφαίνοντο πρῶτον ἱππεῖς, εἶτα ὁπλῖται διὰ τῆς Παύλου βασιλικῆς προσφερόμενοι, μιᾷ φωνῇ μέγα βοῶντες ἐκποδὼν ἵστασθαι τὸν ἰδιώτην.
</p>
</div2>
<div2 type="section" n="4">
<p>
τῶν μὲν οὖν πολλῶν δρόμος ἦν, οὐ φυγῇ σκιδναμένων, ἀλλʼ ἐπὶ τὰς στοὰς καὶ τὰ μετέωρα τῆς ἀγορᾶς, ὥσπερ θέαν καταλαμβανόντων. Ἀτιλλίου δὲ Βεργελίωνος εἰκόνα Γάλβᾳ προσουδίσαντος, ἀρχὴν τοῦ πολέμου ποιησάμενοι περιηκόντισαν τὸ φορεῖον ὡς δὲ οὐκ ἔτυχον αὐτοῦ, προσῆγον ἐσπασμένοις τοῖς ξίφεσιν. ἤμυνε δὲ οὐδεὶς οὐδὲ ὑπέστη πλὴν ἑνὸς ἀνδρός, ὃν μόνον ἥλιος ἐπεῖδεν ἐν μυριάσι τοσαύταις ἄξιον τῆς Ῥωμαίων ἡγεμονίας Σεμπρώνιος ἦν Δῆνσος ἑκατοντάρχης,
</p>
</div2>
<div2 type="section" n="5">
<p>
οὐδὲν ἰδίᾳ χρηστὸν ὑπὸ Γάλβᾳ πεπονθώς, τῷ δὲ καλῷ καὶ τῷ νόμῳ βοηθῶν προέστη τοῦ φορείου, καὶ τὸ κλῆμα πρῶτον, ᾧ κολάζουσιν ἑκατοντάρχαι τοὺς πληγῶν δεομένους, ἐπαράμενος τοῖς ἐπιφερομένοις ἐβόα καὶ διεκελεύετο φείδεσθαι τοῦ αὐτοκράτορος. ἔπειτα συμπλεκομένων αὐτῷ 
<pb id="p.266"/>
σπασάμενος τὸ ξίφος ἠμύνατο πολὺν χρόνον, ἕως τυφθεὶς τὰς ἰγνύας ἔπεσε. </p>
</div2>
</div1>
<div1 type="chapter" n="27">
<div2 type="section" n="1">
<p>
τὸν δέ Γάλβαν, ἀποκλιθέντος τοῦ φορείου περὶ τὸν Κουρτίου καλούμενον λάκκον, ἐκκυλισθέντα τεθωρακισμένον ἔτυπτον ἐπιδραμόντες. ὁ δὲ τὴν σφαγὴν προτείνας, “δρᾶτε,” εἶπεν, “εἰ
τοῦτο τῷ δήμῳ Ῥωμαίων ἄμεινόν ἐστι.” </p>
</div2>
<div2 type="section" n="2">
<p> πολλὰς μὲν οὖν ἔλαβε πληγὰς εἴς τε τὰ σκέλη καὶ τοὺς βραχίονας, ἀπέσφαξε δὲ αὐτόν, ὡς οἱ πλεῖστοι λέγουσι, Καμούριός τις ἐκ τοῦ πεντεκαιδεκάτου τάγματος, ἔνιοι δὲ Τερέντιον, οἱ δὲ Λεκάνιον ἱστοροῦσιν, οἱ δὲ Φάβιον Φάβουλον, ὃν καί φασιν ἀποκόψαντα τὴν κεφαλὴν κομίζειν τῷ ἱματίῳ συλλαβόντα, διὰ τὴν ψιλότητα δυσπερίληπτον
</p>
</div2>
<div2 type="section" n="3">
<p>
οὖσαν ἔπειτα τῶν σὺν αὐτῷ κρύπτειν 
οὐκ ἐώντων, ἀλλʼ ἐκφανῆ πᾶσι ποιεῖν τὴν ἀνδραγαθίαν, 
περιπείραντα περὶ λόγχην καί 
ἀναπήλαντα πρεσβύτου πρόσωπον, ἄρχοντός 
τε κοσμίου καί ἀρχιερέως καί ὑπάτου, δρόμῳ 
χωρεῖν, ὥσπερ αἱ βάκχαι, πολλάκις μεταστρεφόμενον, καί κραδαίνοντα τὴν λόγχην αἵματι καταρρεομένην. 
</p>
<p>τὸν δʼ Ὄθωνα, τῆς κεφαλῆς κομισθείσης, ἀνακραγεῖν λέγουσιν “οὐδέν ἐστι τοῦτο, ὦ συστρατιῶται, τὴν Πείσωνός μοι κεφαλὴν δείξατε.” </p>
</div2>
<div2 type="section" n="4">
<p>
μετʼ ὀλίγον δὲ ἧκε κομιζομένη τρωθεὶς γὰρ ἔφευγεν ὁ νεανίσκος, καί καταδιωχθεὶς ὑπὸ Μούρκου τινὸς ἀπεσφάγη πρὸς τῷ ἱερῷ τῆς Ἑστίας, ἀπεσφάττετο δὲ καί Οὐίνιος ὁμολογῶν κοινωνὸς γεγονέναι τῆς ἐπὶ τὸν Γάλβαν συνωμοσίας· ἐβόα γὰρ ἀποθνήσκειν παρὰ τὴν Ὄθωνος γνώμην. ἀλλὰ 
<pb id="p.268"/>
γὰρ καί τούτου τὴν κεφαλὴν ἀποτεμόντες καί Λάκωνος ἐκόμισαν πρὸς τὸν Ὄθωνα δωρεὰς αἰτοῦντες.
</p>
</div2>
<div2 type="section" n="5">
<p> ὡς δέ
φησιν Ἀρχίλοχος, 
<quote rend="blockquote">
<l>ἑπτὰ γὰρ νεκρῶν πεσόντων, οὓς ἐμάρψαμεν ποσίν, 
</l>
<l>χίλιοι φονῆες ἐσμέν,</l>
</quote> 
οὕτως τότε πολλοὶ τοῦ φόνου μὴ συνεφαψάμενοι, χεῖρας δὲ καί ξίφη καθαιμάσσοντες ἐπεδείκνυντο καὶ δωρεὰς ᾔτουν βιβλία διδόντες τῷ Ὄθωνι. εἴκοσι γοῦν καί ἑκατὸν εὑρέθησαν ὕστερον ἐκ τῶν γραμματίων, οὓς ὁ Οὐϊτέλλιος ἀναζητήσας ἅπαντας ἀπέκτεινεν.
</p>
</div2>
<div2 type="section" n="6">
<p>
ἧκε δὲ καί Μάριος Κέλσος εἰς τὴν παρεμβολήν. καί πολλῶν αὐτοῦ κατηγορούντων ὅτι τοὺς στρατιώτας ἔπειθε τῷ Γάλβᾳ βοηθεῖν, καί τοῦ πλήθους ἀποκτιννύειν βοῶντος, Ὄθων οὐκ ἐβούλετο· φοβούμενος δὲ ἀντιλέγειν οὐχ οὕτως ἔφη ταχέως 
<pb id="paris.1624.1066"/> ἀποκτενεῖν αὐτόν· εἶναι γὰρ ἃ δεῖ πρότερον ἐκπυθέσθαι παρὰ τοῦ ἀνδρός, ἐκέλευσεν οὖν δήσαντας φυλάττειν, καί παρέδωκε τοῖς μάλιστα πιστευομένοις. </p>
</div2>
</div1>
<div1 type="chapter" n="28">
<div2 type="section" n="1">
<p>
εὐθὺς δὲ βουλὴ συνεκαλεῖτο. καὶ καθάπερ ἄλλοι γεγονότες ἢ θεῶν ἄλλων γεγονότων συνελθόντες ὤμνυον ὅρκον ὑπὲρ τοῦ Ὄθωνος, ὃν αὐτὸς ὀμόσας οὐκ ἐτήρησε· καὶ Καίσαρα καὶ Σεβαστὸν ἀνηγόρευον, ἔτι τῶν νεκρῶν ἀκεφάλων ἐν ταῖς ὑπατικαῖς ἐσθῆσιν ἐρριμμένων ἐπὶ τῆς ἀγορᾶς.
</p>
</div2>
<div2 type="section" n="2">
<p>
ταῖς δὲ κεφαλαῖς ὡς οὐδὲν εἶχον ἔτι χρῆσθαι, τὴν μὲν Οὐινίου τῇ θυγατρὶ δισχιλίων 
<pb id="p.270"/>
καὶ πεντακοσίων δραχμῶν ἀπέδοντο, τὴν δὲ Πείσωνος ἡ γυνὴ ἔλαβεν Οὐερανία δεηθεῖσα, τὴν δὲ Γάλβα τοῖς Πατροβίου δούλοις ἐδωρήσαντο.
</p>
</div2>
<div2 type="section" n="3">
<p>
λαβόντες δὲ ἐκεῖνοι καὶ πάντα τρόπον αἰκισάμενοι καὶ καθυβρίσαντες ἔρριψαν ᾗ τοὺς ὑπὸ τῶν Καισάρων κολαζομένους θανατοῦσιν ὁ δὲ τόπος Σεσσώριον καλεῖται, τὸ δὲ σῶμα τοῦ Γάλβα Πρίσκος Ἑλβίδιος ἀνείλετο, τοῦ Ὄθωνος ἐπιτρέψαντος ἔθαψε δὲ νυκτὸς Ἀργεῖος ἀπελεύθερος. </p>
</div2>
</div1>
<div1 type="chapter" n="29">
<div2 type="section" n="1">
<p>
τοιαῦτα τὰ κατὰ τὸν Γάλβαν, ἄνδρα μήτε γένει μήτε πλούτῳ πολλῶν ἀπολειφθέντα Ῥωμαίων, ὁμοῦ δὲ πλούτῳ καὶ γένει πρωτεύσαντα πάντων τῶν καθʼ αὑτόν, πέντε αὐτοκρατόρων ἡγεμονίαις ἐμβιώσαντα μετὰ τιμῆς καὶ δόξης, ὥστε τῇ δόξῃ μᾶλλον ἢ τῇ δυνάμει καθελεῖν Νέρωνα,
</p>
</div2>
<div2 type="section" n="2">
<p>
τῶν γὰρ<note anchored="yes" place="unspecified" resp="ed">
<foreign lang="greek">καθελεῖν Νέρωνα. τῶν γὰρ κ.τ.λ.</foreign> Bekker, after Coraës: <foreign lang="greek">καθελὼν Νέρωνα τῶν κ.τ.λ.</foreign>
</note> συνεπιτιθεμένων τότε 
τοὺς μὲν οὐδεὶς ἠξίωσε τῆς ἡγεμονίας, οἱ δὲ ἑαυτοὺς ἀπηξίωσαν, Γάλβας δὲ καὶ κληθεὶς καὶ ὑπακούσας αὐτοκράτωρ καὶ τῇ Οὐΐνδικος ἐμπαρασχὼν ὄνομα τόλμῃ, κίνημα καὶ νεωτερισμὸν αὐτοῦ λεγομένην τὴν ἀπόστασιν ἐποίησε πόλεμον ἐμφύλιον, ἀνδρὸς ἡγεμονικοῦ τυχοῦσαν.
</p>
</div2>
<div2 type="section" n="3">
<p>
ὅθεν οὐχ ἑαυτῷ τὰ πράγματα λαμβάνειν, ἀλλὰ μᾶλλον ἑαυτὸν οἰόμενος διδόναι τοῖς πράγμασιν, ἄρχειν ἠξίου τῶν ὑπὸ Τιγελλίνου καὶ Νυμφιδίου τετιθασευμένων ὡς Σκηπίων ἦρχε καὶ Φαβρίκιος καὶ Κάμιλλος τῶν τότε Ῥωμαίων,
</p>
</div2>
<div2 type="section" n="4">
<p>
ὑπερειπόμενος δὲ τῷ γήρᾳ, ἄχρι τῶν ὅπλων καὶ τῶν στρατευμάτων ἄκρατος ἦν καὶ ἀρχαῖος αὐτοκράτωρ, Οὐινίῳ 
<pb id="p.272"/>
δὲ καὶ Λάκωνι καὶ τοῖς ἀπελευθέροις πάντα τὰ πράγματα πωλοῦσι παρέχων ἑαυτόν, οἷον Νέρων παρεῖχε τοῖς ἀπληστοτάτοις, οὐδένα ποθοῦντα τὴν ἀρχήν, οἰκτείραντας δὲ τοὺς πολλοὺς τὸν θάνατον ἀπέλιπεν. </p>
</div2>
</div1>
</body>
</text>
</TEI.2>
