<ti:work xmlns:ti="http://chs.harvard.edu/xmlns/cts" groupUrn="urn:cts:greekLit:tlg0530" xml:lang="grc" urn="urn:cts:greekLit:tlg0530.tlg006">
  <ti:title xml:lang="eng">Ad Gaurum quomodo animetur fetus</ti:title>
  <ti:edition urn="urn:cts:greekLit:tlg0530.tlg006.1st1K-grc1" workUrn="urn:cts:greekLit:tlg0530.tlg006">
    <ti:label xml:lang="eng">Ad Gaurum quomodo animetur fetus</ti:label>
    <ti:description xml:lang="eng">pseudo-Galen, Ad Gaurum quomodo animetur fetus</ti:description>
  </ti:edition>
</ti:work>
