<?xml version="1.0" encoding="UTF-8"?>
<!DOCTYPE TEI.2
  PUBLIC "-//TEI P4//DTD Main DTD Driver File//EN" "http://www.tei-c.org/Guidelines/DTD/tei2.dtd" [
<!ENTITY % TEI.XML "INCLUDE">
<!ENTITY % PersProse PUBLIC "-//Perseus P4//DTD Perseus Prose//EN" "http://www.perseus.tufts.edu/DTD/1.0/PersProse.dtd" >
%PersProse;
]>
<TEI.2>
   <teiHeader type="text" status="new">
      <fileDesc>
         <titleStmt>
            <title type="sub">Machine readable text</title>
            <title n="Eum." type="work">Eumenes</title>
            <author n="Plut.">Plutarch</author>
            <editor n="Perrin" role="editor">Bernadotte Perrin</editor>&responsibility;</titleStmt>
         <extent>about 60 Kb</extent>&Perseus.publish;<sourceDesc>
            <biblStruct>
               <analytic n="Eum."/>
               <monogr>
                  <author>Plutarch</author>
                  <title>Plutarch's Lives</title>
                  <respStmt>
                     <resp>with an English Translation by</resp>
                     <name>Bernadotte Perrin</name>
                  </respStmt>
                  <imprint>
                     <pubPlace>Cambridge, MA</pubPlace>
                     <publisher>Harvard University Press</publisher>
                     <pubPlace>London</pubPlace>
                     <publisher>William Heinemann Ltd.</publisher>
                     <date>1919</date>
                  </imprint>
                  <biblScope type="volume">8</biblScope>
               </monogr>
               <idno type="ISBN">0674991117</idno>
            </biblStruct>
         </sourceDesc>
      </fileDesc>
      <encodingDesc>
         <editorialDecl>
            <correction status="high" method="silent">
               <p>optical character recognition</p>
            </correction>
         </editorialDecl>
         <refsDecl doctype="tei.2">
            <state unit="chapter" delim="."/>
            <state unit="section"/>
         </refsDecl>
      </encodingDesc>
      <profileDesc>
         <langUsage>
            <language id="en">English</language>
         </langUsage>
      </profileDesc>
      <revisionDesc>
         <change>
            <date>8/00</date>
            <respStmt>
               <name>LMC</name>
               <resp/>
            </respStmt>
            <item>tagged and parsed</item>
         </change>
      </revisionDesc>
   </teiHeader>
   <text>
      <body>
         <head>EUMENES</head>
         <div1 type="chapter" n="1"><p>
				        <milestone n="1" unit="section"/>EUMENES of Cardia, according to Duris, was the son of a man whom poverty drove to be a waggoner, in the Thracian Chersonesus, but received a liberal education in literature and athletics. While he was still a boy, Duris says further, Philip, who was sojourning in the place and had an hour of leisure, came to see the young men and boys of Cardia exercising in the pancratium<note resp="ed" place="unspecified" anchored="yes">A mixture of wrestling and boxing.</note> and in wrestling, among whom Eumenes had such success and gave such proofs of intelligence and bravery that he pleased Philip and was taken into his following. 
				<milestone n="2" unit="section"/>But in my opinion those historians tell a more probable story who say that a tie of guest-friendship with his father led Philip to give advancement to Eumenes. After Philip's death Eumenes was thought to be inferior to none of Alexander's followers in sagacity and fidelity, and though he had only the title of chief secretary, he was held in as much honour as the king's principal friends and intimates, so that on the Indian expedition he was actually sent out as general with a force under his own orders,<note resp="ed" place="unspecified" anchored="yes">Cf. <bibl n="Arr. An. 5.24.6">Arrian, <title>Anab.</title> v. 24, 6 f</bibl>.</note> and received the command in the cavalry which Perdiccas had held, when Perdiccas, after Hephaestion's death, was advanced to that officer's position. 
				<milestone n="3" unit="section"/>Therefore when Neoptolemus, the commander of the Shield-bearers, after Alexander's death, said that he had followed the king with shield and spear, but Eumenes with pen and paper, the Macedonians laughed him to scorn; they knew that, besides his other honours, Eumenes had been deemed worthy by the king of relationship in marriage. For Barsin&eacute; the daughter of Artabazus, the first woman whom Alexander knew in Asia, and by whom he had a son, Heracles, had two sisters; of these Alexander gave one, Apama, to Ptolemy, and the other, also called Barsin&eacute;,<note resp="ed" place="unspecified" anchored="yes">In <bibl n="Arr. An. 7.4.6">Arrian, <title>Anab.</title> vii. 4, 6,</bibl> the names of the sisters are Artacama and Artonis, respectively.</note> to Eumenes. This was at the time when he distributed the other Persian women as consorts among his companions.<note resp="ed" place="unspecified" anchored="yes">Cf. the <bibl n="Plut. Alex. 70.2">
                  <title>Alexander</title>, lxx. 2</bibl>.</note>
			      </p>
         <p>
				        </p>

</div1>

<div1 type="chapter" n="2"><p>
				        <milestone n="1" unit="section"/>However, Eumenes was often in collision with Alexander, and he got himself into danger through Hephaestion. In the first place, for instance, when Hephaestion assigned to Euius the flute-player the quarters which his servants had already taken up for Eumenes, Eumenes, accompanied by Mentor, came in a passion to Alexander and cried out that it was best for him to throw away his arms and be a flute-player or a tragic actor. The immediate result was that Alexander shared his indignation and heaped abuse upon Hephaestion. 
				<milestone n="2" unit="section"/>Soon, however, he changed his mind and was angry with Eumenes, feeling that he had indulged in insolence towards himself more than in bold words against Hephaestion.
			</p>
         <p>Again, when Alexander was sending out Nearchus with a fleet to explore the outer sea, he asked money of his friends, since the royal treasury was empty. Eumenes was asked for three hundred talents, but gave only a hundred, and said that even these had been slowly and with difficulty collected for him by his stewards. Alexander made no reproaches, nor did he take the money, but ordered his servants secretly to set fire to the tent of Eumenes, wishing to take its owner in a manifest lie when the treasure was carried out of it. 
				<milestone n="3" unit="section"/>But before that could be done the tent was consumed, and the destruction of his papers made Alexander repent him of his orders. Still, the gold and silver that was melted down by the fire was found to be more than a thousand talents' worth. Alexander took none of it, however, but actually wrote to his satraps and generals everywhere to send copies of the documents that had been destroyed, and ordered Eumenes to take them all in charge.
			</p>
         <p>
				        <milestone n="4" unit="section"/>And still again, Eumenes had a quarrel with Hephaestion about a certain gift, and much abusive language passed between them. At the time, indeed, Eumenes was no less in favour than before; but a little while afterwards Hephaestion died, and the king, in his bitter sorrow, dealt harshly and was severe with all who, as he thought, had been jealous of his favourite while he lived and now rejoiced at his death. Eumenes, in particular, he suspected of such feelings, and often reproached him for his former quarrels with Hephaestion and his abusive language towards him. 
				<milestone n="5" unit="section"/>But Eumenes, who was wily and persuasive, tried to make what threatened his ruin conduce to his salvation. He sought refuge, namely, in Alexander's ardent gratitude towards Hephaestion, suggesting honours which were most likely to adorn the memory of the deceased, and contributing money for the construction of his tomb lavishly and readily.
			</p>
         <p>
				        </p>

</div1>

<div1 type="chapter" n="3"><p>
				        <milestone n="1" unit="section"/>When Alexander was dead<note resp="ed" place="unspecified" anchored="yes">June 13, 323 B.C.</note> and a quarrel had arisen between the Macedonian men-at-arms and his principal officers, or companions,<note resp="ed" place="unspecified" anchored="yes">The quarrel was over the succession to Alexander's throne. The officers, supported by the cavalry, proposed that the crown be reserved for the child of Roxana by Alexander, if it should be a son, and that Perdiccas should be regent in the meantime; the infantry demanded that Arrhidaeus, the bastard brother of Alexander, should at once be proclaimed king. In the end a compromise was effected, and Perdiccas became chief in command under Arrhidaeus, with whom Alexander's son, when born, was to be joint king. Cf. the <bibl n="Plut. Alex. 77.5">
                  <title>Alexander</title>, lxxvii. 5</bibl>.</note> Eumenes sided with the latter in his opinions, but in what he said he was a kind of common friend to both and held himself aloof from the quarrel, on the ground that it was no business of his, since he was a stranger, to meddle in disputes of Macedonians. Moreover, when the rest of the principal officers had withdrawn from Babylon, he remained behind in the city and mollified many of the men-at-arms and made them more disposed towards a settlement of the quarrel. 
				<milestone n="2" unit="section"/>And when the officers, having conferred with one another, brought their first tumultuous proceedings to an end, and were distributing satrapies and commands, Eumenes received Cappadocia, Paphlagonia, and the southern coast of the Euxine sea as far as Trapezus. It is true that at the time this territory was not yet subject to the Macedonians, for Ariarathes held royal sway over it; but Leonnatus and Antigonus, with a great army; were to conduct Eumenes thither and declare him satrap of the country.
			</p>
         <p>
				        <milestone n="3" unit="section"/>Now, Antigonus paid no heed to the edicts of Perdiccas, being already lifted up in his ambitions and scorning all his associates; but Leonnatus came down from the interior into Phrygia in order to undertake the expedition in behalf of Eumenes. Here, however, Hecataeus the tyrant of Cardia joined him and besought him to go rather to the assistance of Antipater and the Macedonians besieged in Lamia.<note resp="ed" place="unspecified" anchored="yes">On the death of Alexander the Greeks had revolted from Macedonia, and had driven Antipater and his army into Lamia, a city of southern Thessaly.</note> Leonnatus therefore determined to cross over to Greece, invited Eumenes to go with him, and tried to reconcile him with Hecataeus. 
				<milestone n="4" unit="section"/>For they had a hereditary distrust of one another arising from political differences; and frequently Eumenes had been known to denounce Hecataeus when a tyrant and to exhort Alexander to restore its freedom to Cardia. Therefore at this time also Eumenes declined to go on the expedition against the Greeks, saying he was afraid that Antipater, who had long hated him, would kill him to please Hecataeus. Then Leonnatus took him into his confidence and revealed to him all his purposes. 
				<milestone n="5" unit="section"/>Assistance to Antipater, namely, was what he alleged as a pretext for his expedition, but he really meant, as soon as he had crossed into Europe, to lay claim to Macedonia; and he showed certain letters from Cleopatra<note resp="ed" place="unspecified" anchored="yes">The sister of Alexander, widow, since 326 B.C., of the king of Epeirus. No less than six of Alexander's generals sought her hand in marriage.</note> in which she invited him to come to Pella and promised to marry him. But Eumenes, either because he was afraid of Antipater, or because he despaired of Leonnatus as a capricious man full of uncertain and rash impulses, took his own equipment and decamped by night.<note resp="ed" place="unspecified" anchored="yes">According to Nepos (<bibl n="Nep. Eum. 2.4">
                  <title>Eumenes</title>, ii. 4</bibl>), Leonnatus, failing to persuade Eumenes, tried to kill him.</note> And he had three hundred horsemen, two hundred armed camp-followers, and in gold what would amount to five thousand talents of money. 
				<milestone n="6" unit="section"/>With this equipment he fled to Perdiccas, and by telling him of the designs of Leonnatus at once enjoyed great influence with him and was made a member of his council. Moreover, a little while after he was conducted into Cappadocia with an army which Perdiccas commanded in person. There Ariarathes was taken prisoner, the country was brought into subjection, and Eumenes was proclaimed satrap. 
				<milestone n="7" unit="section"/>He entrusted the cities of the country to his own friends, appointed commanders of garrisons; left behind him such judges and administrators as he wished, Perdiccas not at all interfering in these matters, and then marched away with Perdiccas, desiring to pay court to that general, and not wishing to be separated from the kings.<note resp="ed" place="unspecified" anchored="yes">Arrihidaeus and the infant son of Alexander, both under the guardianship of Perdiccas. Eumenes thus ranged himself with the legitimists.</note>
			      </p>
         <p>
				        </p>

</div1>

<div1 type="chapter" n="4"><p>
				        <milestone n="1" unit="section"/>However, Perdiccas felt confident of carrying out his projects by himself, and thought that the country they had left behind them needed an efficient and faithful guardian, and therefore sent Eumenes back from Cilicia, ostensibly to his own satrapy, but really to reduce to obedience the adjacent country of Armenia, which had been thrown into confusion by Neoptolemus.<note resp="ed" place="unspecified" anchored="yes">One of the principal officers of Alexander, to whom Armenia had been assigned as a province. Cf. <bibl n="Plut. Eum. 1.3">chapter i. 3</bibl>.</note> 
				        <milestone n="2" unit="section"/>Accordingly, although Neoptolemus was a victim of ostentation and empty pride, Eumenes tried to constrain him by personal intercourse; then, finding that the Macedonian men-at-arms were conceited and bold, he raised a force of cavalry as a counterpoise to them, by offering the natives of the country who were able to serve as horsemen immunity from contributions and tributes, 
				<milestone n="3" unit="section"/>and by distributing horses that he had bought among those of his followers in whom he placed most confidence; the spirits of these men, too, he incited by honours and gifts, and developed their bodies by exercise and discipline; so that a part of the Macedonians were amazed, and a part emboldened, when they saw that in a short time he had assembled about him no fewer than sixty-three hundred horsemen.
			</p>
         <p>
				        </p>

</div1>

<div1 type="chapter" n="5"><p>
				        <milestone n="1" unit="section"/>And when Craterus<note resp="ed" place="unspecified" anchored="yes">One of the ablest of Alexander's officers, who, in the division of the empire that followed Alexander's death, was made ruler, in common with Antipater, of Macedonia and Greece.</note> and Antipater, after overpowering the Greeks,<note resp="ed" place="unspecified" anchored="yes">In the battle of Crannon, Aug. 7, 322, which put an end to the revolt of the Greeks and the war called the 
					<q direct="unspecified">Lamian</q> war.</note> were crossing into Asia<note resp="ed" place="unspecified" anchored="yes">In 321 B.C.</note> to overthrow the power of Perdiccas, and were reported to be planning an invasion of Cappadocia, Perdiccas, who was himself heading an expedition against Ptolemy,<note resp="ed" place="unspecified" anchored="yes">Now governor of Egypt.</note> appointed Eumenes commander of the forces in Armenia and Cappadocia with plenary powers. 
				<milestone n="2" unit="section"/>He also sent letters on the subject, in which he commanded Alcetas<note resp="ed" place="unspecified" anchored="yes">A brother of Perdiccas.</note> and Neoptolemus to look to Eumenes for orders, and Eumenes to manage matters as he thought best. Alcetas, then, flatly refused to serve in the campaign, on the ground that the Macedonians under him were ashamed to fight Antipater, and were so well disposed to Craterus that they were ready to receive him with open arms. Neoptolemus, however, plotting treachery against Eumenes, was detected, and when he was summoned would not obey, but drew up his forces in battle array. 
				<milestone n="3" unit="section"/>Here first did Eumenes reap the fruit of his forethought and preparation; for when his infantry had already been defeated, he routed Neoptolemus with his cavalry, and captured his baggage, and when the men-at-arms of Neoptolemus were scattered in pursuit of their enemies, charged upon them with his entire body of horse and compelled them to lay down their arms and make oath with him to serve under him.
			</p>
         <p>
				        <milestone n="4" unit="section"/>Neoptolemus, then, collected a few of his men from the rout and fled to Craterus and Antipater. But they had already sent an embassy to Eumenes inviting him to come over to their side; he would enjoy possession of his present satrapies, would receive additional troops and territory from them, would become a friend to Antipater instead of an enemy; and would not become an enemy to Craterus instead of a friend. 
				<milestone n="5" unit="section"/>On hearing this proposition Eumenes replied that he had been Antipater's enemy from of old and could not now become his friend, when he saw him treating his friends as enemies, but that he was ready to reconcile Craterus with Perdiccas and bring the two together on just and equal terms; if, however, either undertook to overreach the other he would give aid to the injured party as long as he had breath, and would rather lose his life than his honour.
			</p>
         <p>
				        </p>

</div1>

<div1 type="chapter" n="6"><p>
				        <milestone n="1" unit="section"/>Craterus and Antipater, then, after getting this answer, were taking deliberate counsel about the whole situation, when Neoptolemus came to them after his flight, told them about the battle he had lost, and urged them to come to his aid, both of them if possible, but at any rate Craterus; for the Macedonians longed for him exceedingly, and if they should only see his cap and hear his voice, they would come to him with a rush, arms and all. 
				<milestone n="2" unit="section"/>And indeed the name of Craterus was really great among them, and after the death of Alexander most of them had longed for him as their commander. They remembered that he had many times incurred the strong displeasure of Alexander himself in their behalf, by opposing his gradually increasing desire to adopt Persian customs, and by defending the manners of their country, which, thanks to the spread of luxury and pomp, were already being treated with contempt.
			</p>
         <p>
				        <milestone n="3" unit="section"/>At the time of which I speak, then, Craterus sent Antipater into Cilicia,<note resp="ed" place="unspecified" anchored="yes">Antipater, Craterus, and Ptolemy had declared war against Perdiccas. The destruction of Perdiccas' ally, Eumenes, was a side issue. Perdiccas, taking with him Arrhidaeus and Roxana and her infant son, had already invaded Egypt in an attempt to destroy Ptolemy. Antipater was hastening to the aid of Ptolemy.</note> while he himself with a large part of the forces advanced with Neoptolemus against Eumenes. He thought that he should fall upon him when he was off his guard, and when, after their recent victory, his soldiers were in revelry and disorder. Now, that Eumenes should learn beforehand of his approach and get himself ready for it in advance, one might consider a mark of sober generalship, though not of superlative ability; 
				<milestone n="4" unit="section"/>but that he should keep his enemies from getting any knowledge that would work him harm, and, besides this, that he should hurl his soldiers upon Craterus before they knew with whom they were fighting, and conceal from them the name of the opposing general, seems to me to have been an exploit peculiar to this commander. He gave out word, then, that Neoptolemus was once more coming against him, with Pigres, and that they had a force of Paphlagonian and Cappadocian cavalry. One night he was planning to decamp and then fell asleep and had a strange vision. 
				<milestone n="5" unit="section"/>He dreamed, namely, that he saw two Alexanders ready to give each other battle, each at the head of a phalanx; then Athena came to help the one, and Demeter the other, and after a fierce struggle the one who had Athena for a helper was beaten, and Demeter, culling ears of grain, wove them into a wreath for the victor.
			</p>
         <p>
				        <milestone n="6" unit="section"/>At once, then, he conjectured that the vision was in his favour, since he was fighting for a country that was most fertile and had at that time an abundance of fine young grain in the ear; for the land had everywhere been sown and bespoke a time of peace, now that its plains were covered with a luxuriant growth; and he was all the more strengthened in his belief when he learned that the enemy's watchword was 
				<q direct="unspecified">Athena and Alexander.</q> Accordingly, he too gave out a watchword, namely, 
				<q direct="unspecified">Demeter and Alexander,</q> and ordered all his men to crown themselves and wreathe their arms with ears of grain. 
				<milestone n="7" unit="section"/>But though he often felt an impulse to speak out and tell his principal officers who it was against whom their struggle was to be, and not to keep hidden away in his own breast alone a secret so important, nevertheless he abode by his first resolution and made his judgment surety for the peril.
			</p>
         <p>
				        </p>

</div1>

<div1 type="chapter" n="7"><p>
				        <milestone n="1" unit="section"/>However, he arrayed against Craterus not a single Macedonian, but two troops of foreign horse commanded by Pharnabazus the son of Artabazus and Phoenix of Tenedos, who had strict orders to charge at full speed when the enemy came into view and engage them at close quarters, without giving them a chance to withdraw or say anything, and without receiving any herald they might send. For he had strong fears that his Macedonians, if they recognized Craterus, would go over to him. 
				<milestone n="2" unit="section"/>He himself, with a division of his best horsemen, three hundred in number, rode along to the right wing, where he purposed to attack Neoptolemus. When the forces of Eumenes had crossed the intervening hill and were seen coming on to the attack with a swift and impetuous dash, Craterus was dumbfounded and heaped much abuse upon Neoptolemus for having deceived him about the Macedonians changing sides; but he exhorted his officers to act like brave men, and charged upon the enemy.
			</p>
         <p>
				        <milestone n="3" unit="section"/>The first collision was severe, the spears were quickly shattered, and the fighting was done with the swords. Here Craterus did not disgrace Alexander, but slew many foes, and frequently routed the opposing arrays. At last, however, he was wounded by a Thracian who attacked him from the side, and fell from his horse. 
				<milestone n="4" unit="section"/>As he lay prostrate there all his enemies rode past him, not knowing who he was, except Gorgias, one of the officers of Eumenes; he recognized him, dismounted from his horse, and stood guard over his body, for he was now in an evil plight and struggling with death. In the meantime Neoptolemus also was engaged with Eumenes. They had long hated one another with a deadly hatred, but in two onsets neither had caught sight of the other; in the third, however, they recognized each other, and at once drew their swords and with loud cries rode to the attack. 
				<milestone n="5" unit="section"/>Their horses dashed together with the violence of colliding triremes, and dropping the reins they clutched one another with their hands, each trying to tear off the other's helmet and strip the breastplate from his shoulders. While they were struggling, their horses ran from under them and they fell to the ground, where they closed with one another and wrestled for the mastery. 
				<milestone n="6" unit="section"/>Then Eumenes, as Neoptolemus sought to rise first, gave him an undercut in the ham, and himself got to his feet before his adversary did; but Neoptolemus, supporting himself on one knee, and wounded in the other, defended himself vigorously from underneath. He could not, however, inflict fatal wounds, but was himself wounded in the neck, fell to the ground, and lay there prostrate. 
				<milestone n="7" unit="section"/>His sword, however, he still retained, and while Eumenes, transported with rage and ancient hatred, was stripping off his armour and reviling him, Neoptolemus surprised him with a wound under the breastplate, where it reaches the groin. But the blow gave Eumenes more fright than harm, since lack of strength made it feeble.
			</p>
         <p>After stripping the dead body, weak as he was from wounds received in legs and arms, Eumenes nevertheless had himself put upon his horse and hastened to the other wing, supposing that the enemy were still resisting. 
				<milestone n="8" unit="section"/>But when he learned of the fate of Craterus and had ridden up to where he lay, and saw that he was still alive and conscious, he dismounted, wept bitterly, clasped his hand, and had many words of abuse for Neoptolemus, and many words of pity for Craterus in his evil fortune, and for himself in the necessity which had brought him into a conflict with a friend and comrade, where he must do or suffer this harm.<note resp="ed" place="unspecified" anchored="yes">According to Nepos (<bibl n="Nep. Eum. 4.4">
                  <title>Eumenes</title>, iv. 4</bibl>), Eumenes gave Craterus worthy funeral rites, and sent his remains to his wife and children in Macedonia.</note>
			      </p>
         <p>
				        </p>

</div1>

<div1 type="chapter" n="8"><p>
				        <milestone n="1" unit="section"/>This battle was won by Eumenes about ten days after the former.<note resp="ed" place="unspecified" anchored="yes">Cf. <bibl n="Plut. Eum. 5.3">chapter v. 3</bibl>.</note> It lifted his reputation high, and he was thought to have accomplished his task alike with wisdom and bravery; but it got him much envy and hatred as well among his allies as among his enemies. They felt that he, an alien and a stranger, had used the arms and might of the Macedonians for slaying the foremost and most approved of them. 
				<milestone n="2" unit="section"/>Now, if Perdiccas could have learned in time of the death of Craterus, no one else would have had chief place among Macedonians; but as it was, he was slain in a mutiny of his soldiers in Egypt<note resp="ed" place="unspecified" anchored="yes">See the note on <bibl n="Plut. Eum. 6.3">chapter vi. 3</bibl>.</note> two days before this report of the battle came to his camp, and his Macedonians, in a rage, at once condemned Eumenes to death. Moreover, Antigonus was appointed to conduct the war against him, in conjunction with Antipater.
			</p>
         <p>
				        <milestone n="3" unit="section"/>When Eumenes fell in with the royal herds of horse that were pasturing about Mount Ida, he took as many horses as he wanted and sent a written statement of the number to the overseers. At this, we are told, Antipater laughed and said that he admired Eumenes for his forethought, since he evidently expected to give an account of the royal properties to them, or to receive one from them. 
				<milestone n="4" unit="section"/>Because he was superior in cavalry, Eumenes wished to give battle in the plains of Lydia about Sardis, and at the same time he was ambitious to make a display of his forces before Cleopatra<note resp="ed" place="unspecified" anchored="yes">See the note on <bibl n="Plut. Eum. 3.5">chapter iii. 5</bibl>.</note>; but at the request of that princess, who was afraid to give Antipater any cause for complaint, he marched away into upper Phrygia and wintered at Celaenae. Here Alcetas, Polemon, and Docimus strove emulously with him for the chief command, whereupon he said 
				<q direct="unspecified">This bears out the saying, &lsquo;Of perdition no account is made.&rsquo;</q> 
				        <milestone n="5" unit="section"/>Moreover, having promised to give his soldiers their pay within three days, he sold them the homesteads and castles about the country, which were full of slaves and flocks. Then every captain in the phalanx or commander of mercenaries who had bought a place was supplied by Eumenes with implements and engines of war and took it by siege; and thus every soldier received the pay that was due him, in a distribution of the captured properties. 
				<milestone n="6" unit="section"/>In consequence of this, Eumenes was again in high favour; and once when letters were found in his camp which the leaders of the enemy had caused to be scattered there, wherein they offered a hundred talents and honours to any one who should kill Eumenes, his Macedonians were highly incensed and made a decree that a thousand of the leading soldiers should serve him continually as a body-guard, watching over him when he went abroad and spending the night at his door. 
				<milestone n="7" unit="section"/>These carried out the decree, and were delighted to receive from Eumenes such honours as kings bestow upon their friends. For he was empowered to distribute purple caps and military cloaks, and this was a special gift of royalty among Macedonians.
			</p>
         <p>
				        </p>

</div1>

<div1 type="chapter" n="9"><p>
				        <milestone n="1" unit="section"/>Now, prosperity lifts even men of inferior natures to higher thoughts, so that they appear to be invested with a certain greatness and majesty as they look down from their lofty state; but the truly magnanimous and constant soul reveals itself rather in its behaviour under disasters and misfortunes. And so it was with Eumenes.  
				<milestone n="2" unit="section"/>For, to begin with, he was defeated by Antigonus<note resp="ed" place="unspecified" anchored="yes">Early in 320 B.C.</note> at Orcynii in Cappadocia through treachery,<note resp="ed" place="unspecified" anchored="yes">Antigonus had corrupted Apollonides, commander of a division of cavalry under Eumenes, and he went over to the enemy in the midst of the battle, with his division. Cf. <bibl>Diodorus, xviii. 40, 5-8</bibl>.</note> and yet, though in flight, he did not suffer the traitor to make his escape out of the rout to the enemy, but seized and hanged him. Then, taking the opposite route in his flight to that of his pursuers, he changed his course before they knew it, and, passing along by them, came to the place where the battle had been fought. Here he encamped, collected the bodies of the dead, and burned them on pyres made from the doors of the neighbouring villages, which he had split into billets. He burned the bodies of the officers on one pyre, those of the common soldiers on another, heaped great mounds of earth over the ashes, and departed, so that even Antigonus, when he came up later, admired his boldness and constancy.
			</p>
         <p>
				        <milestone n="3" unit="section"/>Again, when he came upon the baggage of Antigonus, and could easily have captured many freemen, many slaves, and wealth amassed from so many wars and plunderings, he was afraid that his men, if loaded down with booty and spoils, would become too heavy for flight, and too luxurious to endure wanderings and lapse of time. In lapse of time, however, he placed his chief hopes for ending the war, feeling that he could thus cause Antigonus to turn back. 
				<milestone n="4" unit="section"/>But since it was quite a difficult matter to deflect his Macedonians from good things which were within their reach, he ordered them to refresh themselves and bait their horses before advancing upon the enemy. He himself, however, sent a secret message to Menander, who was in charge of the enemy's baggage, implying that he was concerned for him as an old time friend and comrade, and advising him to be on his guard and withdraw as quickly as possible from his low-lying and accessible position to the foot-hills near by, which could not be reached by cavalry or surrounded. 
				<milestone n="5" unit="section"/>Menander speedily comprehended his peril and decamped, and then Eumenes openly sent out scouts and ordered his soldiers to arm themselves and bridle their horses, as he was going to lead them against the enemy. But when the scouts brought word that Menander was altogether safe from capture now that he had taken refuge in a difficult region, Eumenes pretended to be vexed, and led his forces away. 
				<milestone n="6" unit="section"/>And it is said that when Menander bore witness of these things to Antigonus, and the Macedonians began to praise Eumenes and felt more kindly towards him, because, when it was in his power to enslave their children and outrage their wives, he had spared them and let them go, Antigonus said: 
				<q direct="unspecified">Nay, my good men, that fellow did not let them go out of regard for you, but because he was afraid to put such fetters on himself in his flight.</q>
			      </p>
         <p>
				        </p>

</div1>

<div1 type="chapter" n="10"><p>
				        <milestone n="1" unit="section"/>After this, as he wandered about and sought to elude his enemies, Eumenes persuaded most of his soldiers to leave him,<note resp="ed" place="unspecified" anchored="yes">Many deserted to Antigonus, according to Diodorus (<bibl>xviii. 41, 1</bibl>).</note> either out of regard for them, or because he was unwilling to trail after him a body of men too small to give battle, and too large to escape the enemy's notice. Moreover, after he had taken refuge in Nora, a stronghold on the confines of Lycaonia and Cappadocia, with five hundred horsemen and two hundred men-at-arms, even there again, whatsoever friends asked to be dismissed because they could not endure the asperities of the place and the constraint in diet, all these he sent away, after bestowing upon them tokens of affection and kindness. 
				<milestone n="2" unit="section"/>And when Antigonus came up and invited him to a conference before the siege began, he replied that the friends of Antigonus and officers to succeed Antigonus in command were many, whereas those in whose behalf he was fighting had no one left to command them after him; and he bade Antigonus to send hostages if he wanted to have a conference with him. Moreover, when Antigonus demanded to be addressed by him as a superior, Eumenes replied: 
				<q direct="unspecified">I regard no man as my superior so long as I am master of my sword.</q> 
				        <milestone n="3" unit="section"/>Nevertheless, after Antigonus had sent his nephew Ptolemy into the fortress, as Eumenes had demanded, Eumenes went down to meet him, and they embraced one another with greetings of friendship and affection, since they had formerly been close associates and intimate companions. A long conference was held, in which Eumenes made no mention of his own safety or of peace, but actually demanded that he should be confirmed in the possession of his satrapies, and that what was his by gift should be restored to him. At this the bystanders were amazed, and they admired his lofty spirit and confidence. 
				<milestone n="4" unit="section"/>But meanwhile many of the Macedonians came running together in their eagerness to see what sort of a man Eumenes was; for no one else had been so much talked about in the army since the death of Craterus. Then Antigonus, afraid that Eumenes might suffer some violence, first loudly forbade the soldiers to approach, and pelted with stones those who were hurrying up, but finally threw his arms about Eumenes and, keeping off the throng with his bodyguards, with much ado removed him to a place of safety.
			</p>
         <p>
				        </p>

</div1>

<div1 type="chapter" n="11"><p>
				        <milestone n="1" unit="section"/>After this, Antigonus built a wall round Nora, left troops to guard it, and retired; Eumenes, however, although closely besieged in a stronghold which had grain, water in abundance, and salt, but no other edible, not even a relish to go with the grain, nevertheless, with what he had, managed to render the life of his associates cheerful, inviting them all by turns to his own table, and seasoning the meal thus shared with conversation which had charm and friendliness. 
				<milestone n="2" unit="section"/>For he had a pleasant face, not like that of a war-worn veteran, but delicate and youthful, and all his body had, as it were, artistic proportions, with limbs of astonishing symmetry; and though he was not a powerful speaker, still he was insinuating and persuasive, as one may gather from his letters.
			</p>
         <p>
				        <milestone n="3" unit="section"/>But most of all detrimental to his forces thus besieged was their narrow quarters, since their movements were confined to small houses and a place only two furlongs in circumference, so that neither men nor horses could get exercise before eating or being fed. Therefore, wishing to remove the weakness and languor with which their inactivity afflicted them, and, more than that, to have them somehow or other in training for flight, if opportunity should offer, 
				<milestone n="4" unit="section"/>he assigned the men a house, the largest in the place, fourteen cubits long, as a place to walk, ordering them little by little to increase their pace. And as for the horses, he had them all girt round the neck with great straps fastened to the roof, and raised them partly up into the air by means of pulleys, so that, while with their hind legs they rested firmly upon the ground, they just touched it with the tips of their fore hoofs. 
				<milestone n="5" unit="section"/>Then, while they were thus suspended, the grooms would stand at their sides and stir them up with shouts and strokes of the goad; and the horses, full of rage and fury, would dance and leap about on their hind legs, while with their swinging fore feet they would strike the ground and try to get a footing there, thus exerting their whole bodies and covering themselves with sweat and foam,&mdash;no bad exercise either for speed or strength.<note resp="ed" place="unspecified" anchored="yes">This device of Eumenes is described also in <bibl>Diodorus, xviii. 42, 3 f.</bibl>, and in <bibl n="Nep. Eum. 5.4">Nepos, <title>Eumenes</title>, v. 4 f.</bibl>
            </note> Then their barley would be thrown to them boiled, that they might the sooner dispatch and the better digest it.
			</p>
         <p>
				        </p>

</div1>

<div1 type="chapter" n="12"><p>
				        <milestone n="1" unit="section"/>But presently, as the siege dragged along, Antigonus learned that Antipater had died in Macedonia,<note resp="ed" place="unspecified" anchored="yes">In 320 B.C. After the death of Perdiccas the supreme regency devolved upon Antipater, and he retired into Macedonia with the two kings. On his death he left the regency to Polysperchon, a distinguished officer of Alexander, to the exclusion of his own son Cassander.</note> and that matters were in confusion owing to the dissension between Cassander and Polysperchon. He therefore cherished no longer an inferior hope, but embraced the whole empire in his scheme, and desired to have Eumenes as friend and helper in his undertakings. Accordingly, he sent Hieronymus to make a treaty with Eumenes, and proposed an oath for him to take. This oath Eumenes corrected and then submitted it to the Macedonians who were besieging him, requesting them to decide which was the juster form. 
				<milestone n="2" unit="section"/>Antigonus, namely, for form's sake, had mentioned the kings<note resp="ed" place="unspecified" anchored="yes">See the notes on <bibl n="Plut. Eum. 3.1">chapter iii. 1</bibl> and <bibl n="Plut. Eum. 3.7">7</bibl>. Olympias was the queen-mother, the widow of Philip, mother of Alexander.</note> at the beginning of the oath, and then had made the rest of it refer to himself; but Eumenes wrote at the head of the oath the names of Olympias and the kings, and proposed to swear fealty, not to Antigonus alone, but also to Olympias and the kings, and to have the same enemies and friends as they. This was thought to be more just, and the Macedonians accordingly administered this oath to Eumenes, raised the siege, and sent to Antigonus, that he too, on his part, might take the oath to Eumenes.
			</p>
         <p>
				        <milestone n="3" unit="section"/>Meanwhile, however, Eumenes gave back all the Cappadocian hostages whom he was holding in Nora, and received from those who came for them horses, beasts of burden, and tents. He also collected all the soldiers who had become scattered by his flight and were now wandering about the country, so that he had a force of almost a thousand horsemen. With these he set out in flight, being rightly in fear of Antigonus. For Antigonus not only ordered his Macedonians to wall him in again and besiege him, but also wrote back bitter reproaches to them for accepting the correction of the oath.
			</p>
         <p>
				        </p>

</div1>

<div1 type="chapter" n="13"><p>
				        <milestone n="1" unit="section"/>While Eumenes was in flight, letters were brought to him from those in Macedonia who feared the growing power of Antigonus. Olympias invited him to come and take charge of Alexander's little son and rear him, feeling that plots were laid against his life; Polysperchon and Philip<note resp="ed" place="unspecified" anchored="yes">Philip Arrhidaeus (see the note on <bibl n="Plut. Eum. 3.1">chapter iii. 1</bibl>).</note> the king ordered him, as commander of the forces in Cappadocia, to wage war upon Antigonus, to take five hundred talents of the treasure at Quinda<note resp="ed" place="unspecified" anchored="yes">Or Cyinda, better known as Anazarbus, a stronghold in Cilicia whither Antigenes and Teutamus had brought the royal treasure from Susa.</note> in reparation of his own losses, and to use as much of it as he wished for the war. 
				<milestone n="2" unit="section"/>They had also written concerning these matters to Antigenes and Teutamus, the commanders of the Silver-shields. These men, on receiving their letters, ostensibly treated Eumenes with friendliness, but were plainly full of envy and contentiousness, disdaining to be second to him. Eumenes therefore allayed their envy by not taking the money, alleging that he had no need of it; 
				<milestone n="3" unit="section"/>while upon their love of contention and love of command, seeing that they were as unable to lead as they were unwilling to follow, he brought superstition to bear.
			</p>
         <p>He said, namely, that Alexander had appeared to him in a dream, had shown him a tent arrayed in royal fashion with a throne standing in it, and had then said that if they held their councils and transacted their business there, he himself would be present and would assist them in every plan and enterprise which they undertook in his name. Eumenes easily convinced Antigenes and Teutamus that this was true. They were unwilling to go to him, and he himself thought it undignified to be seen at the doors of others. 
				<milestone n="4" unit="section"/>So they erected a royal tent, and a throne in it which they dedicated to Alexander, and there they met for deliberation on matters of highest importance.
			</p>
         <p>And now, as they advanced into the interior of the country,<note resp="ed" place="unspecified" anchored="yes">In 317 B.C., against Antigonus, who was in Mesopotamia. He had received the satrapy of Susiana.</note> Peucestas,<note resp="ed" place="unspecified" anchored="yes">One of the most distinguished officers of Alexander, who bad been made satrap of Persia during Alexander's lifetime.</note> who was a friend of Eumenes, met them with the other satraps, and they joined their forces, so that the number of their men and the splendour of their equipment raised the spirits of the Macedonians. 
				<milestone n="5" unit="section"/>But the leaders themselves had been made unmanageable by their exercise of power, and effeminate by their mode of life, after the death of Alexander, and they brought into collision spirits that were tyrannical and fed on barbaric arrogance, so that they were harsh towards one another and hard to reconcile. Moreover, by flattering the Macedonian soldiery extravagantly and lavishing money upon them for banquets and sacrifices, in a short time they made the camp a hostelry of festal prodigality, and the army a mob to be cajoled into the election of its generals, as in a democracy. 
				<milestone n="6" unit="section"/>Eumenes, however, perceiving that, while they despised one another, they feared him and were on the watch for an opportunity to kill him, pretended to be in need of money, and got together many talents by borrowing from those who hated him most, in order that they might put confidence in him and refrain from killing him out of regard for the money they had lent him. The consequence was that the wealth of others was his body-guard, and that, whereas men generally preserve their lives by giving, he alone won safety by receiving.
			</p>
         <p>
				        </p>

</div1>

<div1 type="chapter" n="14"><p>
				        <milestone n="1" unit="section"/>The Macedonians, however, while there was no danger, continued to take gifts from their corrupters, and hung about the doors of these men, who now had body-guards and wanted to be generals. But when Antigonus encamped near them with a large force and the situation called aloud for a real general, not only did the common soldiers attach themselves to Eumenes, but also those who were great only when peace and luxury prevailed, every man of them, gave in to him and consented without a murmur to hold the post which he gave them. 
				<milestone n="2" unit="section"/>And, indeed, when Antigonus tried to cross the river Pasitigris, none of the other commanders who were watching his movements was even aware of it, but Eumenes, and he alone, withstood him, joined battle with him, slew many of his men and filled the stream with dead bodies, and took four thousand prisoners. But most of all in connection with the sickness that befell him did the Macedonians make it clear that they considered the others able to feast them splendidly and hold high festival, but him alone capable of wielding command and waging war. 
				<milestone n="3" unit="section"/>For Peucestas, having feasted them splendidly in Persis, and having given every man a victim for sacrifice, was expecting to be chief in command; and a few days afterwards, as the soldiers were marching against the enemy, it chanced that Eumenes, in consequence of a dangerous illness, was being carried along in a litter outside the ranks, where it was quiet and his sleep would not be broken. But after they had advanced a little way, suddenly the enemy were seen passing over some hills and descending into the plain. 
				<milestone n="4" unit="section"/>The gleams of their golden armour in the sun flashed down from the heights as they marched along in close formation, and on the backs of the elephants the towers and purple trappings were seen, which was their array when going into battle. Accordingly, the foremost Macedonians halted in their march and called with loud cries for Eumenes, declaring that they would not go forward unless he was in command of them; and grounding their arms they passed word to one another to wait, and to their leaders to keep still, and without Eumenes not to give battle or run any hazard even with the enemy. 
				<milestone n="5" unit="section"/>When Eumenes heard of this, he quickened the pace of his bearers to a run and came to them, and lifting up the curtains of his litter on either side, stretched forth his hand in delight. And when the soldiers saw him, they hailed him at once in their Macedonian speech, caught up their shields, beat upon them with their spears, and raised their battle-cry, challenging the enemy to fight in the assurance that their leader was at hand.
			</p>
         <p>
				        </p>

</div1>

<div1 type="chapter" n="15"><p>
				        <milestone n="1" unit="section"/>Now Antigonus, hearing from his prisoners that Eumenes was sick and in such wretched plight as to be borne along in a litter, thought it no great task to crush the other commanders if Eumenes was sick. He therefore hastened to lead his army to battle. 
				<milestone n="2" unit="section"/>But when, as the enemy were forming in battle order, he had ridden past their lines and observed their shape and disposition, he was amazed, and paused for some time; then the litter was seen as it was carried from one wing to the other. At this, Antigonus gave a loud laugh, as was his wont, and after saying to his friends, 
				<q direct="unspecified">This litter, it would seem, is what is arrayed against us,</q> immediately retired with his forces and pitched his camp.<note resp="ed" place="unspecified" anchored="yes">These events are more fully and very differently described by Diodorus (<bibl>xix. 24-32</bibl>).</note>
			      </p>
         <p>
				        <milestone n="3" unit="section"/>But the Macedonians opposed to him, after getting a little respite, once more acted liked a capricious mob, and, mocking at their leaders, distributed themselves in winter quarters over almost the whole of Gabene, so that the rear was separated from the van by almost a thousand furlongs. When Antigonus became aware of this, he set out suddenly against them, taking this time a road that was difficult and without water, but direct and short, hoping that, in case he fell upon them when they were scattered about in their winter quarters, it would no longer be easy for the mass of them to join their generals. But after he had entered an uninhabited country, dire winds and severe frosts gave trouble to his army and impeded their march. 
				<milestone n="4" unit="section"/>The only help, therefore, was to burn many fires, and this was what revealed his presence to the enemy. For the Barbarians living on the mountains which overlooked the uninhabited tract, amazed at the number of fires, sent messengers on dromedaries to Peucestas. And he, when he heard the news, being himself quite out of his mind with fear and seeing that the other officers were in a like state, set out to fly, after rousing up those of their soldiers especially who were quartered along the route. 
				<milestone n="5" unit="section"/>But Eumenes tried to put a stop to their confusion and panic fear, by promising so to check the speed of the enemy that they would come up three days later than they were expected. And when his hearers were persuaded, he sent round messengers with orders that the forces in winter quarters and elsewhere should assemble with all speed; at the same time, too, he himself rode forth with the other commanders, took possession of a place which could be seen at a distance by such as traversed the desert, measured it off, and ordered many fires to be made at intervals, as in an encampment. 
				<milestone n="6" unit="section"/>This was done, and when Antigonus saw these fires on the mountains, he was distressed and disheartened, supposing that his enemies had long been aware of his approach and were coming to meet him. In order, therefore, that he might not be forced to fight, when his men were worn and weary from their march, against those who had spent a comfortable winter and were ready for the conflict, he forsook the direct road and led his army through villages and cities, taking time to refresh it. 
				<milestone n="7" unit="section"/>But when no one tried to obstruct his progress, the thing which usually happens when enemies are facing one another, and when the people round about said they had seen no army, but that the place was full of lighted fires, Antigonus perceived that he had been outgeneraled by Eumenes, and in deep resentment led his forces forward to try the issue in open battle.
			</p>
         <p>
				        </p>

</div1>

<div1 type="chapter" n="16"><p>
				        <milestone n="1" unit="section"/>But meanwhile most of the forces with Eumenes had assembled, and, admiring his sagacity, demanded that he should be sole commander. At this, Antigenes and Teutamus, the leaders of the Silver-shields, were filled with vexation and jealousy, so that they plotted against the life of Eumenes, and, assembling most of the satraps and generals, deliberated when and how they might put him out of the way. 
				<milestone n="2" unit="section"/>They were unanimous in the decision to make every use of him in the ensuing battle, and after the battle to kill him at once. But Eudamus, the master of the elephants, and Phaedimus, secretly brought word to Eumenes of this decision; not that they were moved by any goodwill or kindness, but because they were anxious not to lose the money they had lent him.<note resp="ed" place="unspecified" anchored="yes">Cf. <bibl n="Plut. Eum. 13.6">chapter xiii. 6</bibl>.</note> These men Eumenes commended, and then went off to his tent, where he said to his friends that he was living in a great herd of wild beasts. Then he made his will, and tore up and destroyed his papers; he did not wish that after his death, in consequence of the secrets contained in these documents, accusations and calumnies should be brought against his correspondents. 
				<milestone n="3" unit="section"/>After this business had been finished, he deliberated whether to give over the victory to the enemy, or to take flight through Media and Armenia and invade Cappadocia. He came to no decision while his friends were with him, but after considering many expedients with a mind which was as versatile as his fortunes were changeable, he proceeded to draw up his forces, urging on the Greeks and the Barbarians, and himself exhorted by the phalanx and the Silver-shields to be of good courage, since, as they felt sure, the enemy would not withstand their attack. 
				<milestone n="4" unit="section"/>And indeed they were the oldest soldiers of Philip and Alexander, war's athletes as it were, without a defeat or a fall up to that time, many of them now seventy years old, and not a man younger than sixty. And so, when they charged upon the forces of Antigonus, they shouted: 
				<q direct="unspecified">It is against your fathers that ye sin, ye miscreants;</q> and falling upon them in a rage they crushed their whole phalanx at once, not a man withstanding them, and most of their opponents being cut to pieces at close quarters.
			</p>
         <p>
				        <milestone n="5" unit="section"/>At this point, then, Antigonus was defeated overwhelmingly, but with his cavalry he got the upper hand; for Peucestas fought in a way that was altogether lax and ignoble, and Antigonus captured all the baggage. He was a man who kept cool in the presence of danger, and he was aided by the ground. 
				<milestone n="6" unit="section"/>For the plain were they fought was vast, and its soil was neither deep nor trodden hard, but sandy and full of a dry and saline substance, which, loosened up by the trampling of so many horses and men during the battle, issued forth in a dust like lime, and this made the air all white and obscured the vision. Therefore it was easy for Antigonus to capture the enemy's baggage unobserved.
			</p>
         <p>
				        </p>

</div1>

<div1 type="chapter" n="17"><p>
				        <milestone n="1" unit="section"/>After the battle was over, Teutamus at once sent an embassy to treat for the baggage. And when Antigonus promised not only to give this back to the Silver-shields but also to treat them kindly in other ways, provided they would deliver up Eumenes to him, the Silver-shields formed a dire design to put the man alive into the hands of his enemies. 
				<milestone n="2" unit="section"/>So, to begin with, they drew near him, without awakening his suspicions, and kept him in ward, some making complaints about their baggage, others bidding him to be of good courage, since he was victorious, and others still denouncing the other commanders. Then they fell upon him, snatched his sword away from him, and tied his hands fast with his girdle. And when Nicanor had been sent by Antigonus to receive him and he was being led along through the Macedonians, he begged for leave to speak to them, not with a view to supplication or entreaty, but in order to set forth what was for their advantage.
			</p>
         <p>
				        <milestone n="3" unit="section"/>Silence was made, and standing on an eminence he stretched forth his hands, bound as they were, and said: 
				<q direct="unspecified">What trophy, O ye basest of Macedonians, could Antigonus have so much desired to set up over your defeat, as this which ye yourselves are now erecting by delivering up your general as a prisoner? It is not a dreadful thing, then, that in the hour of your victory ye should acknowledge yourselves defeated for the sake of your baggage, implying that victory lies in your possessions and not in your arms, but ye must also send your leader as a ransom for that baggage. 
					<milestone n="4" unit="section"/>As for me, then, ye lead me away undefeated, a victor over my enemies, a victim of my fellow-soldiers; but as for you, by Zeus the god of armies and by the gods who hallow oaths, I bid you slay me here with your own hands. Even should I be slain yonder, it will be wholly your work. Nor will Antigonus find any fault; for he wants a dead and not a living Eumenes. And if ye would spare your own hands, one of mine, if released, will suffice to do the business. 
					<milestone n="5" unit="section"/>And if ye cannot trust me with a sword, cast me under the feet of your elephants, all bound as I am. If ye do this, I will absolve you from your guilt towards me, holding that ye have shown yourselves most just and righteous in your dealings with your own general.</q>
			      </p>
         <p>
				        </p>

</div1>

<div1 type="chapter" n="18"><p>
				        <milestone n="1" unit="section"/>As Eumenes said this, the rest of the throng was overwhelmed with sorrow, and some wept, but the Silver-shields shouted to lead him along and pay no attention to his babbling; for it was not so dreadful a thing, they said, that a pest from the Chersonesus should come to grief for having harassed Macedonians with infinite wars, as that the best of the soldiers of Philip and Alexander, after all their toils, should in their old age be robbed of their rewards and get their support from others, and that their wives should be spending the third night now in the arms of their enemies. At the same time they led him along at a quickened pace.
			</p>
         <p> 
				        <milestone n="2" unit="section"/>
				But Antigonus, fearing their multitude (since no one had been left behind in the camp), sent out ten of his strongest elephants and a great number of Median and Parthian spear-men to drive away the throng. He himself could not endure to see Eumenes, by reason of their former intimate friendship, and when those who had received him asked how they should guard his person, he said: 
				<q direct="unspecified">Just as ye would an elephant or a lion.</q> 
				        <milestone n="3" unit="section"/>But after a little while he became compassionate and ordered the keepers to remove the prisoner's heavy fetters and admit one of his personal servants to anoint him, and permitted any one of his friends who wished to spend the day with him and bring him what he needed. Then he deliberated many days what to do with him, and considered various arguments and suggestions, Demetrius his son and Nearchus the Cretan being eager to save the life of Eumenes, while the rest, almost all of them, were insistent in urging that he be put to death.
			</p>
         <p>
				        <milestone n="4" unit="section"/>We are told, also, that Eumenes asked his keeper, Onomarchus, why in the world Antigonus, now that he had got a hated enemy in his hands, neither killed him speedily nor generously set him free; and when Onomarchus insolently told him it was not now, but on the field of battle, that he should have faced death boldly, 
				<q direct="unspecified">Yea, by Zeus,</q> said Eumenes, 
				<q direct="unspecified">then, too, I did so; ask the men who fought with me; I know that none I met was a better man.</q> 
				        <q direct="unspecified">Well, then,</q> said Onomarchus, 
				<q direct="unspecified">since now thou hast found thy better, why canst thou not bide his time?</q>
			      </p>
         <p>
				        </p>

</div1>

<div1 type="chapter" n="19"><p>
				        <milestone n="1" unit="section"/>When, then, Antigonus had decided to kill Eumenes, he gave orders to deprive him of food. And so, after two or three days of fasting, the prisoner began to draw nigh his end. But camp was suddenly broken and a man was sent to dispatch him.<note resp="ed" place="unspecified" anchored="yes">According to Nepos (<bibl n="Nep. Eum. 12.4">
                  <title>Eumenes</title>, xii. 4</bibl>), Eumenes was strangled by his keepers, without the knowledge of Antigonus.</note> His body, however, was delivered to his friends by Antigonus, who permitted them to burn it and collect the ashes and place them in a silver urn, that they might be returned to his wife and children.
			</p>
         <p>
				        <milestone n="2" unit="section"/>Eumenes thus slain, on no other man than Antigonus did Heaven devolve the punishment of the soldiers and commanders who betrayed him, but he himself, regarding the Silver-shields as impious and bestial men, put them into the service of Sibyrtius the governor of Arachosia, ordering him to wear them out and destroy them in every possible way, that not a man of them might ever return to Macedonia or behold the Grecian sea.
			</p>
      

</div1>
</body>
   </text>
</TEI.2>