<?xml version="1.0" encoding="UTF-8"?>
<?xml-model href="http://www.stoa.org/epidoc/schema/latest/tei-epidoc.rng" schematypens="http://relaxng.org/ns/structure/1.0"?>
<TEI xmlns="http://www.tei-c.org/ns/1.0">
    <teiHeader type="text">
<fileDesc>
<titleStmt>

<title n="Comp.Lyc.Num." type="work">Comparison of Lycurgus and Numa</title>
<author n="Plut.">Plutarch</author>
<editor n="Perrin" role="editor">Bernadotte Perrin</editor>
<sponsor>Perseus Project, Tufts University</sponsor>
<principal>Gregory Crane</principal>
<respStmt>
<resp>Prepared under the supervision of</resp>
<name>Lisa Cerrato</name>
<name>William Merrill</name>
<name>Elli Mylonas</name>
<name>David Smith</name>
</respStmt>
<funder n="org:NEH">The National Endowment for the Humanities</funder>
</titleStmt>
<extent/>
<publicationStmt>
<publisher>Trustees of Tufts University</publisher>
<pubPlace>Medford, MA</pubPlace>
<authority>Perseus Project</authority>
</publicationStmt>
<sourceDesc>
<biblStruct>
<analytic n="Comp.Lyc.Num."/>
<monogr>
<author>Plutarch</author>
<title>Plutarch's Lives</title>
<respStmt>
<resp>with an English Translation by</resp>
<name>Bernadotte Perrin</name>
</respStmt>
<imprint>
<pubPlace>Cambridge, MA</pubPlace>
<publisher>Harvard University Press</publisher>
<pubPlace>London</pubPlace>
<publisher>William Heinemann Ltd.</publisher>
<date>1914</date>
</imprint>
<biblScope unit="volume">1</biblScope>
</monogr>
<idno type="ISBN">0674990528</idno>
</biblStruct>
</sourceDesc>
</fileDesc>
<encodingDesc>
<editorialDecl>
    <quotation marks="none"/>
<correction method="silent">
<p>optical character recognition</p>
</correction>
</editorialDecl>
    <refsDecl n="CTS">
        <cRefPattern n="section"
            matchPattern="(\w+).(\w+)"
            replacementPattern="#xpath(/tei:TEI/tei:text/tei:body/tei:div/tei:div[@n='$1']/tei:div[@n='$2'])">
            <p>This pointer pattern extracts chapter and section</p>
        </cRefPattern>
        <cRefPattern n="chapter"
            matchPattern="(\w+)"
            replacementPattern="#xpath(/tei:TEI/tei:text/tei:body/tei:div/tei:div[@n='$1'])">
            <p>This pointer pattern extracts chapter</p>
        </cRefPattern>
    </refsDecl>
<!--<refsDecl doctype="TEI.2">
<state unit="chapter" delim="."/>
<state unit="section"/>
</refsDecl>-->
</encodingDesc>
<profileDesc>
<langUsage>
<language ident="grc">Greek</language>
</langUsage>
</profileDesc>
<revisionDesc>
    <change when="2016-12-12" who="Lisa Cerrato">EpiDoc and CTS conversion</change>
    <change when="2010-03-01" who="RS">tagged and parsed</change>
</revisionDesc>
</teiHeader>
    
<text xml:lang="grc">
<body>
    <div type="edition" n="urn:cts:greekLit:tlg0007.tlg006.perseus-grc2" xml:lang="grc">
<pb n="p.382"/>
<div type="textpart" subtype="chapter" n="1">
                
<div type="textpart" subtype="section" n="1">
                
<p>
ἀλλʼ ἐπεὶ τὸν Νομᾶ καὶ Λυκούργου διεληλύθαμεν βίον, ἐκκειμένων ἀμφοῖν, εἰ καὶ χαλεπὸν ἔργον, οὐκ ἀποκνητέον συναγαγεῖν τὰς διαφοράς, 
<pb n="p.384"/>
αἱ μὲν γὰρ κοινότητες ἐπιφαίνονται ταῖς πράξεσιν, οἷον ἡ σωφροσύνη τῶν ἀνδρῶν, ἡ εὐσέβεια, τὸ πολιτικόν, τὸ παιδευτικόν, τὸ μίαν ἀρχὴν παρὰ τῶν θεῶν ἀμφοτέρους λαβεῖν τῆς νομοθεσίας· τῶν δὲ ἰδίᾳ ἑκατέρου καλῶν πρῶτόν ἐστι Νομᾷ μὲν ἡ παράληψις τῆς βασιλείας, Λυκούργῳ δὲ ἡ παράδοσις.
</p>
</div>
<div type="textpart" subtype="section" n="2">
                
<p> ὁ
μὲν γὰρ οὐκ αἰτῶν ἔλαβεν, ὁ δὲ ἔχων ἀπέδωκε. καὶ τὸν μὲν ἕτεροι κύριον αὑτῶν κατέστησαν ἰδιώτην καὶ ξένον ὄντα, ὁ δὲ αὐτὸς αὑτὸν ἰδιώτην ἐκ βασιλέως ἐποίησε. καλὸν μὲν οὖν τὸ κτήσασθαι δικαιοσύνῃ τὴν βασιλείαν, καλὸν δὲ τὸ προτιμῆσαι τὴν δικαιοσύνην τῆς βασιλείας, ἡ γὰρ ἀρετὴ τὸν μὲν οὕτως ἔνδοξον κατέστησεν ὥστε βασιλείας ἀξιωθῆναι, τὸν δὲ οὕτω μέγαν ἐποίησεν ὥστε βασιλείας καταφρονῆσαι. 
</p>
</div>
<div type="textpart" subtype="section" n="3">
                
<p>δεύτερον τοίνυν, ἐπεὶ καθάπερ ἁρμονικοὶ λύρας, ὁ μὲν ἐκλελυμένην καὶ τρυφῶσαν ἐπέτεινε τὴν Σπάρτην, ὁ δὲ τῆς Ῥώμης τὸ σφοδρὸν ἀνῆκε καὶ σύντονον, ἡ μὲν χαλεπότης τοῦ ἔργου τῷ Λυκούργῳ πρόσεστιν. οὐ γὰρ θώρακας ἐκδῦναι καὶ ξίφη τοὺς πολίτας καταθέσθαι ἔπειθεν, ἀλλὰ χρυσὸν καὶ ἄργυρον ἀφεῖναι καὶ στρωμνὰς ἐκβαλεῖν πολυτελεῖς καὶ τραπέζας, οὐδὲ παυσαμένους πολέμων ἑορτάζειν καὶ θύειν, ἀλλὰ δεῖπνα καὶ πότους ἐάσαντας ἐν τοῖς ὅπλοις καὶ ταῖς παλαίστραις διαπονεῖσθαι καὶ ἀσκεῖν.
</p>
</div>
<div type="textpart" subtype="section" n="4">
                
<p>
ὅθεν ὁ μὲν διʼ εὐνοίας καὶ τιμῆς ἅπαντα πείθων ἔπραξεν, ὁ δε κινδυνεύων καὶ βαλλόμενος μόγις ἐπεκράτησεν· 
<pb n="p.386"/>
</p>
<p>ἥμερος μέντοι καὶ φιλάνθρωπος ἡ τοῦ Νομᾶ μοῦσα πρὸς εἰρήνην καὶ δικαιοσύνην μεθαρμοσαμένου καὶ καταπραΰναντος ἐξ ἀκρατῶν καὶ διαπύρων ἠθῶν τοὺς πολίτας. εἰ δὲ καὶ τὸ περὶ τοὺς Εἵλωτας ἀναγκάσει τις ἡμᾶς εἰς τὴν Λυκούργου θέσθαι πολιτείαν,
</p>
</div>
<div type="textpart" subtype="section" n="5">
                
<p>
ὠμότατον ἔργον καὶ παρανομώτατον, μακρῷ τινι τὸν Νομᾶν ἑλληνικώτερον γεγονέναι νομοθέτην φήσομεν, ὅς γε καὶ τοὺς ὡμολογημένους δούλους ἔγευσε τιμῆς ἐλευθέρας, ἐν τοῖς Κρονίοις ἑστιᾶσθαι μετὰ τῶν δεσποτῶν ἀναμεμιγμένους ἐθίσας. καὶ γὰρ τοῦτο τῶν Νομᾶ πατρίων ἓν εἶναι λέγουσιν, ἐπὶ τὰς τῶν ἐτησίων ἀπολαύσεις καρπῶν τοὺς συνεργοὺς παραλαμβάνοντος, ἔνιοι δὲ τοῦτο ὑπόμνημα τῆς Κρονικῆς ἐκείνης ἰσονομίας ἀποσώζεσθαι μυθολογοῦσιν, ὡς μηδενὸς δούλου μηδὲ δεσπότου, πάντων δὲ συγγενῶν καὶ ἰσοτίμων νομιζομένων. </p>
</div>
</div>
<div type="textpart" subtype="chapter" n="2">
                
<div type="textpart" subtype="section" n="1">
                
<p>
ὅλως δὲ φαίνονται πρὸς τὴν αὐτάρκειαν ἀμφότεροι καὶ σωφροσύνην ὁμοίως ἄγοντες τὰ πλήθη, τῶν δὲ ἄλλων ἀρετῶν ὁ μὲν τὴν ἀνδρείαν μᾶλλον, ὁ δὲ τὴν δικαιοσύνην ἠγαπηκώς· εἰ μὴ νὴ Δία διὰ τὴν ὑποκειμένην τῶν πολιτευμάτων ἑκατέρου φύσιν ἢ συνήθειαν, οὐχ ὁμοίαν οὖσαν, ἀνομοίας ἔδει παρασκευῆς,
</p>
</div>
<div type="textpart" subtype="section" n="2">
                
<p>
οὔτε γὰρ Νομᾶς διὰ 
<pb n="paris.1624.76"/> δειλίαν κατέλυσε τὸ πολεμεῖν, ἀλλʼ ἐπὶ τῷ μὴ ἀδικεῖν, οὔτε Λυκοῦργος εἰς ἀδικίαν κατεσκεύασε πολεμικούς, ἀλλʼ ὑπὲρ τοῦ μὴ ἀδικεῖσθαι. τὰς οὖν ὑπερβολὰς ἀφαιροῦντες ἀμφότεροι καὶ τὰς ἐνδείας ἀναπληροῦντες τῶν ὑπαρχόντων περὶ τοὺς πολίτας, ἠναγκάζοντο μεγάλαις χρῆσθαι μεταβολαῖς. 
<pb n="p.388"/>
</p>
</div>
<div type="textpart" subtype="section" n="3">
                
<p>καὶ μὴν τῆς τε διατάξεως καὶ τῆς διαιρέσεως τῶν πολιτευμάτων ὀχλικὴ μὲν ἀκράτως ἡ τὸν Νομᾶ καὶ θεραπευτικὴ τὸν πλήθους, ἐκ χρυσοχόων καὶ αὐλητῶν καὶ σκυτοτόμων συμμιγῆ τινα καὶ παμποίκιλον ἀποφαίνοντος δῆμον, αὐστηρὰ δὲ ἡ Λυκούργειος καὶ ἀριστοκρατική, τὰς μὲν βαναύσους ἀποκαθαίρουσα τέχνας εἰς οἰκετῶν καὶ μετοίκων χεῖρας αὐτοὺς δὲ τοὺς πολίτας εἰς τὴν ἀσπίδα καὶ τὸ δόρυ συνάγουσα, πολέμου χειροτέχνας καὶ θεράποντας Ἄρεως ὄντας, ἄλλο δὲ οὐδὲν εἰδότας οὐδὲ μελετῶντας ἢ πείθεσθαι τοῖς ἄρχουσι καὶ κρατεῖν τῶν πολεμίων.
</p>
</div>
<div type="textpart" subtype="section" n="4">
                
<p>οὐδὲ γὰρ χρηματίζεσθαι τοῖς ἐλευθέροις ἐξῆν, ἵνα ἐλεύθεροι παντελῶς καὶ καθάπαξ ὦσιν, ἀλλʼ ἦν ἡ περὶ τὰ χρήματα κατασκευὴ δεδομένη δούλοις καὶ Εἵλωσιν, ὥσπερ ἡ περὶ τὸ δεῖπνον καὶ ὄψον διακονία. Νομᾶς δὲ οὐδὲν διέκρινε τοιοῦτον, ἀλλὰ τὰς μὲν στρατιωτικὰς ἔπαυσε πλεονεξίας, τὸν δὲ ἄλλον οὐκ ἐκώλυσε χρηματισμόν, οὐδὲ τὴν τοιαύτην κατεστόρεσεν ἀνωμαλίαν,
</p>
</div>
<div type="textpart" subtype="section" n="5">
                
<p>
ἀλλὰ καὶ πλούτῳ προϊέναι μέχρι παντὸς ἐφῆκε, καὶ πενίας πολλῆς ἀθροιζομένης καὶ ὑπορρεούσης εἰς τὴν πόλιν ἠμέλησε, δέον εὐθὺς ἐν ἀρχῇ, μηδέπω πολλῆς μηδὲ μεγάλης ἀνισότητος οὔσης, ἀλλʼ ἔτι τοῖς βίοις ὁμαλῶν καὶ παραπλησίων ὄντων, ἐνστῆναι πρὸς τὴν πλεονεξίαν, ὥσπερ Λυκοῦργος, καὶ φυλάξασθαι τὰς ἀπʼ αὐτῆς βλάβας, οὐ μικρὰς γενομένας, ἀλλὰ τῶν πλείστων καὶ μεγίστων κακῶν, ὅσα συνηνέχθη, σπέρμα καὶ ἀρχὴν παρασχούσας.
</p>
</div>
<div type="textpart" subtype="section" n="6">
                
<p> ὁ δὲ
τῆς γῆς ἀναδασμὸς οὔτε τὸν Λυκοῦργον, ἐμοὶ δοκεῖν, ποιεῖ ψεκτὸν γενόμενος οὔτε τὸν Νομᾶν μὴ γενόμενος, τῷ μὲν γὰρ ἕδραν 
<pb n="p.390"/>
καὶ κρηπῖδα τῆς πολιτείας ἡ ἰσότης αὕτη παρέσχε, τὸν δὲ προσφάτου τῆς κληρουχίας οὔσης οὐδὲν ἤπειγεν ἄλλον ἐμβαλεῖν ἀναδασμὸν οὐδὲ κινεῖν τὴν πρώτην νέμησιν, ὡς εἰκός ἐστι, κατὰ χώραν μένουσαν. </p>
</div>
</div>
<div type="textpart" subtype="chapter" n="3">
                
<div type="textpart" subtype="section" n="1">
                
<p>
τῆς δὲ περὶ τοὺς γάμους καὶ τὰς τεκνώσεις κοινωνίας τὸ ἀζηλότυπον ὀρθῶς καὶ πολιτικῶς ἐμποιοῦντες ἀμφότεροι τοῖς ἀνδράσιν οὐ κατὰ πᾶν εἰς τοῦτο συνηνέχθησαν, ἀλλʼ ὁ Ῥωμαῖος μὲν ἀνὴρ ἱκανῶς ἔχων παιδοτροφίας, ὑφʼ ἑτέρου δὲ πεισθεὶς δεομένου τέκνων, ἐξίστατο τῆς γυναικός, ἐκδόσθαι καὶ μετεκδόσθαι κύριος ὑπάρχων, ὁ δὲ Λάκων, οἴκοι τῆς γυναικὸς οὔσης παρʼ αὐτῷ καὶ τοῦ γάμου μένοντος ἐπὶ τῶν ἐξ ἀρχῆς δικαίων, μετεδίδου τῷ πείσαντι τῆς κοινωνίας εἰς τέκνωσιν.
</p>
</div>
<div type="textpart" subtype="section" n="2">
                
<p>
πολλοὶ δέ, ὥσπερ εἴρηται, καὶ παρακαλοῦντες εἰσῆγον ἐξ ὧν ἂν ἐδόκουν μάλιστα παῖδας εὐειδεῖς καὶ ἀγαθοὺς γενέσθαι, τίς οὖν ἡ διάκρισις τῶν ἐθισμῶν; ἢ ταῦτα μὲν ἰσχυρὰ καὶ ἄκρατος ἀπάθεια πρὸς γαμετὴν καὶ τὰ ταράττοντα καὶ κατακαίοντα ζηλοτυπίαις τοὺς πολλούς, ἐκεῖνα δὲ ὥσπερ αἰσχυνομένη ἀτυφία τίς, παρακάλυμμα τὴν ἐγγύην ἐφελκομένη καὶ τὸ δυσκαρτέρητον ἐξομολογουμένη τῆς κοινωνίας; 
</p>
</div>
<div type="textpart" subtype="section" n="3">
                
<p>ἔτι δὲ μᾶλλον ἡ περὶ τὰς παρθένους φυλακὴ κατέσταλται τῷ Νομᾷ πρὸς τὸ θῆλυ καὶ κόσμιον ἡ δὲ τοῦ Λυκούργου παντάπασιν ἀναπεπταμένη καὶ ἄθηλυς οὖσα τοῖς ποιηταῖς λόγον παρέσχηκε. φαινομηρίδας τε γὰρ αὐτὰς ἀποκαλοῦσιν, ὡς 
<pb n="p.392"/>
Ἴβυκος, καὶ ἀνδρομανεῖς λοιδοροῦσιν, ὡς Εὐριπίδης, λέγων· 
<quote rend="blockquote">
<l>αἳ σὺν νέοισιν ἐξερημοῦσιν<note anchored="true" place="unspecified" resp="ed">
<foreign xml:lang="grc">ἐξερημοῦσιν</foreign> adapted from <foreign xml:lang="grc">ἐξερημοῦσαι</foreign> (<gloss>leaving their homes</gloss>).</note>  δόμους 
</l>
<l>γυμνοῖσι μηροῖς καὶ πέπλοις ἀνειμένοις.</l>
</quote>
</p>
</div>
<div type="textpart" subtype="section" n="4">
                
<p> τῷ
γὰρ ὄντι τοῦ παρθενικοῦ χιτῶνος αἱ πτέρυγες 
<pb n="paris.1624.77"/> οὐκ ἦσαν συνερραμμέναι κάτωθεν, ἀλλʼ ἀνεπτύσσοντο καὶ συνανεγύμνουν ὅλον ἐν τῷ βαδίζειν τὸν μηρόν. καὶ σαφέστατα τὸ γινόμεοον εἴρηκε Σοφοκλῆς ἐν τούτοις· 
<quote rend="blockquote">
<l>καὶ τὰν νέορτον, ἇς ἔτʼ ἄστολος χιτὼν 
</l>
<l>θυραῖον ἀμφὶ μηρὸν 
</l>
<l>πτύσσεται, Ἑρμιόναν.</l>
</quote>
</p>
</div>
<div type="textpart" subtype="section" n="5">
                
<p>
διὸ καὶ θρασύτεραι λέγονται γενέσθαι καὶ πρὸς αὐτοὺς πρῶτον ἀνδρώδεις τοὺς ἄνδρας, ἅτε δὴ τῶν μὲν οἴκων ἄρχουσαι κατὰ κράτος, ἐν δὲ τοῖς δημοσίοις πράγμασι καὶ γνώμης μεταλαμβάνουσαι καὶ παρρησίας περὶ τῶν μεγίστων, ὁ δὲ Νομᾶς
ταῖς γαμεταῖς τὸ μὲν ἀξίωμα καὶ τὴν τιμὴν ἐτήρησε πρὸς τοὺς ἄνδρας, ἣν εἶχον ἀπὸ Ῥωμύλου θεραπευόμεναι διὰ τὴν ἁρπαγήν, αἰδῶ δὲ πολλὴν ἐπέστησεν αὐταῖς καὶ πολυπραγμοσύνην ἀφεῖλε καὶ νήφειν ἐδίδαξε καὶ σιωπᾶν εἴθισεν, οἴνου μὲν ἀπεχομένας τὸ πάμπαν, λόγῳ δὲ μηδὲ ὑπὲρ τῶν ἀναγκαίων ἀνδρὸς ἄνευ χρωμένας.
</p>
</div>
<div type="textpart" subtype="section" n="6">
                
<p>
λέγεται γοῦν ποτε γυναικὸς εἰπούσης δίκην ἰδίαν ἐν ἀγορᾷ πέμψαι τὴν σύγκλητον εἰς θεοῦ, 
<pb n="p.394"/>
πυνθανομένην
τίνος ἄρα τῇ πόλει σημεῖον εἴη  τὸ γεγενημένον. καὶ τῆς ἄλλης εὐπειθείας καὶ πρᾳότητος αὐτῶν μέγα τεκμήριον ἡ μνήμη τῶν χειρόνων. ὡς γὰρ παρʼ ἡμῖν οἱ ἱστορικοὶ γράφουσι τοὺς πρώτους ἢ φόνον ἐμφύλιον ἐργασαμένους ἢ πολεμήσαντας ἀδελφοῖς ἢ πατρὸς αὐτόχειρας ἢ μητρὸς γενομένους,
</p>
</div>
<div type="textpart" subtype="section" n="7">
                
<p>
οὕτω Ῥωμαῖοι μνημονεύουσιν ὅτι πρῶτος μὲν ἀπεπέμψατο γυναῖκα Σπόριος Καρβίλιος, μετὰ τὴν Ῥώμης κτίσιν ἔτεσι τριάκοντα καὶ διακοσίοις οὐδενὸς τοιούτου γεγονότος, πρώτη δὲ γυνὴ Πιναρίου Θαλαία τοὔνομα διηνέχθη πρὸς ἑκυρὰν αὑτῆς Γεγανίαν Ταρκυνίου Σουπέρβου βασιλεύοντος, οὕτω καλῶς καὶ κοσμίως τεταγμένα τὰ τῶν γάμων ἦν ὑπὸ τοῦ νομοθέτου. </p>
</div>
</div>
<div type="textpart" subtype="chapter" n="4">
                
<div type="textpart" subtype="section" n="1">
                
<p>
τῇ δὲ ἄλλῃ τῶν παρθένων ἀγωγῇ καὶ τὰ περὶ τὰς ἐκδόσεις ὁμολογεῖ, τοῦ μὲν Λυκούργου πεπείρους καὶ ὀργώσας νυμφεύοντος, ὅπως ἥ τε ὁμιλία, δεομένης ἤδη τῆς φύσεως, χάριτος ᾖ καὶ φιλίας ἀρχὴ μᾶλλον ἢ μίσους καὶ φόβου παρὰ φύσιν βιαζομένων καὶ τὰ σώματα ῥώμην ἔχῃ πρός τὸ τὰς κυήσεις ἀναφέρειν καὶ τὰς ὠδῖνας, ὡς ἐπʼ οὐδέν ἄλλο γαμουμένων ἢ τὸ τῆς τεκνώσεως ἔργον, τῶν δὲ Ῥωμαίων δωδεκαετεῖς καὶ νεωτέρας ἐκδιδόντων οὕτω γὰρ ἂν μάλιστα καὶ τὸ σῶμα καὶ τὸ ἦθος καθαρὸν καὶ ἄθικτον ἐπὶ τῷ γαμοῦντι γίνεσθαι.
</p>
</div>
<div type="textpart" subtype="section" n="2">
                
<p>
δῆλον οὖν ὅτι τὸ μὲν 
<pb n="p.396"/>
φυσικώτερον πρὸς τέκνωσιν, τὸ δὲ ἠθικώτερον πρός συμβίωσιν. 
</p>
<p>ἀλλὰ μὴν ἐπιστασίαις τε παίδων καὶ συναγελασμοῖς καὶ παιδαγωγίαις καὶ κοινωνίαις, περί τε δεῖπνα καὶ γυμνάσια καὶ παιδιὰς αὐτῶν ἐμμελείαις καὶ διακοσμήσεσιν, οὐδέν τι τοῦ προστυχόντος νομοθέτου βελτίονα τὸν Νομᾶν ὁ Λυκοῦργος ἀποδείκνυσιν, ἐπὶ ταῖς τῶν πατέρων ποιησάμενον ἐπιθυμίαις ἢ χρείαις τὰς τῶν νέων ἀγωγάς,
</p>
</div>
<div type="textpart" subtype="section" n="3">
                
<p>
εἴτε τις ἐργάτην γῆς βούλοιτο ποιεῖν τὸν υἱὸν εἴτε ναυπηγὸν ἢ χαλκέα διδάσκειν ἢ αὐλητήν, ὥσπερ οὐ πρός ἓν τέλος ὀφείλοντας ἐξ ἀρχῆς ἄγεσθαι καὶ συνεπιστρέφεσθαι τοῖς ἤθεσιν, ἀλλʼ οἷον εἰς ναῦν ἐπιβάτας ἕτερον ἐξ ἑτέρας ἥκοντα χρείας καὶ προαιρέσεως ἐν τοῖς κινδύνοις μόνον φόβῳ τοῦ ἰδίου συνίστασθαι πρός τὸ κοινόν, 
ἄλλως δὲ τὸ καθʼ αὑτὸν σκοπεῖν ἕκαστον.
</p>
</div>
<div type="textpart" subtype="section" n="4">
                
<p>καὶ 
τοῖς μὲν πολλοῖς οὐκ ἄξιον ἐγκαλεῖν νομοθέταις 
ἐλλείπουσιν ἢ διʼ ἄγνοιαν ἢ διʼ ἀσθένειαν ἀνδρὶ 
δὲ σοφῷ βασιλείαν παραλαβόντι δήμου νεωστὶ 
συνισταμένου καὶ πρός μηδὲν ἀντιτείνοντος, περὶ 
τί πρῶτον<note anchored="true" place="unspecified" resp="ed">
<foreign xml:lang="grc">πρῶτον</foreign> Bekker corrects to <foreign xml:lang="grc">πρότερον.</foreign>
</note>  ἦν σπουδάσαι προσῆκον ἢ παίδων ἐκτροφὴν 
καὶ νέων ἄσκησιν, ὅπως μὴ διάφοροι μηδὲ ταραχώδεις γένοιντο τοῖς ἤθεσιν, ἀλλʼ εἰς ἕν τι 
<pb n="paris.1624.78"/> κοινὸν ἀρετῆς ἴχνος εὐθὺς ἐξ ἀρχῆς πλαττόμενοι καὶ τυπούμενοι συμβαίνοιεν ἀλλήλοις;
</p>
</div>
<div type="textpart" subtype="section" n="5">
                
<p> ὃ δὴ
πρός τε τὰ ἄλλα καὶ σωτηρίαν νόμων ὠφέλησε τὸν Λυκοῦργον. μικρὸς γὰρ ἦν ὁ τῶν ὅρκων φόβος, εἰ 
<pb n="p.398"/>
μὴ διὰ τῆς παιδείας καὶ τῆς ἀγωγῆς οἷον ἀνέδευσε<note anchored="true" place="unspecified" resp="ed">
<foreign xml:lang="grc">ἀνέδευσε</foreign> Bekker adopts Reiske's correction to <foreign xml:lang="grc">ἐνέδευσε.</foreign>
</note>  
τοῖς ἤθεσι τῶν παίδων τοὺς νόμους, καὶ συνῳκείωσε τῇ τροφῇ τὸν ζῆλον τῆς πολιτείας, ὥστε πεντακοσίων ἐτῶν πλείω χρόνον τὰ κυριώτατα καὶ μέγιστα διαμεῖναι τῆς νομοθεσίας, ὥσπερ βαφῆς ἀκράτου καὶ ἰσχυρῶς καθαψαμένης. 
</p>
</div>
<div type="textpart" subtype="section" n="6">
                
<p>Νομᾷ δὲ ὅπερ ἦν τέλος τῆς πολιτείας, ἐν εἰρήνῃ καὶ φιλίᾳ τὴν Ῥώμην ὑπάρχειν, εὐθὺς συνεξέλιπε· καὶ μετὰ τὴν τελευτὴν ἐκείνου τὸν ἀμφίθυρον οἶκον, ὃν κεκλεισμένον αὐτὸς συνεῖχεν, ὥσπερ ὄντως ἐν αὐτῷ τιθασεύων καθειργμένον τὸν πόλεμον, ἐξ ἀμφοτέρων ἀναπετάσαντες αἵματος καὶ νεκρῶν τὴν Ἰταλίαν ἐνέπλησαν· καὶ οὐδὲ ὀλίγον χρόνον ἡ καλλίστη καὶ δικαιοτάτη κατάστασις ἔμεινεν, ἅτε δὴ καὶ τὸ συνδετικὸν ἐν αὑτῇ, τὴν παιδείαν, οὐκ ἔχουσα. 
</p>
</div>
<div type="textpart" subtype="section" n="7">
                
<p> <q>τί οὖν,</q> φήσει τις, <q>οὐκ ἐπὶ τὸ βέλτιον ἡ Ῥώμη προῆλθε τοῖς πολεμικοῖς;</q> ἐρωτῶν ἐρώτημα μακρᾶς ἀποκρίσεως δεόμενον πρός ἀνθρώπους τὸ βέλτιον ἐν πλούτῳ καὶ τρυφῇ καὶ ἡγεμονίᾳ μᾶλλον ἢ σωτηρίᾳ καὶ πρᾳότητι καὶ τῇ μετὰ δικαιοσύνης αὐταρκείᾳ τιθεμένους, οὐ μὴν ἀλλὰ καὶ τοῦτο Λυκούργῳ που δόξει βοηθεῖν, τὸ Ῥωμαίους μὲν τὴν ἐπὶ Νομᾶ κατάστασιν ἐξαλλάξαντας ἐπιδοῦναι τοῖς πράγμασι τοσοῦτον,
</p>
</div>
<div type="textpart" subtype="section" n="8">
                
<p>Λακεδαιμονίους δὲ ἅμα τῷ πρῶτον ἐκβῆναι τὴν Λυκούργου διάταξιν, ἐκ μεγίστων ταπεινοτάτους γενέσθαι καὶ τὴν τῶν Ἑλλήνων ἡγεμονίαν 
<pb n="p.400"/>
ἀποβαλόντας
κινδυνεῦσαι περί ἀναστάσεως, ἐκεῖνο μέντοι τῷ Νομᾷ μέγα καὶ θεῖον ὡς ἀληθῶς ὑπάρχει, τὸ ξένῳ τε μεταπέμπτῳ γενέσθαι καὶ πάντα πειθοῖ μεταβαλεῖν, καὶ κρατῆσαι πόλεως οὔπω συμπεπνευκυίας, μήτε ὅπλων δεηθέντα μήτε βίας τινός, ὡς Λυκοῦργος ἐπὶ τὸν δῆμον ἦγε τοὺς ἀρίστους, ἀλλὰ σοφίᾳ καὶ δικαιοσύνῃ πάντας προσαγαγόμενον καὶ συναρμόσαντα. </p>
</div>
</div>
    </div>
</body>
</text>
</TEI>