<?xml version="1.0" encoding="UTF-8"?>
<?xml-model href="http://www.stoa.org/epidoc/schema/latest/tei-epidoc.rng" schematypens="http://relaxng.org/ns/structure/1.0"?>
<TEI xmlns="http://www.tei-c.org/ns/1.0">
   <teiHeader type="text">
      <fileDesc>
         <titleStmt>
           
            <title n="Comp.Lyc.Num." type="work">Comparison of Lycurgus and Numa</title>
            <author n="Plut.">Plutarch</author>
            <editor n="Perrin" role="editor">Bernadotte Perrin</editor><sponsor>Perseus Project, Tufts University</sponsor>
		<principal>Gregory Crane</principal>
		<respStmt>
		<resp>Prepared under the supervision of</resp>
		<name>Lisa Cerrato</name>
		<name>William Merrill</name>
		<name>Elli Mylonas</name>
		<name>David Smith</name>
		</respStmt></titleStmt>
         <extent>about 18 Kb</extent><publicationStmt>
		<publisher>Trustees of Tufts University</publisher>
		<pubPlace>Medford, MA</pubPlace>
		<authority>Perseus Project</authority>
		</publicationStmt><sourceDesc>
            <biblStruct>
               <analytic n="Comp.Lyc.Num."/>
               <monogr>
                  <author>Plutarch</author>
                  <title>Plutarch's Lives</title>
                  <respStmt>
                     <resp>with an English Translation by</resp>
                     <name>Bernadotte Perrin</name>
                  </respStmt>
                  <imprint>
                     <pubPlace>Cambridge, MA</pubPlace>
                     <publisher>Harvard University Press</publisher>
                     <pubPlace>London</pubPlace>
                     <publisher>William Heinemann Ltd.</publisher>
                     <date>1914</date>
                  </imprint>
                  <biblScope unit="volume">1</biblScope>
               </monogr>
               <idno type="ISBN">0674990528</idno>
            </biblStruct>
         </sourceDesc>
      </fileDesc>
      <encodingDesc>
         <editorialDecl>
            <quotation marks="none"/>
            <correction status="high" method="silent">
               <p>optical character recognition</p>
            </correction>
         </editorialDecl>
         <refsDecl n="CTS">
            <cRefPattern n="section"
               matchPattern="(\w+).(\w+)"
               replacementPattern="#xpath(/tei:TEI/tei:text/tei:body/tei:div/tei:div[@n='$1']/tei:div[@n='$2'])">
               <p>This pointer pattern extracts chapter and section</p>
            </cRefPattern>
            <cRefPattern n="chapter"
               matchPattern="(\w+)"
               replacementPattern="#xpath(/tei:TEI/tei:text/tei:body/tei:div/tei:div[@n='$1'])">
               <p>This pointer pattern extracts chapter</p>
            </cRefPattern>
         </refsDecl>
         <!--<refsDecl doctype="tei.2">
            <state unit="chapter" delim="."/>
            <state unit="section"/>
         </refsDecl>-->
      </encodingDesc>
      <profileDesc>
         <langUsage>
            <language ident="eng">English</language>
            <language ident="lat">Latin</language>
            <language ident="grc">Greek</language>
         </langUsage>
      </profileDesc>
      <revisionDesc>
         <change when="2016-12-12" who="Lisa Cerrato">EpiDoc and CTS conversion</change>
         <change when="1998-10-01" who="RS">tagged and parsed</change>
      </revisionDesc>
   </teiHeader>
   
   <text xml:lang="eng">
      <body>
         <div type="translation" n="urn:cts:greekLit:tlg0007.tlg006.perseus-eng2" xml:lang="eng">
         <head>COMPARISON OF LYCURGUS AND NUMA</head>
         <div type="textpart" subtype="chapter" n="1">
				        <div type="textpart" subtype="section" n="1"><p>Now that we have recounted the lives of Numa and Lycurgus, and both lie clearly before us, we must attempt, even though the task be difficult, to assemble and put together their points of difference. For their points of likeness are obvious from their careers: their wise moderation, their piety, their talent for governing and educating, and their both deriving their laws from a divine source. But each also performed noble deeds peculiar to himself. To begin with, Numa accepted, but Lycurgus resigned, a kingdom.</p></div> 
				<div type="textpart" subtype="section" n="2"><p>One got it without asking for it, the other had it and gave it up. One was made by others their sovereign, though a private person and a stranger; the other made himself a private person, though he was a king. It was a noble thing, of course, to win a kingdom by righteousness; but it was also a noble thing to set righteousness above a kingdom. For it was virtue which rendered the one so famous as to be judged worthy of a kingdom, and virtue, too, which made the other so great as to scorn a kingdom.</p></div>	
				        <div type="textpart" subtype="section" n="3"><p>In the second place, then, it is granted that, just as musicians tune their lyres, so Lycurgus tightened the strings at Sparta, which he found relaxed with luxury, and Numa loosened the strings at Rome, where the tones were sharp and high; but the task was more difficult in the case of Lycurgus. For his efforts were to persuade the citizens, not to take off their breast-plates and lay aside their swords, but to cast away gold and silver, and abandon costly couches and tables; not to cease from wars and hold festivals and sacrifices, but to give up feasting and drinking and practise laboriously as soldiers and athletes.</p></div> 
				<div type="textpart" subtype="section" n="4"><p>Wherefore the one accomplished all his ends by persuasion, through the good-will and honour in
                     which his people held him; but the other had to risk his life and suffer
                     wounds, and scarcely then prevailed. <milestone unit="para"/>Numa’s muse,
                     however, was gentle and humane, and he converted his people to peace and
                     righteousness, and softened their violent and fiery tempers. And if we must
                     ascribe to the administration of Lycurgus the treatment of the Helots,</p></div>
            
				<div type="textpart" subtype="section" n="5"><p>a most savage and lawless practice, we shall own that Numa was far more Hellenic as a lawgiver, since he gave acknowledged slaves a taste of the dignity of freedom, by making it the custom for them to feast in the company of their masters during the Saturnalia<note resp="ed" place="unspecified" anchored="true">A mid-winter harvest festival in honour of Saturnus.</note> For this too was one of the institutions of Numa, as we are told, who thereby admitted to the enjoyment of the yearly fruits of the earth those who had helped to produce them. Some, however, fancy that this custom was a reminder of the equality which characterized the famous Saturnian age, when there was neither slave nor master, but all were regarded as kinsmen and equals.</p></div>
			

</div>

<div type="textpart" subtype="chapter" n="2">
				        <div type="textpart" subtype="section" n="1"><p>In general, both alike manifestly strove to lead their peoples to independence and sobriety; but as regards the other virtues, the one set his affections more on bravery, the other on righteousness; unless, indeed, the different natures or usages on which the government of each was based required different provisions.</p></div> 
				<div type="textpart" subtype="section" n="2"><p>For it was not out of cowardice that Numa put a stop to the waging of war, but to prevent the commission of injustice; neither was it to promote the commission of injustice that Lycurgus made his people warlike, but that they might not suffer injustice. Accordingly, in removing the excesses and supplying the deficiencies of their citizens, both were forced to make great innovations.</p></div>
			      <div type="textpart" subtype="section" n="3"><p>And surely, as regards the arrangement and classification of the citizens under their respective governments, Numa’s was strongly popular and inclined to favour the masses, resulting in a promiscuous and variegated commonalty of goldsmiths, musicians, and leather-workers; but that of Lycurgus was rigid and aristocratic, relegating the mechanical arts into the hands of slaves and aliens, but confining the citizens themselves to the use of the shield and the spear, so that they were artificers of war and servants of Ares, but knew and cared for nothing else than to obey their commanders and master their enemies.</p></div> 
				<div type="textpart" subtype="section" n="4"><p>For freemen were not even permitted to transact business, that they might be entirely and forever free, but the whole apparatus of business was turned over to slaves and Helots, just like the preparation and serving of their meals. Numa, on the contrary, made no such distinctions, but, while he put a stop to military rapacity, he prohibited no other gainful occupation. Nor did he reduce the great inequalities resulting therefrom,</p></div> 
				<div type="textpart" subtype="section" n="5"><p>but left the acquisition of wealth wholly unrestricted, and paid no attention to the great increase of poverty and its gradual influx into the city. And yet it was his duty at the very outset, while as yet there was no general or great disparity of means, but people still lived on much the same plane, to make a stand against rapacity, as Lycurgus did, and take measures of precaution against its mischiefs; for these were not trifling, but furnished the seed and source of the most and greatest evils of after times.</p></div> 
				<div type="textpart" subtype="section" n="6"><p>But as regards the redistribution of the land, Lycurgus, in my opinion, is not to be censured for making it, nor Numa for not making it. In the one case, the resulting equality was the foundation and base of his polity; but in the other, since the allotment of lands was recent, there was no urgent reason for introducing another division, or for disturbing the first assignment, which probably was still in force.</p></div>

</div>

<div type="textpart" subtype="chapter" n="3">
				        <div type="textpart" subtype="section" n="1"><p>With regard to community in marriage and parentage, though both, by a sound policy, inculcated in husbands a freedom from selfish jealousy, still, their methods were not entirely alike. The Roman husband, if he had a sufficient number of children to rear, and another, who lacked children, could persuade him to the step, relinquished his wife to him, having the power of surrendering her entirely, or only for a season; but the Spartan, while his wife remained in his house, and the marriage retained its original rights and obligations, might allow any one who gained his consent to share his wife for the purpose of getting children by her.</p></div> 
				<div type="textpart" subtype="section" n="2"><p>And many husbands, as we have said,<note resp="ed" place="unspecified" anchored="true">
               <bibl n="Plut. Lyc. 15.7">Lycurgus, xv. 7.</bibl>
            </note> would actually invite into their homes men whom they thought most likely to procure them handsome and noble children. What, then, is the difference between the two customs? We may say, perhaps, that the Spartan implies a complete indifference to the wife, and to the jealous emotions which confound and consume the hearts of most men; while the Roman, as if with shame-faced modesty, makes a veil of the new betrothal, and concedes that community of wives is really insupportable.</p></div>
			
				        <div type="textpart" subtype="section" n="3"><p>Still further, Numa’s watchful care of young maidens was more conducive to feminine decorum; but the treatment of them by Lycurgus, being entirely unconfined and unfeminine, has given occasion to the poets. They call them 
				<q type="foreign">phainomerides,</q> 
            <gloss>bare-thighed</gloss> (so Ibycus), and revile them as mad after men. Thus Euripides says<note resp="ed" place="unspecified" anchored="true">
               <bibl n="Eur. Andr. 587">
                  <title>Andromache</title>, 587f.</bibl> (Kirchhoff), slightly adapted.</note>:—
				<quote rend="blockquote">
					          <l>They leave their homes to mingle with the youths;</l>
					          <l>Their thighs are naked, flying free their robes.</l>
				        </quote></p></div>
   
				        <div type="textpart" subtype="section" n="4"><p>For in fact the flaps of the tunic worn by their maidens were not sewn together below the waist, but would fly back and lay bare the whole thigh as they walked. Sophocles pictures the thing very clearly in these words<note resp="ed" place="unspecified" anchored="true">Fragment 788 (Nauck).</note>:—
				<quote rend="blockquote">
					          <l>And that young maid, whose tunic, still unsewn,</l>
					          <l>Lays bare her gleaming thigh</l>
					          <l>Between its folds, Hermione.</l>
				        </quote></p></div>
   
				        <div type="textpart" subtype="section" n="5"><p>And so their women, it is said, were too bold, putting on men’s airs with their husbands even, to begin with, since they ruled their houses absolutely, and besides, on public occasions, taking part in debate and the freest speech on the most important subjects. But Numa, while carefully preserving to the matrons that dignified and honourable relation to their husbands which was bestowed on them by Romulus,<note resp="ed" place="unspecified" anchored="true">Cf. <bibl n="Plut. Rom. 19.6">Romulus, xix. 6.</bibl>
            </note> when he tried by kindly usage to efface the memory of the violence done them, nevertheless enjoined great modesty upon them, forbade them all busy intermeddling, taught them sobriety, and accustomed them to be silent; wine they were to refrain from entirely, and were not to speak, even on the most necessary topics, unless their husbands were with them.</p></div>
   
				<div type="textpart" subtype="section" n="6"><p>At any rate, it is said that when a woman once pleaded her own cause in the forum, the senate sent to inquire of an oracle what the event might portend for the city. And for their usual gentleness and readiness to obey, there is strong evidence in the specific mention made of those who were less amenable. For just as our Greek historians record the names of those who first slew kinsfolk, or made war on their brothers, or were parricides, or matricides,</p></div> 
   
				<div type="textpart" subtype="section" n="7"><p>so the Romans make record of the fact that Spurius Carvilius was the first to divorce his wife, two hundred and thirty years after the founding of Rome, there being no precedent for it; also that the wife of Pinarius, Thalaea by name, was the first woman to quarrel with her own mother-in-law, Gegania, in the reign of Tarquinius Superbus. In such fitting and proper manner were marriages regulated by their lawgiver.</p></div>

</div>

<div type="textpart" subtype="chapter" n="4">
				        <div type="textpart" subtype="section" n="1"><p>Further, the practice of the two peoples in the matter of giving their young maids in marriage conforms to their education of them in general. Lycurgus made them brides only when they were fully ripe and eager for it, in order that intercourse with a husband, coming at a time when nature craved it, might produce a kindly love, instead of the timorous hate that follows unnatural compulsion; also that their bodies might be vigorous enough to endure the strain of conception and child-birth, convinced as he was that marriage had no other end than the production of children. The Romans, on the other hand, gave their maidens in marriage when they were twelve years old, or even younger. In this way more than any other, it was thought, both their bodies and their dispositions would be pure and undefiled when their husbands took control of them. </p></div>
				<div type="textpart" subtype="section" n="2"><p>It is clear, therefore, that one practice regarded nature more, with children in view; the other regarded more the formation of character, with married life in view.
			
         <milestone unit="para"/>But surely, by his careful attention to boys, by their collection into companies, their discipline and constant association, and by his painstaking arrangements for their meals and bodily exercise and sports, Lycurgus proves that Numa was no more than an ordinary lawgiver. For Numa left the bringing up of youths to the wishes or necessities of their fathers.</p></div> 
				<div type="textpart" subtype="section" n="3"><p>A father might, if he wished, make his son a tiller of the soil, or a shipwright, or might teach him to be a smith or a flute-player, as if it were not important that all of them should be trained with one and the same end in view from the outset, and have their dispositions formed alike; but rather as if they were like passengers on a ship, each coming with a different object and purpose, and each therefore uniting with the rest for the common good only in times of peril, through fear of private loss, but otherwise consulting only his own interests.</p></div> 
				<div type="textpart" subtype="section" n="4"><p>Now, it is not worth while to censure the common run of legislators, who fail through ignorance or weakness. But when a wise man had consented to be king over a people newly constituted and pliant to his every wish, what should have been his first care, unless it was the rearing of boys and the training of youths so that there might be no confusing differences in their characters, but that they might be moulded and fashioned from the very outset so as to walk harmoniously together in the same path of virtue?</p></div> 
				<div type="textpart" subtype="section" n="5"><p>This, indeed, was what helped Lycurgus to secure, among other things, the stability and permanence of his laws. The Spartans took oaths to maintain these laws, it is true, but this would have availed little had he not, by means of his training and education of the boys, infused his laws, as it were, into their characters, and made the emulous love of his government an integral part of their rearing. The result was that for more than five hundred years the sovereign and fundamental features of his legislation remained in force, like a strong and penetrating dye.</p></div>
		
				        <div type="textpart" subtype="section" n="6"><p>But that which was the end and aim of Numa’s government, namely, the continuance of peace and friendship between Rome and other nations, straightway vanished from the earth with him. After his death the double doors of the temple<note resp="ed" place="unspecified" anchored="true">Cf. <bibl n="Plut. Num. 20.1">Numa, xx. 1.</bibl>
            </note> which he had kept continuously closed, as if he really had war caged and confined there, were thrown wide open, and Italy was filled with the blood of the slain. Thus not even for a little time did the beautiful edifice of justice which he had reared remain standing, because it lacked the cement of education.</p></div>
			
				        <div type="textpart" subtype="section" n="7"><p>
				        <q type="direct">What, then!</q> some one will say, 
				<q type="direct">was not Rome advanced and bettered by her wars?</q> That is a question which will need a long answer, if I am to satisfy men who hold that betterment consists in wealth, luxury and empire, rather than in safety, gentleness, and that independence which is attended by righteousness. However, it will be thought, I suppose, to favour the superior claims of Lycurgus, that, whereas the Romans increased in power as they did after abandoning the institutions of Numa’s time,</p></div> 
				<div type="textpart" subtype="section" n="8"><p>the Lacedaemonians, on the other hand, just as soon as they forsook the precepts of Lycurgus, sank from the highest to the lowest place, lost their supremacy over the Greeks, and were in danger of utter destruction. Nevertheless, this remains a great feature in Numa’s career, and one really divine, that he was a stranger, and yet was summoned to the throne, where he changed the whole nature of the state by force of persuasion alone, and mastered a city which was not yet in sympathy with his views; and that he accomplished this without appeal to arms or any violence (unlike Lycurgus, who led the nobles in arms against the commons), but by his wisdom and justice won the hearts of all the citizens and brought them into harmony.</p></div>
		
      

</div>
         </div>
</body>
   </text>
</TEI>