<?xml version="1.0" encoding="UTF-8"?>
<ti:work xmlns:ti="http://chs.harvard.edu/xmlns/cts" groupUrn="urn:cts:greekLit:tlg0006" projid="greekLit:tlg013" urn="urn:cts:greekLit:tlg0006.tlg013" xml:lang="grc">
      
   <ti:title xml:lang="eng">Iphigenia in Tauris</ti:title>
      
   <ti:translation projid="greekLit:perseus-eng1" urn="urn:cts:greekLit:tlg0006.tlg013.perseus-eng1" xml:lang="eng" workUrn="urn:cts:greekLit:tlg0006.tlg013">
        
      <ti:label xml:lang="eng">Iphigenia in Tauris (English Translation by Robert Potter)</ti:label>
        
      <ti:description xml:lang="eng">Perseus:bib:oclc,42737896, Euripides. The Complete Greek Drama,
          edited by Whitney J. Oates and Eugene O&amp;apos;Neill, Jr. in two volumes. 1. Iphigenia
          in Tauris, translated by Robert Potter. New York. Random House. 1938.</ti:description>
        
      <ti:memberof collection="Perseus:collection:Greco-Roman-protected"/>
      
   </ti:translation>
    
</ti:work>