<?xml version="1.0" encoding="UTF-8"?>
 <?xml-model href="http://www.stoa.org/epidoc/schema/latest/tei-epidoc.rng" schematypens="http://relaxng.org/ns/structure/1.0"?>
 <TEI xmlns="http://www.tei-c.org/ns/1.0">
 <teiHeader>
 <fileDesc>
 <titleStmt>
 <title>Cataplus</title>
  <author>Lucianus Samosatenus</author>
 <editor>A. M. Harmon</editor>
  <funder>Harvard Library Arcadia Fund</funder>
  <principal>Gregory Crane</principal>
  <respStmt>
   <persName xml:id="DDD">Digital Divide Data</persName>
   <resp>Corrected and encoded the text</resp>
  </respStmt>
  <respStmt>
   <persName>Gregory Crane</persName>
   <resp>Editor-in-Chief, Perseus Digital Library</resp>
  </respStmt>
  <respStmt>
   <persName>Matt Munson</persName>
   <resp>Project Manager (University of Leipzig), 2016 - present</resp>
  </respStmt>
  <respStmt>
   <persName>Annette Geßner</persName>
   <resp>Project Assistant (University of Leipzig) 2015 - present</resp>
  </respStmt>
  <respStmt>
   <persName>Thibault Clérice</persName>
   <resp>Lead Developer (University of Leipzig)</resp>
  </respStmt>
  <respStmt>
   <persName>Bruce Robertson</persName>
   <resp>Technical Advisor</resp>
  </respStmt>
 </titleStmt>
 <publicationStmt>
 <authority>Harvard College Library</authority>
 <idno type="filename">tlg0062.tlg016.1st1K-grc1.xml</idno>
 <availability>
 <p>Available under a Creative Commons Attribution-ShareAlike 4.0 International License</p>
 </availability>
 <date>2016</date>
 <publisher>Harvard College Library</publisher>
 <pubPlace>United States</pubPlace>
 </publicationStmt>
 <sourceDesc>
 <listBibl>
 <biblStruct>
 <monogr>
 <title>Lucian</title>
 <editor>
 <persName>
 <name>A. M. Harmon</name>
 </persName>
 </editor>
  <author ref="urn:cts:greekLit:tlg0062">Lucianus Samosatenus</author>
 <imprint>
 <publisher>Harvard University Press</publisher>
 <pubPlace>Cambridge, Mass</pubPlace>
 <date>1960</date>
 </imprint>
 <biblScope unit="volume">2</biblScope>
 </monogr>
  <ref target="https://archive.org/details/lucianhar02luciuoft">The Internet Archive</ref>
 </biblStruct>
 </listBibl>
 </sourceDesc>
 </fileDesc>
 <encodingDesc>
  <p>Text encoded in accordance with the latest EpiDoc standards (January 2014)</p>
  <refsDecl n="CTS">
   <cRefPattern matchPattern="(.+)" n="section" replacementPattern="#xpath(/tei:TEI/tei:text/tei:body/tei:div/tei:div[@n='$1'])"/>
  </refsDecl>
 </encodingDesc>
 <profileDesc>
 <langUsage>
 <language ident="grc">Greek</language>
 </langUsage>
 </profileDesc>
 <revisionDesc>
 <change/>
 </revisionDesc>
 </teiHeader>
 <text>
 <body>
  <div type="edition" xml:lang="grc" n="urn:cts:greekLit:tlg0062.tlg016.1st1K-grc1">
 <pb n="2"/>
 <head>ΚΑΤΑΠΛΟΥΣ Η ΤΥΡΑΝΝΟΣ</head>
 
 <div type="textpart" subtype="section" n="1">
 <sp>
 <speaker>ΧΑΡΩΝ</speaker>
 <p>1 Εἶεν, ὦ Κλωθοῖ, τὸ μὲν σκάφος τοῦτο ἡμῖν
 πάλαι εὐτρεπὲς καὶ πρὸς ἀναγωγὴν εὖ μάλα
 παρεσκευασμένον· ὅ τε γὰρ ἄντλος ἐκκέχυται καὶ
 ὁ ἱστὸς ὤρθωται καὶ ἡ ὀθόνη παρακέκρουσται καὶ
 τῶν κωπῶν ἑκάστη τετρόπωται, κωλύει τε οὐδέν,
 ὅσον ἐπʼ ἐμοί, τὸ ἀγκύριον ἀνασπάσαντας ἀποπλεῖν.
 ὁ δὲ Ἑρμῆς βραδύνει, πάλαι παρεῖναι
 δέον· κενὸν γοῦν ἐπιβατῶν, ὡς ὁρᾷς, ἔστι τὸ
 πορθμεῖον τρὶς ἤδη τήμερον ἀναπεπλευκέναι δυνάμενον·
 καὶ σχεδὸν ἀμφὶ βουλυτόν ἐστιν, ἡμεῖς
 δὲ οὐδέπω οὐδὲ ὀβολὸν ἐμπεπολήκαμεν. εἶτα
 ὁ Πλούτων εὖ οἶδα ὅτι ἐμὲ ῥᾳθυμεῖν ἐν τούτοις
 ὑπολήψεται, καὶ ταῦτα, παῤ ἄλλῳ οὔσης τῆς
 αἰτίας. ὁ δὲ καλὸς ἡμῖν κἀγαθὸς νεκροπομπὸς
 ὥσπερ τις ἄλλος καὶ αὐτὸς ἄνω τὸ τῆς Λήθης
 ὕδωρ πεπωκὼς ἀναστρέψται πρὸς ἡμᾶς ἐπιλέλησται,
 καὶ ἤτοι παλαίει μετὰ τῶν ἐφήβων ἢ κιθαρίθζει
 ἢ λόγους τινὰς διεξέρχεται ἐπιδεικνύμενος
 τὸν λῆρον τὸν αὑτοῦ, ἢ τάχα που καὶ κλωπεύει
 ὁ γεννάδας παρελθών· μία γὰρ αὐτοῦ καὶ αὕτη
 
 <pb n="4"/>
 τῶν τεχνῶν. ὁ δ᾿ οὖν ἐλευθεριάζει πρὸς ἡμᾶς,
 καὶ ταῦτα ἐξ ἡμισείας ἡμέτερος ὤν.</p>
 </sp>
 </div>
 
 <div type="textpart" subtype="section" n="2">
 <sp>
 <speaker>ΚΛΩΘΩ</speaker>
 <p>2 Τί δὲ οἶδας, ὦ Χάρων, εἴ τις ἀσχολία προσέπεσεν <note type="footnote" n="2"></note>
 αὐτῷ, τοῦ Διὸς ἐπὶ πλέον δεηθέντος ἀποχρήσασθαι
 πρὸς τὰ ἄνω πράγματα; δεσπότης δὲ
 κἀκεῖνός ἐστιν.</p>
 </sp>
 
 <sp>
 <speaker>ΧΛΩΘΩ</speaker>
 <p>Ἀλλ᾿ οὐχ ὤστε, ὦ Κλωθοῖ, πέρα τοῦ μέτρου
 δεσπόζειν κοινοῦ κτήματος, ἐπεὶ οὐδὲ ἡμεῖς ποτε
 αὐτόν, ἀπιέναι δέον, κατεσχήκαμεν. ἀλλʼ ἐγὼ
 οἶδα τὴν αἰτίαν· παῤ ἡμῖν μὲν γὰρ ἀσφόδελος
 μόνον καὶ χοαὶ καὶ πόπανα καὶ ἐναγίσματα, τὰ
 δʼ ἄλλα ζόφος καὶ ὁμίχλη καὶ σκότος, ἐν δὲ τῷ
 οὐρανῷ φαιδρὰ πάντα καὶ ἥ τε ἀμβροσία πολλὴ
 καὶ τὸ νέκταρ ἄφθονον· ὥστε ἥδιον παῤ ἐκείνοις
 βραδύνειν ἔοικε. καὶ παῤ ἡμῶν μὲν ἀνίπταται
 καθάπερ ἐκ δεσμωτηρίου τινὸς ἀποδιδράσκων·
 ἐπειδὰν δὲ καιρὸς κατιέναι, σχολῇ καὶ βάδην
 μόγις ποτὲ κατέρχεται.</p>
 </sp>
 </div>
 
 <div type="textpart" subtype="section" n="3">
 <sp>
 <speaker>ΚΛΩΘΩ</speaker>
 <p>3 Μηκέτι χαλέπαινε, ὦ Χάρων· πλησίον γὰρ
 αὐτὸς οὗτος, ὡς ὁρᾷς, πολούς τινας ἡμῖν ἄγων,
 μᾶλλον δὲ ὥσπερ τι αἰπόλιον ἀθρόους αὐτοὺς τῇ
 ῥάβδῳ σοβῶν. ἀλλὰ τί τοῦτο; δεδεμένον τινὰ ἐν
 αὐτοῖς καὶ ἄλλον γελῶντα ὁρῶ, ἕνα δέ τινα καὶ
 πήραν ἐξημμένον καὶ ξύλον ἐν τῇ χειρὶ ἔχοντα,
 δριμὺ ἐνορῶντα καὶ τοὺς ἄλλους ἐπισπεύδοντα.
 οὐχ ὁρᾷς δὲ καὶ τὸν Ἑρμῆν αὐτὸν ἱδρῶτι ῥεόμενον
 καὶ τὼ πόδε κεκονιμένον καὶ πνευστιῶντα; μεστὸν
 
 <pb n="6"/>
 γοῦν ἄσθματος αὐτῷ τὸ στόμα. τί ταῦτα, ὦ
 Ἑρμῆ; τίς ἡ σπουδή; τεταραγμένῳ γὰρ ἡμῖν
 ἔοικας.</p>
 </sp>
 
 <sp>
 <speaker>ΕΡΜΗΣ</speaker>
 <p>Τί δ᾿ ἄλλο, ὦ Κλωθοῖ, ἢ τουτονὶ τὸν ἀλιτήριον
 ἀποδράντα μεταδιώκων ὀλίγου δεῖν λιπόνεως ὑμῖν
 τήμερον ἐγενόμην;</p>
 </sp>
 
 <sp>
 <speaker>ΚΛΩΘΩ</speaker>
 <p>Τίς δʼ ἐστίν; ἢ τί βουλόμενος ἀπεδίδρασκε;</p>
 </sp>
 
 <sp>
 <speaker>ΕΡΜΗΣ</speaker>
 <p>Τουτὶ μὲν πρόδηλον, ὅτι ζῆν μᾶλλον ἐβούλετο.
 ἔστι δὲ βασιλεύς τις ἢ τύραννος, ἀπὸ γοῦν τῶν
 ὀδυρμῶν καὶ ὦν ἀνακωκύει, πολλῆς τινος εὐδαιμονίας
 ἐστερῆσθαι λέγων.</p>
 </sp>
 
 <sp>
 <speaker>ΚΛΩΘΩ</speaker>
 <p>Εἶθ᾿ ὁ μάταιος ἀπεδίδρασκεν, ὡς ἐπιβιῶναι δυνάμενος,
 ἐπιλελοιπότος ἤδη τοῦ ἐπικεκλωσμένου
 αὐτῷ νήματος;</p>
 </sp>
 </div>
 
 <div type="textpart" subtype="section" n="4">
 <sp>
 <speaker>ΕΡΜΗΣ</speaker>
 <p>4 Ἀπεδίδρασκε, λέγεις; εἰ γὰρ μὴ ὁ γενναιότατος
 οὖτος, ὁ τὸ ξύλον, συνήργησέ μοι καὶ συλλαβόντες
 αὐτὸν ἐδήσαμεν, κἂν ᾤχετο ἡμᾶς ἀποφυγών·
 ἀφʼ οὗ γάρ μοι παρέδωκεν αὐτὸν ἡ Ἄτροπος,
 παῤ ὅλην τὴν ὁδὸν ἀντέτεινε καὶ ἀντέσπα, καὶ
 τὼ πόδε ἀντερείδων πρὸς τὸ ἔδαφος οὐ παντελῶς
 εὐάγωγος ἦν· ἐνίοτε δὲ καὶ ἱκέτευε καὶ κατελιπάρει,
 ἀφεθῆναι πρὸς ὀλίγον ἀξιῶν καὶ πολλὰ
 δώσειν ὑπισχνούμενος. ἐγὼ δέ, ὥσπερ εἰκός, οὐκ
 ανίειν ὁρῶν ἀδυνάτων ἐφιέμενον. ἐπεὶ δὲ κατʼ
 αὐτὸ ἤδη τὸ στόμιον ἦμεν, ἐμοῦ τοὺς νεκρούς, ὡς
 
 <pb n="8"/>
 ἔθος, ἀπαριθμοῦντος τῷ Λἰακῷ κἀκείνου λογιζομένου
 αὐτοὺς πρὸς τὸ παρὰ τῆς σῆς ἀδελφῆς
 πεμφθὲν αὐτῷ σύμβολον, λαθὼν οὐκ οἶδ᾿ ὅπως ὁ
 τρισκατάρατος ἀπιὼν ᾤχετο, ἐνέδει οὖν νεκρὸς
 εἷς τῷ λογισμῷ, καὶ ὁ Αἰακὸς ἀνατείνας τὰς
 ὀφρῦς, “Μὴ ἐπὶ πάντων, ὦ Ἑρμῆ,” φησί, “χρῶ
 τῇ κλεπτικῇ, ἅλις σοι αἱ ἐν οὐρανᾣ παιδιαί· τὰ
 νεκρῶν δὲ ἀκριβῆ καὶ οὐδαμῶς λαθεῖν δυνάμενα.
 τέτταρας, ὡς ὁρᾷς, πρὸς τοῖς χιλίοις ἔχει τὸ
 σύμβολον ἐγκεχαραγμένους, σὺ δέ μοι παῤ ἕνα
 ἥκεις ἄγων, εἰ μὴ τοῦτο φής, ὡς παραλελόγισταί
 σε ἡ Ἄτροπος.” ἐγὼ δὲ ἐρυθριάσας πρὸς τὸν
 λόγον ταχέως ὑπεμνήσθην τῶν κατὰ τὴν ὁδόν,
 κἀπειδὴ περιβλέπων οὐδαμοῦ τοῦτον εἶδον, συνεὶς
 τὴν ἀπόδρασιν ἐδίωκον ὡς εἶχον τάχους κατὰ τὴν
 ἄγουσαν πρὸς τὸ φῶς· εἵπετο δὲ αὐθαίρετός μοι
 ὁ βέλτιστος οὗτος, καὶ ὥσπερ ἀπὸ ὕσπληγγος
 θέοντες καταλαμβάνομεν αὐτὸν ἤδη ἐν Ταινάρῳ·
 παρὰ τοσοῦτον ἦλθε διαφυγεῖν.</p>
 </sp>
 </div>
 
 <div type="textpart" subtype="section" n="5">
 <sp>
 <speaker>ΚΛΩΘΩ</speaker>
 <p>5 Ἡμεῖς δέ, ὧ Χάρων, ὀλιγωρίαν ἢδη τοῦ Ἑρμοῦ
 κατεγινώσκομεν.</p>
 </sp>
 
 <sp>
 <speaker>ΧΑΡΩΝ</speaker>
 <p>Τί οὖν ἔτι διαμέλλομεν ὡς οὐχ ἱκανῆς ἡμῖν
 γεγενημένης διατριβῆς;</p>
 </sp>
 
 <sp>
 <speaker>ΚΛΩΘΩ</speaker>
 <p>Εὖ λέγεις· ἐμβαινέτωσαν. ἐγὼ δὲ προχειρισαμένη
 τὸ βιβλίον καὶ παρὰ τὴν ἀποβάθραν καθεζομένη,
 
 <pb n="10"/>
 ὡς ἔθος, ἐπιβαίνοντα ἕκαστον αὐτῶν διαγνώσομαι,
 τίς καὶ πόθεν καὶ ὅντινα τεθνεὼς τὸν
 τρόπον· σὺ δὲ παραλαμβάνων στοίβαζε καὶ
 συντίθει· σὺ δέ, ὧ Ἑρμῆ,<note type="footnote" n="1"></note> τὰ νεογνὰ ταυτὶ πρῶτα
 ἐμβαλοῦ· τί γὰρ ἂν καὶ ἀποκρίναιντό μοι;</p>
 </sp>
 
 <sp>
 <speaker>ΕΡΜΗΣ</speaker>
 <p>Ἰδού σοι, ὦ πορθμεῦ, τὸν ἀριθμὸν οὗτοι τριακόσιοι
 μετὰ τῶν ἐκτιθεμένων.</p>
 </sp>
 
 <sp> 
 <speaker>ΧΑΡΩΝ</speaker>
 <p>Βαβαὶ τῆς εὐαγρίας. ὀμφακίας ἡμῖν νεκροὺς
 ἥκεις ἄγων.</p>
 </sp>
 
 <sp>
 <speaker>ΕΡΜΗΣ</speaker>
 <p>Βούλει, ὦ Κλωθοῖ, τοὺς ἀκλαύστους ἐπὶ τούτοις
 ἐμβιβασώμεθα;</p>
 </sp>
 
 <sp>
 <speaker>ΚΛΩΘΩM</speaker>
 <p>Τοὺς γέροντας λέγεις; οὕτω ποίει. τί γάρ
 με δεῖ πράγματα ἔχειν τὰ πρὸ Εὐκλείδου νῦν
 ἐξετάζουσαν; οἱ ὑπὲρ ἑξήκοντα ὑμεῖς πάριτε ἤδη.
 τί τοῦτο; οὐκ ἐπακούουσί μου βεβυσμένοι τὰ
 ὦτα ὑπὸ τῶν ἐτῶν. δεήσει τάχα καὶ τούτους
 ἀράμενον παραγαγεῖν.</p>
 </sp>
 
 <sp>
 <speaker>ΕΡΜΗΣ</speaker>
 <p>Ἰδοὺ πάλιν οὗτοι δυεῖν δέοντες τετρακόσιοι,
 τακεροὶ πάντες καὶ πέπειροι καὶ καθ᾿ ὥραν
 τετρυγημένοι.</p>
 </sp>
 
 <sp>
 <speaker>ΧΑΡΩΝ</speaker>
 <p>Νὴ Δί᾿, ἐπεὶ ἀσταφίδες γε πάντες ἤδη εἰσί.</p>
 </sp>
 </div>
 
 <div type="textpart" subtype="section" n="6">
 <sp>
 <speaker>ΚΛΩΘΩ</speaker>
 <p>6 Τοὺς τραυματίας ἐπὶ τούτοις, ὦ Ἑρμῆ, παράγαγε·
 καὶ πρῶτόν μοι εἴπατε ὅπως ἀποθανόντες
 <note type="footnote">1 συντίθει· σὺ δέ, ὦ Ἑρμῆ Jacobs: συντίθει, ὦ Ἑρμῆ· σὺ δὲ
 MSS.</note>
 
 <pb n="12"/>
 ἥκετε· μᾶλλον δὲ αὐτὴ πρὸς τὰ γεγραμμένα ὑμᾶς
 ἐπισκέψομαι. πολεμοῦτας ἀποθανεῖν ἔδει χθὲς
 ἐν Μηδίᾳ τέτταρας ἐπὶ τοἴς ὀγδοήκοντα καὶ τὸν
 Ὀξυάρτου υἱὸν μετ᾿ αὐτῶν Γωβάρην.</p>
 </sp>
 
 <sp>
 <speaker>ΕΡΜΗΣ</speaker>
 <p>Πάρεισι.</p>
 </sp>
 
 <sp>
 <speaker>ΚΛΩΘΩ</speaker>
 <p>Δι᾿ ἔρωτα αὑτοὺς ἀπέσφαξαν ἑπτά, καὶ ὁ
 φιλόσοφος Θεαγένης διὰ τὴν ἐταίραν τὴν
 Μεγαρόθεν.</p>
 </sp>
 
 <sp>
 <speaker>ΕΡΜΗΣ</speaker>
 <p>Οὑτοιὶ πληςίον.</p>
 </sp>
 
 <sp>  
 <speaker>ΚΛΩΘΩ</speaker>
 <p>Ποῦ δ᾿ οἱ περὶ τῆς βασιλείας ὑπ᾿ ἀλλήλων
 ἀποθανόντες;</p>
 </sp>
 
 <sp>
 <speaker>ΕΡΜΗΣ</speaker>
 <p>Παρεστᾶσιν.</p>
 </sp>
 
 <sp>
 <speaker>ΚΛΩΘΩ</speaker>
 <p>Ὁ δ’ ὑπὸ τοῦ μοιχοῦ καὶ τῆς γυναικὸς
 θονευθείς;</p>
 </sp>
 
 <sp>
 <speaker>ΕΡΜΗΣ</speaker>
 <p>Ἰδού σοι πληςίον.</p>
 </sp>
 
 <sp>
 <speaker>ΚΛΩΘΩ</speaker>
 <p>Τοὺς ἐκ δικαστηρίων δῆτα παράγαγε, λέγω
 δὲ τοὺς ἐκ τυμπάνου καὶ τοὺς ἀνεσκοπις μένους,
 οἱ δ᾿ ὑπὸ λῃστῶν ἀποθανόντες ἑκκαίδεκα
 ποῦ εἰσιν, ὦ Ἐρμῆ;</p>
 </sp>  
 
 <pb n="14"/>
 <sp>
 <speaker>ΕΡΜΗΣ</speaker>
 <p>Πάρεισιν οἵδε οἱ τραυματίαι οὓς ὁρᾷς. τὰς δὲ
 γυναῖκας ἅμα βούλει παραγάγω;</p>
 </sp>
 
 <sp>
 <speaker>ΚΛΩΘΩ</speaker>
 <p>Μάλιστα, καὶ τοὺς ἀπὸ ναυαγίων γε ἅμα· καὶ
 γὰρ τεθνᾶσι<note type="footnote" n="1"></note> τὸν ὅμοιον τρόπον. καὶ τοὺς ἀπὸ
 τοῦ πυρετοῦ δέ, καὶ τούτους ἅμα, καὶ τὸν ἰατρὸν
 μετʼ αὐτῶν Ἀγαθοκλέα.</p>
 </sp>
 </div>
 
 <div type="textpart" subtype="section" n="7">
 <p>7 ποῦ δʼ ὁ φιλόσοφος
 Κυνίσκος, ὃν ἔδει τῆς Ἑκάτης τὸ δεῖπνον φαγόντα
 καὶ τὰ ἐκ τῶν καθαρσίων ᾠὰ καὶ πρὸς τούτοις γε
 σηπιαν ὠμὴν ἀποθανεῖν;</p>
 
 <sp>
 <speaker>ΚΥΝΙΣΚΟΣ</speaker>
 <p>Πάλαι σοι παρέστηκα, βελτίστη Κλωθοῖ.
 τι δε με ἀδικήσαντα τοσοῦτον εἴας ἄνω τὸν
 χρόνον; σχεδὸν γὰρ ὅλον μοι τὸν ἄτρακτον ἐπέκλωσας.
 καίτοι πολλάκις ἐπειράθην τὸ νῆμα
 διακόψας ἐλθεῖν, ἀλλʼ οὐκ οἶδʼ ὅπως ἄρρηκτον
 ἦν.</p>
 </sp>
 
 <sp>
 <speaker>ΚΛΩΘΩ</speaker>
 <p>Ἔφορόν σε καὶ ἰατρὸν εἶναι τῶν ἀνθρωπίνων
 ἁμαρτημάτων ἀπελίμπανον. ἀλλὰ ἔμβαινε ἀγαθῇ
 τύχῃ.</p>
 </sp>
 
 <sp>
 <speaker>ΚΥΝΙΣΚΟΣ</speaker>
 <p>Μὰ Δί᾿, ἢν μὴ πρότερόν γε τουτονὶ τὸν δεδεμένον
 ἐμβιβασώμεθα· δέδια γὰρ μή σε παραπείσῃ
 δεόμενος.</p>
 <note type="footnote">1 καὶ γὰρ τεθνᾶσι Schmieder: γὰρ τεθνᾶσι καὶ MSS.</note>
 </sp>
 </div>
 
 <div type="textpart" subtype="section" n="8">
 <pb n="16"/>
 <sp>
 <speaker>ΚΛΩΘΩ</speaker>
 <p>8 Φέρ᾿ ἴδω τίς ἐστι.</p>
 </sp>
 
 <sp>
 <speaker>ΚΥΝΙΣΚΟΣ<note type="footnote" n="1"></note></speaker>
 <p>Μεγαπένθης ὁ Λακύδου, τύραννος.</p>
 </sp>
 
 <sp>
 <speaker>ΚΛΩΘΩ</speaker>
 <p>Ἐπίβαινε σύ.</p>
 </sp>
 
 <sp>
 <speaker>ΜΕΓΑΠΕΝΘΗΣ</speaker>
 <p>Μηδαμῶς, ὦ δέσποινα Κλωθοῖ, ἀλλά με πρὸς 
 ὀλίγον ἔασον ἄνελθεῖν. εἶτά σοι αὐτοματος ἥξω
 καλοῦντος μηδενός.</p>
 </sp>
 
 <sp>
 <speaker>ΚΛΩΘΩ</speaker>
 <p>Τί δὲ ἔστιν οὖ χάριν ἀφικέσθαι θέλεις;</p>
 </sp>
 
 <sp>
 <speaker>ΜΕΓΑΠΕΝΘΗΣ</speaker>
 <p>Τὴν οἰκίαν ἐκτελέσαι μοι πρότερον ἐπίτρεψον·
 ἡμιτελὴς γὰρ ὁ δόμος καταλέλειπται.</p>
 </sp>
 
 <sp>
 <speaker>ΚΛΩΘΩ</speaker>
 <p>Ληρεῖς· ἀλλὰ ἔμβαινε.</p>
 </sp>
 
 <sp>
 <speaker>ΜΕΓΑΠΕΝΘΗΣ</speaker>
 <p>Οὐ πολὺν χρόνον, ὦ Μοῖρα, αἰτῶ· μίαν με
 ἔασον μεῖναι τήνδε ἡμέραν, ἄχρι ἄν τι ἐπισκήψω
 τῇ γυναικὶ περὶ τῶν χρημάτων, ἔνθα τὸν μέγαν
 εἶχον θησαυρὸν κατορωρυγμένον.</p>
 </sp>
 
 <sp>
 <speaker>ΚΛΩΘΩ</speaker>
 <p>Ἄραρεν· οὐκ ἂν τύχοις.</p>
 </sp>
 
 <sp>
 <speaker>ΜΕΓΑΠΕΝΘΗΣ</speaker>
 <p>Ἀπολεῖται οὖν χρυςὸς τοσοῦτος;</p>
 </sp>
 
 <sp>
 <speaker>ΚΛΩΘΩ</speaker>
 <p>Οὐκ ἀπολεῖται. θάρει τούτου γε ἕνεκα· Μεγακλῆς
 γὰρ αὐτὸν ὁ σὸς ἀνεψιὸς παραλήψεται.</p>
 <note type="footnote">1 ΚΥΝ. Γ: ΕΡΜ, vulg., ΜΕΓ. Baar. Cf. 3, end.</note>
 </sp>
 
 <pb n="18"/>
 <sp>
 <speaker>ΜΕΓΑΠΕΝΘΗΣ</speaker>
 <p>Ὢ τῆς ὕβρεως. ὁ ἐχθρός, ὃν ὑπὸ ῥᾳθυμίας
 ἔγωγε οὐ προαπέκτεινα;</p>
 </sp>
 
 <sp>
 <speaker>ΚΛΩΘΩ</speaker>
 <p>Ἐκεῖνος αὐτός· καὶ ἐπιβιώσεταί σοι ἔτη τετταράκοντα
 καὶ μικρόν τι πρός, τὰς παλλακίδας
 καὶ τὴν ἐσθῆτα καὶ τὸν χρυσὸν ὅλον σου παραλαβών.</p>
 </sp>
 
 <sp>
 <speaker>ΜΕΓΑΠΕΝΘΗΣ</speaker>
 <p>Ἀδικεῖς, Κλωθοῖ, τἀμὰ τοῖς πολεμιωτάτοις
 διανέμουσα.</p>
 </sp>
 
 <sp>
 <speaker>ΚΛΩΘΩ</speaker>
 <p>Σὺ γὰρ οὐχἰ Κυδιμάχου αὐτὰ ὄντα, γενναιότατε,
 παρειλήφεις ἀποκτείνας τε αὐτὸν καὶ
 τὰ παιδία ἔτι ἐμπνέοντι ἐπισφάξας;</p>
 </sp>
 
 <sp>
 <speaker>ΜΕΓΑΠΕΝΘΗΣ</speaker>
 <p>Ἀλλὰ νῦν ἐμὰ ἦν.</p>
 </sp>
 
 <sp>
 <speaker>ΚΛΩΘΩ</speaker>
 <p>Οὐκοῦν ἐξήκει σοι ὁ χρόνος ἤδη τῆς κτήσεαως.</p>
 </sp>
 </div>
 
 <div type="textpart" subtype="section" n="9">
 <sp>
 <speaker>ΜΕΓΑΠΕΝΘΗΣ</speaker>
 <p>9 Ἄκουσον, ὦ Κλωθοῖ, ἅ σοι ἰδίᾳ μηδενὸς ἀκούοντος
 εἰπεῖν βούλομαι· ὑμεῖς δὲ ἀπόστητε πρὸς
 ὀλίγον. ἄν με ἀφῇς ἀποδρᾶναι, χίλιά σοι τάλαντα
 χρυσίου ἐπισήμου δώσειν ὑπισχνοῦμαι
 τήμερον.</p>
 </sp>
 
 <sp>
 <speaker>ΚΛΩΘΩ</speaker>
 <p>Ἔτι γὰρ χρυσόν, ὦ γελοῖε, καὶ τάλαντα διὰ
 μνήμης ἔχεις;</p>
 </sp>
 
 <sp>
 <speaker>ΜΕΓΑΠΕΝΘΗΣ</speaker>
 <p>Καὶ τοὺς δύο δὲ κρατῆρας, εἰ βούλει, προσθήσω
 οὓς ἔλαβον ἀποκτείνας Κλεόπριτον, ἕλκοντας
 ἑκάτερον χρυσοῦ ἀπέφθου τάλαντα ἑκατόν.</p>
 </sp>
 
 <pb n="20"/>
 <sp>
 <speaker>ΚΛΩΘΩ</speaker>
 <p>Ἕλκετε αὐτόν· ἔοικε γὰρ οὐκ ἐπεμβήσεσθαι
 ἡμῖν ἑκών.</p>
 </sp>
 
 <sp>
 <speaker>ΜΕΓΑΠΕΝΘΗΣ</speaker>
 <p>Μαρτύρομαι ὑμᾶς, ἀτελὲς μένει τὸ τεῖχος καὶ
 τὰ νεώρια· ἐξετέλεσα γὰρ ἂν αὐτὰ ἐπιβιοὺς πέντε
 μόνας ἡμέρας.</p>
 </sp>
 
 <sp>
 <speaker>ΚΛΩΘΩ</speaker>
 <p>Ἀμέλησον· ἄλλος τειχιεῖ.</p>
 </sp>
 
 <sp>
 <speaker>ΜΕΓΑΠΕΝΘΗΣ</speaker>
 <p>Καὶ μὴν τοῦτό γε πάντως εὔγνωμον αἰτῶ.</p>
 </sp>
 
 <sp>
 <speaker>ΚΛΩΘΩ</speaker>
 <p>Τὸ ποῖον;</p>
 </sp>
 
 <sp>
 <speaker>ΜΕΓΑΠΕΝΘΗΣ</speaker>
 <p>Εἰς τοσοῦτον ἐπιβιῶναι, μέχρι ἂν ὑπαγάγωμαι
 Πισίδας<note type="footnote" n="1"></note> καὶ Λυδοῖς ἐπιθῶ τοὺς φόρους καὶ μνῆμα
 ἑαυτῷ παμμέγεθες ἀναστήσας ἐπιγράψω ὁπόσα
 ἔπραξα μεγάλα καὶ στρατηγικὰ παρὰ τὸν βίον.</p>
 </sp>
 
 <sp>
 <speaker>ΚΛΩΘΩ</speaker>
 <p>Οὗτος, οὐκέτι μίαν ἡμέραν ταύτην αἰτεῖς, ἀλλὰ
 σχεδὸν εἴκοσιν ἐτῶν διατριβήν.</p>
 </sp>
 </div>
 
 <div type="textpart" subtype="section" n="10">
 <sp>
 <speaker>ΜΕΓΑΠΕΝΘΗΣ</speaker>
 <p>10 Καὶ μὴν ἐγγυητὰς ὑπῖν ἕτοιμος παρασχέσθαι
 τοῦ τάχους καὶ τῆς ἐπανόδου. εἰ βούλεσθε δέ,
 καὶ ἄντανδρον ὑμῖν ἀντ᾿ ἐμαυτοῦ παραδώσω τὸν
 ἀγαπητόν.</p>
 </sp>
 
 <sp>
 <speaker>ΚΛΩΘΩ</speaker>
 <p>Ὦ μιαρέ, ὃν ηὔχου πολλάκις ὑπὲρ γῆς
 καταλιπεῖν;</p>
 </sp>
 
 <sp>
 <speaker>ΜΕΓΑΠΕΝΘΗΣ</speaker>
 <p>Πάλαι ταῦτα ηὐχόμην· νυνὶ δὲ ὁρῶ τὸ βέλτιον.</p>
 <note type="footnote">1 Πέρσας γ.</note>
 </sp>
 
 <pb n="22"/>
 <sp>
 <speaker>ΚΛΩΘΩ</speaker>
 <p>Ἥξει κἀκεῖνός σοι μετʼ ὀλίγον ὑπὸ τοῦ νεωστὶ
 βασιλεύοντος ἀνῃρημενος.</p>
 </sp>
 </div>
 
 <div type="textpart" subtype="section" n="11">
 <sp>
 <speaker>ΜΕΓΑΠΕΝΘΗΣ</speaker>
 <p>11 Οὐκοῦν ἀλλὰ. τοῦτό γε μὴ ἀντείπῃς ὦ Μοῖρά
 μοι.</p>
 </sp>
 
 <sp>
 <speaker>ΚΛΩΘΩ</speaker>
 <p>Τὸ ποῖον;</p>
 </sp>
 
 <sp>
 <speaker>ΜΕΓΑΠΕΝΘΗΣ</speaker>
 <p>Εἰδέναι βούλομαι τὰ μετʼ ἐμὲ ὅντινα ἔξει τὸν
 τρόπον.</p>
 </sp>
 
 <sp>
 <speaker>ΚΛΩΘΩ</speaker>
 <p>Ἄκουε· μᾶλλον γὰρ ἀνιάσῃ μαθών. τὴν μὲν
 γυναῖκα Μίδας ὁ δοῦλος ἕξει, καὶ πάλαι δὲ αὐτὴν
 ἐμοίχευεν.</p>
 </sp>
 
 <sp>
 <speaker>ΜΕΓΑΠΕΝΘΗΣ</speaker>
 <p>Ὁ κατάρατος, ὃν ἐγὼ πειθόμενος αὐτῇ ἀφῆκα
 ἐλεύθερον;</p>
 </sp>
 
 <sp>
 <speaker>ΚΛΩΘΩ</speaker>
 <p>Ἡ θυγάτηρ δέ σοι ταῖς παλλακίσι τοῦ νυνὶ
 τυραννοῦντος ἐγκαταλεγήσεται· αἱ εἰκόνες<note type="footnote" n="1"></note> δὲ
 καὶ ἀνδριάντες οὓς ἡ πόλις ἀνέστησέ σοι πάλαι
 πάντες ἀνατετραμμενοι γέλωτα παρέξουσι τοῖς
 θεωμένφις.</p>
 </sp>
 
 <sp>
 <speaker>ΜΕΓΑΠΕΝΘΗΣ</speaker>
 <p>Εἰπέ μοι, τῶν φίλων δὲ οὐδεὶς ἀγανακτήσει<note type="footnote" n="2"></note>
 τοῖς δρωμένοις;</p>
 </sp>
 
 <sp>
 <speaker>ΚΛΩΘΩ</speaker>
 <p>Τίς γὰρ ἦν σοι φίλος; ἢ ἐκ τίνος αἰτίας γενομενος;
 ἀγνοεῖς ὅτι πάντες οἱ καὶ προσκυνοῦντες
 καὶ τῶν λεγομένων καὶ πραττομένων ἕκαστα
 <note type="footnote">1 αἱ εἰκόνες Fritzsche: εἰκόνες MSS.</note>
 <note type="footnote">2 ἀγανακτήσει Κ. Schhwartz: ἀγανακτεῖ MSS.</note>
 
 <pb n="24"/>
 νοῦντες ἢ φόβῳ ἢ ἐλπίσι ταῦτα ἔδρων, τῆς ἀοχῆς
 ὄντες φίλοί καὶ πρὸς τὸν καιρὸν ἀποβλέποντες;</p>
 </sp>
 
 <sp>
 <speaker>ΜΕΓΑΠΕΝΘΗΣ</speaker>
 <p>Καὶ μὴν σπένδοντες ἐν τοῖς συμποςίοις μεγάλῃ
 τῇ φωνῇ ἐπηύχοντό μοι πολλὰ καὶ ἀγαθά, προαποθανεῖν
 ἕκαστος αὐτῶν ἕτοιμος, εἰ οἷόν τε εἶναι·
 καὶ ὅλως, ὅρκος αὐτοῖς ἢν ἐγώ.</p>
 </sp>
 
 <sp>
 <speaker>ΚΛΩΘΩ</speaker>
 <p>Τοιγαροῦν παρ’ ἑνὶ αὐτῶν χθὲς δειπνήσας απεθανες·
 τὸ γὰρ τελευταῖόν σοι πιεῖν ἐνεχθὲν ἐκεῖνο
 δευρὶ κατέπεμψέ σε.</p>
 </sp>
 
 <sp>
 <speaker>ΜΕΓΑΠΕΝΘΗΣ</speaker>
 <p>Τοῦτ᾿ ἄρα πικροῦ τινος ᾐσθόμην τί βουλόμενος
 δὲ ταῦτα ἔπραξε;</p>
 </sp>
 
 <sp>
 <speaker>ΚΛΩΘΩ</speaker>
 <p>Πολλά με ἀνακρίνες, ἐμβῆναι δέον.</p>
 </sp>
 </div>
 
 <div type="textpart" subtype="section" n="12">
 <sp>
 <speaker>ΜΕΓΑΠΕΝΘΗΣ</speaker>
 <p>12 Ἔν με πνίηει μάλιστα, ὦ Κλωθοἱ, δι᾿ ὅπερ
 ἐπόθουν κἃν<note type="footnote" n="1"></note> πρὸς ὀλίγου ἐς τὸ φῶς ἀνακῦψαι
 πάλιν.</p>
 </sp>
 
 <sp>
 <speaker>ΚΛΩΘΩ</speaker>
 <p>Τι δὲ τοῦτό ἐστιν; ἔοικε γάρ τι παμμέγεθες
 εἶναι.</p>
 </sp>
 
 <sp>
 <speaker>ΜΕΓΑΠΕΝΘΗΣ</speaker>
 <p>Καρίων ὁ ἐμὸς οἰκέτης ἐπεὶ τάχιστά με ἀποθανόντα
 εἶδε, περὶ δείλην ὀψίαν ἀνελθὼν εἰς τὸ
 οἴκημα ἔνθα ἐκείμην, σχολῆς οὔσης—οὐδεὶς γὰρ
 οὐδὲ ἐφύλαττέ με—Γλυκέριον τὴν παλλάκιδα
 <note type="footnote">1 πὰν S, Fritzsche: καὶ other MSS.</note>
 
 <pb n="26"/>
 ἐπαιμου—καὶ πάλαι δέ, οἶμαι, κεκοινωνήκεσαν—
 παραγαγὼν ἐπισπασάμενος τὴν θύραν ἐσπόδει
 καθάπερ οὐδενὸς ἔνδον παρόντος· εἶτ᾿ ἐπειδὴ ἅλις
 εἶχε τῆς ἐπιθυμίας, ἀποβλέψας εἰς ἐμέ, “Σὺ
 μέντοι,” φησίν, “ὦ μιαρὸν ἀνθρώπιον, πληγάς
 μοι πολλάκις οὐδὲν ἀδικοῦντι ἐνέτεινας·” καὶ
 ταῦθʼ ἄμα λέγων παρέτιλλέ τέ με καὶ κατὰ κόρρης
 ἔπαιε, τέλος δὲ πλατὺ χρεμψάμενος καταπτύσας
 μου καί, “Εἰς τὸν Ἀσεβῶν χῶρον ἄπιθι,”
 ἐπειπὼν ᾤχετο· ἐγὼ δὲ ἐνεπιμπράμην μέν, οὐκ
 εἶχον δὲ ὅμως ὅ τι καὶ δράσαιμι αὐτὸν αὖος ἤδη
 καὶ ψυχρὸς ὤν. καὶ ἡ μιαρὰ δὲ παιδίσκη ἐπεὶ
 ψόφου προσιόντων τινῶν ᾔσθετο, σιέλῳ χρίσασα
 τοὺς ὀφθαλμοὺς ὡς δακρύσασα ἐπʼ ἐμοί, κωκύουσα
 καὶ τοὔνομα ἐπικαλουμένη ἀπηλλάττετο.
 ὦν εἰ λαβοίμην—</p>
 </sp>
 </div>
 
 <div type="textpart" subtype="section" n="13">
 <sp>
 <speaker>ΚΛΩΘΩ</speaker>
 <p>13 Παῦσαι ἀπειλῶν, ἀλλὰ ἔμβηθι· καιρὸς ἤδη
 σε ἀπαντᾶν ἐπὶ τὸ δικαστήριον.</p>
 </sp>
 
 <sp>
 <speaker>ΜΕΓΑΠΕΝΘΗΣ</speaker>
 <p>Καὶ τίς ἀξιώσει κατʼ ἀνδρὸς τυράννου ψῆφον
 λαβεῖν;</p>
 </sp>
 
 <sp>
 <speaker>ΚΛΩΘΩ</speaker>
 <p>Κατὰ τυραννου μεν οὐδείς, κατὰ νεκροῦ δὲ ὁ
 Ῥαδάμανθυς, ὃν αὐτίκα ὄψει μάλα δίκαιον καὶ
 κατʼ ἀξίαν ἐπιτιθέντα ἑκάστῳ τὴν δίκην· τὸ δὲ
 νῦν ἔχον μὴ διάτριβε.</p>
 </sp>
 
 <sp>
 <speaker>ΜΕΓΑΠΕΝΘΗΣ</speaker>
 <p>Κἂν ἰδιώτην με ποίησον, ὦ Μοῖρα, τῶν πενήτων
 ἕνα, κἂν δοῦλον ἀντὶ τοῦ πάλαι βασιλέως·
 ἀναβιῶναί με ἔασον μόνον.</p>
 </sp>
 
 <pb n="28"/>
 <sp>
 <speaker>ΚΛΩΘΩ</speaker>
 <p>Ποῦ στιν ὁ τὸ ξύλον; καὶ σὺ δέ, ὦ Ἑρμῆ,
 σύρατʼ αὐτὸν εἴσω τοῦ ποδός· οὐ γὰρ ἂν ἐμβαίη
 ἑκών.</p>
 </sp>
 
 <sp>
 <speaker>ΕΡΜΗΣ</speaker>
 <p>Ἕπου νῦν, δραπέτα· δέχου τοῦτον σύ, πορθμεῦ,
 παὶ τὸ δεῖνα,<note type="footnote" n="1"></note> ὅπως ἀαφλῶς—</p>
 </sp>
 
 <sp>
 <speaker>ΧΑΡΩΝ</speaker>
 <p>Αμέλει, πρὸς τὸν ἱστὸν δεδήσεται.</p>
 </sp>
 
 <sp>
 <speaker>ΜΕΓΑΠΕΝΘΗΣ</speaker>
 <p>Καὶ μὴν ἐν τῇ προεδρίᾳ καθέζεσθαί με δεῖ.</p>
 </sp>
 
 <sp>
 <speaker>ΚΛΩΘΩ</speaker>
 <p>Ὅτι τί;</p>
 </sp>
 
 <sp>
 <speaker>ΜΕΓΑΠΕΝΘΗΣ</speaker>
 <p>Ὅτι, νὴ Δία, τύραννος ἦν καὶ δορυφόρους εἶχον
 μυρίους.</p>
 </sp>
 
 <sp>
 <speaker>ΚΥΝΙΣΚΟΣ</speaker>
 <p>εἶτʼ οὐ δικαίως σε παρέτιλλεν ὁ Καρίων οὑτωσι
 σκαιὸν ὄντα; πικρὰν δʼ οὖν τὴν τυραννίδα ἔξεις
 γευσάμενος τοῦ ξύλου.</p>
 </sp>
 
 <sp>
 <speaker>ΜΕΓΑΠΕΝΘΗΣ</speaker>
 <p>Τολμήσει γὰρ Κυνίσκος ἐπανατείνασθαί μοι
 τὸ βάκτρον; οὐκ ἐγώ σε πρῴην, ὅτι ἐλεύθερος
 ἄγαν καὶ τραχὺς ἦσθα καὶ ἐπιτιμητικός, μικροῦ
 δεῖν προσεπαττάλευσα;</p>
 </sp>
 
 <sp>
 <speaker>ΚΥΝΙΣΚΟΣ</speaker>
 <p>Τονγαροῦν μενεῖς καὶ σὺ τῷ ἱστῷ
 προσπεπατπροσπεπατταλευμένος.</p>
 </sp>
 </div>
 
 <div type="textpart" subtype="section" n="14">
 <sp>
 <speaker>ΜΙΚΥΛΑΟΣ</speaker>
 <p>14 Εἰπέ μοι, ὦ Κλωθοῖ, ἐμοῦ δὲ οὐδεὶς ὑμῖν λόγος;
 ἢ διότι πένης εἰμί, διὰ τοῦτο καὶ τελευταῖον ἐμβῆναί
 με δεῖ;</p>
 <note type="footnote">1 τὸ δεῖνα Fritzsche: τὸν δεῖνα MSS.</note>
 </sp>
 
 <pb n="30"/>
 <sp>
 <speaker>ΚΛΩΘΩ</speaker>
 <p>Σὺ δὲ τίς εἶ;</p>
 </sp>
 
 <sp>
 <speaker>ΜΙΚΥΛΛΟΣ</speaker>
 <p>Ὁ σκυτοτόμος Μίκυλλος.</p>
 </sp>
 
 <sp>
 <speaker>ΚΛΩΘΩ</speaker>
 <p>Εἶτα ἄχθῃ βραδύνων; οὐχ ὁρᾷς ὁπόσα ὁ τύραννος
 ὑπισχνεῖται δώσειν ἀφεθεὶς πρὸς ὀλίγον;
 θαῦμα γοῦν ἔχει με, εἰ μὴ ἀγαπητὴ καὶ σοὶ ἡ
 διατριβή.</p>
 </sp>
 
 <sp>
 <speaker>ΜΙΚΥΛΛΟΣ</speaker>
 <p>Ἄκουσον, ὦ βελτίστη Μοιρῶν· οὐ πάνυ με ἡ τοῦ
 Κύκλωπος ἐκείνη εὐφραίνει δωρεά, ὑπισχνεῖσθαι
 ὅτι “πύματον ἐγὼ τὸν Οὖτιν κατέδομαι”· ἄν τε
 γοῦν πρῶτον, ἄν τε πύματον, οἱ αὐτοὶ ὀδόντες περιμένουσιν.
 ἄλλως τε οὐδ᾿ ὅμοια τἀμὰ τοῖς τῶν πλουσίων·
 ἐκ διαμέτρου γὰρ ἡμῶν οἱ βίοι, φασίν· ὁ μέν
 γε τύραννος εὐδαίμων εἶναι δοκῶν παρὰ τὸν βίον,
 φοβερὸς ἅπασι καὶ περίβλεπτος, ἀπολιπὼν χρυσὸν
 τοσοῦτον καὶ ἀργύριον καὶ ἐσθῆτα καὶ ἵππους
 καὶ δεῖπνα καὶ παῖδας ὡραίους καὶ γυναῖκας
 εὐμόρφους εἰκότως ἠνιᾶτο καὶ ἀποσπώμενος αὐτῶν
 ἤχθετο· οὐ γὰρ οἷθ᾿ ὅπως καθάπερ ἰξῷ τινι προσέχεται
 τοῖς τοιούτοις ἡ ψνχὴ καὶ οὐκ ἐθέλει
 ἀπαλλάττεσθαι ῥᾳδίως ἅτε αὐτοῖς πάλαι προστετηκυῖα·
 μᾶλλον δὲ ὥσπερ ἄρρηκτός τις οὖτος
 ὁ δεσμός ἐστιν, ᾧ δεδέσθαι συμβέβηκεν αὐτούς.
 ἀμέλει κἂν ἀπάγῃ τις αὐτοὺς μετὰ βίας, ἀνακωκύουσι
 καὶ ἱκετεύουσι, καὶ τὰ ἄλλα ὄντες θρασεῖς,
 δειλοὶ πρὸς ταύτην εὑρίσκονται τὴν ἐπὶ τὸν Ἅιδην
 φέρουσαν ὁδόν· ἐπιστρέφονται γοῦν εἰς τοὐπίσω
 
 <pb n="32"/>
 καὶ ὥσπερ οἱ δυσέρωτες κἂν πόρρωθεν ἀποβλέπειν
 τὰ ἐν τῷ φωτὶ βούλονται, οἷα ὁ μάταιος ἐκεῖνος
 ἐποίει καὶ παρὰ τὴν ὁδὸν ἀποδιδράσκων κἀνταῦθά
 σε καταλιπαρῶν. ἐγὼ δὲ ἅτε μηδὲν ἔχων ἐνέχυρον
 ἐν τῷ βίῳ, οὐκ ἀγρόν, οὐ συνοικίαν, οὐ χρυσόν,
 οὐ σκεῦος, οὐ δόξαν, οὐκ εἰκόνας, εἰκότως εὔζωνος
 ἦν, κἀπειδὴ μόνον ἡ Ἀτροπος ἔνευσέ μοι, ἄσμενος
 ἀπορρίψας τὴν σμίλην καὶ τὸ κάττυμα—κρηπῖδα
 γάρ τινα ἐν ταῖν χεροῖν εἶχον—ἀναπηδήσας εὐθὺς
 ἀνυπόδητος οὐδὲ τὴν μελαντηρίαν ἀπονιψάμενος
 εἱπόμην, μᾶλλον δὲ ἡγούμην, ἐς τὸ πρόσω ὁρῶν· οὐδὲν
 γάρ με τῶν κατόπιν ἐπέστρεφε καὶ μετεκάλει.
 καὶ νὴ Δί᾿ ἤδη καλὰ τὰ παῤ ὑμῖν πάντα ὁρῶ· τότε
 γὰρ ἰσοτιμίαν ἅπασιν εἶναι καὶ μηδένα τοῦ πλησίον
 διαφέρειν, ὑπερήδιστον ἐμοὶ γοῦν δοκεῖ. τεκμαίρομαι
 δὲ μηδʼ ἀπαιτεῖσθαι τὰ χρέα τοὺς ὀφείλοντας
 ἐνταῦθα μηδὲ φόρους ὑποτελεῖν, τὸ δὲ μέγιστον,
 μηδὲ ῥιγοῦν τοῦ χειμῶνος μηδὲ νοσεῖν μηδʼ ὑπὸ
 τῶν δυνατωτέρων ῥαπίζεσθαι. εἰρήνη δὲ πᾶσι καὶ
 πράγματα ἐς τὸ ἔμπαλιν ἀνεστραμμένα· ἡμεῖς μὲν
 οἱ πένητες γελῶμεν, ἀνιῶνται δὲ καὶ οἰμώζουσιν
 οἱ πλούσιοι.</p>
 </sp>
 </div>
 
 <div type="textpart" subtype="section" n="16">
 <sp>
 <speaker>ΚΛΩΘΩ</speaker>
 <p>16 Πάλαι οὖν σε, ὦ Μίκυλλε, γελῶντα ἑώρων. τί
 δʼ ἦν ὅ σε μάλιστα ἐκίνει γελᾶν;</p>
 </sp>
 
 <sp>
 <speaker>ΜΙΚΥΛΛΟΣ</speaker>
 <p>Ἄκουσον, ὦ τιμιωτάτη μοι θεῶν· παροικῶν ἄνω
 τῷ τυράννῳ<note type="footnote" n="1"></note> πάνυ ἀκριβῶς ἑώρων τὰ γνγνόμενα
 παῤ αὐτῷ καί μοι ἐδόκει τότε ἰσόθεός τις εἶναι·
 τῆς τε γὰρ πορφύρας τὸ ἄνθος ὁρῶν ἐμακάριζον,
 καὶ τῶν ἀκολουθούντων τὸ πλῆθος καὶ τὸν
 <note type="footnote">1 τῷ τυράννῳ Fritzshe1 συράννῳ MSS.</note>
 
 <pb n="34"/>
 χρνυσὸν καὶ τὰ λιθοκόλλητα ἐκπώματα καὶ τὰς
 κλίνας τὰς ἀργυρόποδας· ἔτι δὲ καὶ ἡ κνῖσα ἡ
 τῶν σκευαζομένων εἰς τὸ δεῖπνον ἀπέκναιέ με,
 ὥστε ὑπεράνθρωπός τις ἀνὴρ καὶ τρισόλβιός μοι
 κατεφαίνετο καὶ μονονουχὶ πάντων <note type="footnote" n="1"></note> καλλίων
 καὶ ὑψηλότερος ὅλῳ πήχει βασιλικῷ, ἐπαιρόμενος
 τῇ τύχῃ καὶ σεμνῶς προβαίνων καὶ ἑαυτὸν
 ἐξυπτιάζων καὶ τοὺς ἐντυγχάνοντας ἐκπλήττων.
 ἐπεὶ δὲ ἀπέθανεν, αὐτός τε παγγέλοιος ὤφθη μοι
 ἀποδυσάμενος τὴν τρυφήν, κἀμαυτοῦ ἔτι μᾶλλον
 κατεγέλων οἷον κάθαρμα ἐτεθήπειν, ἀπὸ τῆς
 κνίσης τεκμαιρόμενος αὐτοῦ τὴν εὐδαιμονίαν καὶ
 μακαρίζων ἐπὶ τῷ αἵματι τῶν ἐν τῇ Λακωνικῇ
 θαλάττῃ κοχλίδων.</p>
 </sp>
 </div>
 
 <div type="textpart" subtype="section" n="17">
 <p>17 οὐ μόνον δὲ τοῦτον, ἀλλὰ καὶ
 τὸν δανειστὴν Γνίφωνα ἰδὼν στένοντα καὶ μεταγινώσκοντα
 ὅτι μὴ ἀπέλαυσε τῶν χρημάτων,
 ἀλλʼ ἄγευστος αὐτῶν ἀπέθανε τῷ ἀσώτῳ Ῥοδοχάρει
 τὴν οὐσίαν ἀπολιπών, —οὗτος γὰρ
 ἄγχιστα ἧν αὐτῷ γένους καὶ πρῶτος ἐπὶ τὸν
 κλῆρον ἐκαλεῖτο κατὰ τὸν νόμον—οὐκ εἶχον ὅπως
 καταπαύσω τὸν γέλωτα, καὶ μάλιστα μεμνημένος
 ὡς ὠχρὸς ἀεὶ καὶ αὐχμηρὸς ἦν, φροντίδος τὸ
 μέτωπον ἀνάπλεως καὶ μόνοις τοῖς δακτύλοις
 πλουτῶν, οἷς τάλαντα καὶ μυριάδας ἐλογίζετο,
 κατὰ μικρὸν συλλέγων τὰ μετʼ ὀλίγον ἐκχυθησόμενα
 πρὸς τοῦ μακαρίου Ῥοδοχάρους. ἀλλὰ τί
 οὐκ ἀπερχόμεθα ἤδη; καὶ μεταξὺ γὰρ πλέοντες τὰ
 λοιπὰ γελασόμεθα οἰμώζοντας αὐτοὺς ὁρῶντες.</p>
 <note type="footnote">1 πάντων Fritzsche: not in MSS.</note>
 
 <pb n="36"/>
 <sp>
 <speaker>ΚΛΩΘΩ</speaker>
 <p>Ἔμβαινε, ἵνα καὶ ἀνιμήσηται ὁ πορθμεὺς τὸ
 ἀγκύριον.</p>
 </sp>
 </div>
 
 <div type="textpart" subtype="section" n="18">
 <sp>
 <speaker>ΧΑΡΩΝ</speaker>
 <p>18 Οὗτος, ποῖ φέρῃ; πλῆρες ἤδη τὸ σκάφος· αὐτοῦ
 περίμενε εἰς αὔριον· ἕωθέν σε διαπορθμεύσομεν.</p>
 </sp>
 
 <sp>
 <speaker>ΜΙΚΥΛΛΟΣ</speaker>
 <p>Ἀδικεῖς, ὦ Χάρων, ἕωλον ἤδη νεκρὸν ἀπολιμπάνων·
 ἀμέλει γράψομαί σε παρανόμαων ἐπὶ
 τοῦ Ῥαδαμάνθυος. οἴμοι τῶν κακῶν· ἤδη
 πλέουσιν· ἐγὼ δὲ μόνος ἐνταῦθα περιλελείψομαι.
 καίτοι τί οὐ διανήχομαι κατʼ αὐτούς; οὐ γὰρ δέδια
 μὴ ἀπαγορεύσας ἀποπνιγῶ ἤδη τεθνεώς· ἄλλως
 τε οὐδὲ τὸν ὀβολὸν ἔχω τὰ πορθμεῖα καταβαλεῖν.</p>
 </sp>
 
 <sp>
 <speaker>ΚΛΩΘΩ</speaker>
 <p>Τί τοῦτο; περίμεινον, ὦ Μίκυλλε· οὐ θέμις
 οὕτω σε διελθεῖν.</p>
 </sp>
 
 <sp>
 <speaker>ΜΙΚΥΛΛΟΣ</speaker>
 <p>Καὶ μὴν ἴσως ὑμῶν καὶ προκαταχθήσομαι.</p>
 </sp>
 
 <sp>
 <speaker>ΚΛΩΘΩ</speaker>
 <p>Μηδαμῶς, ἀλλὰ προσελάσαντες ἀναλάβω
 αὐτόν· καὶ σύ, ὦ Ἑρμῆ, συνανάσπασον.</p>
 </sp>
 </div>
 
 <div type="textpart" subtype="section" n="19">
 <sp>
 <speaker>ΧΑΡΩΝ</speaker>
 <p>19 Ποῦ νῦν καθεδεῖται; μεστὰ γὰρ πάντα, ὡς
 ὁρᾷς.</p>
 </sp>
 
 <sp>
 <speaker>ΕΡΜΗΣ</speaker>
 <p>Ἐπὶ τοὺς ὤμους, εἰ δοκεῖ, τοῦ τυράννου.</p>
 </sp>
 
 <sp>
 <speaker>ΚΛΩΘΩ</speaker>
 <p>Καλῶς ὁ Ἑρμῆς ἐνενόησεν.</p>
 </sp>
 
 <pb n="38"/>
 <sp>
 <speaker>ΧΑΡΩΝ</speaker>
 <p>Ἀνάβαινε οὖν καὶ τὸν τένοντα τοῦ ἀλιτηρίου
 καταπάτει· ἡμεῖς δὲ εὐπλοῶμεν.</p>
 </sp>
 
 <sp>
 <speaker>ΚΥΝΙΣΚΟΣ</speaker>
 <p>Ὦ Χάρων, καλῶς ἔχει σοι τὰς ἀληθείας
 ἐντεῦθεν εἰπεῖν. ἐγὼ τὸν ὀβολὸν μὲν οὐκ ἂν
 ἔχοιμι δοῦναί σοι καταπλεύσας· πλέον γὰρ οὐδέν
 ἐστι τῆς πήρας ἣν ὁρᾷς καὶ τουτουὶ τοῦ ξύλου·
 τἆλλα δὲ ἢ ἀντλεῖν, εἰ θέλεις, ἕτοιμος ἢ<note type="footnote" n="1"></note> πρόσκωπος
 εἶναι· μέμψῃ δὲ οὐδέν, ἢν εὐῆρες καὶ
 καρτερόν μοι ἐρετμὸν δῷς μόνον.</p>
 </sp>
 
 <sp>
 <speaker>ΧΑΡΩΝ</speaker>
 <p>Ἔρεττε· καὶ τουτὶ γὰρ ἱκανὸν παρὰ σοῦ
 λαβεῖν.</p>
 </sp>
 
 <sp>
 <speaker>ΚΥΝΙΣΚΟΣ</speaker>
 <p>Ἦ καὶ ὑποκελεῦσαι δεήσει;</p>
 </sp>
 
 <sp>
 <speaker>ΧΑΡΩΝ</speaker>
 <p>Νὴ Δία, ἤνπερ εἰδῇς κέλευσμά τι τῶν
 ναυτικῶν.</p>
 </sp>
 
 <sp>
 <speaker>ΚΥΝΙΣΚΟΣ</speaker>
 <p>Οἶδα καὶ πολλά, ὦ Χάρων. ἀλλ᾿, ὁρᾷς, ἀντεπηχοῦσιν
 οὗτοι δακρύοντες· ὥστε ἡμῖν τὸ ᾆσμα
 ἐπιταραχθήσεται.</p>
 </sp>
 </div>
 
 <div type="textpart" subtype="section" n="20">
 <sp>
 <speaker>ΝΕΚΡΟΙ</speaker>
 <p>20 Οἴμοι τῶν κτημάτων.—Οἴμοι τῶν ἀγρῶν.—
 Ὀττοτοῖ, τὴν οἰκίαν οἵαν ἀπέλιπον.—Ὅσα τάλαντα
 ὁ κληρονόμος σπαθήσει παραλαβών.—
 Αἰαῖ τῶν νεογνῶν μοι παιδίων.—Τίς ἄρα τὰς
 ἀμπέλους τρυγήσει, ἃς πέρυσιν ἐφυτευσάμην;</p>
 </sp>
 <note type="footnote">1 ἢ ἀντλεῖν, εἰ θέλεις, ἕτοιμος ἢ A.M.H.: ἢν ἀντλεῖν ἐθέλῃς
 (θέλῃς) ἕτοιμος καὶ MSS. Fritzsche transposes (ἀντλεῖν, ἢν),
 Cf. Charon 1.</note>
 
 <pb n="40"/>
 <sp>
 <speaker>ΕΡΜΗΣ</speaker>
 <p>Μίκυλλε, σὺ δʼ οὐδὲν οἰμώζεις; καὶ μὴν οὐ
 θέμις ἀδακρυτὶ διαπλεῦσαί τινα.</p>
 </sp>
 
 <sp>
 <speaker>ΜΙΚΥΛΛΟΣ</speaker>
 <p>Ἄπαγε· οὐδέν ἐστιν ἐφʼ ὅτῳ ἂν οἰμώξαιμ<note type="footnote" n="1"></note>
 εὐπλοῶν.</p>
 </sp>
 
 <sp>
 <speaker>ΕΡΜΗΣ</speaker>
 <p>Ὅμως κἂν μικρόν τι ἐς τὸ ἔθος ἐπιστέναξον.</p>
 </sp>
 
 <sp>
 <speaker>ΜΙΚΥΛΛΟΣ</speaker>
 <p>Οἰμώξομαι τοίνυν, ἐπειδή, ὦ Ἑρμῆ, σοὶ δοκεῖ.
 οἴμοι τῶν καττυμάτων· οἴμοι τῶν κρηπίδων τῶν
 παλαιῶν· ὀττοτοῖ τῶν σαθρῶν ὑποδημάτων. οὐκέτι
 ὁ κακοδαίμων ἕωθεν εἰς ἑσπέραν ἄσιτος
 διαμενῶ, οὐδὲ τοῦ χειμόῶνος ἀνυπόδητός τε καὶ
 ἡμίγυμνος περινοστήσω τοὺς ὀδόντας ὑπὸ τοῦ
 κρύους συγκροτῶν. τίς ἄρα μου τὴν σμίλην ἕξει
 καὶ τὸ κεντητήριον;</p>
 </sp>
 
 <sp>
 <speaker>ΕΡΜΗΣ</speaker>
 <p>Ἱκανῶς τεθρήνηται· σχεδὸν δὲ ἤδη
 καταπεπλεύκαμεν.</p>
 </sp>
 </div>
 
 <div type="textpart" subtype="section" n="21">
 <sp>
 <speaker>ΧΑΡΩΝ</speaker>
 <p>21 Ἄγε δὴ τὰ πορθμεῖα πρῶτον ἡμῖν ἀπόδοτε·
 καὶ σὺ δός· παρὰ πάντων ἤδη ἔχω. δὸς καὶ σὺ
 τὸν ὀβολόν, ὦ Μίκυλλε.</p>
 </sp>
 
 <sp>
 <speaker>ΜΙΚΥΛΛΟΣ</speaker>
 <p>Παίζεις, ὧ Χάρων, ἢ καθ᾿ ὕδατος, φασίν, γράφεις
 παρὰ Μικύλλου δή<note type="footnote" n="2"></note> τινα ὀβολὸν προσδοκῶν.
 ἀρχὴν δὲ οὐδὲ οἶδα εἰ τετράγωνόν ἐστιν ὁ
 ὀβολὸς ἢ στρογγύλον.</p>
 </sp>
 
 <sp>
 <speaker>ΚΑΡΩΝ</speaker>
 <p>Ὢ καλῆς ναυτιλίας καὶ ἐπικερδοῦς τήμερον.
 <note type="footnote">1 ἂν οἰμώξαιμι Bekker: οἰμώξομαι, ἀνοιμώξομαι, ἂν οἰμώξωμαι
 MSS. 2 δή Fritzsche: ἦδη MSS.</note>
 
 <pb n="42"/>
 ἀποβαίνετε δʼ ὅμως· ἐγὼ δὲ ἵππους καὶ βοῦς καὶ
 κύνας καὶ τὰ λοιπὰ ζῷα μέτειμι· διαπλεῦσαι γὰρ
 ἤδη κἀκεῖνα δεῖ.</p>
 </sp>
 
 <sp>
 <speaker>ΚΛΩΘΩ</speaker>
 <p>Ἄπαγε αὐτούς, ὦ Ἑρμῆ, παραλαβών· ἐγὼ δὲ
 αὐτὴ ἐς τὸ ἀντιπέρας ἀναπλευσοῦμαι Ἰνδοπάτην
 καὶ Ἡραμίθρην τοὺς Σῆρας διάξουσα· τεθνᾶσι
 γὰρ δὴ πρὸς ἀλλήλων περὶ γῆς ὅρων μαχόμενοι.</p>
 </sp>
 
 <sp>
 <speaker>ΕΡΜΗΣ</speaker>
 <p>Προΐωμεν, ὦ οὖτοι· μᾶλλον δὲ πάντες ἑξῆς
 ἕπεσθέ μοι.</p>
 </sp>
 </div>
 
 <div type="textpart" subtype="section" n="22">
 <sp>
 <speaker>ΜΙΚΥΛΛΟΣ</speaker>
 <p>22 Ὦ Ἡράκλεις, τοῦ ζόφου. ποῦ νῦν ὁ καλὸς
 Μέγιλλος; ἢ τῷ διαγνῷ τις ἐνταῦθα εἰ καλλίων
 Φρύνης Σιμίχη; πάντα γὰρ ἴσα καὶ ὁμόχροα καὶ
 οὐδὲν οὔτε καλὸν οὔτε κάλλιον, ἀλλʼ ἤδη καὶ τὸ
 τριβώνιον τέως<note type="footnote" n="1"></note> ἄμορφον εἶναί μοι δοκοῦν ἰσότιμον
 γίγνεται τῇ πορφυρίδι τοῦ βασιλέως· ἀφανῆ γὰρ
 ἄμφω καὶ ὑπὸ τῷ αὐτῷ σκότῳ καταδεδυκότα.
 Κυνίσκε, σὺ δὲ ποῦ ποτε ἄρα ὢν τυγχάνεις;</p>
 </sp>
 
 <sp>
 <speaker>ΚΥΝΙΣΚΟΣ</speaker>
 <p>Ἐνταῦθα λέγω σοι, Μίκυλλε· ἀλλʼ ἅμα, εἰ
 δοκεῖ, βαδίζωμεν.</p>
 </sp>
 
 <sp>
 <speaker>ΜΙΚΥΛΛΟΣ</speaker>
 <p>Εὖ λέγεις· ἔμβαλέ μοι τὴν δεξιάν. εἰπέ μοι,
 —ἐτελέσθης γάρ, ὦ Κυνίσκε, δῆλον ὅτι τὰ Ἐλευσίνια—οὐχ
 ὅμοια τοῖς ἐκεῖ τὰ ἐνθάδε σοι δοκεῖ;</p>
 </sp>
 
 <sp>
 <speaker>ΚΥΝΙΣΚΟΣ</speaker>
 <p>Εὖ λέγεις· ἰδοὺ γοῦν<note type="footnote" n="2"></note> προσέρχεται δᾳδουχοῦσά
 <note type="footnote">1 τέως Cobet: πρότερον τέως MSS.</note>
 <note type="footnote">2 γοῦν Fritzsche: οὖν MSS.</note>
 
 <pb n="44"/>
 τις φοβερόν τι καὶ ἀπειλητικὸν προσβλέπουσα. ἦ
 ἄρα που Ἐρινύς ἐστιν;</p>
 </sp>
 
 <sp>
 <speaker>ΜΙΚΥΛΛΟΣ</speaker>
 <p>Ἔοικεν ἀπό γε τοῦ σχήματος.</p>
 </sp>
 </div>
 
 <div type="textpart" subtype="section" n="23">
 <sp>
 <speaker>ΕΡΜΗΣ</speaker>
 <p>23 Παράλαβε τούτους, ὦ Τισιφόνη, τέτταρας ἐπὶ
 τοῖς χιλίοις.</p>
 </sp>
 
 <sp>
 <speaker>ΤΙΣΙΦΟΝΗ</speaker>
 <p>Καὶ μὴν πάλαι γε ὁ Ῥαδάμανθυς οὖτος ὑμᾶς
 περιμένει.</p>
 </sp>
 
 <sp>
 <speaker>ΡΑΔΑΜΑΝΘΥΣ</speaker>
 <p>Πρόσαγε αὐτούς, Ἐρινύ. σὺ δέ, ὦ Ἑρμῆ,
 κήρυττε καὶ προσκάλει.</p>
 </sp>
 
 <sp>
 <speaker>ΚΥΝΙΣΚΟΣ</speaker>
 <p>Ὦ Ῥαδάμανθυ, πρὸς τοῦ πατρὸς ἐμὲ πρῶτον
 ἐπίσκεψαι παραγαγων.</p>
 </sp>
 
 <sp>
 <speaker>ΡΑΔΑΜΑΝΘΥΣ</speaker>
 <p>Τίνος ἕνεκα;</p>
 </sp>
 
 <sp>
 <speaker>ΚΥΝΙΣΚΟΣ</speaker>
 <p>Πάντως βούλομαι κατηγορῆσαι τυράννου τινὸς<note type="footnote" n="1"></note>
 ἃ συνεπίσταμαι πονηρὰ δράσααντι αὐτῷ παρὰ τὸν
 βίον. οὐκ ἂν οὖν ἀξιόπιστος εἴην λέγων, μὴ
 οὐχὶ πρότερον αὐτὸς φανεὶς οἷός εἰμι καὶ οἷόν
 τινα ἐβίωσα τὸν τρόπον.</p>
 </sp>
 
 <sp>
 <speaker>ΡΑΔΑΜΑΝΘΥΣ</speaker>
 <p>Τίς δὲ σύ;</p>
 </sp>
 
 <sp>
 <speaker>ΚΥΝΙΣΚΟΣ</speaker>
 <p>Κυνίσκος, ὦ ἄριστε, τὴν γνώμην φιλόσοφος.</p>
 </sp>
 
 <sp>
 <speaker>ΡΑΔΑΜΑΝΘΥΣ</speaker>
 <p>Δεῦῤ ἐλθὲ καὶ πρῶτος εἰς τὴν δίκην κατάστηθι,
 σὺ δὲ προσκάλει τοὺς κατηγόρους.</p>
 </sp>
 <note type="footnote">1 τυράννου τινὸς Fritzsche: τινος MSS. Cf. 24, end, 25.</note>
 </div>
 
 <div type="textpart" subtype="section" n="24">
 <pb n="46"/>
 <sp>
 <speaker>ΕΡΜΗΣ</speaker>
 <p>24 Εἴ τις Κυνίσκου τουτουὶ κατηγορεῖ, δεῦρο
 προσίτω.</p>
 </sp>
 
 <sp>
 <speaker>ΚΥΝΙΣΚΟΣ</speaker>
 <p>Οὐδεὶς προσέρχεται.</p>
 </sp>
 
 <sp>
 <speaker>ΚΥΝΙΣΚΟΣ</speaker>
 <p>Ἀλλʼ οὐχ ἱκανὸν τοῦτο, ὦ Κυνίσκε· ἀπόδυθι
 δέ, ὅπως ἐπισκοπήσω σε ἀπὸ τῶν στιγμάτων.</p>
 </sp>
 
 <sp>
 <speaker>ΚΥΝΙΣΚΟΣ</speaker>
 <p>Ποῦ γὰρ ἐγὼ στιγματίας ἐγενόμην;</p>
 </sp>
 
 <sp>
 <speaker>ΡΑΔΑΜΑΝΘΥΣ</speaker>
 <p>Ὁπόσα ἄν τις ὑμῶν πονηρὰ ἐργάσηται παρὰ
 τὸν βίον, καθʼ ἕκαστον αὐτῶν ἀφανῆ στίγματα
 ἐπὶ τῆς ψυχῆς περιφέρει.</p>
 </sp>
 
 <sp>
 <speaker>ΚΥΝΙΣΚΟΣ</speaker>
 <p>Ἰδού σοι γυμνὸς παρέστηκα· ὥστε ἀναζήτει
 ταῦτα ἅπερ σὺ φὴς τὰ στίγματα.</p>
 </sp>
 
 <sp>
 <speaker>ΡΑΔΑΜΑΝΘΥΣ</speaker>
 <p>Καθαρὸς ὡς ἐπίπαν οὑτοσὶ πλὴν τούτων τριῶν
 ἢ τεττάρων ἀμαυρῶν πάνυ καὶ ἀσαφῶν στιγμάτων.
 καίτοι τί τοῦτο; ἴχνη μὲν καὶ σημεῖα πολλὰ
 τῶν ἐγκαυμάτων, οὐκ οἶδα δὲ ὅπως ἐξαλήλιπται,
 μᾶλλον δὲ ἐκκέκοπται. πῶς ταῦτα, ὧ Κυνίσκε, ἢ
 πῶς καθαρὸς ἐξ ὑπαρχῆς ἀναπέφηνας;</p>
 </sp>
 
 <sp>
 <speaker>ΚΥΝΙΣΚΟΣ</speaker>
 <p>σοι φράσοω· πάλαι πονηρὸς διʼ ἀπαιδευσίαν
 γενόμενος καὶ πολλὰ διὰ τοῦτο ἐμπολήσας
 στίγματα, ἐπειδὴ τάχιστα φιλοσοφεῖν ἠρξάμην
 κατʼ ὀλίγον ἁπάσας τὰς κηλῖδας ἐκ τῆς ψυχῆς
 ἀπελουσάμην.</p>
 </sp>
 
 <pb n="48"/>
 <sp>
 <speaker>ΡΑΔΑΜΑΝΘΥΣ</speaker>
 <p>Ἀγαθῷ γε οὗτος καὶ ἀνυσιμωτάτῳ χρησάμενος
 τῷ φαρμάκῳ. ἀλλʼ ἄπιθι ἐς τὰς Μακάρων
 νήσους τοῖς ἀρίστοις συνεσόμενος, κατηγορήσας
 γε πρότερον οὗ φὴς τυράννου. ἄλλους προσκάλει.</p>
 </sp>
 </div>
 
 <div type="textpart" subtype="section" n="25">
 <sp>
 <speaker>ΜΙΚΥΛΛΟΣ</speaker>
 <p>25 Καὶ τοὐμόν, ὦ Ῥαδάμανθυ, μικρόν ἐστι καὶ
 βραχείας τινὸς ἐξετάσεως δεόμενον· πάλαι γοῦν
 σοι καὶ γυμνός εἰμι, ὥστε ἐπισκόπει.</p>
 </sp>
 
 <sp>
 <speaker>ΜΙΚΥΛΛΟΣ</speaker>
 <p>Τίς δὲ ὢν τυγχάνεις;</p>
 </sp>
 
 <sp>
 <speaker>ΜΙΚΥΛΛΟΣ</speaker>
 <p>Ὁ σκυτοτόμος Μίκυλλος.</p>
 </sp>
 
 <sp>
 <speaker>ΡΑΔΑΜΑΝΘΥΣ</speaker>
 <p>Εὖ γε, ὦ Μίκυλλε, καθαρὸς ἀκριβῶς καὶ ἀνεπίγραφος·
 ἄπιθι καὶ σὺ παρὰ Κυνίσκον τουτονί.
 τὸν τύραννον ἤδη προσκάλει.</p>
 </sp>
 
 <sp>
 <speaker>ΕΡΜΗΣ</speaker>
 <p>Μεγαπένθης Λακύδου ἡκέτω. ποῖ στρέφῃ;
 πρόσιθι. σὲ τὸν τύραννον προσκαλῶ. πρόβαλ᾿
 αὐτόν, ὦ Τισιφόνη, ἐς τὸ μέσον ἐπὶ τράχηλον
 ὠθοῦσα.</p>
 </sp>
 
 <sp>
 <speaker>ΡΑΔΑΜΑΝΘΥΣ</speaker>
 <p>Σὺ δέ, Κυνίσκε, κατηγόρει καὶ διέλεγχε ἤδη·
 πλησίον γὰρ ἁνὴρ<note type="footnote" n="1"></note> οὑτοσί.</p>
 </sp>
 </div>
 
 <div type="textpart" subtype="section" n="26">
 <sp>
 <speaker>ΚΥΝΙΣΚΟΣ</speaker>
 <p>26 Τὸ μὲν ὅλον οὐδὲ λόγων ἔδει· γνώσῃ γὰρ αὐτὸν
 αὐτίκα μάλα οἷός ἐστιν ἀπὸ τῶν στιγμάτων.
 ὅμως δὲ καὐτὸς ἀποκαλύψω σοι τὸν ἄνδρα κἀκ τοῦ
 λόγου δείξω φανερώτερον. οὑτοσὶ γὰρ ὁ τρισκατάρατος
 <note type="footnote">1 ἁνὴρ Sommerbrodt: ἀνὴρ, ὁ ἀνὴρ MSS.</note>
 
 <pb n="50"/>
 ὁπόσα μὲν ἰδιώτης ὢν ἔπραξε, παραλείψειν
 μοι δοκῶ· ἐπεὶ δὲ τοὺς θρασυτάτους προσεταιρισάμενος<note type="footnote" n="1"></note>
 καὶ δορυφόρους συναγαγὼν ἐπαναστὰς
 τῇ πόλει τύραννος κατέστη, ἀκρίτους μὲν ἀπέκτεινε
 πλείονας ἢ μυρίους, τὰς δὲ οὐσίας ἑκάστων
 ἀφαιρούμενος καὶ πλούτου πρὸς τὸ ἀκρότατον
 ἀφικόμενος οὐδεμίαν μὲν ἀκολασίας ἰδέαν παραλέλοιπεν,
 ἁπάσῃ δὲ ὠμότητι καὶ ὕβρει κατὰ τῶν
 ἀθλίων πολιτῶν ἐχρήσατο, παρθένους διαφθείρων
 καὶ ἐφήβους καταισχύνων καὶ πάντα τρόπον
 τοῖς ὑπηκόοις ἐμπαροινῶν. καὶ ὑπεροψίας μέν γε
 καὶ τύφου καὶ τοῦ πρὸς τοὺς ἐντυγχάνοντας φρυάγματος
 οὐδὲ κατ᾿ ἀξίαν δύναιο ἂν παῤ αὐτοῦ
 λαβεῖν τὴν δίκην· ῥᾷον<note type="footnote" n="2"></note> γοῦν τὸν ἥλιον ἄν τις
 ἢ τοῦτον ἀσκαρδαμυκτὶ προσέβλεψεν. οὐ μὴν
 ἀλλὰ<note type="footnote" n="3"></note> καὶ τῶν κολάσεων τὸ πρὸς ὠμότητα καίνουργὸν
 αὐτοῦ τίς ἂν διηγήσασθαι δύναιτο, ὅς
 γε μηδὲ τῶν οἰκειοτάτων ἀπέσχετο; καὶ ταῦτα
 ὅτι μὴ ἄλλως κενή τίς ἐστι κατ᾿ αὐτοῦ διαβολή,
 αὐτίκα εἴσῃ προσκαλέσας τοὺς ὑπʼ αὐτοῦ πεφονευμένους·
 μᾶλλον δὲ ἄκλητοι, ὡς ὁρᾷς, πάρεισι
 καὶ περιστάντες ἄγχουσιν αὐτόν. οὗτοι πάντες,
 ὦ Ῥαδάμανθυ, πρὸς τοῦ ἀλιτηρίου τεθνᾶσιν, οἱ
 μὲν γυναικῶν ἕνεκα εὐμόρφων ἐπιβουλευθέντες,
 οἱ δὲ υἱέων ἀπαγομένων πρὸς ὕβριν ἀγανακτήσαντες,
 οἱ δὲ ὅτι ἐπλούτουν, οἱ δὲ ὅτι ἦσαν
 δεξιοὶ καὶ σώφρονες καὶ οὐδαμοῦ ἠρέσκοντο τοῖς
 δρωμένοις.</p>
 <note type="footnote">1 προσεταιρισάμενος Jacobitz: προσεταιρούμενοε, προσεπαιρόμενος MSS.</note>
 <note type="footnote">2 ῥᾷον Bentley: ῥᾴδιον MSS.</note>
 <note type="footnote">3 ἀλλὰ Bekker: not in MSS.</note>
 </sp>
 </div>
 
 <div type="textpart" subtype="section" n="27">
 <pb n="52"/>
 <sp>
 <speaker>ΡΑΔΑΜΑΝΘΥΣ</speaker>
 <p>27 Τί πρὸς ταῦτα φής, ὧ μιαρὲ σύ;</p>
 </sp>
 
 <sp>
 <speaker>ΜΕΓΑΠΕΝΘΗΣ</speaker>
 <p>Τοὺς μὲν φόνους εἴργασμαι οὓς λέγει, τὰ δ᾿
 ἄλλα πάντα, τὰς μοιχείας καὶ τὰς τῶν ἐφήβων
 ὕβρεις καὶ τὰς διαφθορὰς τῶν παρθένων, ταῦτα
 πάντα Κυνίσκος μου κατεψεύσατο.</p>
 </sp>
 
 <sp>
 <speaker>ΚΥΝΙΣΚΟΣ</speaker>
 <p>Οὐκοῦν καὶ τούτων, ὦ Ῥαδάμανθυ, παρέξω σοι
 μάρτυρας.</p>
 </sp>
 
 <sp>
 <speaker>ΡΑΔΑΜΑΝΘΥΣ</speaker>
 <p>Τίνας τούτους λέγεις;</p>
 </sp>
 
 <sp>
 <speaker>ΚΥΝΙΣΚΟΣ</speaker>
 <p>Προσκάλει μοι, ὦ Ἑρμῆ, τὸν λύχνον αὐτοῦ καὶ
 τὴν κλίνην· μαρτυρήσουσι γὰρ αὐτοὶ παρελθόντες,
 οἷα πράττοντι συνηπίσταντο αὐτῷ.</p>
 </sp>
 
 <sp>
 <speaker>ΕΡΜΗΣ</speaker>
 <p>Ἡ Κλίνη καὶ ὁ Λύχνος ὁ Μεγαπένθους παράστων.<note type="footnote" n="1"></note>
 εὖ γε ἐποίησαν ὑπακούσαντες.</p>
 </sp>
 
 <sp>
 <speaker>ΡΑΔΑΜΑΝΘΥΣ</speaker>
 <p>Εἴπατε οὖν ὑμεῖς ἂ σύνιστε Μεγαπένθει τούτῳ·
 προτέρα δὲ σὺ ἡ Κλίνη λέγε.</p>
 </sp>
 
 <sp>
 <speaker>ΚΛΙΝΗ</speaker>
 <p>Πάντα ἀληθῆ κατηγόρησε Κυνίσκος. ἐγὼ μέντοι
 ταῦτα εἰπεῖν, ὦ δέσποτα Ῥαδάμανθυ, αἰσχύνομαι·
 τοιαῦτα ἦν ἃ ἐπ᾿ ἐμοῦ διεπράττετο.</p>
 </sp>
 
 <sp>
 <speaker>ΡΑΔΑΜΑΝΘΥΣ</speaker>
 <p>Σαφέστατα μὲν οὖν καταμαρτυρεῖς μηδὲ εἰπεῖν
 αὐτὰ ὑπομένουσα, καὶ σὺ δὲ ὁ Λύχνος ἤδη
 μαρτύρει.</p>
 <note type="footnote">1 παρέστων Cobet: παρέστω MSS.</note>
 </sp>
 
 <pb n="54"/>
 <sp>
 <speaker>ΛΥΧΝΟΣ</speaker>
 <p>Ἐγὼ τὰ μεθʼ ἡμέραν μὲν οὐκ εἶδον· οὐ γὰρ
 παρῆν· ἃ δὲ τῶν νυκτῶν ἐποίει καὶ ἔπασχεν,
 ὀκνῶ λέγειν· πλὴν ἀλλὰ ἐθεασάμην γε πολλὰ
 καὶ ἄρρητα καὶ πᾶσαν ὕβριν ὑπερπεπαικότα. καίτοι
 πολλάκις ἑκὼν τοὔλαιον οὐκ ἔπινον ἀποσβῆναι
 θέλων· ὁ δὲ καὶ προσῆγέ με τοῖς δραωμένοις καὶ τὸ
 φῶς μου πάντα τρόπον κατεμίαινεν.</p>
 </sp>
 </div>
 
 <div type="textpart" subtype="section" n="28">
 <sp>
 <speaker>ΡΑΔΑΜΑΝΘΥΣ</speaker>
 <p>28 Ἅλις ἤδη τῶν μαρτύρων. ἀλλὰ καὶ ἀπόδυθι τὴν
 πορφυρίδα, ἵνα τὸν ἀριθμὸν ἴδοωμεν τῶν στιγμάταων.
 παπαί, ὅλος οὗτος πελιδνὸς καὶ κατάγραφος, μᾶλλον
 δὲ κυάνεός ἐστιν ἀπὸ τῶν στιγμάτων. τίνα ἂν
 οὖν κολασθείη τρόπον; ἆῤ ἐς τὸν Πυριφλεγέθοντά
 ἐστιν ἐμβλητέος ἢ παραδοτέος τῷ Κερβέρῳ;</p>
 </sp>
 
 <sp>
 <speaker>ΚΥΝΙΣΚΟΣ</speaker>
 <p>Μηδαμῶς· ἀλλʼ εἰ θέλεις, ἐγώ σοι καινήν τινα
 καὶ πρέπουσαν αὐτῷ τιμωρίαν ὑποθήσομαι.</p>
 </sp>
 
 <sp>
 <speaker>ΡΑΔΑΜΑΝΘΥΣ</speaker>
 <p>Λέγε, ὡς ἐγώ σοι μεγίστην ἐπὶ τούτω χάριν
 εἴσομαι.</p>
 </sp>
 
 <sp>
 <speaker>ΚΥΝΙΣΚΟΣ</speaker>
 <p>Ἔθος ἐστίν, οἶμαι, τοῖς ἀποθνήσκουσι πᾶσι
 πίνειν τὸ Λήθης ὕδωρ.</p>
 </sp>
 
 <sp>
 <speaker>ΡΑΔΑΜΑΝΘΥΣ</speaker>
 <p>Πάνυ μὲν οὖν.</p>
 </sp>
 
 <sp>
 <speaker>ΚΥΝΙΣΚΟΣ</speaker>
 <p>Oὐκοῦν μόνος οὗτος ἐξ ἁπάντων ἄποτος ἔστω.</p>
 </sp>
 </div>
 
 <div type="textpart" subtype="section" n="29">
 <sp>
 <speaker>ΡΑΔΑΜΑΝΘΥΣ</speaker>
 <p>29 Διὰ τί δή;</p>
 </sp>
 
 <pb n="56"/>
 <sp>
 <speaker>ΚΥΝΙΣΚΟΣ</speaker>
 <p>Χαλεπήν οὕτως ὑφέξει τὴν δίκην μεμνημένος οἱος
 ἦν καὶ ὅσον ἠδύνατο ἐν τοῖς ἄνω, καὶ ἀναπεμπαζόμενος
 τὴν τρυφήν.</p>
 </sp>
 
 <sp>
 <speaker>ΡΑΔΛΜΛΝΘΥΣ</speaker>
 <p>Εὖ λέγεις· καὶ καταδεδικάσθω καὶ παρὰ τὸν
 Τάνταλον ἀπαχθεὶς οὑτοσὶ δεδέσθω, μεμνημένος
 ὦν ἔπραξε παρὰ τὸν βίον.</p> 
 </sp>
 </div>
 
 </div>
 </body>
 </text>
 </TEI>