<ti:work xmlns:ti="http://chs.harvard.edu/xmlns/cts" groupUrn="urn:cts:greekLit:tlg0062" xml:lang="grc" urn="urn:cts:greekLit:tlg0062.tlg029">
  <ti:title xml:lang="lat">Somnium sive vita Luciani</ti:title>
  <ti:edition urn="urn:cts:greekLit:tlg0062.tlg029.1st1K-grc1" workUrn="urn:cts:greekLit:tlg0062.tlg029">
    <ti:label xml:lang="lat">Somnium sive vita Luciani</ti:label>
    <ti:description xml:lang="lat">Lucianus, Somnium sive vita Luciani, Harmon, Harvard, 1960</ti:description>
  </ti:edition>
</ti:work>
