<?xml version="1.0" encoding="UTF-8"?>
<?xml-model href="http://www.stoa.org/epidoc/schema/latest/tei-epidoc.rng" schematypens="http://relaxng.org/ns/structure/1.0"?>
<TEI xmlns="http://www.tei-c.org/ns/1.0">
    <teiHeader>
        <fileDesc>
            <titleStmt>
                <title>Sententiae (corresponds to version Men Ar I) (Greek)</title>
                <author>pseudo-Menander</author>
                <editor role="editor">Manfred Ullmann</editor>
                <funder>Andrew W. Mellon Foundation</funder>
                <respStmt>
                    <resp>Published original versions of the electronic texts</resp>
                    <orgName ref="http://www.graeco-arabic-studies.org/">A Digital Corpus for
                        Graeco-Arabic Studies, funded by the Andrew W. Mellon Foundation</orgName>
                    <persName>Mark Schiefsky, Harvard University</persName>
                    <persName>Gregory R. Crane, Universität Leipzig</persName>
                    <persName>Uwe Vagelpohl, University of Warwick</persName>
                </respStmt>
                <respStmt>
                    <resp>Keyboarding</resp>
                    <orgName xml:id="DDD">Digital Divide Data</orgName>
                </respStmt>
                <respStmt>
                    <resp>Editor-in-Chief, Perseus Digital Library</resp>
                    <persName>Gregory R. Crane</persName>
                </respStmt>
                <respStmt>
                    <resp>Project Manager (University of Leipzig), 2016 - present</resp>
                    <persName>Matt Munson</persName>
                </respStmt>
                <respStmt>
                    <resp>Project Assistant (University of Leipzig), 2015 - present</resp>
                    <persName>Annette Geßner</persName>
                </respStmt>
                <respStmt>
                    <resp>Lead Developer (University of Leipzig)</resp>
                    <persName>Thibault Clérice</persName>
                </respStmt>
                <respStmt>
                    <resp>Technical Advisor</resp>
                    <persName>Bruce Robertson</persName>
                </respStmt>
            </titleStmt>
            <publicationStmt>
                <authority>A Digital Corpus for Graeco-Arabic Studies, funded by the Andrew W.
                    Mellon Foundation</authority>
                <publisher>University of Leipzig</publisher>
                <pubPlace>Germany</pubPlace>
                <idno type="filename">tlg0541.tlg042.1st1K-grc1.xml</idno>
                <availability>
                    <licence target="https://creativecommons.org/licenses/by-sa/4.0/">Available
                        under a Creative Commons Attribution-ShareAlike 4.0 International
                        License</licence>
                </availability>
                <date>2016</date>
            </publicationStmt>
            <sourceDesc>
                <biblStruct>
                    <monogr>
                        <author>pseudo-Menander</author>
                        <title>Die arabische Überlieferung der sogenannten Menandersentenzen</title>
                        <editor role="editor">Manfred Ullmann</editor>
                        <imprint>
                            <pubPlace>Wiesbaden</pubPlace>
                            <publisher>Kommissionsverlag Franz Steiner</publisher>
                            <biblScope unit="pp" from="17" to="59">17-59</biblScope>
                            <date>1961</date>
                        </imprint>
                    </monogr>
                    <ref target="NN"></ref>
                </biblStruct>
            </sourceDesc>
        </fileDesc>
        <encodingDesc>
            <p>The following text is encoded in accordance with EpiDoc standards and with the
                CTS/CITE Architecture.</p>
            <refsDecl n="CTS">
                <cRefPattern matchPattern="(.+).(.+)" n="sentence"
                    replacementPattern="#xpath(/tei:TEI/tei:text/tei:body/tei:div/tei:div[@n='$1']/tei:div[@n='$2'])"/>
                <cRefPattern matchPattern="(.+)" n="chapter"
                    replacementPattern="#xpath(/tei:TEI/tei:text/tei:body/tei:div/tei:div[@n='$1'])"
                />
            </refsDecl>
        </encodingDesc>
        <profileDesc>
            <langUsage>
                <language ident="grc">Greek</language>
            </langUsage>
        </profileDesc>
    </teiHeader>
    <text>
        <body>

            <div type="edition" xml:lang="grc" n="urn:cts:greekLit:tlg0541.tlg042.1st1K-grc1">
                <pb n="17"/>

                <div type="textpart" subtype="chapter" n="1">
                    <head> Α </head>

                    <div type="textpart" subtype="sentence" n="1">
                        <p> ἄνθρωπον ὄντα δεῖ φρονεῖν τἀνθρώπινα (Mon 1 M/1 J) </p>
                    </div>
                    <div type="textpart" subtype="sentence" n="2">
                        <p> ἀναφαίρετον κτῆμ᾿ ἐστὶ παιδεία βροτοῖς (Mon 2 M/2 J) </p>
                    </div>
                    <div type="textpart" subtype="sentence" n="3">
                        <p> ἀεὶ τὸ λυποῦν ἐκδίωκε τοῦ βίου (Mon 3 M/3 J) </p>
                    </div>
                    <div type="textpart" subtype="sentence" n="4">
                        <p> αὐτά σε διδάσκει τοῦ βίου τὰ πράγματα (Mon 647 M/4 J) </p>
                    </div>
                    <div type="textpart" subtype="sentence" n="5">
                        <p> ἀθάνατον ἔχθραν μὴ φύλαττε θνητὸς ὤν (Mon 4 M/5 J) </p>
                    </div>
                    <div type="textpart" subtype="sentence" n="6">
                        <p> ἅπαξ ἀκοῦσαι τοὺς ἐλευθέρους καλόν (Piccolos p. 230, 1/Mon 6 J) </p>
                    </div>
                    <pb n="18"/>

                    <div type="textpart" subtype="sentence" n="7">
                        <p> ἅπαν τὸ κέρδος ἄδικον ὂν φέρει βλάβην (Mon 6 M/8 J) </p>
                    </div>
                    <div type="textpart" subtype="sentence" n="8">
                        <p> ἅπαντα καιρῷ χάριν ἔχει τρυγώμενα (Mon 7 M/9 J) </p>
                    </div>
                    <div type="textpart" subtype="sentence" n="9">
                        <p> ἂν εὖ φρονῇς, τὰ πάντα γ᾿ εὐδαίμων ἔσῃ (Mon 649 M/74 J) </p>
                    </div>
                    <div type="textpart" subtype="sentence" n="10">
                        <p> ἀχάριστος ὅστις εὖ παθὼν ἀμνημονεῖ (Mon 10 M/12 J) </p>
                    </div>
                    <div type="textpart" subtype="sentence" n="11">
                        <p> ἄγει δὲ πρὸς φῶς τὴν ἀλήθειαν χρόνος (Mon 11 M/13 J) </p>
                    </div>
                    <div type="textpart" subtype="sentence" n="12">
                        <p> ἀμελοῦντα τοῦ ζῆν οὐκ ἔνεστ᾿ εὐσχημονεῖν (Mon 646 M/91 J) </p>
                    </div>
                    <div type="textpart" subtype="sentence" n="13">
                        <p> ἀγαθὸν μέγιστον ἡ φρόνησίς ἐστ᾿ ἀεί (Mon 12 M/14 J) </p>
                    </div>
                    <div type="textpart" subtype="sentence" n="14">
                        <p> ἀνδρὸς τὰ προσπίπτοντα γενναίως φέρειν (Mon 13 M/15 J) </p>
                    </div>
                    <pb n="19"/>

                    <div type="textpart" subtype="sentence" n="15">
                        <p> ἄγει τὸ θεῖον τοὺς κακοὺς πρὸς τὴν δίκην (Mon 14 M/16 J) </p>
                    </div>
                    <div type="textpart" subtype="sentence" n="16">
                        <p> ἀβουλίᾳ τὰ πολλὰ βλάπτονται βροτοί (Mon 15 M/17 J) </p>
                    </div>
                    <div type="textpart" subtype="sentence" n="17">
                        <p> ἄνθρωπον ὄντα σαυτὸν ἀναμίμνησκ᾿ ἀεί (Mon 16 M/18 J) </p>
                    </div>
                    <div type="textpart" subtype="sentence" n="18">
                        <p> ἀνεξέταστον μὴ κόλαζε μηδένα (Mon 17 M/19 J) </p>
                    </div>
                    <div type="textpart" subtype="sentence" n="19">
                        <p> ἀφεὶς τὰ φανερὰ μὴ δίωκε τἀφανῆ (Mon 18 M/20 J) </p>
                    </div>
                    <div type="textpart" subtype="sentence" n="20">
                        <p> ἀνὴρ πονηρὸς δυστυχεῖ, κἂν εὐτυχῇ (Mon 19 M/21 J) </p>
                    </div>
                    <div type="textpart" subtype="sentence" n="21">
                        <p> ἄνθρωπος ὢν γίγνωσκε τῆς ὀργῆς κρατεῖν (Mon 20 M/22 J) </p>
                    </div>
                    <div type="textpart" subtype="sentence" n="22">
                        <p> </p>
                    </div>
                    <div type="textpart" subtype="sentence" n="23">
                        <p> αἰσχρὸν δὲ μηδὲν πρᾶττε μηδὲ μάνθανε (Mon 23 M/24 J) </p>
                    </div>
                    <pb n="20"/>

                    <div type="textpart" subtype="sentence" n="24">
                        <p> ἅπαντας ἡ παίδευσις ἡμέρους τελεῖ (Mon 41 M/50 J) </p>
                    </div>
                    <div type="textpart" subtype="sentence" n="25">
                        <p> ἀνδρὸς πονηροῦ φεῦγε συνοδίαν ἀεί (Mon 24 M/25 J) </p>
                    </div>
                    <div type="textpart" subtype="sentence" n="26">
                        <p> ἀνδρῶν δ᾿ ἀπίστων ὅρκον εἰς ὕδωρ γράφε </p>
                    </div>
                    <div type="textpart" subtype="sentence" n="27">
                        <p> ἀρχῆς τετευχὼς ἴσθι ταύτης ἄξιος (Mon 44 M/55 J) </p>
                    </div>
                    <div type="textpart" subtype="sentence" n="28">
                        <p> ἀνδρὸς χαρακτὴρ ἐκ λόγου γνωρίζεται (Mon 26 M/27 J) </p>
                    </div>
                    <div type="textpart" subtype="sentence" n="29">
                        <p> ἀνὴρ δίκαιός ἐστιν οὐχ ὁ μὴ ἀδικῶν, ἀλλ᾿ ὅστις ἀδικεῖν δυνάμενος μὴ
                            βούλεται (Mon 638—639 M/37—38 J) </p>
                    </div>
                    <pb n="21"/>

                    <div type="textpart" subtype="sentence" n="31">
                        <p> ἅπαντ᾿ ἀφανίζει γῆρας, ἰσχὺν σώματος (Mon 648 M/39 J) </p>
                    </div>
                    <div type="textpart" subtype="sentence" n="32">
                        <p> ἄριστόν ἐστι πάντ᾿ ἐπίστασθαι καλά (Mon 33 M/41 J) </p>
                    </div>
                    <div type="textpart" subtype="sentence" n="33">
                        <p> ἄνευ προφάσεως οὐδὲν ἀνθρώποις κακόν (Mon 35 M/44 J) </p>
                    </div>
                    <div type="textpart" subtype="sentence" n="34">
                        <p> ἀνὴρ ὁ φεύγων καὶ πάλιν μαχήσεται (Mon 45 M/56 J) </p>
                    </div>
                    <div type="textpart" subtype="sentence" n="35">
                        <p> ἀνὴρ δὲ χρηστὸς χρηστὸν οὐ μισεῖ ποτε (Mon 28 M/29 J) </p>
                    </div>
                    <div type="textpart" subtype="sentence" n="36">
                        <p> ἀνελεύθεροι γάρ εἰσιν οἱ φιλάργυροι (Mon 36 M/45 J) </p>
                    </div>
                    <div type="textpart" subtype="sentence" n="37">
                        <p> </p>
                    </div>
                    <div type="textpart" subtype="sentence" n="38">
                        <p> ἆρ᾿ ἐστὶ θυμοῦ φάρμακον χρηστὸς λόγος (Mon 37 M/46 J) </p>
                    </div>
                    <div type="textpart" subtype="sentence" n="39">
                        <p> ἀνὴρ γὰρ ἄνδρα καὶ πόλις σώζει πόλιν (Mon 29 M/31 J) </p>
                    </div>
                    <pb n="22"/>

                    <div type="textpart" subtype="sentence" n="40">
                        <p> ἀνὴρ ἀχάριστος μὴ νομιζέσθω φίλος (Mon 40 M/49 J) </p>
                    </div>
                    <div type="textpart" subtype="sentence" n="41">
                        <p> ἀνδρὸς πονηροῦ σπλάγχνον οὐ μαλάσσεται (Mon 31 Μ/33 J) </p>
                    </div>
                    <div type="textpart" subtype="sentence" n="42">
                        <p> ἅπασιν εὖ πράττουσιν ἥδομαι φίλοις (Mon 452 Lasc/511 Brunck) ἀνδρὸς
                            κακῶς πράσσοντος ἐκποδὼν φίλοι (Mon 453 Lasc/512 Brunck) </p>
                    </div>
                    <div type="textpart" subtype="sentence" n="44">
                        <p> αἱ δ᾿ ἐλπίδες βόσκουσι τοὺς κενοὺς βροτῶν (Mon 42 M/51 J) </p>
                    </div>
                    <div type="textpart" subtype="sentence" n="45">
                        <p> </p>
                    </div>
                </div>
                <pb n="23"/>

                <div type="textpart" subtype="chapter" n="2">
                    <head> B </head>

                    <div type="textpart" subtype="sentence" n="46">
                        <p> βέβαιον οὐδέν ἐστιν ἐν θνητῷ βίῳ (Mon 57 M/96 J) </p>
                    </div>
                    <div type="textpart" subtype="sentence" n="47">
                        <p> βάδιζε τὴν εὐθεῖαν, ἵνα δίκαιος ᾖς (Mon 62 M/101 J) </p>
                    </div>
                    <div type="textpart" subtype="sentence" n="48">
                        <p> βούλου δ᾿ ἀρέσκειν πᾶσι, μὴ σαυτῷ μόνον (Mon 76 M/102 J) </p>
                    </div>
                    <div type="textpart" subtype="sentence" n="49">
                        <p> βουλόμεθα πλουτεῖν πάντες, ἀλλ᾿ οὐ δυνάμεθα (Mon 64 M/104 J) </p>
                    </div>
                    <div type="textpart" subtype="sentence" n="50">
                        <p> βίος ἐστὶν ἄν τις τῷ βίῳ χαίρῃ βιῶν (Mon 656 M/120 J) </p>
                    </div>
                    <div type="textpart" subtype="sentence" n="51">
                        <p> βίος κέκληται δ᾿ ὃς βίᾳ πορίζεται (Mon 66 M/106 J) </p>
                    </div>
                    <div type="textpart" subtype="sentence" n="52">
                        <p> βροτοῖς ἅπασιν ἡ συνείδησις θεός (Mon 654 M/107 J) </p>
                    </div>
                    <div type="textpart" subtype="sentence" n="53">
                        <p> βίου δικαίου γίγνεται τέλος καλόν (Mon 67 M/108 J) </p>
                    </div>
                    <div type="textpart" subtype="sentence" n="54">
                        <p> βέβαιος ἴσθι καὶ βεβαίως χρῶ φίλοις (Mon 454 Lasc/513 Brunck) </p>
                    </div>
                    <pb n="24"/>

                    <div type="textpart" subtype="sentence" n="55">
                        <p> βουλῆς γὰρ ὀρθῆς οὐδὲν ἀσφαλέστερον (Mon 68 M/109 J) </p>
                    </div>
                    <div type="textpart" subtype="sentence" n="56">
                        <p> βροτοῖς ἅπασιν ἀποθανεῖν ὀφείλεται (Mon 69 M/110 J) </p>
                    </div>
                    <div type="textpart" subtype="sentence" n="57">
                        <p> βίος βίου δεόμενος οὐκ ἔστιν βίος (Mon 74 M/115 J) </p>
                    </div>
                    <div type="textpart" subtype="sentence" n="58">
                        <p> βέλτιόν ἐστι σῶμα γ᾿ ἢ ψυχὴν νοσεῖν (Mon 75 M/116 J) </p>
                    </div>
                    <div type="textpart" subtype="sentence" n="59">
                        <p> βίου σπάνις πέφυκεν ἀνδράσιν γυνή (Mon 77 M/117 J) </p>
                    </div>
                    <div type="textpart" subtype="sentence" n="60">
                        <p> βίον καλὸν ζῇς, ἂν γυναῖκα μὴ ἔχῃς (Mon 78 M/118 J) </p>
                    </div>
                </div>
                <div type="textpart" subtype="chapter" n="3">
                    <head> Г </head>

                    <div type="textpart" subtype="sentence" n="61">
                        <p> γυναικὶ πάσῃ κόσμον ἡ σιγὴ φέρει (Mon 94 Lasc/109 Brunck) </p>
                    </div>
                    <div type="textpart" subtype="sentence" n="62">
                        <p> γυναικὸς ἐσθλῆς ἐστι σώζειν οἰκίαν (Mon 84 M/140 J) </p>
                    </div>
                    <div type="textpart" subtype="sentence" n="63">
                        <p> γέλως ἄκαιρος κλαυθμάτων παραίτιος (Urbin. p. 430 nr. 11/Mon 144 J) </p>
                    </div>
                    <pb n="25"/>

                    <div type="textpart" subtype="sentence" n="64">
                        <p> γῆ πάντα τίκτει καὶ πάλιν κομίζεται (Mon 89 M/145 J) </p>
                    </div>
                    <div type="textpart" subtype="sentence" n="65">
                        <p> γέρων ἐραστὴς ἐσχάτη κακὴ τύχη (Mon 90 M/146 J) </p>
                    </div>
                    <div type="textpart" subtype="sentence" n="66">
                        <p> γαμεῖν ὁ μέλλων εἰς μετάνοιαν ἔρχεται (Mon 91 M/147 J) </p>
                    </div>
                    <div type="textpart" subtype="sentence" n="67">
                        <p> γυνὴ δικαία τοῦ βίου σωτηρία (Mon 93 M/149 J) </p>
                    </div>
                    <div type="textpart" subtype="sentence" n="68">
                        <p> γυναικὸς ἐσθλῆς ἐπιτυχεῖν οὐ ῥᾴδιον (Mon 94 M/150 J) </p>
                    </div>
                    <div type="textpart" subtype="sentence" n="69">
                        <p> γυναῖκα θάπτειν κρεῖσσόν ἐστιν ἢ γαμεῖν (Mon 95 M/151 J) </p>
                    </div>
                    <div type="textpart" subtype="sentence" n="70">
                        <p> γυνὴ τὸ σύνολόν ἐστι δαπανηρὸν φύσει (Mon 97 M/153 J) </p>
                    </div>
                    <div type="textpart" subtype="sentence" n="71">
                        <p> γάμει δὲ μὴ τὴν προῖκα, τὴν γυναῖκα δέ (Mon 98 M/154 J) </p>
                    </div>
                    <pb n="26"/>

                    <div type="textpart" subtype="sentence" n="72">
                        <p> γυνὴ δὲ χρηστὴ πηδάλιόν ἐστ᾿ οἰκίας (Mon 99 M/155 J) </p>
                    </div>
                    <div type="textpart" subtype="sentence" n="73">
                        <p> </p>
                    </div>
                    <div type="textpart" subtype="sentence" n="74">
                        <p> γυναικὶ δ᾿ ἄρχειν οὐ δίδωσιν ἡ φύσις (Mon 100 M/157 J) </p>
                    </div>
                    <div type="textpart" subtype="sentence" n="75">
                        <p> γυνὴ γὰρ οἴκῳ πῆμα καὶ σωτηρία (Mon 85 M/141 J) </p>
                    </div>
                    <div type="textpart" subtype="sentence" n="76">
                        <p> γαμεῖν δὲ μέλλων βλέψον εἰς τοὺς γείτονας (Mon 103 M/160 J) </p>
                    </div>
                    <div type="textpart" subtype="sentence" n="77">
                        <p> γλώσσῃ ματαίᾳ ζημία προστρίβεται (Mon 111 M/169 J) </p>
                    </div>
                    <div type="textpart" subtype="sentence" n="78">
                        <p> γυνὴ δ᾿ ὅλως τι συμφέρον οὐ βουλεύεται (Boiss. p. 159) </p>
                    </div>
                    <div type="textpart" subtype="sentence" n="79">
                        <p> γυνὴ γὰρ οὐδὲν οἶδε πλὴν ὃ βούλεται (Mon 87 M/143 J) </p>
                    </div>
                    <div type="textpart" subtype="sentence" n="80">
                        <p> γνώμη γερόντων ἀσφαλεστέρα νέων (Mon 107 M/164 J) </p>
                    </div>
                    <div type="textpart" subtype="sentence" n="81">
                        <p> γελᾷ δ᾿ ὁ μῶρος, κἄν τι μὴ γέλοιον ᾖ (Mon 108 M/165 J) </p>
                    </div>
                    <div type="textpart" subtype="sentence" n="82">
                        <p> γυνὴ δὲ κολακεύει σε τοῦ λαβεῖν χάριν (Mon 600 M/167 J) </p>
                    </div>
                </div>
                <pb n="27"/>

                <div type="textpart" subtype="chapter" n="4">
                    <head> Δ </head>

                    <div type="textpart" subtype="sentence" n="83">
                        <p> δίκαιος ἴσθι ἵνα δικαίων τύχῃς (Mon 119 M/179 J) </p>
                    </div>
                    <div type="textpart" subtype="sentence" n="84">
                        <p> δὶς ἐξαμαρτεῖν ταὐτὸν οὐκ ἀνδρὸς σοφοῦ (Mon 121 M/183 J) </p>
                    </div>
                    <div type="textpart" subtype="sentence" n="85">
                        <p> δρυὸς πεσούσης πᾶς ἀνὴρ ξυλεύεται (Mon 123 M/185 J) </p>
                    </div>
                    <div type="textpart" subtype="sentence" n="86">
                        <p> </p>
                    </div>
                    <div type="textpart" subtype="sentence" n="87">
                        <p> δεῖ τοὺς φιλοῦντας πίστιν οὐ λόγους ἔχειν (Mon 115 M/175 J) </p>
                    </div>
                    <div type="textpart" subtype="sentence" n="88">
                        <p> δίκαιον εὖ πράττοντα μεμνῆσθαι θεοῦ (Mon 118 M/178 J) </p>
                    </div>
                    <div type="textpart" subtype="sentence" n="89">
                        <p> δοὺς τῇ τύχῃ τὸ μικρὸν ἐκλήψῃ μέγα (Mon 124 M/186 J) </p>
                    </div>
                    <div type="textpart" subtype="sentence" n="90">
                        <p> δίκαια δράσας σύμμαχον ἕξεις θεόν (Mon 188 J) </p>
                    </div>
                    <pb n="28"/>

                    <div type="textpart" subtype="sentence" n="91">
                        <p> δειλοῦ γὰρ ἀνδρὸς δειλὰ καὶ φρονήματα (Mon 128 M/190 J) </p>
                    </div>
                    <div type="textpart" subtype="sentence" n="92">
                        <p> δέσποινα γὰρ γαμοῦντι νυμφίῳ γυνή (Mon 129 M/191 Var. J) </p>
                    </div>
                    <div type="textpart" subtype="sentence" n="93">
                        <p> δίωκε δόξαν καὶ ἀρετήν, φεῦγε ψόγον (Mon 137 M/192 J) </p>
                    </div>
                    <div type="textpart" subtype="sentence" n="94">
                        <p> </p>
                    </div>
                    <div type="textpart" subtype="sentence" n="95">
                        <p> δίκαιος ἂν ᾖς, τῷ τρόπῳ χρήσῃ νόμῳ (Mon 135 M/193 J) </p>
                    </div>
                    <div type="textpart" subtype="sentence" n="96">
                        <p> δυσπαρακολούθητον δὲ πρᾶγμ᾿ ἔσθ᾿ ἡ τύχη (Mon 660 M/202 J) </p>
                    </div>
                    <div type="textpart" subtype="sentence" n="97">
                        <p> δόλιον γὰρ ἄνδρα φεῦγε παρ᾿ ὅλον τὸν βίον (Mon 131 M/195 J) </p>
                    </div>
                    <div type="textpart" subtype="sentence" n="98">
                        <p> </p>
                    </div>
                    <pb n="29"/>

                    <div type="textpart" subtype="sentence" n="99">
                        <p> δούλου δὲ χεῖρον οὐδὲν οὐδὲ τοῦ καλοῦ (Mon 133 M/197 J) </p>
                    </div>
                </div>
                <div type="textpart" subtype="chapter" n="5">
                    <head> Е </head>

                    <div type="textpart" subtype="sentence" n="100">
                        <p> ἔστιν Δίκης ὀφθαλμός, ὃς τὰ πάνθ᾿ ὁρᾷ (Mon 179 M/225 J) </p>
                    </div>
                    <div type="textpart" subtype="sentence" n="101">
                        <p> ἐκ τῶν πόνων γὰρ τἀγάθ᾿ αὔξεται βροτοῖς (Mon 149 M/221 J) </p>
                    </div>
                    <div type="textpart" subtype="sentence" n="102">
                        <p> ἐν νυκτὶ βουλὴ τοῖς σοφοῖσι γίγνεται (Mon 150 M/222 J) </p>
                    </div>
                    <div type="textpart" subtype="sentence" n="103">
                        <p> ἔνεγκε λύπην καὶ βλάβην ἐρρωμένως (Mon 151 M/223 Var. J) </p>
                    </div>
                    <div type="textpart" subtype="sentence" n="104">
                        <p> ἐχθροὺς ἀμύνου μὴ ᾿πὶ τῇ σαυτοῦ βλάβῃ (Mon 152 M/224 J) </p>
                    </div>
                    <div type="textpart" subtype="sentence" n="105">
                        <p> εὔτολμος εἶναι κρῖνε, τολμηρὸς δὲ μή (Mon 153 M/226 J) </p>
                    </div>
                    <pb n="30"/>

                    <div type="textpart" subtype="sentence" n="106">
                        <p> ἐφόδιον εἰς τὸ γῆρας αἰεὶ κατατίθου (Mon 154 M/227 J) </p>
                    </div>
                    <div type="textpart" subtype="sentence" n="107">
                        <p> ἔρωτα παύει λιμὸς ἢ χαλκοῦ σπάνις (Mon 156 M/228 J) </p>
                    </div>
                    <div type="textpart" subtype="sentence" n="108">
                        <p> ἐν πλησμονῇ τοι Κύπρις, ἐν πεινῶσι δ᾿ οὔ (Mon 159 M/231 J) </p>
                    </div>
                    <div type="textpart" subtype="sentence" n="109">
                        <p> </p>
                    </div>
                    <div type="textpart" subtype="sentence" n="110">
                        <p> ἐν γὰρ γυναιξὶ πίστιν οὐκ ἔνεστ᾿ ἰδεῖν (Mon 161 M/233 J) </p>
                    </div>
                    <div type="textpart" subtype="sentence" n="111">
                        <p> ἐλπὶς γὰρ ἡ βόσκουσα τοὺς πολλοὺς βροτῶν (Stob. Flor. II 46, 14 Hense)
                        </p>
                    </div>
                    <div type="textpart" subtype="sentence" n="112">
                        <p> ἔστι κἀν κακοῖσιν ἡδονῆς τι μέτρον (Mon 182 M/235 Var. J) </p>
                    </div>
                    <div type="textpart" subtype="sentence" n="113">
                        <p> ἔνιοι κακῶς φρονοῦσι πράττοντες καλῶς (Mon 163 M/236 J) </p>
                    </div>
                    <pb n="31"/>

                    <div type="textpart" subtype="sentence" n="114">
                        <p> ἐχθροῖς ἀπιστῶν οὔποτ᾿ ἂν πάθοις βλάβην (Mon 164 M/237 J) </p>
                    </div>
                    <div type="textpart" subtype="sentence" n="115">
                        <p> εὐχῆς δικαίας οὐκ ἀνήκοος θεός (Mon 146 M/217 J) </p>
                    </div>
                    <div type="textpart" subtype="sentence" n="116">
                        <p> ἐὰν δ᾿ ἔχωμεν χρήμαθ᾿, ἕξομεν φίλους (Mon 165 M/238 J) </p>
                    </div>
                    <div type="textpart" subtype="sentence" n="117">
                        <p> ἐχθροῦ παρ᾿ ἀνδρὸς οὐδέν ἐστι χρήσιμον (Mon 166 M/239 J) </p>
                    </div>
                    <div type="textpart" subtype="sentence" n="118">
                        <p> ἐλεύθερον φύλαττε τὸν σαυτοῦ τρόπον (Mon 144 M/215 J) </p>
                    </div>
                    <div type="textpart" subtype="sentence" n="119">
                        <p> εὐκαταφρόνητός ἐστι σιγηρὸς τρόπος (Mon 167 M/240 J) </p>
                    </div>
                    <div type="textpart" subtype="sentence" n="120">
                        <p> εἷς ἐστι δοῦλος οἰκίας ὁ δεσπότης (Mon 168 M/241 J) </p>
                    </div>
                    <div type="textpart" subtype="sentence" n="121">
                        <p> ἔνιοι δὲ καὶ μισοῦσι τοὺς εὐεργέτας (Mon 171 M/244 J) </p>
                    </div>
                    <div type="textpart" subtype="sentence" n="122">
                        <p> </p>
                    </div>
                    <div type="textpart" subtype="sentence" n="123">
                        <p> εἰ μὴ φυλάσσεις μίκρ᾿, ἀπολεῖς τὰ μείζονα (Mon 172 M/245 J) </p>
                    </div>
                    <pb n="32"/>

                    <div type="textpart" subtype="sentence" n="124">
                        <p> </p>
                    </div>
                    <div type="textpart" subtype="sentence" n="125">
                        <p> ἐν παντὶ δεῖ τρόπῳ τὸν ἄνδρα εὖ φρονεῖν (Nachlese p. 372/Mon 259 J) </p>
                    </div>
                    <div type="textpart" subtype="sentence" n="126">
                        <p> </p>
                    </div>
                    <div type="textpart" subtype="sentence" n="127">
                        <p> ἐν μυρίοισι τὰ καλὰ γίγνεται πόνοις (Mon 176 M/252 J) </p>
                    </div>
                </div>
                <div type="textpart" subtype="chapter" n="6">
                    <head> Z </head>

                    <div type="textpart" subtype="sentence" n="128">
                        <p> ζήσεις βίον κράτιστον, ἂν θυμοῦ κρατῇς (Mon 186 M/269 J) </p>
                    </div>
                    <div type="textpart" subtype="sentence" n="129">
                        <p> ζωῆς πονηρᾶς θάνατος αἱρετώτερος (Mon 193 M/276 J) </p>
                    </div>
                    <div type="textpart" subtype="sentence" n="130">
                        <p> ζῆν βουλόμενος μὴ πρᾶττε θανάτου γ᾿ ἄξια (Mon 194 M/277 J) </p>
                    </div>
                    <div type="textpart" subtype="sentence" n="131">
                        <p> ζῆλος γυναικὸς πάντα πυρπολεῖ δόμον (Mon 195 M/278 J) </p>
                    </div>
                    <div type="textpart" subtype="sentence" n="132">
                        <p> ζήτει γυναῖκα σύμμαχον τῶν πραγμάτων (Mon 199 M/271 J) </p>
                    </div>
                    <pb n="33"/>

                    <div type="textpart" subtype="sentence" n="133">
                        <p> ζῆν ἡδέως οὐκ ἔστιν ἀργὸν καὶ κακόν (Mon 201 M/279 J) </p>
                    </div>
                    <div type="textpart" subtype="sentence" n="134">
                        <p> </p>
                    </div>
                    <div type="textpart" subtype="sentence" n="135">
                        <p> ζῆν οὐκ ἔδει γυναῖκα κατὰ πολλοὺς τρόπους (Mon 198 M/283 J) </p>
                    </div>
                </div>
                <div type="textpart" subtype="chapter" n="7">
                    <head> H </head>

                    <div type="textpart" subtype="sentence" n="136">
                        <p> ἡ κοιλία καὶ πολλὰ χωρεῖ κὠλίγα (Mon 226 M/311 J) </p>
                    </div>
                    <div type="textpart" subtype="sentence" n="137">
                        <p> ἦθος πονηρὸν φεῦγε καὶ κέρδος κακόν (Mon 204 M/288 J) </p>
                    </div>
                    <div type="textpart" subtype="sentence" n="138">
                        <p> ἥξει τὸ γῆρας πᾶσαν αἰτίαν φέρον (Mon 209 M/293 J) </p>
                    </div>
                    <div type="textpart" subtype="sentence" n="139">
                        <p> </p>
                    </div>
                    <pb n="34"/>

                    <div type="textpart" subtype="sentence" n="140">
                        <p> ἡδύ γε πατὴρ φρόνησιν ἀντ᾿ ὀργῆς ἔχων (Mon 669 M/314 J) </p>
                    </div>
                    <div type="textpart" subtype="sentence" n="141">
                        <p> ἤθη πονηρὰ τὴν φύσιν διαστρέφει (Mon 203 M/287 J) </p>
                    </div>
                    <div type="textpart" subtype="sentence" n="142">
                        <p> ἥδιστόν ἐστι τῶν ὑπαρχόντων ἐρᾶν (Mon 290 Var. J) </p>
                    </div>
                    <div type="textpart" subtype="sentence" n="143">
                        <p> ἢ μὴ γάμει τὸ σύνολον ἢ γαμῶν κράτει (Mon 215 M/300 J) </p>
                    </div>
                    <div type="textpart" subtype="sentence" n="144">
                        <p> ἡ πατρίς, ὡς ἔοικε, φίλτατον βροτοῖς (Mon 216 M/301 J) </p>
                    </div>
                    <div type="textpart" subtype="sentence" n="145">
                        <p> ἡ γὰρ παράκαιρος ἡδονὴ τίκτει βλάβην (Mon 217 M/302 J) </p>
                    </div>
                    <div type="textpart" subtype="sentence" n="146">
                        <p> ἡδύ γε δικαίους ἄνδρας εὐτυχεῖς ὁρᾶν (Mon 218 M/303 J) </p>
                    </div>
                    <div type="textpart" subtype="sentence" n="147">
                        <p> ἢ μὴ ποίει τὸ κρυπτὸν ἢ μόνος ποίει (Mon 225 M/316 J) </p>
                    </div>
                    <pb n="35"/>

                    <div type="textpart" subtype="sentence" n="148">
                        <p> ἤθους δὲ βάσανός ἐστιν ἀνθρώποις χρόνος (Mon 219 M/304 J) </p>
                    </div>
                    <div type="textpart" subtype="sentence" n="149">
                        <p> ἡ γλῶσσα πολλῶν ἐστιν αἰτία κακῶν (Mon 220 M/305 J) </p>
                    </div>
                    <div type="textpart" subtype="sentence" n="150">
                        <p> </p>
                    </div>
                    <div type="textpart" subtype="sentence" n="151">
                        <p> ἡδὺ σιωπᾶν ἢ λαλεῖν ἃ μὴ πρέπει (Mon 221 M/306 J) </p>
                    </div>
                    <div type="textpart" subtype="sentence" n="152">
                        <p> ἡ μωρία δίδωσιν ἀνθρώποις κακά (Mon 224 M/309 J) </p>
                    </div>
                </div>
                <div type="textpart" subtype="chapter" n="8">
                    <head> Θ </head>

                    <div type="textpart" subtype="sentence" n="153">
                        <p> θνητὸς πεφυκὼς μὴ γέλα τεθνηκότα (Mon 670 M/346 J) </p>
                    </div>
                    <div type="textpart" subtype="sentence" n="154">
                        <p> </p>
                    </div>
                    <div type="textpart" subtype="sentence" n="155">
                        <p> θέλομεν καλῶς ζῆν πάντες ἀλλ᾿ οὐ δυνάμεθα (Mon 236 M/329 J) </p>
                    </div>
                    <pb n="36"/>

                    <div type="textpart" subtype="sentence" n="156">
                        <p> θησαυρός ἐστι τοῦ βίου τὰ πράγματα (Mon 235 M/328 J) </p>
                    </div>
                    <div type="textpart" subtype="sentence" n="157">
                        <p> θεοῦ πέφυκε δῶρον εὐγνώμων τρόπος (Mon 241 M/334 J) </p>
                    </div>
                    <div type="textpart" subtype="sentence" n="158">
                        <p> θέλων καλῶς ζῆν μὴ τὰ τῶν φαύλων πρᾶσσε (Urbin. p. 433, 3) </p>
                    </div>
                    <div type="textpart" subtype="sentence" n="159">
                        <p> θεὸν προτίμα, δεύτερον δὲ τοὺς γονεῖς (Mon 322 J) </p>
                    </div>
                    <div type="textpart" subtype="sentence" n="160">
                        <p> θεὸς πέφυκεν ὅστις οὐδὲν δρᾷ κακόν (Mon 234 M/327 J) </p>
                    </div>
                    <div type="textpart" subtype="sentence" n="161">
                        <p> θεόν σέβου καὶ πάντα πράξεις ἐνθέως (Mon 229 M/321 J) </p>
                    </div>
                    <div type="textpart" subtype="sentence" n="162">
                        <p> θεὸς συνεργὸς πάντα ποιεῖ ῥᾳδίως (Mon 237 M/330 J) </p>
                    </div>
                    <pb n="37"/>

                    <div type="textpart" subtype="sentence" n="163">
                        <p> θεοὶ μέγιστοι τοῖς φρονοῦσιν οἱ γονεῖς (Mon 238 M/331 J) </p>
                    </div>
                    <div type="textpart" subtype="sentence" n="164">
                        <p> </p>
                    </div>
                    <div type="textpart" subtype="sentence" n="165">
                        <p> θεράπευε τὸν δυνάμενον αἰεί σ᾿ ὠφελεῖν (Mon 244 M/337 J) </p>
                    </div>
                    <div type="textpart" subtype="sentence" n="166">
                        <p> θεῶν ὄνειδος τοὺς κακοὺς εὐδαιμονεῖν (Mon 255 M/338 J) </p>
                    </div>
                    <div type="textpart" subtype="sentence" n="167">
                        <p> θυσία μεγίστη τῷ θεῷ τό γ᾿ εὐσεβεῖν (Mon 246 M/340 J) </p>
                    </div>
                    <div type="textpart" subtype="sentence" n="168">
                        <p> θεῷ μάχεσθαι δεινόν ἐστι καὶ τύχῃ (Mon 247 M/341 J) </p>
                    </div>
                    <div type="textpart" subtype="sentence" n="169">
                        <p> θηρῶν ἁπάντων ἀγριωτέρα γυνή (Mon 248 M/242 J) </p>
                    </div>
                    <div type="textpart" subtype="sentence" n="170">
                        <p> θάλασσα καὶ πῦρ καὶ γυνὴ κακὰ τρία (Mon 114 Lasc/128 Brunck) </p>
                    </div>
                    <pb n="38"/>

                    <div type="textpart" subtype="sentence" n="171">
                        <p> </p>
                    </div>
                    <div type="textpart" subtype="sentence" n="172">
                        <p> θεοῦ θέλοντος κἂν ἐπὶ ῥιπὸς πλέοις (Mon 671 M/349 J) </p>
                    </div>
                </div>
                <div type="textpart" subtype="chapter" n="9">
                    <head> I </head>

                    <div type="textpart" subtype="sentence" n="173">
                        <p> ἱερὸν ἀληθῶς ἐστιν ἡ συμβουλία (Mon 256 M/356 J) </p>
                    </div>
                    <div type="textpart" subtype="sentence" n="174">
                        <p> </p>
                    </div>
                    <div type="textpart" subtype="sentence" n="175">
                        <p> ἰσχυρὸν ὁ νόμος ἐστὶν ἢν ἄρχοντ᾿ ἔχῃ (Mon 281 Lasc/330 Brunck/368 J)
                        </p>
                    </div>
                    <pb n="39"/>

                    <div type="textpart" subtype="sentence" n="176">
                        <p> ἰσχυρὸν ὄχλος ἐστίν, οὐκ ἔχει δὲ νοῦν (Mon 265 M/372 J) </p>
                    </div>
                    <div type="textpart" subtype="sentence" n="177">
                        <p> ἰατρὸς ἀδόλεσχος νοσοῦντι πάλιν νόσος (Mon 206 Lasc/379 Var. J) </p>
                    </div>
                </div>
                <div type="textpart" subtype="chapter" n="10">
                    <head> K </head>

                    <div type="textpart" subtype="sentence" n="178">
                        <p> καλὸν τὸ καιροῦ παντὸς εἰδέναι μέτρον (Mon 273 M/381 J) </p>
                    </div>
                    <div type="textpart" subtype="sentence" n="179">
                        <p> κακοῖς ὁμιλῶν καὐτὸς ἐκβήσῃ κακός (Mon 274 M/383 J) </p>
                    </div>
                    <div type="textpart" subtype="sentence" n="180">
                        <p> κάλλιστόν ἐστι κτῆμα παιδεία βροτοῖς (Mon 275 M/384 J) </p>
                    </div>
                    <div type="textpart" subtype="sentence" n="181">
                        <p> κρίνει φίλους ὁ καιρὸς ὡς χρυσὸν τὸ πῦρ (Mon 276 M/385 J) </p>
                    </div>
                    <div type="textpart" subtype="sentence" n="182">
                        <p> κακὸν μέγιστον ἐν βροτοῖς ἀπληστία (Mon 277 M/386 J) </p>
                    </div>
                    <div type="textpart" subtype="sentence" n="183">
                        <p> κόλαζε τὸν πονηρόν, ἄνπερ δυνατὸς ᾖς (Mon 389 J) </p>
                    </div>
                    <div type="textpart" subtype="sentence" n="184">
                        <p> καλὸν τὸ μηδὲν εἰς φίλους ἁμαρτάνειν (Mon 279 M/390 J) </p>
                    </div>
                    <pb n="40"/>

                    <div type="textpart" subtype="sentence" n="185">
                        <p> καλῶς ἀκούειν μᾶλλον ἢ πλουτεῖν θέλε (Mon 285 M/406 J) </p>
                    </div>
                    <div type="textpart" subtype="sentence" n="186">
                        <p> κενῆς δὲ δόξης οὐδὲν ἀθλιώτερον (Mon 289 M/408 J) </p>
                    </div>
                    <div type="textpart" subtype="sentence" n="187">
                        <p> κρεῖττον σιωπᾶν ἐστιν ἢ λαλεῖν μάτην (Mon 290 M/409 J) </p>
                    </div>
                    <div type="textpart" subtype="sentence" n="188">
                        <p> κέρδη πονηρὰ ζημίαν ἀεὶ φέρει (Mon 422 Var. J) </p>
                    </div>
                    <div type="textpart" subtype="sentence" n="189">
                        <p> καλὸν τὸ θνήσκειν, οἷς τὸ ζῆν ὕβριν φέρει (Mon 291 M/410 J) </p>
                    </div>
                    <div type="textpart" subtype="sentence" n="190">
                        <p> </p>
                    </div>
                    <div type="textpart" subtype="sentence" n="191">
                        <p> καὶ ζῶν ὁ φαῦλος καὶ θανὼν κολάζεται (Mon 294 M/413 J) </p>
                    </div>
                    <div type="textpart" subtype="sentence" n="192">
                        <p> κρεῖττον τὸ μὴ ζῆν ἐστιν ἢ ζῆν ἀθλίως (Mon 296 M/415 Var. J) </p>
                    </div>
                </div>
                <div type="textpart" subtype="chapter" n="11">
                    <head> Λ </head>

                    <div type="textpart" subtype="sentence" n="193">
                        <p> λιμὴν εὐτυχίας ἐστὶν ἀνθρώποις τέχνη (Mon 430 J) </p>
                    </div>
                    <pb n="41"/>

                    <div type="textpart" subtype="sentence" n="194">
                        <p> λῦπαι γὰρ ἀνθρώποισι τίκτουσιν νόσους (Mon 257 Lasc/303 Brunck/440 J)
                        </p>
                    </div>
                    <div type="textpart" subtype="sentence" n="195">
                        <p> λεπτῶς καλῶς ζῆν κρεῖσσον ἢ λαμπρῶς κακῶς (Mon 402 Brunck) </p>
                    </div>
                    <div type="textpart" subtype="sentence" n="196">
                        <p> λόγος εὐχάριστος χάριτός ἐστ᾿ ἀνταπόδοσις (Mon 330 = 611 M/433 Var. J)
                        </p>
                    </div>
                    <div type="textpart" subtype="sentence" n="197">
                        <p> λιμὴν πλοίου μέν, ἀλυπία δ᾿ ὅρμος βίου (Mon 318 M) </p>
                    </div>
                    <div type="textpart" subtype="sentence" n="198">
                        <p> λύπη παροῦσα πάντοτ᾿ ἐστὶν ἡ γυνή (Mon 324 M/450 J) </p>
                    </div>
                    <div type="textpart" subtype="sentence" n="199">
                        <p> λόγον παρ᾿ ἐχθροῦ μήποθ᾿ ἡγήσῃ φίλον (Mon 325 = 683 M/451 J) </p>
                    </div>
                    <div type="textpart" subtype="sentence" n="200">
                        <p> λέοντι συζῆν ἢ γυναικὶ συμβιοῦν (Mon 327 M/453 J) </p>
                    </div>
                </div>
                <div type="textpart" subtype="chapter" n="12">
                    <head> М </head>

                    <div type="textpart" subtype="sentence" n="201">
                        <p> </p>
                    </div>
                    <pb n="42"/>

                    <div type="textpart" subtype="sentence" n="202">
                        <p> μοχθεῖν ἀνάγκη τοὺς θέλοντας εὐτυχεῖν (Mon 338 M/463 J) </p>
                    </div>
                    <div type="textpart" subtype="sentence" n="203">
                        <p> μί᾿ ἐστὶν ἀρετὴ τἄτοπον φεύγειν ἀεί (Mon 339 M/464 J) </p>
                    </div>
                    <div type="textpart" subtype="sentence" n="204">
                        <p> μὴ φεῦγ᾿ ἑταῖρον ἐν κακοῖσι κείμενον (Mon 341 M/467 J) </p>
                    </div>
                    <div type="textpart" subtype="sentence" n="205">
                        <p> μακάριόν ἐστιν υἱὸν εὔτακτον τρέφειν (Mon 342 M/468 J) </p>
                    </div>
                    <div type="textpart" subtype="sentence" n="206">
                        <p> μέγιστον ὀργῆς ἐστιν φάρμακον λόγος (Mon 346 M/476 J) </p>
                    </div>
                    <div type="textpart" subtype="sentence" n="207">
                        <p> μέμνησο πλουτῶν τοὺς πένητας ὠφελεῖν (Mon 348 M/478 J) </p>
                    </div>
                    <div type="textpart" subtype="sentence" n="208">
                        <p> μακάριος, ὅστις μακαρίοις ὑπηρετεῖ (Mon 350 M/480 J) </p>
                    </div>
                    <div type="textpart" subtype="sentence" n="209">
                        <p> μή μοι γένοιθ᾿ ἃ βούλομ᾿, ἀλλ᾿ ἃ συμφέρει (Mon 366 M/481 J) </p>
                    </div>
                    <pb n="43"/>

                    <div type="textpart" subtype="sentence" n="210">
                        <p> μακρὸς γὰρ αἰὼν συμφορὰς πολλὰς ἔχει (Mon 351 M/482 J) </p>
                    </div>
                    <div type="textpart" subtype="sentence" n="211">
                        <p> μήποτε λάβῃς γυναῖκα εἰς συμβουλίαν (Mon 486 J) </p>
                    </div>
                    <div type="textpart" subtype="sentence" n="212">
                        <p> μὴ λοιδόρει γυναῖκα μηδὲ νουθέτει (Mon 353 M/484 J) </p>
                    </div>
                </div>
                <div type="textpart" subtype="chapter" n="13">
                    <head> N </head>

                    <div type="textpart" subtype="sentence" n="213">
                        <p> νέος ὢν ἀκούειν τῶν γεραιτέρων θέλε (Mon 384 M/524 J) </p>
                    </div>
                    <div type="textpart" subtype="sentence" n="214">
                        <p> νόμῳ τὰ πάντα γίγνεται καὶ κρίνεται (Mon 368 M/513 J) </p>
                    </div>
                    <div type="textpart" subtype="sentence" n="215">
                        <p> νόμος γονεῦσιν ἰσοθέους τιμὰς νέμειν (Mon 378 M/525 J) </p>
                    </div>
                    <div type="textpart" subtype="sentence" n="216">
                        <p> νόμιζε σαυτῷ τοὺς γονεῖς εἶναι θεούς (Mon 379 M/526 J) </p>
                    </div>
                    <div type="textpart" subtype="sentence" n="217">
                        <p> νόμοις ἕπεσθαι πάντα δεῖ τὸν σώφρονα (Mon 380 = 580 M/527 J) </p>
                    </div>
                    <div type="textpart" subtype="sentence" n="218">
                        <p> νίκησον ὀργὴν τῷ λογίζεσθαι καλῶς (Mon 381 M/528 J) </p>
                    </div>
                    <pb n="44"/>

                    <div type="textpart" subtype="sentence" n="219">
                        <p> νόμιζε γήμας δοῦλος εἶναι διὰ βίου (Mon 382 M/529 J) </p>
                    </div>
                </div>
                <div type="textpart" subtype="chapter" n="14">
                    <head> Ξ </head>

                    <div type="textpart" subtype="sentence" n="220">
                        <p> ξίφος τιτρώσκει σῶμα, τὸν δὲ νοῦν λόγος (Mon 393 M/546 J) </p>
                    </div>
                    <div type="textpart" subtype="sentence" n="221">
                        <p> ξένος ὢν ἀκολούθει τοῖς ἐπιχωρίοις νόμοις (Mon 394 M/547 J) </p>
                    </div>
                    <div type="textpart" subtype="sentence" n="222">
                        <p> ξένους πένητας μὴ παραδράμῃς ἰδών (Mon 389 M/542 J) </p>
                    </div>
                    <div type="textpart" subtype="sentence" n="223">
                        <p> ξενία χαλεπὴ κατὰ πολλοὺς τρόπους (Mon 395 M/548 J) </p>
                    </div>
                    <div type="textpart" subtype="sentence" n="224">
                        <p> ξένοις ἐπαρκῶν τῶν ἴσων τεύξῃ ποτέ (Mon 391 M/544 J) </p>
                    </div>
                    <div type="textpart" subtype="sentence" n="225">
                        <p> ξενίας ἀεὶ φρόντιζε, μὴ καθυστέρει (Mon 396 M/549 J) </p>
                    </div>
                    <div type="textpart" subtype="sentence" n="226">
                        <p> ξένοισι πιστοῖς πιστὸς ὢν γίγνου φίλος (Mon 390 M/543 J) </p>
                    </div>
                    <pb n="45"/>

                    <div type="textpart" subtype="sentence" n="227">
                        <p> ξένον ἀδικήσῃς μηδέποτε καιρὸν λαβών (Mon 397 M/550 J) </p>
                    </div>
                    <div type="textpart" subtype="sentence" n="228">
                        <p> ξένῳ μάλιστα συμφέρει τὸ σωφρονεῖν (Mon 392 M/545 J) </p>
                    </div>
                    <div type="textpart" subtype="sentence" n="229">
                        <p> ξένος ὢν ἀπράγμων ἴσθι, καὶ πράξεις καλῶς (Mon 399 M/552 J) </p>
                    </div>
                    <div type="textpart" subtype="sentence" n="230">
                        <p> ξένον προτιμᾶν μᾶλλον ἀνθρώποις ἔθος (Mon 686 M/553 J) </p>
                    </div>
                    <div type="textpart" subtype="sentence" n="231">
                        <p> ξένῳ δὲ σιγᾶν κρεῖττον ἢ κεκραγέναι (Mon 401 M/555 J) </p>
                    </div>
                    <div type="textpart" subtype="sentence" n="232">
                        <p> ξένος πεφυκὼς τοὺς ξενίζοντας σέβου (Mon 402 M/556 J) </p>
                    </div>
                    <div type="textpart" subtype="sentence" n="233">
                        <p> ξένους ξένιζε, καὶ σὺ γὰρ ξένος γ᾿ ἔσῃ (Mon 400 M) </p>
                    </div>
                </div>
                <div type="textpart" subtype="chapter" n="15">
                    <head> Ο </head>

                    <div type="textpart" subtype="sentence" n="234">
                        <p> ὀργῆς χάριν τὰ κρυπτὰ μὴ᾿ κφάνῃς φίλων (Urbin. p. 441) </p>
                    </div>
                    <pb n="46"/>

                    <div type="textpart" subtype="sentence" n="235">
                        <p> ὁ παρ᾿ ἡλικίαν νοῦς μῖσος (ἐξ)εργάζεται (Mon 690 M/ 574 J) </p>
                    </div>
                    <div type="textpart" subtype="sentence" n="236">
                        <p> οὐδεὶς ὃ νοεῖς μὲν οἶδεν, ὃ δὲ ποιεῖς βλέπει (Mon 424 M/ 576 J) </p>
                    </div>
                    <div type="textpart" subtype="sentence" n="238">
                        <p> οὐδεὶς μετ᾿ ὀργῆς ἀσφαλῶς βουλεύεται (Mon 415 M/ 564 J) </p>
                    </div>
                    <div type="textpart" subtype="sentence" n="239">
                        <p> ὅπλον μέγιστόν ἐστιν ἡ ἀρετὴ βροτοῖς (Mon 433 M/ 582 J) </p>
                    </div>
                    <div type="textpart" subtype="sentence" n="240">
                        <p> ὁ μὴ γαμῶν ἄνθρωπος οὐκ ἔχει κακά (Mon 437 M/ 591 J) </p>
                    </div>
                    <div type="textpart" subtype="sentence" n="241">
                        <p> οὐκ ἔστι πενίας οὐδὲ ἓν μεῖζον κακόν (Mon 436 M) </p>
                    </div>
                    <div type="textpart" subtype="sentence" n="242">
                        <p> ὅρκον δὲ φεῦγε, κἂν δικαίως ὀμνύῃς (Mon 300 Lasc/ 349 Brunck/ 592 J)
                        </p>
                    </div>
                    <div type="textpart" subtype="sentence" n="243">
                        <p> </p>
                    </div>
                    <pb n="47"/>

                    <div type="textpart" subtype="sentence" n="244">
                        <p> οὐ πανταχοῦ δ᾿ ὁ φρόνιμος ἁρμόττειν δοκεῖ (Mon 691 M/ 599 J) </p>
                    </div>
                    <div type="textpart" subtype="sentence" n="245">
                        <p> ὀργὴ φιλούντων ὀλίγον ἰσχύει χρόνον (Mon 600 J) </p>
                    </div>
                    <div type="textpart" subtype="sentence" n="246">
                        <p> ὀξὺς θεῶν ὀφθαλμὸς εἰς τὰ πάνθ᾿ ὁρᾶν (Mon 695 M/ 605 J) </p>
                    </div>
                    <div type="textpart" subtype="sentence" n="247">
                        <p> οὐκ ἄξιον τὸ κλέμμα τῆς ἀγρυπνίας. </p>
                    </div>
                    <div type="textpart" subtype="sentence" n="248">
                        <p> ὅπου γυναῖκές εἰσι, πάντ᾿ ἐκεῖ κακά (Mon 623 = 694 M/ 622 J) </p>
                    </div>
                    <div type="textpart" subtype="sentence" n="249">
                        <p> </p>
                    </div>
                </div>
                <div type="textpart" subtype="chapter" n="16">
                    <head> Π </head>

                    <div type="textpart" subtype="sentence" n="250">
                        <p> πίστις γὰρ ἀνδρῶν τιμιωτέρα λόγου (Mon 649 J) </p>
                    </div>
                    <pb n="48"/>

                    <div type="textpart" subtype="sentence" n="251">
                        <p> πενίαν φέρειν οὐ παντός, ἀλλ᾿ ἀνδρὸς σοφοῦ (Mon 463 M/ 633 J) </p>
                    </div>
                    <div type="textpart" subtype="sentence" n="252">
                        <p> πόλεις ὅλας ἠφάνισε διαβολὴ κακή (Mon 626 M/ 669 J) </p>
                    </div>
                    <div type="textpart" subtype="sentence" n="253">
                        <p> πάντη γάρ ἐστι πάντα τε βλέπει θεός (Mon 698 M/ 688 J) </p>
                    </div>
                    <div type="textpart" subtype="sentence" n="254">
                        <p> πολλοὶ τραπεζῶν, οὐ φίλων εἰσὶν φίλοι (Mon 627 M/ 682 J) </p>
                    </div>
                    <div type="textpart" subtype="sentence" n="255">
                        <p> πατρῷ᾿ ἔχειν δεῖ τὸν καλῶς εὐδαίμονα </p>
                    </div>
                    <div type="textpart" subtype="sentence" n="256">
                        <p> πολλοὶ γυναικῶν δυστυχοῦσιν εἵνεκα (Mon 700 M/ 642 J) </p>
                    </div>
                    <div type="textpart" subtype="sentence" n="257">
                        <p> πολλοὶ μὲν εὐτυχοῦσιν, οὐ φρονοῦσι δέ (Mon 447 M/ 628 J) </p>
                    </div>
                    <div type="textpart" subtype="sentence" n="258">
                        <p> πατὴρ ὁ θρέφας, οὐχ ὁ γεννήσας πατήρ (Urbin. p. 402/ Mon 647 J) </p>
                    </div>
                    <div type="textpart" subtype="sentence" n="259">
                        <p> πολλοὺς κακῶς πράσσοντας ὤρθωσεν τύχη (Mon 625 M/ 652 J) </p>
                    </div>
                    <pb n="49"/>

                    <div type="textpart" subtype="sentence" n="260">
                        <p> ποθητός ἐστι πᾶς τις εὐπροσήγορος (Mon 654 J) </p>
                    </div>
                </div>
                <div type="textpart" subtype="chapter" n="17">
                    <head> Ρ </head>

                    <div type="textpart" subtype="sentence" n="261">
                        <p> ῥῆμα παράκαιρον τὸ ὅλον ἀνατρέπει βίον (Mon 466 M) </p>
                    </div>
                    <div type="textpart" subtype="sentence" n="262">
                        <p> ῥέγχει παρούσης τῆς τύχης τὰ πράγματα (Mon 711 M/ 691 J) </p>
                    </div>
                    <div type="textpart" subtype="sentence" n="263">
                        <p> ῥίψας λόγον τις οὐκ ἀναιρεῖται πάλιν (Mon 710 M/ 692 J) </p>
                    </div>
                    <div type="textpart" subtype="sentence" n="264">
                        <p> ῥᾳθυμί᾿ ἐστὶ τοῦ βίου παντὸς φθορά (Urbin. p. 446/ Mon 695 J) </p>
                    </div>
                    <div type="textpart" subtype="sentence" n="265">
                        <p> ῥᾷον παραινεῖν ἢ παθόντα καρτερεῖν (Mon 471 M/ 693 J) </p>
                    </div>
                    <div type="textpart" subtype="sentence" n="266">
                        <p> ῥύου δὲ σαυτὸν παντὸς ἐκ φαύλου τρόπου (Mon 473 M/ 701 J) </p>
                    </div>
                    <div type="textpart" subtype="sentence" n="267">
                        <p> </p>
                    </div>
                    <div type="textpart" subtype="sentence" n="268">
                        <p> ῥύπος γυνὴ πέφυκεν ἠργυρωμένος (Mon 469 M) </p>
                    </div>
                    <pb n="50"/>

                    <div type="textpart" subtype="sentence" n="269">
                        <p> ῥᾷον βίον ζῇς, ἢν γυναικὸς ἀπέχῃ (Mon 700 J) </p>
                    </div>
                </div>
                <div type="textpart" subtype="chapter" n="18">
                    <head> Σ </head>

                    <div type="textpart" subtype="sentence" n="270">
                        <p> σοφία σοφῶν γὰρ γίγνεται συμβουλία (Mon 707 J) </p>
                    </div>
                    <div type="textpart" subtype="sentence" n="271">
                        <p> σύμβουλος ἴσθι τῶν ἀγαθῶν, μὴ τῶν κακῶν (Mon 715 M/ 724 Var. J) </p>
                    </div>
                    <div type="textpart" subtype="sentence" n="272">
                        <p> σαυτὸν φύλαττε τοῖς τρόποις ἐλεύθερον (Mon 485 M/ 711 J) </p>
                    </div>
                    <div type="textpart" subtype="sentence" n="273">
                        <p> σοφὸς γὰρ οὐδείς, ὃς τὰ πάντα προσκόπτει (Mon 573 Brunck/ 712 J) </p>
                    </div>
                    <div type="textpart" subtype="sentence" n="274">
                        <p> σοφῷ παρ᾿ ἀνδρὶ πρῶτος εὑρέθη λόγος (Mon 487 M/ 713 J) </p>
                    </div>
                    <div type="textpart" subtype="sentence" n="275">
                        <p> σύμβουλος οὐδείς ἐστι βελτίων χρόνου (Mon 479 M/ 714 J) </p>
                    </div>
                    <div type="textpart" subtype="sentence" n="276">
                        <p> σοφία δὲ πλούτου κτῆμα τιμιώτερον (Mon 482 M/ 715 J) </p>
                    </div>
                    <div type="textpart" subtype="sentence" n="277">
                        <p> σὺν τοῖς φίλοισιν εὐτυχεῖν ἀεὶ θέλε (Mon 488 M/ 716 J) </p>
                    </div>
                    <pb n="51"/>

                    <div type="textpart" subtype="sentence" n="278">
                        <p> </p>
                    </div>
                    <div type="textpart" subtype="sentence" n="279">
                        <p> σοφοῦ παρ᾿ ἀνδρὸς χρὴ σοφόν τι μανθάνειν (Mon 338 Lasc/ 391 Brunck/ 718
                            J) </p>
                    </div>
                    <div type="textpart" subtype="sentence" n="280">
                        <p> στῦλοι γὰρ οἴκων παῖδές εἰσιν ἄρσενες (Mon 369 Brunck/ 720 J) </p>
                    </div>
                    <div type="textpart" subtype="sentence" n="281">
                        <p> στερρῶς φέρειν χρὴ συμφορὰς τὸν εὐγενῆ (Mon 480 M/ 721 J) </p>
                    </div>
                </div>
                <div type="textpart" subtype="chapter" n="19">
                    <head> Τ </head>

                    <div type="textpart" subtype="sentence" n="282">
                        <p> τῶν δυστυχούντων εὐτυχὴς οὐδεὶς φίλος (Mon 502 M/ 725 J) </p>
                    </div>
                    <div type="textpart" subtype="sentence" n="283">
                        <p> τὸν εὐτυχοῦντα καὶ φρονεῖν νομίζομεν (Mon 497 M/ 726 J) </p>
                    </div>
                    <div type="textpart" subtype="sentence" n="284">
                        <p> </p>
                    </div>
                    <div type="textpart" subtype="sentence" n="285">
                        <p> τύχη τὰ θνητῶν πράγματ᾿, οὐκ εὐβουλία (Mon 725 M/ 732 J) </p>
                    </div>
                    <pb n="52"/>

                    <div type="textpart" subtype="sentence" n="286">
                        <p> τὰ χρήματ᾿ ἀνθρώποισιν εὑρίσκει φίλους (Mon 500 M/733 J) </p>
                    </div>
                    <div type="textpart" subtype="sentence" n="287">
                        <p> τὸ πολλὰ πράττειν ἐστὶ πανταχοῦ σαπρόν (Mon 722 M/737 J) </p>
                    </div>
                    <div type="textpart" subtype="sentence" n="288">
                        <p> τὸν εὐποροῦνθ᾿ ἕκαστος ἡδέως ὁρᾷ (Mon 501 M/739 Var. J) </p>
                    </div>
                    <div type="textpart" subtype="sentence" n="289">
                        <p> τῷ γὰρ καλῶς πράσσοντι πᾶσα γῆ πατρίς (Mon 716 M/735 J) </p>
                    </div>
                    <div type="textpart" subtype="sentence" n="290">
                        <p> τὸ γνῶθι σαυτὸν πανταχοῦ᾿ στι χρήσιμον (Mon 730 M/762 Var. J) </p>
                    </div>
                    <div type="textpart" subtype="sentence" n="291">
                        <p> ταμιεῖόν ἐστιν ἀρετῆς ἡ σωφροσύνη (Stob. Flor. I 5, 5 Hense) </p>
                    </div>
                    <div type="textpart" subtype="sentence" n="292">
                        <p> τοὺς τῆς φύσεως οὐκ ἔστι μανθάνειν νόμους (Mon 746 J) </p>
                    </div>
                    <div type="textpart" subtype="sentence" n="293">
                        <p> τὸν αὐτὸν αἰνεῖν καὶ ψέγειν οὐκ ἀνδρὸς σοφοῦ (Urbin. p. 447f.) </p>
                    </div>
                    <pb n="53"/>

                    <div type="textpart" subtype="sentence" n="294">
                        <p> τέθνηκεν ἀνθρώποισιν ἅπασα χάρις (Mon 498 M/743 J) </p>
                    </div>
                    <div type="textpart" subtype="sentence" n="295">
                        <p> τὸ ζῆν ἀλύπως ἐστὶν ἥδιστος βίος (Mon 749 J) </p>
                    </div>
                    <div type="textpart" subtype="sentence" n="296">
                        <p> τὸ πολλὰ πράττειν πολλὰς καὶ λύπας ἔχει (Mon 750 J) </p>
                    </div>
                    <div type="textpart" subtype="sentence" n="297">
                        <p> </p>
                    </div>
                    <div type="textpart" subtype="sentence" n="298">
                        <p> τῶν γὰρ πενήτων εἰσὶν οἱ λόγοι κενοί (Mon 512 M/752 J) </p>
                    </div>
                    <div type="textpart" subtype="sentence" n="299">
                        <p> τιμώμενοι γὰρ πάντες ἥδονται βροτοί (Mon 513 M/753 J) </p>
                    </div>
                    <div type="textpart" subtype="sentence" n="300">
                        <p> </p>
                    </div>
                </div>
                <div type="textpart" subtype="chapter" n="20">
                    <head> Υ </head>

                    <div type="textpart" subtype="sentence" n="301">
                        <p> ὑφ᾿ ἡδονῆς ὁ φρόνιμος οὐχ ἁλίσκεται (Mon 518 M/777 J) </p>
                    </div>
                    <pb n="54"/>

                    <div type="textpart" subtype="sentence" n="302">
                        <p> ὑπὲρ σεαυτοῦ μὴ φράσῃς ἐγκώμιον (Mon 516 M/778 J) </p>
                    </div>
                    <div type="textpart" subtype="sentence" n="303">
                        <p> ὑγίεια καὶ νοῦς ἀγαθὰ τῷ βίῳ δύο (Mon 519 M/779 J) </p>
                    </div>
                    <div type="textpart" subtype="sentence" n="304">
                        <p> ὕπνος δὲ θανάτου τις προμελέτησις πέλει (Mon 494 Brunck/782 Var. J)
                            ὕπνος δὲ πᾶσίν ἐστιν ὑγίεια βίου (Mon 495 Brunck/783 Var. J) </p>
                    </div>
                    <div type="textpart" subtype="sentence" n="306">
                        <p> ὑπερήφανον πρᾶγμ᾿ ἐστὶν ὡραία γυνή (Mon 734 M/787 J) </p>
                    </div>
                    <div type="textpart" subtype="sentence" n="307">
                        <p> ὕβριν τε τίκτει πλοῦτος ἢ φειδὼ βίου (Stob. Flor. II 31, 55 Hense/Mon
                            792 J) </p>
                    </div>
                    <div type="textpart" subtype="sentence" n="308">
                        <p> </p>
                    </div>
                    <div type="textpart" subtype="sentence" n="309">
                        <p> ὑπὲρ γυναικὸς καὶ φίλου πονητέον (Mon 735 M/796 J) </p>
                    </div>
                    <div type="textpart" subtype="sentence" n="310">
                        <p> ὕπνος πέφυκε σώματος σωτηρία (Mon 438 Lasc/497 Brunck) ὕπνος δὲ πεῖναν
                            τὴν κατέσχατον δαμᾷ (Mon 439 Lasc/498 Brunck/790 J) </p>
                    </div>
                </div>
                <pb n="55"/>

                <div type="textpart" subtype="chapter" n="21">
                    <head> Φ </head>

                    <div type="textpart" subtype="sentence" n="312">
                        <p> φίλον δι᾿ ὀργὴν ἐν κακοῖσι μὴ προδῷς (Mon 529 M/800 J) </p>
                    </div>
                    <div type="textpart" subtype="sentence" n="313">
                        <p> φίλος φίλῳ γὰρ συμπονῶν αὑτῷ πονεῖ (Mon 741 M/803 J) </p>
                    </div>
                    <div type="textpart" subtype="sentence" n="314">
                        <p> φίλος με βλάπτων οὐδὲν ἐχθροῦ διαφέρει (Mon 530 M/805 J) </p>
                    </div>
                    <div type="textpart" subtype="sentence" n="315">
                        <p> φίλων ἔπαινον μᾶλλον ἢ σαυτοῦ λέγε (Mon 744 M/807 J) </p>
                    </div>
                    <div type="textpart" subtype="sentence" n="316">
                        <p> φιλίας μέγιστος δεσμὸς αἱ τέκνων γοναί (Mon 736 M/809 J) </p>
                    </div>
                    <div type="textpart" subtype="sentence" n="317">
                        <p> φίλους ἔχων νόμιζε θησαυροὺς ἔχειν (Mon 526 M/810 J) </p>
                    </div>
                    <div type="textpart" subtype="sentence" n="318">
                        <p> φιλόπονος ἴσθι, καὶ βίον κτήσῃ καλόν (Mon 527 M/811 J) </p>
                    </div>
                </div>
                <div type="textpart" subtype="chapter" n="22">
                    <head> Χ </head>

                    <div type="textpart" subtype="sentence" n="319">
                        <p> 319. χρόνῳ τὰ πάντα γίγνεται καὶ κρίνεται (Mon 518 Lasc/592 Brunck) </p>
                    </div>
                    <pb n="56"/>

                    <div type="textpart" subtype="sentence" n="320">
                        <p> χειμὼν κατ᾿ οἴκους ἐστὶν ἀνδράσιν γυνή (Mon 823 J) </p>
                    </div>
                    <div type="textpart" subtype="sentence" n="321">
                        <p> χάριν λαβὼν εὔκαιρον· ἐν καιρῷ δίδου (Mon 746 M) </p>
                    </div>
                    <div type="textpart" subtype="sentence" n="322">
                        <p> </p>
                    </div>
                    <div type="textpart" subtype="sentence" n="323">
                        <p> χάριν λαβὼν μέμνησο καὶ δοὺς ἐπιλαθοῦ (Mon 749 M/827 J) </p>
                    </div>
                    <div type="textpart" subtype="sentence" n="324">
                        <p> χρόνος δ᾿ ἀμαυροῖ πάντα κεἶς λήθην ἄγει (Mon 545 M/831 J) </p>
                    </div>
                    <div type="textpart" subtype="sentence" n="325">
                        <p> χεὶρ χεῖρα νίπτει, δάκτυλός τε δάκτυλον (Mon 59 Brunck) </p>
                    </div>
                </div>
                <div type="textpart" subtype="chapter" n="23">
                    <head> Ψ </head>

                    <div type="textpart" subtype="sentence" n="326">
                        <p> ψευδόμενος οὐδεὶς λανθάνει πολὺν χρόνον (Mon 547 M/841 J) </p>
                    </div>
                    <pb n="57"/>

                    <div type="textpart" subtype="sentence" n="327">
                        <p> ψυχὴν ἔθιζε πρὸς τὰ χρηστὰ πράγματα· ψυχῆς γὰρ οὐδέν ἐστι τιμιώτερον
                            (Mon 548 u. 552 M/842—843 J) </p>
                    </div>
                    <div type="textpart" subtype="sentence" n="329">
                        <p> </p>
                    </div>
                    <div type="textpart" subtype="sentence" n="330">
                        <p> ψυχῆς μέγας χαλινὸς ἀνθρώποις ὁ νοῦς (Mon 549 M/844 J) </p>
                    </div>
                    <div type="textpart" subtype="sentence" n="331">
                        <p> ψυχῆς νοσούσης εἰσὶν ἰατροὶ λόγοι (Urbin. p. 414) </p>
                    </div>
                    <div type="textpart" subtype="sentence" n="332">
                        <p> ψεῦδος δὲ μισεῖ πᾶς σοφὸς καὶ χρήσιμος (Mon 554 M/846 J) </p>
                    </div>
                    <div type="textpart" subtype="sentence" n="333">
                        <p> ψευδὴς διαβολὴ τὸν βίον λυμαίνεται (Mon 553 M/845 J) </p>
                    </div>
                    <div type="textpart" subtype="sentence" n="334">
                        <p> </p>
                    </div>
                </div>
                <div type="textpart" subtype="chapter" n="24">
                    <head> Ω </head>

                    <div type="textpart" subtype="sentence" n="335">
                        <p> ὡς ἡδὺ τὸ ζῆν μὴ φθονούσης τῆς τύχης (Mon 563 M/855 J) </p>
                    </div>
                    <div type="textpart" subtype="sentence" n="336">
                        <p> ὡς ἡδὺ κάλλος, ὅταν ἔχῃ νοῦν σώφρονα (Mon 555 M/857 J) </p>
                    </div>
                    <pb n="58"/>

                    <div type="textpart" subtype="sentence" n="337">
                        <p> ὡς ἔστι τὸ γαμεῖν ἔσχατον τοῦ δυστυχεῖν (Mon 81 Brunck) </p>
                    </div>
                    <div type="textpart" subtype="sentence" n="338">
                        <p> ὡς χρηστὰ πράττειν κρεῖττόν ἐστ᾿ ἐλευθέρως (Nachlese p. 367/Mon 868 J)
                        </p>
                    </div>
                    <div type="textpart" subtype="sentence" n="339">
                        <p> ὡς ἡδὺ τῷ σωθέντι μεμνῆσθαι πόνων (Boiss. p. 159/Mon 859 J) </p>
                    </div>
                    <div type="textpart" subtype="sentence" n="340">
                        <p> ὡς μακάριον φρόνησις ἐν χρηστῷ τρόπῳ (Mon 387 Lasc/446 Brunck) </p>
                    </div>
                    <div type="textpart" subtype="sentence" n="341">
                        <p> ὡς ἔργον εὖ ζῆν ἐν πονηροῖς ἤθεσιν (Mon 387 Lasc/446 Brunck) </p>
                    </div>
                    <div type="textpart" subtype="sentence" n="342">
                        <p> ὡς πολλὰ διὰ τὰς ἡδονὰς λυπούμεθα (Mon 754 M/863 J) </p>
                    </div>
                    <div type="textpart" subtype="sentence" n="343">
                        <p> </p>
                    </div>
                    <pb n="59"/>

                    <div type="textpart" subtype="sentence" n="344">
                        <p> </p>
                    </div>
                    <div type="textpart" subtype="sentence" n="345">
                        <p> </p>
                    </div>
                    <div type="textpart" subtype="sentence" n="346">
                        <p> </p>
                    </div>
                    <div type="textpart" subtype="sentence" n="347">
                        <p> </p>
                    </div>
                    <div type="textpart" subtype="sentence" n="348">
                        <p> </p>
                    </div>
                    <div type="textpart" subtype="sentence" n="349">
                        <p> </p>
                    </div>
                </div>
            </div>
        </body>
    </text>
</TEI>
