<?xml version="1.0" encoding="UTF-8"?>
<?xml-model href="http://www.stoa.org/epidoc/schema/latest/tei-epidoc.rng" schematypens="http://relaxng.org/ns/structure/1.0"?>
<TEI xmlns="http://www.tei-c.org/ns/1.0">
    <teiHeader>
        <fileDesc>
            <titleStmt>
                <title>Sententiae (corresponds to quotes from Gregory Nazianzen, Carmen morale XXX)
                    (Greek)</title>
                <author>pseudo-Menander</author>
                <editor role="editor">Manfred Ullmann</editor>
                <funder>Andrew W. Mellon Foundation</funder>
                <respStmt>
                    <resp>Published original versions of the electronic texts</resp>
                    <orgName ref="http://www.graeco-arabic-studies.org/">A Digital Corpus for
                        Graeco-Arabic Studies, funded by the Andrew W. Mellon Foundation</orgName>
                    <persName>Mark Schiefsky, Harvard University</persName>
                    <persName>Gregory R. Crane, Universität Leipzig</persName>
                    <persName>Uwe Vagelpohl, University of Warwick</persName>
                </respStmt>
                <respStmt>
                    <resp>Keyboarding</resp>
                    <orgName xml:id="DDD">Digital Divide Data</orgName>
                </respStmt>
                <respStmt>
                    <resp>Editor-in-Chief, Perseus Digital Library</resp>
                    <persName>Gregory R. Crane</persName>
                </respStmt>
                <respStmt>
                    <resp>Project Manager (University of Leipzig), 2016 - present</resp>
                    <persName>Matt Munson</persName>
                </respStmt>
                <respStmt>
                    <resp>Project Assistant (University of Leipzig), 2015 - present</resp>
                    <persName>Annette Geßner</persName>
                </respStmt>
                <respStmt>
                    <resp>Lead Developer (University of Leipzig)</resp>
                    <persName>Thibault Clérice</persName>
                </respStmt>
                <respStmt>
                    <resp>Technical Advisor</resp>
                    <persName>Bruce Robertson</persName>
                </respStmt>
            </titleStmt>
            <publicationStmt>
                <authority>A Digital Corpus for Graeco-Arabic Studies, funded by the Andrew W.
                    Mellon Foundation</authority>
                <publisher>University of Leipzig</publisher>
                <pubPlace>Germany</pubPlace>
                <idno type="filename">tlg0541.tlg042.1st1K-grc3.xml</idno>
                <availability>
                    <licence target="https://creativecommons.org/licenses/by-sa/4.0/">Available
                        under a Creative Commons Attribution-ShareAlike 4.0 International
                        License</licence>
                </availability>
                <date>2016</date>
            </publicationStmt>
            <sourceDesc>
                <biblStruct>
                    <monogr>
                        <author>pseudo-Menander</author>
                        <title>Die arabische Überlieferung der sogenannten Menandersentenzen</title>
                        <editor role="editor">Manfred Ullmann</editor>
                        <imprint>
                            <pubPlace>Wiesbaden</pubPlace>
                            <publisher>Kommissionsverlag Franz Steiner</publisher>
                            <biblScope unit="pp" from="77" to="80">77-80</biblScope>
                            <date>1961</date>
                        </imprint>
                    </monogr>
                    <ref target="NN"></ref>
                </biblStruct>
            </sourceDesc>
        </fileDesc>
        <encodingDesc>
            <p>The following text is encoded in accordance with EpiDoc standards and with the
                CTS/CITE Architecture.</p>
            <refsDecl n="CTS">
                <cRefPattern matchPattern="(.+)" n="sentence"
                    replacementPattern="#xpath(/tei:TEI/tei:text/tei:body/tei:div/tei:div[@n='$1'])"
                />
            </refsDecl>
        </encodingDesc>
        <profileDesc>
            <langUsage>
                <language ident="grc">Greek</language>
            </langUsage>
        </profileDesc>
    </teiHeader>
    <text>
        <body>

            <div type="edition" xml:lang="grc" n="urn:cts:greekLit:tlg0541.tlg042.1st1K-grc3">
                <pb n="77"/>

                <div type="textpart" subtype="sentence" n="1">
                    <p> ἀρχὴν ἁπάντων καὶ τέλος ποιοῦ Θεόν. </p>
                </div>
                <div type="textpart" subtype="sentence" n="2">
                    <p> βίου τὸ κέρδος εὖ βιοῦν καθ᾿ ἡμέραν. </p>
                </div>
                <div type="textpart" subtype="sentence" n="3">
                    <p> γίνωσκε πάντα τῶν καλῶν τὰ δράματα. </p>
                </div>
                <div type="textpart" subtype="sentence" n="4">
                    <p> δεινὸν πένεσθαι, χεῖρον δ᾿ εὐπορεῖν κακῶς. </p>
                </div>
                <div type="textpart" subtype="sentence" n="5">
                    <p> εὐεργετῶν νόμιζε μιμεῖσθαι Θεόν. </p>
                </div>
                <div type="textpart" subtype="sentence" n="6">
                    <p> ζήτει θεοῦ σοι χρηστότητα χρηστὸς ὤν. </p>
                </div>
                <div type="textpart" subtype="sentence" n="7">
                    <p> ἡ σὰρξ κρατείσθω καὶ δαμαζέσθω καλῶς. </p>
                </div>
                <div type="textpart" subtype="sentence" n="8">
                    <p> θυμὸν χαλίνου, μὴ φρενῶν ἔξω πέσῃς. </p>
                </div>
                <pb n="78"/>

                <div type="textpart" subtype="sentence" n="9">
                    <p> ἵστη μὲν ὄμμα, γλῶσσα δὲ στάθμην ἔχοι. </p>
                </div>
                <div type="textpart" subtype="sentence" n="10">
                    <p> κλεὶς ὠσὶ κείσθω, μηδὲ πορνεύοι γέλως. </p>
                </div>
                <div type="textpart" subtype="sentence" n="11">
                    <p> λύχνος βίου σοι παντὸς ἡγείσθω λόγος. </p>
                </div>
                <div type="textpart" subtype="sentence" n="12">
                    <p> μή σοι τὸ εἶναι τῷ δοκεῖν ὑπορρέοι. </p>
                </div>
                <div type="textpart" subtype="sentence" n="13">
                    <p> νόει τὰ πάντα, πρᾶσσε δ᾿ ἃ πράσσειν θέμις. </p>
                </div>
                <div type="textpart" subtype="sentence" n="14">
                    <p> ξένον σεαυτὸν ἴσθι, καὶ τίμα ξένους. </p>
                </div>
                <div type="textpart" subtype="sentence" n="15">
                    <p> ὅτ᾿ εὐπλοεῖς, μάλιστα μέμνησο ζάλης. </p>
                </div>
                <pb n="79"/>

                <div type="textpart" subtype="sentence" n="16">
                    <p> πάντ᾿ εὐχαρίστως δεῖ δέχεσθαι τἀκ Θεοῦ. </p>
                </div>
                <div type="textpart" subtype="sentence" n="17">
                    <p> ῥάβδος δικαίου πλεῖον ἢ τιμὴ κακοῦ. </p>
                </div>
                <div type="textpart" subtype="sentence" n="18">
                    <p> σοφῶν θύρας ἔκτριβε, πλουσίων δὲ μή. </p>
                </div>
                <div type="textpart" subtype="sentence" n="19">
                    <p> τὸ μικρὸν οὐ μικρόν, ὅταν ἐκφέρῃ μέγα. </p>
                </div>
                <div type="textpart" subtype="sentence" n="20">
                    <p> </p>
                </div>
                <div type="textpart" subtype="sentence" n="21">
                    <p> φύλασσε σαυτόν, πτῶμα δ᾿ ἄλλου μὴ γέλα. </p>
                </div>
                <pb n="80"/>

                <div type="textpart" subtype="sentence" n="22">
                    <p> χάρις φθονεῖσθαι, τὸ φθονεῖν δ᾿ αἶσχος μέγα. </p>
                </div>
                <div type="textpart" subtype="sentence" n="23">
                    <p> ψυχὴ θύοιτο μᾶλλον ἢ τὸ πᾶν θεῷ. </p>
                </div>
                <div type="textpart" subtype="sentence" n="24">
                    <p> ὢ τίς φυλάξει ταῦτα καὶ σωθήσεται. </p>
                </div>
            </div>
        </body>
    </text>
</TEI>
