<ti:work xmlns:ti="http://chs.harvard.edu/xmlns/cts" groupUrn="urn:cts:greekLit:tlg0057" xml:lang="grc" urn="urn:cts:greekLit:tlg0057.tlg032">
  <ti:title xml:lang="eng">De placitis Hippocratis et Platonis</ti:title>
  <ti:edition urn="urn:cts:greekLit:tlg0057.tlg032.1st1K-grc1" workUrn="urn:cts:greekLit:tlg0057.tlg032">
    <ti:label xml:lang="eng">De placitis Hippocratis et Platonis</ti:label>
    <ti:description xml:lang="eng">Galen, De placitis Hippocratis et Platonis</ti:description>
  </ti:edition>
</ti:work>
