<ti:work xmlns:ti="http://chs.harvard.edu/xmlns/cts" groupUrn="urn:cts:greekLit:tlg0530" xml:lang="grc" urn="urn:cts:greekLit:tlg0530.tlg032">
  <ti:title xml:lang="eng">De theriaca ad Pamphilianum</ti:title>
  <ti:edition urn="urn:cts:greekLit:tlg0530.tlg032.1st1K-grc1" workUrn="urn:cts:greekLit:tlg0530.tlg032">
    <ti:label xml:lang="eng">De theriaca ad Pamphilianum</ti:label>
    <ti:description xml:lang="eng">pseudo-Galen, De theriaca ad Pamphilianum</ti:description>
  </ti:edition>
</ti:work>
