<ti:work xmlns:ti="http://chs.harvard.edu/xmlns/cts" groupUrn="urn:cts:greekLit:tlg0057" xml:lang="grc" urn="urn:cts:greekLit:tlg0057.tlg029">
  <ti:title xml:lang="eng">De animi cuiuslibet peccatorum dignotione et curatione</ti:title>
  <ti:edition urn="urn:cts:greekLit:tlg0057.tlg029.1st1K-grc1" workUrn="urn:cts:greekLit:tlg0057.tlg029">
    <ti:label xml:lang="eng">De animi cuiuslibet peccatorum dignotione et curatione</ti:label>
    <ti:description xml:lang="eng">Galen, De animi cuiuslibet peccatorum dignotione et curatione</ti:description>
  </ti:edition>
</ti:work>
