<ti:work xmlns:ti="http://chs.harvard.edu/xmlns/cts" groupUrn="urn:cts:greekLit:tlg0614" xml:lang="grc" urn="urn:cts:greekLit:tlg0614.tlg001">
  <ti:title xml:lang="lat">Fabulae Aesopeae</ti:title>
  <ti:edition urn="urn:cts:greekLit:tlg0614.tlg001.1st1K-grc1" workUrn="urn:cts:greekLit:tlg0614.tlg001">
    <ti:label xml:lang="lat">Fabulae Aesopeae</ti:label>
    <ti:description xml:lang="lat">Babrius, Babrii Fabulae Aesopeae, Schneidewin, Teubner, 1865</ti:description>
  </ti:edition>
</ti:work>
