<ti:work xmlns:ti="http://chs.harvard.edu/xmlns/cts" groupUrn="urn:cts:greekLit:tlg0086"
    xml:lang="grc" urn="urn:cts:greekLit:tlg0086.tlg054">
    <ti:title xml:lang="lat">Physica (textus alter)</ti:title>
    <ti:edition urn="urn:cts:greekLit:tlg0086.tlg054.1st1K-grc1"
        workUrn="urn:cts:greekLit:tlg0086.tlg054">
        <ti:label xml:lang="lat">Physica (textus alter)</ti:label>
        <ti:description xml:lang="mul">Physica (textus alter), Ross, Harvard, 1960</ti:description>
    </ti:edition>
</ti:work>
