﻿<?xml version="1.0" encoding="UTF-8"?>
<?xml-model href="http://www.stoa.org/epidoc/schema/latest/tei-epidoc.rng" schematypens="http://relaxng.org/ns/structure/1.0"?>
<TEI xmlns="http://www.tei-c.org/ns/1.0">
    <teiHeader xml:lang="eng">
        <fileDesc>
            <titleStmt>
                <title xml:lang="lat">Physica (textus alter)</title>
                <author>Aristotle</author>
                <editor>W. D. ROSS</editor>
                <sponsor>HARVARD COLLEGE LIBRARY</sponsor>
                <funder>Harvard Library Arcadia Fund</funder>
                <principal>Gregory Crane</principal>
                <respStmt>
                    <persName xml:id="DDD">Digital Divide Data</persName>
                    <resp>Corrected and encoded the text</resp>
                </respStmt>
                <respStmt>
                    <persName>Gregory Crane</persName>
                    <resp>Editor-in-Chief, Perseus Digital Library</resp>
                </respStmt>
                <respStmt>
                    <persName>Matt Munson</persName>
                    <resp>Project Manager (University of Leipzig), 2016 - present</resp>
                </respStmt>
                <respStmt>
                    <persName>Annette Gessner</persName>
                    <resp>Project Assistant (University of Leipzig) 2015 - present</resp>
                </respStmt>
                <respStmt>
                    <persName>Thibault Clérice</persName>
                    <resp>Lead Developer (University of Leipzig)</resp>
                </respStmt>
                <respStmt>
                    <persName>Bruce Robertson</persName>
                    <resp>Technical Advisor</resp>
                </respStmt>
                <respStmt>
                    <persName>RHEA LESAGE</persName>
                    <resp>Librarian for Hellenic Studies and Coordinator for the Classics Collection
                        Development</resp>
                </respStmt>
            </titleStmt>
            <publicationStmt>
                <authority>Harvard College Library</authority>
                <idno type="filename">tlg0086.tlg054.1st1K-grc1.xml</idno>
                <availability>
                    <p>Available under a Creative Commons Attribution-ShareAlike 4.0 International
                        License</p>
                </availability>
                <date>2016</date>
                <publisher>Harvard College Library</publisher>
                <pubPlace>United State</pubPlace>
            </publicationStmt>
            <sourceDesc>
                <listBibl>
                    <biblStruct>
                        <monogr>
                            <title xml:lang="lat">Aristotelis Physica</title>
                            <editor>
                                <persName>
                                    <name>W. D. ROSS</name>
                                </persName>
                            </editor>
                            <author ref="urn:cts:greekLit:tlg0086">Aristotle</author>
                            <imprint>
                                <publisher>OXONII</publisher>
                                <pubPlace>E TYPOGRAPHEO CLARENDONIANO</pubPlace>
                                <date>1960</date>
                            </imprint>
                            <biblScope unit="volume"/>
                        </monogr>
                        <ref target="http://digital.slub-dresden.de/id416133894">SLUB</ref>
                    </biblStruct>
                </listBibl>
            </sourceDesc>
        </fileDesc>
        <encodingDesc>
            <p>Text encoded in accordance with the latest EpiDoc standards (January 2014)</p>
            <refsDecl n="CTS">
                <cRefPattern matchPattern="(.+)" n="section"
                    replacementPattern="#xpath(/tei:TEI/tei:text/tei:body/tei:div/tei:div[@n='$1'])"
                />
            </refsDecl>
        </encodingDesc>
        <profileDesc>
            <langUsage>
                <language ident="grc">Greek</language>
                <language ident="lat">Latin</language>
            </langUsage>
        </profileDesc>
        <revisionDesc>
            <change/>
        </revisionDesc>
    </teiHeader>
    <text>
        <body>
            <div type="edition" xml:lang="grc" n="urn:cts:greekLit:tlg0086.tlg054.1st1K-grc1">
                <div type="textpart" subtype="section" n="1">    
                        <pb n="208"/>
                        <head>H (textus alter)</head>
                        <lb n="1"/>
                        <p>Απαν τὸ κινούμενον ἀνάγκη ὑπό τινος κινεῖσθαι. εἰ μὲν οὖν ἐν αὐτῷ μὴ ἔχει
                            τὴν ἀρχὴν τῆς κινήσεως, φανερὸν ὅτι ὑφʼ <lb n="25"/> ἑτέρου κινεῖται
                            (ἄλλο γὰρ ἔσται τὸ κινοῦν)· εἰ δʼ ἐν αὐτῷ, εἰλήφθω ἐφʼ οὗ τὸ ΑΒ, ὃ
                            κινεῖται μὴ τῷ τῶν τούτου τι κινεῖσθαι. πρῶτον μὲν οὖν τὸ ὑπολαμβάνειν
                            τὸ ΑΒ ὑφʼ αὐτοῦ κινεῖσθαι διὰ τὸ ὅλον τε κινεῖσθαι καὶ ὑπὸ μηθενὸς τῶν
                            ἔξωθεν ὅμοιόν ἐστιν ὥσπερ ἂν εἴ τις τοῦ ΔΕ κινοῦντος τὸ ΕΖ καὶ αὐτοῦ
                            κινουμένου <lb n="30"/> ὑπολαμβάνοι τὸ ΔΕΖ ὑφʼ αὐτοῦ κινεῖσθαι, διὰ τὸ
                            μὴ συνορᾶν πότερον ὑπὸ ποτέρου κινεῖται, πότερον τὸ ΔΕ ὑπὸ τοῦ ΕΖ ἢ τὸ
                            ΕΖ ὑπὸ τοῦ ΔΕ. ἔτι τὸ ὑφʼ αὐτοῦ κινούμενον οὐδέποτε παύσεται κινούμενον
                            τῷ ἕτερόν τι στῆναι <note type="marginal">242a</note> κινούμενον. ἀνάγκη
                            τοίνυν, εἴ τι παύεται κινούμενον τῷ ἕτερόν τι στῆναι, αὐτὸ ὑφ᾿ ἑτέρου
                            κινεῖσθαι. τούτου δὲ φανεροῦ γενομένου ἀνάγκη πᾶν τὸ κινούμενον
                            κινεῖσθαι ὑπό τινος. ἐπεὶ γὰρ εἴληπται τὸ ΑΒ κινούμενον, διαιρετὸν
                            ἔσται· <lb n="5"/> πᾶν γὰρ τὸ κινούμενον διαιρετὸν ἦν. διῃρήσθω τοίνυν ᾗ
                            τὸ Γ. ἀνάγκη δὴ τοῦ ΓΒ ἠρεμοῦντος ἠρεμεῖν καὶ τὸ ΑΒ. εἰ γὰρ μή, εἰλήφθω
                            κινούμενον. τοῦ τοίνυν ΓΒ ἠρεμοῦντος κινοῖτο ἂν τὸ ΓΑ. οὐκ ἄρα καθʼ αὐτὸ
                            κινεῖται τὸ ΑΒ. ἀλλʼ ὑπέκειτο καθʼ αὑτὸ κινεῖσθαι πρῶτον. δῆλον τοίνυν
                            ὅτι τοῦ ΓΒ ἠρεμοῦντος <lb n="10"/> ἠρεμήσει καὶ τὸ ΒΑ, καὶ τότε παύσεται
                            κινούμενον. ἀλλʼ εἴ τι τῷ ἄλλο ἠρεμεῖν ἵσταται καὶ παύεται κινούμενον,
                            τοῦθʼ ὑφ᾿ ἑτέρου κινεῖται. φανερὸν δὴ ὅτι πᾶν τὸ κινούμενου ὑπό τινος
                            κινεῖται διαιρετόν τε γάρ ἐστιν πᾶν τὸ κινούμενον, καὶ τοῦ μέρους
                            ἠρεμοῦντος ἠρεμήσει καὶ τὸ ὅλον.<lb n="15"/>
                            <pb n="209"/>
                            <lg>
                                <lb n="15"/>
                                <l>ἐπεὶ</l>
                            </lg> δὲ τὸ κινούμενον ὑπό τινος κινεῖται, ἀνάγκη καὶ τὸ κινούμενον πᾶν
                            ἐν τόπῳ κινεῖσθαι ὑηʼ ἄλλου· καὶ τὸ κινοῦν τοίνυν ὑφʼ ἑτέρου, ἐπειδὴ καὶ
                            αὐτὸ κινεῖται, καὶ πάλιν τοῦτο ὑφʼ ἑτέρου. οὐ δὴ εἰς ἄπειρον πρόεισιν,
                            ἀλλὰ στήσεταί <lb n="20"/> που καὶ ἔσται τι ὃ πρώτως αἴτιον ἔσται τοῦ
                            κινεῖσθαι. εἰ γὰρ μή, ἀλλʼ εἰς ἄπειρον πρόεισιν, ἔστω τὸ μὲν Α ὑπὸ τοῦ Β
                            κινούμενον, τὸ δὲ ὑπὸ τοῦ Γ, τὸ δὲ Γ ὑπὸ τοῦ Δ· καὶ τοῦτον δὴ τὸν τρόπον
                            εἰς ἄπειρον προβαινέτω. ἐπεὶ οὖν ἅμα τὸ κινοῦν καὶ αὐτὸ κινεῖται, δῆλον
                            ὡς ἅμα κινήσεται <lb n="25"/> τό τε Α καὶ τὸ Β· κινουμένου γὰρ τοῦ Β
                            κινηθήσεται καὶ τὸ Α· καὶ τὸ Β δὴ κινουμένου τοῦ Γ καὶ τὸ Γ τοῦ Δ. ἔσται
                            τοίνυν ἅμα ἥ τε τοῦ Α κίνησις ⟨καὶ τοῦ Β⟩ καὶ τοῦ Γ καὶ τῶν λοιπῶν
                            ἑκάστου. καὶ λαβεῖν τοίνυν αὐτῶν ἑκάστην δυνησόμεθα. καὶ γὰρ εἰ ἕκαστον
                            ὑφʼ ἑκάστου κινεῖται, οὐθὲν ἧττον <lb n="30"/> μία τῷ ἀριθμῷ ἡ ἑκάστου
                            κίνησις, καὶ οὐκ ἄπειρος τοῖς ἐσχάτοις, ἐπειδήπερ τὸ κινούμενον πᾶν ἔκ
                            τινος εῖς τι κινεῖται. ἢ γὰρ ἀριθμῷ συμβαίνει τὴν αὐτὴν κίνησιν εἶναι ἢ
                            γένει ἢ εἴδει. ἀριθμῷ μὲν οὖν λέγω τὴν αὐτὴν κίνησιν τὴν ἐκ τοῦ αὐτοῦ
                            εἰς τὸ αὐτὸ τῷ ἀριθμῷ ἐν τῷ αὐτῷ χρόνῳ <note type="marginal"
                            >242b</note>τῷ ἀριθμῷ, οἷον ἐκ τοῦδε τοῦ λευκοῦ, ὅ ἐστιν ἓν τῷ ἀριθμῷ,
                            εἰς τόδε τὸ μέλαν κατὰ τόνδε τὸν χρόνον, ἕνα ὄντα τῷ ἀριθμῷ· εἰ γὰρ κατʼ
                            ἄλλον, οὐκέτι μία ἔσται τῷ ἀριθμῷ ἀλλὰ τῷ εἴδει. γένει δʼ ἡ αὐτὴ κίνησις
                            ἡ ἐν τῇ αὐτῇ <lb n="5"/> κατηγορίᾳ τῆς οὐσίας ἢ τοῦ γένους, εἴδει δὲ ἡ
                            ἐκ τοῦ αὐτοῦ τῷ εἴδει εἰς τὸ αὐτὸ τῷ εἴδει, οἷον ἡ ἐκ τοῦ λευκοῦ εἰς τὸ
                            μέλαν ἢ ἐκ τοῦ ἀγαθοῦ εἰς τὸ κακόν. ταῦτα δʼ εἴρηται καὶ <lb n="8"/> ἐν
                            τοῖς πρότερον. <lg>
                                <lb n="8"/>
                                <l>εἰλήφθω τοίνυν ἡ τοῦ Α κίνησις καὶ ἔστω</l>
                            </lg>
                            <pb n="210"/> ἐφʼ οὗ τὸ Ε, καὶ ἡ τοῦ Β ἐφʼ οὗ τὸ Ζ, καὶ ἡ τοῦ ΓΔ ἐφʼ οὗ
                            τὸ ΗΘ, καὶ ὁ χρόνος ἐν ᾧ κινεῖται τὸ Α ὁ Κ. ὡρισμένης <lb n="10"/> δὴ
                            τῆς κινήσεως τοῦ Α, ὡρισμένος ἔσται καὶ ὁ χρόνος καὶ οὐκ ἄπειρος ὁ Κ.
                            ἀλλʼ ἐν τῷ αὐτῷ χρόνῳ ἐκινεῖτο τὸ Α καὶ τὸ Β καὶ τῶν λοιπῶν ἕκαστον.
                            συμβαίνει τοίνυν τὴν κίνησιν τὴν ΕΖΗΘ ἄπειρον οὖσαν ἐν ὡρισμένῳ χρόνῳ
                            κινεῖσθαι τῷ Κ· ἐν ᾧ γὰρ τὸ Α ἐκινεῖτο, καὶ τὰ τῷ Α ἐφεξῆς <lb n="15"/>
                            ἅπαντα ἐκινεῖτο ἄπειρα ὄντα. ὥστʼ ἐν τῷ αὐτῷ κινεῖται. καὶ γὰρ ἤτοι ἴση
                            ἡ κίνησις ἔσται τῇ τοῦ Α <del>τῇ τοῦ Β</del>, ἢ μείζων. διαφέρει δὲ
                            οὐθέν· πάντως γὰρ τὴν ἄπειρον κίνησιν ἐν πεπερασμένῳ χρόνῳ συμβαίνει
                            κινεῖσθαι, τοῦτο δʼ ἀδύνατον.</p>
                        <p>οὕτω μὲν οὖν δόξειεν ἂν δείκνυσθαι τὸ ἐξ ἀρχῆς, οὐ μὴν δεῖκνυταί <lb
                                n="20"/> γε διὰ τὸ μηθὲν ἄτοπον συμβαίνειν· ἐνδέχεται γὰρ ἐν
                            πεπερασμένῳ χρόνῳ κίνησιν ἄπειρον εἶναι, μὴ τὴν αὐτὴν δὲ ἀλλʼ ἑτέραν καὶ
                            ἑτέραν πολλῶν κινουμένων καὶ ἀπείρων, ὅπερ συμβαίνει καὶ τοῖς νῦν. ἀλλʼ
                            εἰ τὸ κινούμενον πρώτως <del>κατὰ τόπον καὶ</del> σωματικὴν κίνησιν
                            ἀνάγκη ἅπτεσθαι ἢ <lb n="25"/> συνεχὲς εἶναι τῷ κινοῦντι, καθάπερ ὁρῶμεν
                            ἐπὶ πάντων τοῦτο συμβαῖνον (ἔσται γὰρ ἐξ ἀπάντων ἓν τὸ πᾶν ἢ συνεχές),
                            τὸ δὴ ἐνδεχόμενον εἰλήφθω, καὶ ἔστω τὸ μὲν μέγεθος ἢ τὸ συνεχὲς ἐφʼ οὗ
                            τὸ ΑΒΓΔ, ἡ δὲ τούτου κίνησις ἡ ΕΖΗΘ. διαφέρει δʼ οὐθὲν ἢ πεπερασμένον ἢ
                            ἄπειρον· ὁμοίως γὰρ ἐν <lb n="30"/> πεπερασμένῳ τῷ Κ κινηθήσεται
                            ⟨ἄπειρον⟩ ἢ ἄπειρον ἢ πεπερασμένον. τούτων δʼ ἑκάτερον τῶν ἀδυνάτων.
                            φανερὸν οὖν ὅτι στήσεταί ποτε καὶ οὐκ εἰς ἄπειρον πρόεισιν τὸ ἀεὶ ὑφʼ
                            ἑτέρου, ἀλλʼ ἔσται τι ὁ πρῶτον κινηθήσεται. μηδὲν δὲ διαφερέτω τὸ
                            ὑποτεθέντος οῦτείκνυσθαι· τοῦ γὰρ ἐνδεχομένου τεθέντος <note
                                type="marginal">243a</note> οὐδὲν ἄτοπον ἔδει συμβαίνειν.</p>
                </div>
                <div type="textpart" subtype="section" n="2">
                        <lb n="2"/>
                        <p>Τὸ δὲ πρῶτον κινοῦν, μὴ ὡς τὸ οὗ ἕνεκεν, ἀλλʼ ὅθεν ἡ ἀρχὴ τῆς κινήσεως,
                            ἐστὶν ἅμα τῷ κινουμένῳ. ἅμα δὲ λέγω, <pb n="211"/>
                            <lb n="5"/> διότι οὐθὲν αὐτῶν μεταξύ ἐστιν· τοῦτο γὰρ κοινὸν ἐπὶ παντὸς
                            κινουμένου καὶ κινοῦντός ἐστιν. ἐπεὶ δὲ τρεῖς εἰσὶν κινήσεις, ἥ τε κατὰ
                            τόπον καὶ κατὰ τὸ ποιὸν καὶ κατὰ τὸ ποσόν, ἀνάγκη καὶ τὰ κινούμενα τρία·
                            ἡ μὲν οὖν κατὰ τόπον φορά, ἡ δὲ κατὰ τὸ ποιὸν ἀλλοίωσις, ἡ δὲ κατὰ τὸ
                            ποσὸν αὔξησις <lb n="10"/> καὶ φθίσις. πρῶτον μὲν οὖν ὑπὲρ τῆς φορᾶς
                            εἴπωμεν· αὕτη γὰρ πρώτη τῶν κινήσεών ἐστιν.</p>
                        <lb n="21"/>
                        <p>Ἅπαν δὴ τὸ φερόμενον ἤτοι αὐτὸ ὑφʼ αὐτοῦ κινεῖται ἢ ὑφʼ ἑτέρου. εἰ μὲν
                            οὖν ὑφʼ αὐτοῦ, φανερὸν ὡς ἐν αὐτῷ τοῦ <lb n="22–3"/> κινοῦντος
                            ὑπάρχοντος ἅμα τὸ κινοῦν καὶ τὸ κινούμενον ἔσται, καὶ οὐθὲν αὐτῶν
                            μεταξύ· τὸ δʼ ὐπ᾿ ἄλλου κινούμενον τετραχῶς <lb n="24"/> κινεῖται· αἱ
                            γὰρ ὑφʼ ἑτέρου κινήσεις τέτταρές εἰσιν, ὦσις | <lb n="25"/> ἕλξις ὄχησις
                            δίνησις. καὶ γὰρ τὰς ἄλλας πάσας εἰς ταύτας ἀνάγεσθαι συμβαίνει. τῆς μὲν
                            οὖν ὤσεως τὸ μὲν ἔπωσις τὸ <lb n="26–7"/> δὲ ἄπωσίς ἐστιν, ἔπωσις μὲν
                            οὖν ἐστιν ὅταν τὸ κινοῦν τοῦ κινουμένου μὴ ἀπολείπηται, ἄπωσις δὲ ὅταν
                            τὸ ἀπωθοῦν ἀπολείπηται. ἡ δὲ ὄχησις ἐν ταῖς τρισὶν ἔσται κινήσεσιν. τὸ
                                <lb n="28–9"/> μὲν γὰρ ὀχούμενον οὐ καθʼ αὐτὸ κινεῖται ἀλλὰ κατὰ
                            συμβεβηκός <note type="marginal">243b</note>(τῷ γὰρ | ἐν κινουμένῳ εἶναι
                            ἢ ἐπὶ κινουμένου κινεῖται. <lb n="21–2"/> τὸ δὲ ὀχοῦν κινεῖται ἢ
                            ὠθού|μενον ἢ ἑλκόμενον ἢ δινούμενον. φανερὸν οὖν ὅτι ἡ ὄχησις ἐν ταῖς
                            τρισὶν ἔσται κινήσεσιν. ἡ <lb n="23–4"/> δʼ ἕλξις ὅταν ἤτοι πρὸς αὐτὸ ἢ
                            πρὸς ἕτερον θάττων ᾖ | ἡ κίνησις ἡ τοῦ ἕλκοντος μὴ χωριζομένη τῆς τοῦ
                            ἑλκομένου. καὶ γὰρ <lb n="15"/> πρὸς αὐτό ἐστιν ἡ ἕλξις καὶ πρὸς ἕτερον.
                            καὶ αἱ λοιπαὶ δὲ <del>ἕλξεις</del> αὐ|ταὶ τῷ εἴδει εἰς ταῦτα
                            ἀναχθήσονται, οἷον ἡ εἴσπνευσις <lb n="26–7"/> καὶ ἡ ἔκπνευσις καὶ ἡ
                            πτύσις καὶ ὅσαι τῶν σωμάτων ἢ ἐκκριτικαὶ ἢ ληπτικαίεἰσι, καὶ | ἡ
                            σπάθησις δὴ καὶ ἡ κέρκισις· <lb n="28–9"/> τὸ μὲν γὰρ αὐτῶν σύγκρισις τὸ
                            δὲ διάκρι|σις. καὶ πᾶσα δὴ <pb n="212"/> κίνησις ἡ κατὰ τόπον σύγκρισις
                            καὶ διάκρισίς ἐστιν. ἡ | δὲ <note type="marginal">244a</note> δίνησις
                            σύγκειται ἐξ ἕλξεως καὶ ὤσεως. τὸ μὲν γὰρ ὠθεῖ τὸ <lb n="16"/> κινοῦν,
                            τὸ | δʼ ἕλκει. φανερὸν οὖν ὡς ἐπεὶ ἅμα τὸ ὠθοῦν καὶ τὸ ἕλκον τῷ ἑλκομένῳ
                            | καὶ ὠθουμένῳ ἐστίν, οὐθὲν μεταξὺ τοῦ <lb n="17–18"/> κινουμένου καὶ
                            τοῦ κινοῦντός ἐστιν. |</p>
                        <p>τοῦτο δὲ δῆλον καὶ ἐκ τῶν ὡρισμένων· ἡ μὲν γὰρ ὦσις ἢ ἀφʼ ἑαυτοῦ ἢ ἀπʼ
                            ἄλλου πρὸς ἄλλο κίνησις, ἡ δʼ ἕλξις ἀπʼ <lb n="19–20"/> ἄλλου πρὸς αὐτὸ
                            ἢ πρὸς ἄλλο. ἔτι ἡ σύνωσις καὶ ἡ δίωσις. ἡ δὲ ῥῖψις ὅταν θάττων ἡ
                            κίνησις γένηται τῆς κατὰ φύσιν τοῦ <lb n="21–2"/> φερομένου σφοδροτέρας
                            γενομένης τῆς ὤσεως, | καὶ μέχρι τούτου συμβαίνει φέρεσθαι μέχρι ἂν οὗ
                            σφοδροτέρα ᾖ ἡ κίνησις τοῦ φερομένου· φανερὸν δὴ ὅτι τὸ κινούμενον καὶ
                            τὸ <lb n="23–4"/> κινοῦν ἅμα, καὶ οὐθὲν | αὐτῶν ἐστιν μεταξύ.</p>
                        <p>ἀλλὰ μὴν οὐδὲ τοῦ ἀλλοιουμένου καὶ τοῦ ἀλλοιοῦντος | <lb n="25"/> οὐδέν
                            ἐστιν μεταξύ. τοῦτο δὲ δῆλον ἐκ τῆς ἐπαγωγῆς. ἐν <lb n="26"/> ἅπασι γὰρ
                            συμ|βαίνει ἅμα εἶναι τὸ ἀλλοιοῦν ἔσχατον καὶ τὸ πρῶτον ἀλλοιούμενον. τὸ
                            γὰρ ποιὸν ἀλλοιοῦται τῷ αἰσθητὸν <lb n="27–8"/> εἶναι, αἰσθητὰ δέ ἐστιν
                            οἷς διαφέρουσιν | τὰ σώματα ἀλλήλων, <note type="marginal">244b</note>
                            οἷον βαρύτης κουφότης, σκληρότης μαλακότης, | ψόφος ἀψοφία, <lb
                                n="16–17"/> λευκότης μελανία, γλυκύτης πικρότης, ὑγρότης ξηρό|της,
                            πυκνότης μανότης, καὶ τὰ μεταξὺ τούτων, ὁμοίως δὲ καὶ τὰ ἄλλα | τὰ ὑπὸ
                            τὰς αἰσθήσεις, ὧν ἐστι καὶ ἡ θερμότης καὶ ἡ <lb n="18–19"/> ψυχρότης,
                            καὶ ἡ | λειότης καὶ ἡ τραχύτης. ταῦτα γάρ ἐστι πάθη τῆς ὑποκειμένης
                            ποιότητος. | τούτοις γὰρ διαφέρουσι <lb n="20–21"/> τὰ αἰσθητὰ τῶν
                            σωμάτων ἢ κατὰ τὸ τούτων τι μᾶλλον καὶ ἧττον <del>καὶ τῷ τούτων τι</del>
                            πάσχειν. θερμαινόμενα γὰρ ἢ ψυχόμενα | <lb n="22"/> ἢ γλυκαινόμενα ἢ
                            πικραινόμενα ἢ κατά τι ἄλλο τῶν <pb n="213"/>
                            <lb n="23–4"/> προειρημέ|νων ὁμοίως τά τε ἔμψυχα τῶν σωμάτων καὶ τὰ
                            ἄψυχα καὶ τῶν ἐμψύχων ὅσα τῶν μερῶν ἄψυχα. καὶ αὐταὶ <lb n="25–6"/> δὲ
                            αἱ αἰσθήσεις ἀλλοιοῦνται. πά|σχουσι γάρ· ἡ γὰρ ἐνέργεια αὐτῶν κίνησίς
                            ἐστιν διὰ σώματος πασχούσης τι τῆς αἰσθήσεως. <lb n="27"/> καθʼ ὅσα μὲν
                            οὖν ἀλλοιοῦνται τὰ ἄψυχα, καὶ τὰ ἔμψυχα | <lb n="28"/> κατὰ πάντα ταῦτα
                            ἀλλοιοῦνται· καθʼ ὅσα δὲ τὰ ἔμψυχα <note type="marginal"
                            >245a</note>ἀλλοι|οῦνται, κατὰ ταῦτα οὐκ ἀλλοιοῦνται τὰ ἄψυχα (κατὰ γὰρ
                                <lb n="17–18"/> τὰς αἰσθήσεις | οὐκ ἀλλοιοῦνται)· καὶ λανθάνει
                            ἀλλοιούμενα τὰ ἄψυχα. οὐθὲν δὲ κωλύει | καὶ τὰ ἔμψυχα λανθάνειν <lb
                                n="19–20"/> ἀλλοιούμενα, ὅταν μὴ κατὰ τὰς αἰσθήσεις | συμβαίνῃ τὸ
                            τῆς ἀλλοιώσεως αὐτοῖς. εἴπερ οὖν αἰσθητὰ μὲν τὰ πάθη, | διὰ <lb n="21"/>
                            δὲ τούτων ἡ ἀλλοίωσις, τούτοις γε φανερὸν ὅτι τὸ πάσχον καὶ τὸ | πάθος
                            ἅμα, καὶ τούτων οὐθέν ἐστιν μεταξύ. τῷ μὲν <lb n="22–3"/> γὰρ ὁ ἀὴρ
                            συνεχής, τῷ | δʼ ἀέρι συνάπτει τὸ σῶμα· καὶ ἡ μὲν ἐπιφάνεια πρὸς τὸ φῶς,
                            τὸ δὲ φῶς πρὸς τὴν ὄψιν. ὁμοίως <lb n="24–5"/> δὲ καὶ ἡ ἀκοὴ καὶ ἡ
                            ὄσφρησις πρὸς τὸ κι|νοῦν αὐτὰς πρῶτον. τὸν αὐτὸν δὲ τρόπον ἅμα καὶ ἡ
                            γεῦσις καὶ ὁ χυμός | ἐστιν <del>ὡσαύτως δὲ καὶ ἐπὶ τῶν ἀψύχων καὶ τῶν
                                ἀναισθήτων</del>.</p>
                        <lb n="26–7"/>
                        <p>καὶ τὸ αὐξανόμενον δὲ καὶ τὸ αὖξον· πρόσθεσις γάρ τις ἡ αὔξησις, ὥσθʼ ἅμα
                            τό | τʼ αὐξανόμενον καὶ τὸ αὖξον. καὶ ἡ <lb n="28–9"/> φθίσις δέ· τὸ γὰρ
                            τῆς φθίσεως αἴ|τιον ἀφαίρεσίς τις. φανερὸν <note type="marginal"
                                >245b</note>δὴ ὡς τοῦ κινοῦντος ἐσχάτου καὶ τοῦ κινου|μένου πρώτου
                            οὐθέν <lb n="17–18"/> ἐστιν μεταξύ <del>ἀνὰ μέσον τοῦ τε κινοῦντος καὶ
                                τοῦ κι|νουμένου</del>.|</p>
                        <lb n="19"/>
                </div>
                <div type="textpart" subtype="section" n="3">
                        <p> Ὅτι δὲ τὰ ἀλλοιούμενα ἀλλοιούνται πάντα ὑπὸ τῶν αἰσθητῶν, <lb n="3"/>
                            καὶ | μόνων τούτων ἔστιν ἀλλοίωσις ὅσα καθʼ αὐτὰ <lb n="20–1"/> πάσχει
                            ὑπὸ τούτων, | ἐκ τῶνδε θεωρήσωμεν. τῶν γὰρ ἄλλων μάλιστα <del>ἄν τις
                                ὑπολάβοι ἔν τε</del> τοῖς | σχήμασι καὶ ταῖς <pb n="214"/> μορφαῖς
                            καὶ ταῖς ἕξεσι καὶ ταῖς τούτων ἀποβολαῖς καὶ <lb n="22–3"/> λήψεσιν
                                <del>ἀλλοίωσιν ὑπάρχειν.</del> δοκεῖ <del>γὰρ</del> ὑπάρχειν τὸ τῆς
                            ἀλλοιώσεως, | οὐκ ἔστιν δὲ οὐδʼ ἐν τούτοις, ἀλλὰ γίγνεται <del>τὸ
                                σχῆμα</del> ἀλλοιουμένων τινῶν ταῦτα (πυκνουμένης γὰρ ἢ <lb n="24–5"
                            /> μανουμένης ἢ θερμαινομένης ἢ ψυχομένης τῆς | ὕλης), ἀλλοίωσις δὲ οὐκ
                            ἔστιν. ἐξ οὗ μὲν γὰρ ἡ μορφὴ τοῦ ἀνδριάντος, οὐ λέ|γομεν τὴν μορφήν,
                            οὐδʼ ἐξ οὗ τὸ σχῆμα τῆς πυραμίδος <lb n="26–7"/> ἢ τῆς κλίνης, ἀλλὰ |
                            παρωνυμιάζοντες τὸ μὲν χαλκοῦν τὸ δὲ κήρινον τὸ δὲ ξύλινον· τὸ δʼ
                            ἀλ|λοιούμενον λέγομεν· τὸν <lb n="28–9"/> γὰρ χαλκὸν ὑγρὸν εἶναι λέγομεν
                            ἢ θερμὸν ἢ σκλη|ρόν (καὶ οὐ <note type="marginal">246a</note> μόνον
                            οὕτως, ἀλλὰ καὶ τὸ ὑγρὸν καὶ τὸ θερμὸν χαλκόν), | <lb n="21"/> ὁμωνύμως
                            λέγοντες τῷ πάθει τὴν ὕλην. ἐπεὶ οὖν ἐξ οὗ μὲν ἡ μορφὴ καὶ | τὸ σχῆμα
                            καὶ τὸ γεγονὸς ὁμωνύμως οὐ λέγεται <lb n="22–3"/> τοῖς ἐξ ἐκείνου
                            σχήμασιν, | τὸ δʼ ἀλλοιούμενον τοῖς πάθεσιν ὁμωνύμως λέγεται, φανερὸν ὡς
                            ἐν μόνοις τοῖς αἰσθητοῖς ἡ <lb n="24–5"/> ἀλλοίωσις. ἔτι καὶ ἄλλως
                            ἄτοπον. τὸ γὰρ λέγειν τὸν | ἄνθρωπον ἠλλοιῶσθαι ἢ τὴν οἰκίαν λαβοῦσαν
                            τέλος γελοῖον, <lb n="26"/> εἰ τὴν τελείω|σιν τῆς οἰκίας, τὸν θριγκὸν ἢ
                            τὴν κεραμίδα, φήσομεν ἀλλοίωσιν εἶναι, ⟨ἢ⟩ θριγ|κουμένης τῆς οἰκίας ἢ
                                <lb n="27–8"/> κεραμιδουμένης ἀλλοιοῦσθαι τὴν οἰκίαν. δῆλον δὴ ὅτι
                            τὸ τῆς ἀλλοιώσεως οὐκ ἔστιν ἐν τοῖς γιγνομένοις.</p>
                        <p>οὐδὲ γὰρ ἐν ταῖς ἕξε|σιν. αἱ γὰρ ἕξεις ἀρεταὶ καὶ κακίαι, <lb n="29–30"/>
                            ἀρετὴ δὲ πᾶσα καὶ κακία τῶν | πρός τι, καθάπερ ἡ μὲν ὑγίεια <note
                                type="marginal">246b</note> θερμῶν καὶ ψυχρῶν συμμετρία τις, τῶν |
                            ἐντὸς ἢ πρὸς τὸ <lb n="21–2"/> περιέχον. ὁμοίως δὲ καὶ τὸ κάλλος καὶ ἡ
                            ἰσχὺς τῶν | πρός τι. διαθέσεις γάρ τινες τοῦ βελτίστου πρὸς τὸ ἄριστον,
                            λέγω δὲ τὸ | βέλτιστον τὸ σῶζον καὶ διατιθὲν περὶ τὴν φύσιν. <lb
                                n="23–4"/> ἐπεὶ οὖν αἱ μὲν ἀρεταὶ | καὶ αἱ κακίαι τῶν πρός τι, ταῦτα
                            δὲ οὔτε γενέσεις εἰσὶν οὔτε γένεσις αὐ|τῶν οὐδʼ ὅλως ἀλλοίωσις, <lb
                                n="25–6"/> φανερὸν ὡς οὐκ ἔστιν ὅλως τὸ τῆς ἀλλοιώσεως | περὶ τὰς
                            ἕξεις. <pb n="215"/>
                            <lb n="27–8"/> οὐδὲ δὴ περὶ τὰς τῆς ψυχῆς ἀρετὰς καὶ κακίας. ἡ μὲν | γὰρ
                            ἀρετὴ τελείωσίς τις (ἕκαστον γὰρ τότε μάλιστα τέλειόν ἐστιν, ὅταν | τύχῃ
                            τῆς οἰκείας ἀρετῆς, καὶ μάλιστα κατὰ φύσιν, καθάπερ <lb n="29–30"/> ὁ
                            κύκλος | τότε μάλιστα κατὰ φύσιν ἐστίν, ὅταν μάλιστα <note
                                type="marginal">247a</note>κύκλος ᾖ), ἡ δὲ κακία φθορὰ τούτων καὶ
                            ἔκστασις. γίγνεται <lb n="20–21"/> μὲν οὖν ἀλλοιουμένου τινὸς καὶ ἡ
                            λῆψις | τῆς ἀρετῆς καὶ ἡ τῆς κακίας ἀποβολή, ἀλλοίωσις μέντοι τούτων
                            οὐδέτερον. | ὅτι δʼ ἀλλοιοῦταί τι, δῆλον. ἡ μὲν γὰρ ἀρετὴ τοι ἀπάθειά
                                <lb n="22–3"/> τις ἢ παθη|τικὸν ὡδί, ἡ δὲ κακία παθητικὸν ἢ ἐναντία
                            πάθησις τῇ ἀρετῇ. καὶ τὸ | ὅλον τὴν ἠθικὴν ἀρετὴν ἐν ἡδοναῖς καὶ <lb
                                n="24–5"/> λύπαις εἶναι συμβέβηκεν· γὰρ κατʼ ἐνέργειαν τὸ τῆς ἡδονῆς
                            διὰ μνήμην ἢ ἀπὸ τῆς ἐλπίδος. εἰ μὲν οὖν | κατʼ ἐνέργειαν, αἴσθησις τὸ
                            αἴτιον, εἰ δὲ διὰ μνήμην ἢ διʼ ἐλπίδα, <lb n="26–7"/> ἀπὸ ταύτης· ἢ γὰρ
                            οἶα ἐπάθομεν μεμνημένοις τὸ τῆς ἡδονῆς ἢ οἷα πεισόμεθα | ἐλπίζουσιν.</p>
                        <lb n="28"/>
                        <p>ἀλλὰ μὴν οὐδ’ ⟨ἐν⟩ τῷ διανοητικῷ μέρει τῆς ψυχῆς ἀλλοίωσις. | τὸ γὰρ
                            ἐπιστῆμον μάλιστα τῶν πρός τι λέγεται. τοῦτο δὲ <lb n="29–30"/> δῆλον·
                            κατʼ οὐδε|μίαν γὰρ δύναμιν κινηθεῖσιν ἐγγίγνεται τὸ <note
                                type="marginal">247b</note>τῆς ἐπιστήμης, ἀλλʼ ὑπάρξαντός | τινος·
                            ἐκ γὰρ τῆς κατὰ <lb n="20–21"/> μέρος ἐμπειρίας τὴν καθόλου λαμβάνομεν
                            ἐπιστή|μην. οὐδὲ δὴ ἡ ἐνέργεια γένεσις, εἰ μή τις καὶ τὴν ἀνάβλεψιν καὶ
                            τὴν | <lb n="22"/> ἁφὴν γενέσεις φησίν· τοιοῦτον γὰρ ἡ ἐνέργεια. ἡ δὲ ἐξ
                            ἀρχῆς λῆψις τῆς | ἐπιστήμης οὐκ ἔστι γένεσις οὐδʼ ἀλλοίωσις· <lb
                                n="23–4"/> τῷ γὰρ ἠρεμίζεσθαι καὶ καθ|ίστασθαι τὴν ψυχὴν ἐπιστήμων
                            γίγνεται καὶ φρόνιμος. καθάπερ οὖν οὐδʼ ὅταν | καθεύδων ἐγερθῇ τις ἢ
                            μεθύων παύσηται ἢ νοσῶν καταστῇ, γέγονεν <lb n="25–6"/> ἐπι|στήμων·
                            καίτοι πρότερον οὐκ ἐδύνατο χρῆσθαι καὶ κατὰ τὴν ἐπιστήμην ἐνερ|γεῖν,
                            εἶτα ἀπαλλαγείσης τῆς ταραχῆς καὶ <lb n="27–8"/> εἰς ἠρεμίαν καὶ
                            κατάστασιν ἐλθούσης τῆς | διανοίας ὑπῆρξεν ἡ δύναμις ἡ πρὸς τὴν τῆς
                            ἐπιστήμης χρείαν. τοιοῦτο δή | τι <pb n="216"/> γίγνεται καὶ τὸ ἐξ ἀρχῆς
                            ἐν τῇ τῆς ἐπιστήμης ὑπαρχῇ· τῆς γὰρ ταρα|χῆς ἠρεμία τις καὶ κατάστασις.
                            οὐδὲ δὴ τὰ παιδία <lb n="29–30"/> δύναται μαθεῖν οὐδὲ | κρίνειν ταῖς
                            αἰσθήσεσιν ὁμοίως τοῖς <note type="marginal">248a</note> πρεσβυτέροις.
                            πολλὴ γὰρ ἡ ταραχὴ περὶ ταῦτα καὶ ἡ <lb n="26–7"/> κίνησις. καθίσταται
                            δὲ καὶ παύεται τῆς ταραχῆς τοτὲ | μὲν ὑπὸ τῆς φύσεως τοτὲ δʼ ὑπʼ ἄλλων.
                            ἐν ἀμφοτέροις δὲ τούτοις <lb n="28"/> ἀλ|λοιοῦσθαί τι συμβαίνει, καθάπερ
                            ὅταν ἐγερθῇ καὶ γένηται <note type="marginal">248b</note> νήφων πρὸς τὴν
                            ἐνέργειαν. φανερὸν οὖν ὅτι τὸ τῆς ἀλλοιώσεως <lb n="26–7"/> ἐν τοῖς
                            αἰσθητοῖς καὶ ἐν τῷ αἰσθητικῷ μέρει τῆς ψυχῆς, ἐν ἄλλῳ δʼ οὐθενὶ πλὴν
                            κατὰ συμβεβηκός. </p>
                        <lb n="28"/>
                    </div>
                
            </div>
        </body>
    </text>
</TEI>
