<?xml version="1.0" encoding="UTF-8"?>
<ti:work xmlns:ti="http://chs.harvard.edu/xmlns/cts" groupUrn="urn:cts:greekLit:tlg0007" projid="greekLit:tlg019" urn="urn:cts:greekLit:tlg0007.tlg019" xml:lang="grc">
    
   <ti:title xml:lang="eng">Aemilius Paulus</ti:title>
   
   <ti:edition urn="urn:cts:greekLit:tlg0007.tlg019.perseus-grc2" workUrn="urn:cts:greekLit:tlg0007.tlg019" xml:lang="grc">
      <ti:label xml:lang="eng">Aemilius Paulus</ti:label>
      <ti:description xml:lang="eng">Plutarch, creator; Plutarch's Lives Volume VI; Perrin, Bernadotte, translator; Perrin, Bernadotte, editor; Cambridge,
         MA. Harvard University Press. London. William Heinemann Ltd. 1918.</ti:description>
   </ti:edition>
   
   <ti:translation urn="urn:cts:greekLit:tlg0007.tlg019.perseus-eng2" workUrn="urn:cts:greekLit:tlg0007.tlg019" xml:lang="eng">
      <ti:label xml:lang="eng">Aemilius Paulus</ti:label>
      <ti:description xml:lang="eng">Plutarch, creator; Plutarch's Lives Volume VI; Perrin, Bernadotte, translator; Cambridge, MA. Harvard University Press. London. William Heinemann Ltd. 1918.</ti:description>
   </ti:translation>


</ti:work>
