<ti:work xmlns:ti="http://chs.harvard.edu/xmlns/cts" groupUrn="urn:cts:greekLit:tlg0057"
	xml:lang="grc" urn="urn:cts:greekLit:tlg0057.tlg073">
	<ti:title xml:lang="lat">Quos quibus catharticis medicamentis et quando purgare
		oporteat</ti:title>
	<ti:edition urn="urn:cts:greekLit:tlg0057.tlg073.1st1K-grc1"
		workUrn="urn:cts:greekLit:tlg0057.tlg073">
		<ti:label xml:lang="lat">Quos quibus catharticis medicamentis et quando purgare
			oporteat</ti:label>
		<ti:description xml:lang="mul">Galen, Quos quibus catharticis medicamentis et quando purgare
			oporteat, Kühn, Cnobloch, 1826</ti:description>
	</ti:edition>
    <ti:edition urn="urn:cts:greekLit:tlg0057.tlg073.1st1K-grc2"
        workUrn="urn:cts:greekLit:tlg0057.tlg073">
        <ti:label xml:lang="lat">Quos quibus catharticis medicamentis et quando purgare
            oporteat (ap. Oribasium)</ti:label>
        <ti:description xml:lang="mul">Galen, Quos quibus catharticis medicamentis et quando purgare
            oporteat (ap. Oribasium), Raeder, Teubner, 1928</ti:description>
    </ti:edition>
</ti:work>
