<?xml version="1.0" encoding="UTF-8"?>
<?xml-model href="http://www.stoa.org/epidoc/schema/latest/tei-epidoc.rng" schematypens="http://relaxng.org/ns/structure/1.0"?>
<TEI xmlns="http://www.tei-c.org/ns/1.0" xml:lang="eng">
    <teiHeader>
        <fileDesc>
            <titleStmt>
                <title xml:lang="lat">Quos quibus catharticis medicamentis et quando purgare
                    oporteat (ap. Oribasium)</title>
                <author>Galen</author>
                <editor xml:lang="lat">Ioannes Raeder</editor>
                <sponsor>Harvard College Library</sponsor>
                <funder>Harvard Library Arcadia Fund</funder>
                <principal>Gregory Crane</principal>
                <respStmt>
                    <persName xml:id="DDD">Digital Divide Data</persName>
                    <resp>Corrected and encoded the text</resp>
                </respStmt>
                <respStmt>
                    <persName>Gregory Crane</persName>
                    <resp>Editor-in-Chief, Perseus Digital Library</resp>
                </respStmt>
                <respStmt>
                    <persName>Matt Munson</persName>
                    <resp>Project Manager (University of Leipzig), 2016 - present</resp>
                </respStmt>
                <respStmt>
                    <persName>Annette Gessner</persName>
                    <resp>Project Assistant (University of Leipzig) 2015 - present</resp>
                </respStmt>
                <respStmt>
                    <persName>Thibault Clérice</persName>
                    <resp>Lead Developer (University of Leipzig)</resp>
                </respStmt>
                <respStmt>
                    <persName>Bruce Robertson</persName>
                    <resp>Technical Advisor</resp>
                </respStmt>
            </titleStmt>
            <publicationStmt>
                <authority>Harvard College Library</authority>
                <idno type="filename">tlg0057.tlg073.1st1K-grc2</idno>
                <availability>
                    <p>Available under a Creative Commons Attribution-ShareAlike 4.0 International
                        License</p>
                </availability>
                <date>2016</date>
                <publisher>Harvard College Library</publisher>
                <pubPlace>United State</pubPlace>
            </publicationStmt>
            <sourceDesc>
                <listBibl>
                    <biblStruct>
                        <monogr>
                            <title xml:lang="lat">Oribasii collectionum medicarum reliquiae</title>
                            <editor>
                                <persName>
                                    <name xml:lang="lat">Ioannes Raeder</name>
                                    <name xml:lang="deu">Hans Raeder</name>
                                </persName>
                            </editor>
                            <author ref="urn:cts:greekLit:tlg0057">Galen</author>
                            <imprint>
                                <publisher xml:lang="lat">B.G. Teubneri</publisher>
                                <pubPlace xml:lang="lat">Lipsiae et Berolini</pubPlace>
                                <date>1928</date>
                            </imprint>
                            <biblScope unit="volume">1</biblScope>
                            <biblScope unit="page" from="221" to="227">221-227</biblScope>
                        </monogr>
                        <ref target="http://cmg.bbaw.de/epubl/online/cmg_06_01_01.php">Corpus
                            Medicorum Graecorum/Latinorum</ref>
                    </biblStruct>
                </listBibl>
            </sourceDesc>
        </fileDesc>
        <encodingDesc>
            <p>Text encoded in accordance with the latest EpiDoc standards (January 2014)</p>
            <refsDecl n="CTS">
                <cRefPattern matchPattern="(.+).(.+)" n="section"
                    replacementPattern="#xpath(/tei:TEI/tei:text/tei:body/tei:div/tei:div[@n='$1']/tei:div[@n='$2'])"/>
                <cRefPattern matchPattern="(.+)" n="chapter"
                    replacementPattern="#xpath(/tei:TEI/tei:text/tei:body/tei:div/tei:div[@n='$1'])"
                />
            </refsDecl>
        </encodingDesc>
        <profileDesc>
            <langUsage>
                <language ident="grc">Greek</language>
                <language ident="lat">Latin</language>
                <language ident="deu">German</language>
            </langUsage>
        </profileDesc>
        <revisionDesc>
            <change/>
        </revisionDesc>
    </teiHeader>
    <text>
        <body>
            <div type="edition" xml:lang="grc" n="urn:cts:greekLit:tlg0057.tlg073.1st1K-grc2">
                <div type="textpart" subtype="chapter" n="1">
                    <pb n="221"/>
                    <lb n="10"/>
                    <head>κγ. Ἐκ τῶν Γαληνοῦ· τίναϲ δεῖ καθαίρειν, καὶ ποίοιϲ καθαρτηρίοιϲ, καὶ
                        πότε.</head>
                    <div type="textpart" subtype="section" n="1">
                        <p>Τοὺϲ ὑγιεινὰ τὰ ϲώματα ἔχονταϲ ἐργῶδεϲ καθαίρειν· καὶ γὰρ <lb n="1"/>
                            ἰλιγγιῶϲι καὶ ϲτροφοῦνται, καὶ δυϲχερῶϲ αὐτοῖϲ ἡ κάθαρϲιϲ προχωρεῖ, καὶ
                            πρὸϲ τούτοιϲ ἔτι ταχέωϲ ἐκλύονται· γίνεται δὲ ταῦτα πάντα, τοῦ <lb
                                n="15"/> καθαρτικοῦ φαρμάκου τὸν οἰκεῖον μὲν ἕλκειν ἐφιεμένου χυμόν,
                            τῷ δ᾿ ἀπορεῖν αὐτοῦ τὸ οἷμα καὶ τὰϲ ϲάρκαϲ ϲυντήκοντοϲ, ἵνα ἐξ ἐκείνων
                            ἕλξῃ τὸ οἰκεῖον. </p>
                    </div>
                    <div type="textpart" subtype="section" n="2">
                        <p> τοὺϲ δ᾿ ὑγιαίνονταϲ μὲν ἔτι, νοϲήϲανταϲ δ᾿ <add cause="fix">ἄν</add>, εἰ
                                <lb n="2"/> μὴ κενωθεῖεν, φθάνειν χρὴ κενοῦν εἰϲβάλλοντοϲ | ἦροϲ,
                            ἤτοι διὰ φλεβοτομίαϲ, <lb n="74"/> εἰ πληθωρικοῖϲ ἁλίϲκοιντο νοϲήμαϲιν,
                            ἢ διὰ καθάρϲεωϲ, εἰ <lb n="20"/> τοῖϲ κατὰ διαφθοράν. </p>
                    </div>
                    <div type="textpart" subtype="section" n="3">
                        <p>ἡμεῖϲ γοῦν καὶ ποδάγραν καὶ ἀρθρῖτιν ἀρχομένην <lb n="3"/> καὶ μήπω περὶ
                            τοῖϲ ἄρθροιϲ εἰργαϲμένην πώρουϲ ἐκ τῆϲ τοιαύτηϲ κενώϲεωϲ ἐτῶν ἤδη πολλῶν
                            ἐκωλύϲαμεν γίνεϲθαι. </p>
                    </div>
                    <div type="textpart" subtype="section" n="4">
                        <p>κατὰ δὲ τὸν <lb n="4"/> αὐτὸν τρόπον ἀποπληξίαν, ἐπιληψίαν, μελαγχολίαν,
                            ἄλλα τοιαῦτα χρόνια πάθη διὰ τῆϲ εἰρημένηϲ κενώϲεωϲ ἐπὶ πολλῶν ἀνθρώπων
                            ἐπαύϲαμεν. <lb n="25"/>
                        </p>
                    </div>
                    <div type="textpart" subtype="section" n="5">
                        <p>ἐνίοιϲ μὲν οὖν ϲυμφέρει κενοῦϲθαι τοὺϲ φλεγματώδειϲ χυμούϲ, <lb n="5"/>
                            ἐνίοιϲ δὲ τοὺϲ πικροχόλουϲ, ἐνίοιϲ δὲ τοὺϲ μελαγχολικούϲ, ἐνίοιϲ δ᾿
                            ὀρῶδεϲ περίττωμα κατὰ τὴν τῶν εἰθιϲμένων αὐτοῖϲ γίνεϲθαι παθῶν οὐϲίαν.
                        </p>
                    </div>
                    <div type="textpart" subtype="section" n="6">
                        <p>αὐτίκα μελαγχολίᾳ τιϲ ἁλίϲκεται καθ᾿ ἕκαϲτον ἔτοϲ, εἰ μὴ <lb n="6"/>
                            καθαρθείη, καὶ καθαίρω γε αὐτὸν οὐκ ἦροϲ μόνον, ἀλλὰ καὶ φθινοπώρου. <lb
                                n="30"/>
                        </p>
                    </div>
                    <div type="textpart" subtype="section" n="7">
                        <p>οὕτωϲ δὲ | καὶ γυναῖκά τινα καθ᾿ ἕκαϲτον ἔτοϲ εἰϲβάλλοντοϲ<lb n="7"/><lb
                                n="75"/> ἦροϲ ὁμοίωϲ κενῶ, καρκινώδη διάθεϲιν ἐν μαϲτῷ ἔχουϲαν, ἣν
                            ἰαϲάμην ἰϲχυρῶϲ κενώϲαϲ διὰ φαρμάκου καθαίροντοϲ μέλαιναν, καὶ εἰ
                            παραλειφθείη <note type="footnote">10—14 Οrib. Syn. I 16, 1 12—17 Gal.
                                in Hipp. Aphor comm. I 37 (XVII 2,536—537 K.) 17—p. 222, 13 Gal.
                                ibid. VI 47 (XVIII 1, 78 —81 K.)</note>
                            <note type="footnote">17—19 Orib. Syn. I 16, 2</note>
                            <note type="footnote">1 επτέον A 2 ἄν bis AN 3 ποραϲταχθένταϲ A
                                δεικτικὸν CN ἄλλων codd.: corr. C2 4 ἑλκομένων codd.: corr. Matthaei
                                ἐκκλητέον AN: εκλητέον C: corr. C² 6 διθώϲει A 7 ϲτράγγοϲ codd.:
                                corr. Matthaei 8 ἐπιπολέωϲ codd. 12 ὑγεινὰ AC 15.16 τὸ δ᾿ ἀπορρεῖν
                                codd.: corr. C² Dg:</note>
                            <note type="footnote">17 νοϲήϲονταϲ Dg ἄν addidi 18 φθάνειν om. C 19
                                ἁλίϲκοντο A εἰ (posteriore loco)] ἢ C 21 ἐργαϲμένην C πόρουϲ codd.
                                22 ἐτῶν C2 Dg: τῶν Codd ἤδη Dg: δὴ codd. 24. 25 ἐπαύϲωμεν A1 26
                                ἐνίοιϲ (secundo loco) ἐβίοιϲ A1 27 ὀρῶδεϲ A: ὀρῶδε N ἠθιϲμένων codd.
                                28 μελαγχολίαν codd.: corr. C2 Dg 29 καθαίρων N: καθαίρα A ἦροϲ] ἦ
                                A1 30 οὕτω N</note>
                            <note type="footnote">31 μαϲθῶ C e corr. 32 μέλαιαν A1 : μέλανα Dg post
                                εἰ add. μὴ A1 N</note>
                            <note type="footnote">32 sq. παραληφθείη N</note>
                            <pb n="222"/>
                        </p>
                    </div>
                    <div type="textpart" subtype="section" n="8">
                        <p>
                            <lb n="8"/> ποτὲ ἡ κάθαρϲιϲ, ὀδύνη διὰ βάθουϲ αὐτῇ γίνεται. ἐλέφαντα δ᾿
                            ἀρχόμενον ἑτέρῳ τὰ μὲν πρῶτα διά τε φλεβοτομίαϲ καὶ καθάρϲεωϲ ἰαϲάμην·
                            ἑκάϲτου δ᾿ ἔτουϲ αὖθιϲ ἀρκεῖ καὶ τούτω μία κάθαρϲιϲ· ἐκλειφθείϲηϲ <lb
                                n="9"/> δ᾿ αὐτῆϲ, αὐτίκα τὸ πάθοϲ ἐπιϲημαίνει. </p>
                    </div>
                    <div type="textpart" subtype="section" n="9">
                        <p>τὰ μὲν οὖν τοιαῦτα νοϲήματα καθάρϲεωϲ χρῄζει μελάνων χυμῶν, ἐπιληπτικὰ δὲ
                            καὶ <lb n="5"/> ἀποπληκτικὰ καὶ ἀϲθματικὰ τῶν φλεγματωδῶν, ἀρθριτικὰ δὲ
                            τὰ μὲν ἅμα θερμαϲίᾳ πολλῇ τῶν πικροχόλων, τὰ δὲ ϲὺν ὄγκοιϲ ψυχροῖϲ τῶν
                                <lb n="10"/> φλεγματικῶν. </p>
                    </div>
                    <div type="textpart" subtype="section" n="10">
                        <p>ἄλλοϲ δέ τιϲ ὥρᾳ θέρουϲ αἰεὶ τριτοίοιϲ ἁλιϲκόμενοϲ <lb n="76"/> πυρετοῖϲ
                            ἤδη πολλῶν ἐτῶν οὐκ ἐπύρεξε, χολὴν ὠχρὰν | φθάνων ὑφ᾿ ἡμῶν καθαίρεϲθαι
                            κατὰ τὴν τελευτὴν τοῦ ἦροϲ· οὕτωϲ γὰρ ἄμεινόν <lb n="10"/> ἐϲτι τοὺϲ
                            τοιούτουϲ κενοῦν, ὡϲ τούϲ γε ἐπιληπτικοὺϲ ἀρθριτικούϲ τε καὶ
                            μελαγχολικοὺϲ ὅϲοι τε ἄλλοι διὰ παχεῖϲ χυμοὺϲ νοϲοῦϲιν εἰϲβάλλοντοϲ <lb
                                n="11"/> ἦροϲ ἄμεινον κενοῦϲθαι. </p>
                    </div>
                    <div type="textpart" subtype="section" n="11">
                        <p>χρὴ δὲ προλεπτύνειν καὶ τέμνειν τοὺϲ παχεῖϲ καὶ γλίϲχρουϲ χυμοὺϲ καὶ τοὺϲ
                            πόρουϲ, δι᾿ ὧν οὗτοι μετα λαμβάνονταί τε καὶ ἕλκονται πρὸϲ τῶν
                            καθαρτικῶν φαρμάκων, ἀναϲτομοῦν, <lb n="15"/> εἰ ἡ κάθαρϲιϲ ἀρίϲτη
                            μέλλοι γίνεϲθαι κατὰ πάντα, καὶ μάλιϲτα ἐπὶ τῶν ἐλλέβορον λαμβανόντων· ἡ
                            γὰρ ϲυντονία τῶν ϲπαραγμῶν, ἐκβάλλουϲα τοὺϲ ἐϲφηνωμένουϲ δυϲλύτωϲ τοῖϲ
                            πεπονθόϲι μέρεϲι χυμοὺϲ καὶ κατὰ τοῦτο τὰ χρόνια τῶν παθῶν ὠφελοῦϲα,
                            ῥᾷον ἐργάϲεται τοῦτο, <lb n="12"/> προλελεπτυϲμένων αὐτῶν. </p>
                    </div>
                    <div type="textpart" subtype="section" n="12">
                        <p>τοῖϲ δ᾿ ἀμελήϲαϲι τούτων δυϲχερεῖϲ ἀπαντῶϲιν <lb n="20"/>
                            <lb n="77"/> αἱ | καθάρϲειϲ μετὰ ϲτρόφων ἐνίοτε καί τινων ἰλίγγων ἄϲηϲ
                            τε <lb n="13"/> πολλῆϲ καὶ κακοϲφυξίαϲ ἐκλύϲεώϲ τε καὶ δυϲκολίαϲ. </p>
                    </div>
                    <div type="textpart" subtype="section" n="13">
                        <p>τοῦ μέλλοντοϲ δ᾿ ἐλλέβορον λήψεϲθαι προπειρᾶϲθαι χρὴ τῆϲ φύϲεωϲ, ὅπωϲ
                            ἔχει πρὸϲ <lb n="14"/> τὰϲ ἄνω καθάρϲειϲ, τουτέϲτι τὰϲ δι᾿ ἐμέτων. </p>
                    </div>
                    <div type="textpart" subtype="section" n="14">
                        <p>γινέϲθω δ᾿ ἡ πεῖρά ϲοι διὰ τῶν ἐμετικῶν φαρμάκων ὅϲα μέτρια· ἐὰν γὰρ
                            φαίνηται μὴ ῥᾳδίωϲ <lb n="25"/> καθαιρόμενοϲ, οὐ χρὴ τὸν τοιοῦτον
                            ἄνθρωπον ἐπὶ τὸν ἐλλέβορον ἄγειν ἄνευ τοῦ προπαραϲκευάϲαι. γένοιτο δ᾿ ἂν
                            τὸ τοιοῦτο καὶ δι᾿ αὐτῶν μὲν τῶν ϲυνεχών ἐμέτων, ἐθιϲθέντοϲ ἑτοίμωϲ
                            ἐμεῖν τοῦ ληψομένου τὸν ἐλλέβορον· γένοιτο δ᾿ ἂν ἄμεινον καὶ διὰ τοῦ
                            προϋγρᾶναι τὰ <lb n="15"/> ϲώματα, προϋγραίνεται δὲ πλείονι τροφῇ καὶ
                            ἀναπαύϲει. </p>
                    </div>
                    <div type="textpart" subtype="section" n="15">
                        <p>τὸ μὲν οὖν <lb n="30"/> τῆϲ ἀναπαύϲεωϲ δῆλον· ὡϲ γὰρ τὰ γυμνάϲια
                            ξηραίνειν πέφυκεν, <add cause="fix">οὕτω καὶ ἡ ἀνάπαυϲιϲ, ὅπερ ἐϲτὶν
                                ἡϲυχία τε καὶ ἀγυμναϲία, φυλάττει τὰϲ <lb n="78"/> ὑγρότηταϲ· τροφὴ
                                δ᾿ οὐχ ἁπλῶϲ ἡ | πλείων ὑγραίνειν πέφυκεν,</add> ἀλλ᾿ ἥτιϲ ἄνευ
                            ποιότητοϲ ἰϲχυρᾶϲ ᾖ, τουτέϲτι μήτε ϲτρυφνὴ μήτε δριμεῖα <note
                                type="footnote">5—8 Orib. Syn. I 16, 2 13—16 Gal. ibid. 119 (XVII
                                2,465 K.); Orib Syn. I 16,3 20—22 Gal. ibid II 9 (XVII 2,465 K.)
                                22—p. 223,1 Gal. ibid. IV 13 (XVII 2,672—673K.)</note>
                            <note type="footnote">1 ὐτῆϲ codd.: corr. C2Dg 3. 4 ἐκλειφθείϲηϲ C e
                                corr.: ἐλλειφθείϲηϲ Dg</note>
                            <note type="footnote">4 πιϲημαίνει. τὰ Dg: ἐπιϲημαίνεται codd. 5
                                μελανοῦν AN: μέλαν οὖν C: corr. Dg χυμὸν codd.: corr. Dg 8 ἀεὶ C 17
                                τῶν (posteriore loco)] τῶ N</note>
                            <note type="footnote">18 δύϲλυτοϲ codd.: corr. C² Dg 19 τὰ] δὲ C 20
                                προλελυπτυϲμένων A</note>
                            <note type="footnote">21 ϲτρόφων C²Dg: ϲφοδρῶν codd ἀϲτῆϲ A 22
                                κακοϲφυγξίαϲ A: κακοϲφιγξίαϲ CN: corr. Dg 23 ἐλλέβορο N λή ήψεται A1
                                C προπειρᾶϲθαι om. N ἔχῃ codd.: corr. Dg 27 τοιοῦτον A 28 μὲν om. C
                                λειψομένου AN</note>
                            <note type="footnote">30 πλείω codd.: corr. C2Dg 31 πύφυκεν A 31— 33
                                οὕτω <gap reason="omitted"/> πέφυκεν add. Dg e Gal., et τροφὴ <gap
                                    reason="omitted"/> πέφυκεν add. iam C² 33. 34 ἄλλῃ τιϲ codd.:
                                ἀλλ᾿ εἴ τιϲ Dg: correxi 34 ἰϲχυράϲη A.</note>
                            <pb n="223"/> μήτε ἁλυκὴ μήτε πικρά. </p>
                    </div>
                    <div type="textpart" subtype="section" n="16">
                        <p>δεδώκαμεν δ᾿ ἐνίοτε ῥαφανῖδαϲ δι᾿ ὀξυμέλιτοϲ, <lb n="16"/> πήξαντεϲ
                            αὐταῖϲ δι᾿ ὅληϲ ἡμέραϲ καὶ νυκτὸϲ ἐλλεβόρου κλῶναϲ λευκοῦ. καὶ εἴη ἂν
                            ἀϲθενὴϲ ἀπ᾿ ἐλλεβόρου κάθαρϲιϲ ἡ τοιαύτη. </p>
                    </div>
                    <div type="textpart" subtype="section" n="17">
                        <p>οἱ δὲ <lb n="17"/> ϲτενὸν ἔχοντεϲ τὸν θώρακα καὶ διὰ τοῦτο καὶ τὸν
                            πνεύμονα ϲυντεθλιμμένον <lb n="5"/> ἀνεπιτηδειότατοι τυγχάνουϲιν εἰϲ τὰϲ
                            ἐμετικῶν φαρμάκων καθάρϲειϲ τάϲ τε ἄλλαϲ καὶ μάλιϲτα τὴν δι᾿ ἐλλεβόρου
                            τοῦ λευκοῦ· ῥήγνυται γὰρ αὐτοῖϲ ἀγγεῖόν τι τῶν ἐν τοῖϲ ἀναπνευϲτικοῖϲ
                            ὀργάνοιϲ. </p>
                    </div>
                    <div type="textpart" subtype="section" n="18">
                        <p>χρὴ δὲ καὶ τὸν μὲν πικρόχολον χυμὸν ἄνω, τὸ δὲ φλέγμα κάτω <lb n="18"/>
                            μᾶλλον κενοῦν· ἔϲθ᾿ ὅτε μὴν ἔμπολιν, εἰ κατὰ μὲν τὴν γαϲτέρα
                            φλεγματικόϲ, <lb n="10"/> ἐν δὲ τοῖϲ ἐντέροιϲ πικρόχολοϲ ἀθροιϲθείη, τὸν
                            μέντοι μελαγχολικὸν αἰεὶ κάτω. </p>
                    </div>
                    <div type="textpart" subtype="section" n="19">
                        <p>γέγραπται δὲ κατὰ τοὺϲ Ἀφοριϲμοὺϲ Ἱπποκράτει | <lb n="19"/> περὶ τῶν
                            ὡρῶν· ‘θέρεοϲ φαρμακεύειν τὰϲ ἄνω, χειμῶνοϲ τὰϲ <lb n="79"/> κάτω.’ </p>
                    </div>
                    <div type="textpart" subtype="section" n="20">
                        <p>τὸ δ᾿ ἀνάλογον ταῖϲ ὥραιϲ ἐπὶ τῶν χωρῶν ϲκοπεῖϲθαι χρὴ <lb n="20"/>
                            θερμότητί τε καὶ ψυχρότητι διαιρουμένουϲ· οὕτωϲ δὲ κἀπὶ τῶν ἡλικιῶν. <lb
                                n="15"/>
                        </p>
                    </div>
                    <div type="textpart" subtype="section" n="21">
                        <p>καὶ μὴν καὶ τὸ ἔθοϲ οὐ ϲμικρὰ μοῖρα πρὸϲ ἔνδειξιν κενώϲεωϲ· <lb n="21"/>
                            οἱ μὲν γὰρ ἐμεῖν εἰθιϲμένοι φέρουϲιν ἀλυπότερον τὰϲ διὰ τῆϲ ἄνω κοιλίαϲ
                            καθάρϲειϲ· οἱ δ᾿ ἀήθειϲ οὐκ ἄνευ κινδύνου, καὶ μᾶλλον ἐπ᾿ ἐλλεβόρου.
                        </p>
                    </div>
                    <div type="textpart" subtype="section" n="22">
                        <p>καὶ τὸ τοῦ νοϲήματοϲ δ᾿ εἶδοϲ ϲκοπεῖϲθαι προϲῆκεν· ἐπὶ <lb n="22"/> μὲν
                            γὰρ τοῦ λευκοφλεγματίου ὑδέρου φλέγματοϲ ἀγωγῷ χρηϲόμεθα <lb n="20"/>
                            φαρμάκῳ, πρότερον μὲν διὰ τῆϲ κάτω γαϲτρόϲ, εἶτα δι᾿ ἐμέτων, εἶτα δι᾿
                            ἀποφλεγματιϲμῶν· δι᾿ ὅλου γὰρ τοῦ ϲώματοϲ ἐκτεταμένου τοῦ πλεονάζοντοϲ,
                            ἁπάϲαϲ κενώϲειϲ παραληψόμεθα. </p>
                    </div>
                    <div type="textpart" subtype="section" n="23">
                        <p>ἀϲκίτου δ᾿ ὄντοϲ τοῦ <lb n="23"/> ὑδέρου, τῶν ὑδραγωγῶν τι δώϲομεν
                            φαρμάκων, ὥϲπερ | γε κἀπὶ τῶν <lb n="80"/> ἰκτερικῶν τῶν χολαγωγῶν·
                            ἐκκαθαίρειν γὰρ χρὴ καὶ τούτων πολυειδῶϲ <lb n="25"/> τὴν χολὴν ἄνω τε
                            καὶ κάτω καὶ δἰ οὔρων καὶ δι᾿ ὑπερῴαϲ καὶ διὰ ῥινῶν. </p>
                    </div>
                    <div type="textpart" subtype="section" n="24">
                        <p>οὕτωϲ δὲ κἂν ὁ μελαγχολικὸϲ πλεονάϲῃ χυμόϲ, ὡϲ ἐν μελαγχολίᾳ <lb n="24"/>
                            καὶ καρκίνῳ καὶ ἐλέφαντι, τὸ τῆϲ μελαίνηϲ χολῆϲ κενωτικὸν φάρμακον
                            δίδομεν· ἐπιληψίαν δὲ φλεγμαγωγοῖϲ καθαίρομεν, ἐξ ὧν δῆλον ὡϲ ἡ
                            κατάϲταϲιϲ τῆϲ νόϲου καὶ τὸν κενωθηϲόμενον δηλοῖ χυμὸν <lb n="30"/> καὶ
                            τὸν τόπον, δι᾿ οὗ χρὴ κενοῦν αὐτόν. </p>
                    </div>
                    <div type="textpart" subtype="section" n="25">
                        <p>ἀμέλει καὶ τῶν κατὰ τὸ <lb n="25"/> ἧπαρ φλεγμαινόντων, ὅταν πεφθῶϲι, τὴν
                            ἀποκάθαρϲιν ποιούμεθα διὰ μὲν τῆϲ κάτω γαϲτρόϲ, ὅταν ἐν τοῖϲ ϲιμοῖϲ
                            αὐτοῦ γένηται τὸ πάθημα, δι᾿ οὔρων δέ, ὅταν ἐν τοῖϲ κυριτοῖϲ. </p>
                    </div>
                    <div type="textpart" subtype="section" n="26">
                        <p>οὕτωϲ δὲ κἀπὶ τῶν ἄλλων ἐπιϲκέψῃ <lb n="26"/> τόν τε πλεονάζοντα χυμὸν
                            καὶ τὸν πεπονθότα τόπον, ἐξ οὗ <note type="footnote">1 — 3 Gal. in Hipp.
                                de fract. comm. III 48 (XVIII 2, 607 K.) 11—13 Hipp. Aphor. IV 4 (IV
                                502 L.) 15—28 Gal. in Hipp. de hum. comm. I 12 (XVI 124 —125 K.)
                                28—p. 224, 6 Gal. ibid. I 2 (XVI 63 K.)</note>
                            <note type="footnote">3 ευκούϲ codd.: corr. Dg ἀϲθενεῖϲ A τοαύτη A 4
                                πνεύμονα] πνεύ A 6 δι᾿ om. A1 7 ἀναπνευμαϲτικοῖϲ N 8 τῶν μὲν
                                πικροχόλων χυμῶν AN 9 ἔμπαριν A 10 ἀθροιϲθέη) C 10. 11 τῶν μέντοι
                                μελαγ- χολικῶν AN 11 ἀεὶ C 16 ἡμεῖν A ἠθιϲμένοι CN A2: ἡθευμένοι
                                A1</note>
                            <note type="footnote">18 ἐλλεβόρῳ codd.: corr. C2Dg 19 λευκῷ φλέγματι
                                codd.: λευκοφλεγματίαϲ C²: corr. Dg 20 γαρϲτρόϲ A 23 δώϲωμεν codd.:
                                corr. Dg 24 ἰκτερίων codd.: correxi e Gal.: ἰκτεριώντων Dg τῶν
                                χολαγωγῶν] χολαγωγόν Dg καὶ om. C 26 οῦτοϲ A καὶ ὁ μελικὸϲ πλεονάϲει
                                N ὃϲ AN 30 τῶν] τὸν ACN1 31. 32 διὰ <gap reason="omitted"/> πάθημα
                                om. N 32 ϲιμαῖϲ fortasse A1C1 33. 34 ἐπιϲκέψαι A1</note>
                            <pb n="224"/> καθάπερ ἑϲτίαϲ τινὸϲ ὁρμᾶται τὸ νόϲημα· ταῦτα γάρ ϲοι καὶ
                            τὸν <lb n="81"/> κενωθηϲόμενον ἐνδείξεται | χυμὸν καὶ τὸν τρόπον <add
                                cause="fix">τῆϲ κενώϲεωϲ καὶ τὸν τόπον</add> δι᾿ οὗ χρὴ κενῶϲαι, καὶ
                            πρὸϲ τούτοιϲ ἅπαϲι τὸν καιρόν· ἐν ἀρχῇ μὲν γὰρ τοὺϲ ὀρώδειϲ τε καὶ
                            λεπτοὺϲ κενώϲειϲ χυμούϲ, ἀναμενεῖϲ δὲ πέψιν ἐπὶ τῶν παχέων καὶ γλίϲχρων,
                            οἷοι τὴν φύϲιν εἰϲὶν <lb n="5"/>
                            <lb n="27"/> ὅ τε τοῦ φλέγματοϲ καὶ ὁ τῆϲ μελαίνηϲ χολῆϲ. </p>
                    </div>
                    <div type="textpart" subtype="section" n="27">
                        <p>καὶ ἀπὸ τῶν παροξυϲμῶν δὲ ϲκοπὸν εἰϲ ἔνδειξιν τρόπου κενώϲεωϲ ἕξειϲ, ἐκ
                            μὲν τῶν ἄνω ποιούμενοϲ τὰϲ κενώϲειϲ ἐν τοῖϲ παροξυϲμοῖϲ, ἐκ δὲ τῶν κάτω
                            κατὰ τὰϲ καλουμέναϲ ἀνέϲειϲ· καὶ γὰρ καὶ αὐτόματα οὕτωϲ ὠφελεῖ, ἐν μὲν
                            τοῖϲ παροξυϲμοῖϲ ἐμούντων τε πολλῶν καὶ διὰ ῥινῶν αἱμορραγούντων, <lb
                                n="10"/> ἐν δὲ ταῖϲ ἀνέϲεϲιν σὔρων τε καὶ διαχωρημάτων
                            ἀποκρινομένων. </p>
                    </div>
                    <div type="textpart" subtype="section" n="28">
                        <p><lb n="28"/> φυλάττεϲθαι δὲ χρὴ μάλιϲτα τὸν χρόνον τῶν παροξυντικῶν καὶ
                            κριτικῶν ἡμερῶν, ὁπόταν ἐπιχειρῇϲ κάτω καθαίρειν πολλά· τῆϲ <lb n="82"/>
                            γὰρ ῥοπῆϲ τῶν χυμῶν ἄνω γινομένηϲ, ἡ τοῦ κάτω καθαίροντοϲ | φαρ <lb
                                n="29"/> μάκου δύναμιϲ ἐμποδιϲθήϲεται. </p>
                    </div>
                    <div type="textpart" subtype="section" n="29">
                        <p>ἐπὶ δὲ τῶν ἤδη νοϲούντων ἐν μὲν τοῖϲ <lb n="15"/> χρονίοιϲ αἰεὶ δεῖ τὸν
                            πεπαϲμὸν ἀναμένειν· ἐν δὲ τοῖϲ ὀξέϲιν, ὅταν ὀργά, κατ᾿ ἀρχὰϲ οἷόν τε
                            φαρμακεῦϲαι, καὶ τοῦτο αὐτὸ πράττειν μετὰ πολλῆϲ εὐλαβείαϲ καὶ
                            περιϲκέψεωϲ· κίνδυνοϲ γὰρ οὐ μικρὸϲ ἐν ὀξεῖ νοϲήματι κακῶϲ φαρμακεῦϲαι
                            τῷ πάντα μὲν καθαίροντα φάρμακα τοῖϲ δυνάμεϲιν εἶναι θερμά, δεῖϲθαι δὲ
                            τὸν πυρετόν, εἰ πυρετόϲ ἐϲτι, κατὰ <lb n="20"/> τὸν αὑτοῦ λόγον οὐχ ὅπωϲ
                            τῶν ξηραινόντων καὶ θερμαινόντων, ἀλλὰ <lb n="30"/> τῶν ἐναντιωτάτων
                            αὐτοῖϲ τῶν ὑγραινόντων τε καὶ ψυχόντων. </p>
                    </div>
                    <div type="textpart" subtype="section" n="30">
                        <p>οὔκουν οὐδ᾿ αὐτῆϲ ἕνεκα τῆϲ πυρώδουϲ θερμότητοϲ ἡ κάθαρϲιϲ ἡμῖν
                            παραλαμβάνεται (ταύτην γὰρ ἴϲμεν ὅϲον ἐφ᾿ ἑαυτῇ βλαπτομένην), ἀλλὰ τῶν
                            ἐργαζομένων ἕνεκα χυμῶν· <add cause="fix">χρὴ τοίνυν μείζονα τὴν
                                ὠφέλειαν ἐκ τῆϲ <lb n="25"/>
                                <lb n="83"/> τῶν λυπούντων | χυμῶν</add> κενώϲεωϲ γίνεϲθαι τῆϲ
                            βλάβηϲ, ἣν ἐξ ἀνάγκηϲ βλάπτεται τὸ ϲῶμα πρὸϲ τῶν καθαρτικῶν φαρμάκων·
                            ἔϲτι δ᾿ ἡ ὠφέλεια † ἐνάλυπόϲ τε καὶ πᾶϲ ὁ βλάπτων κενωθῇ χυμόϲ· ἵνα δὲ
                            τοῦτο γένηται, πρῶτον μὲν δεῖ περιϲκέψαϲθαι, εἰ ἐπιτηδείωϲ ὁ κάμνων ἔχει
                            πρὸϲ τὴν τοιαύτην κάθαρϲιν· οἵ τε γὰρ ἐξ ἀπεψιῶν πολλῶν ἢ γλίϲχρων ἢ <lb
                                n="30"/> παχέων ἐδεϲμάτων ὄντεϲ, ὡϲαύτωϲ δ᾿ οἷϲ ὑποχόνδρια τέταται
                            καὶ ἐμπεφύϲηται ἢ ὑπερβαλλόντωϲ ἐϲτὶ θερμὰ καὶ πυρώδη, ἢ καί τιϲ αὐτόθι
                            τῶν ϲπλάγχνων φλεγμονή, πάντεϲ οὗτοι πρὸϲ τὰϲ καθάρϲειϲ <lb n="31"/>
                            ἀνεπιτήδειοι. </p>
                    </div>
                    <div type="textpart" subtype="section" n="31">
                        <p>χρὴ τοίνυν ἀπεῖναί τε ταῦτα, καὶ τοὺϲ χυμούϲ, ὡϲ ἔνι μάλιϲτα, τοῦ
                            κάμνοντοϲ εὐρουϲτάτουϲ εἶναι, τουτέϲτι λεπτούϲ τε καὶ <lb n="35"/>
                            <note type="footnote">4 — 6 Orib. Syn. I 16, 4 15—p. 225, 13 Gal. in
                                Hipp. Aphor comm. I 24 (XVII 2, 447—449 K.) 15—18 Orib Syn. I 16,
                                4</note>
                            <note type="footnote">2. 3 suppl. C²Dg 4 ὀρώδηϲ N1 12 παροξυτικῶν AN:
                                παροξυϲμῶν C: corr. C2Dg 13 κάτωθεν ῥεῖν codd.: corr. C²Dg 14
                                γενομένηϲ D g 15 ἤλη C 16 ὰεὶ C πεταϲμὸν C 19 τῷ C2Dg: τὸν AN: om. C
                                20 θερμά om N εἰ] ᾗ C2Dg 21 αὐτοῦ codd: corr. Dg 22 οὐκοῦν codd.:
                                corr. Dg 24 ἴϲμεν Dg: εἰϲ μὲν codd. ἑαυτῆϲ A 25. 26 χρὴ . . . χυμῶν
                                suppl. C²Dg 27 βλάπτηται N post ὠφέλεια add. μείζων Dg e Gal.</note>
                            <note type="footnote">28 ἐνάλυπόϲ] ἐὰν ἄλυποϲ C²Dg: ἐὰν ἀλύπωϲ Gal.
                                (rectius fortasse ἐὰν ἄλυπόϲ τε ῇ) 28. 29 γένοιτο 29 δεῖ] χρὴ A e
                                corr. C 32 τιϲ C2Dg: τῆϲ codd:</note>
                            <note type="footnote">34 ἐπιτήδειοι AN: ἐπιτήδειον C: corr. C²Dg:
                                ἐπεῖναι A 35 εὐρουτάτουϲ C</note>
                            <pb n="225"/> ἥκιϲηα μετέχονταϲ γλιϲχρότητόϲ τινοϲ, ἀναπεπταμένουϲ τε
                            τοὺϲ πόρουϲ, δἰ ὧν ἡ καθάρϲιϲ μέλλει γενήϲεϲθαι· ταῦτα γὰρ καὶ ἡμεῖϲ
                            προπαραϲκευάζομεν, ἐπειδὰν μέλλωμέν τινα καθαίρειν. </p>
                    </div>
                    <div type="textpart" subtype="section" n="32">
                        <p>ἀλλ᾿ ἔν γε τοῖϲ ὀξέϲι <lb n="32"/> νοϲήμαϲι κατ᾿ ἀρχὰϲ εὐθὺϲ | ἤτοι κατὰ
                            τὴν πρώτην ἡμέραν ἢ οὐκ <lb n="84"/>
                            <lb n="5"/>ἐξωτέρω τῆϲ δευτέραϲ μελλόντων ἡμῶν χρῆϲθαι ταῖϲ καθάρϲεϲιν,
                            ὅταν ὀργῇ, τὴν τοιαύτην παραϲκευὴν οὐκ ἐγχωρεῖ γενέϲθαι, πλὴν εἰ ἄρα
                            ϲχοίη τιϲ καιρὸν μελίκρατον δοῦναι πίνειν, ἐναφεψήϲαϲ ὑϲϲώπου τι ἢ
                            ὀριγάνου ἢ τραγοριγάνου ἢ θύμου ἢ γλήχουϲ ἤ τινοϲ τῶν οὕτω λεπτυνόντων,
                            ὥϲτε εὐλόγωϲ ὀλιγάκιϲ ἐν τοῖϲ ὀξέϲι νοϲήμαϲι κα τ᾿ ἀρχὰϲ <lb n="10"/>
                            γενήϲεται ἡμῖν χρεία φαρμακείαϲ τῷ μήτε πολλάκιϲ ὀργᾶν ἐν ἀρχῇ τοὺϲ
                            λυποῦνταϲ <add cause="fix">χυμούϲ</add>, μήτε, εἰ καὶ τούτοιϲ ὑπάρχει,
                            τοῦ νοϲοῦντοϲ ἐπιτηδείου πρὸϲ τὴν κάθαρϲιν ὄντοϲ, ἀλλὰ μηδὲ καιρὸν ἡμῖν
                            παρέχοντοϲ ἐπιτήδειον αὐτὸν παραϲκευάϲαι. </p>
                    </div>
                    <div type="textpart" subtype="section" n="33">
                        <p>ὀργᾶν δ᾿ οἱ χυμοὶ λέγονται, <lb n="33"/> ὅταν ἐν κινήϲει ϲφοδροτέρᾳ
                            γενόμενοι καὶ μετταρρύϲει μορίων εἰϲ μόρια <lb n="15"/> κατὰ τὴν ἀρχὴν
                            τοῦ νοϲήματοϲ ὀχλῶϲι τὸν ἄν|θρωπον, ἀνιῶντεϲ καὶ <lb n="85"/>
                            γαργαλίζοντεϲ καὶ ἡϲυχάζειν οὐκ ἐπιτρέποντεϲ. </p>
                    </div>
                    <div type="textpart" subtype="section" n="34">
                        <p>τοὺϲ μὲν οὖν τοιούτουϲ <lb n="34"/> ἐκκενοῦν προϲήκει, τουτέϲτι τοὺϲ ἐν
                            κινήϲει καὶ φορᾷ καὶ ῥύϲει· τοὺϲ δὲ καθ᾿ ἕν τι μόριον ἐϲτηριγμένουϲ οὔτε
                            ἄλλῳ τινὶ βοηθήματι χρὴ κινεῖν οὔτε φαρμακεύειν πρὶν πεφθῆναι· τηνικαῦτα
                            γὰρ <lb n="20"/> ἤδη καὶ τὴν φύϲιν ἕξομεν βοηθοῦϲαν τῇ κενώϲει· φαίνεται
                            γὰρ αὕτη μετὰ τὰϲ πέψειϲ διακινοῦϲά τε τοὺϲ χυμοὺϲ ἀπωθουμένη τε τὸ
                            περιττόν, ἐν ᾧ δὴ καιρῷ καὶ κρίϲειϲ γίνονται, ἀλλὰ τελέωϲ μὲν αὐτῆϲ
                            κινουμένηϲ, οὐδὲν δεῖ φαρμάκου, μετριώτερον δὲ καὶ ἀϲθενέϲτερον
                            ἐνεργούϲηϲ, τὸ λεῖπον αὐτοὺϲ χρὴ προϲτιθέναι φαρμακεύονταϲ. </p>
                    </div>
                    <div type="textpart" subtype="section" n="35">
                        <p>χρὴ δ᾿ <lb n="35"/>
                            <lb n="25"/> εἰδέναι ὡϲ αἱ μεταρρυήϲειϲ ἄλλοτε εἰϲ ἄλλο μόριον τῶν χυμῶν
                            ὀλιγάκιϲ γίνονται, τὰ πλείω δ᾿ ἡϲυχάζει καθ’ ἕν τι μόριον, ἐν ᾧ καὶ
                            πέττεται, | παῤ ὅλον τοῦ νοϲήματοϲ τὸν χρόνον ἄχρι λύϲεωϲ. </p>
                    </div>
                    <div type="textpart" subtype="section" n="36">
                        <p>ὅταν <lb n="36"/><lb n="86"/> οὖν μὴ μόνον ὀξὺ πάθοϲ ᾖ, ἀλλὰ καὶ μετὰ
                            πυρετοῦ ϲφοδροτάτου, εὐλαβητέον ἐϲτὶ τὴν δόϲιν τοῦ καθαίροντοϲ φαρμάκου,
                            καὶ μάλιϲτα <lb n="30"/> ὅταν ἀπείρωϲ τιϲ ἔχῃ τῆϲ τοῦ κάμνοντοϲ φύϲεωϲ·
                            ἔνιοι μὲν γάρ εἰϲι φύϲει δυϲκάθαρτοι, τινὲϲ δ᾿ ἐπὶ βραχείᾳ πόϲει
                            φαρμάκου καθαίρονται δαψιλῶϲ. </p>
                    </div>
                    <div type="textpart" subtype="section" n="37">
                        <p>ὅταν οὖν ὁ πυρετὸϲ ᾖ μὴ ϲφοδρόϲ, ἔμπειρόϲ τε ᾖϲ τῆϲ <lb n="37"/> φύϲεωϲ
                            τοῦ κάμνοντοϲ, ἐπὶ τὴν τοῦ φαρμάκου δόϲιν ἀφίξῃ, χρώμενοϲ ἐλλεβόρῳ.
                            μέλανι ⟨ἤ⟩ τινι τῶν ὁμοιοτρόπων, ὧν ἐϲτι καὶ <add cause="fix">τὸ</add>
                            διὰ <note type="footnote">13—27 Gal. ibid. I 22 (XVII 2, 441—443K.)
                                17—22 Οrib. Syn. I 16,4 27—p. 226, 4 Gal. in Hipp. de vict. acut.
                                comm. II 11 (XV 538—540K.)</note>
                            <note type="footnote">1 ἀναπεπταμένη C 2 γενήϲεται A1 3 καθαιρεῖν A 6
                                ὀργαὶ C 7 ϲχοίνη C τι ἢ Dg: τὴν codd. ℵ ὀρίγονον N γλίχουϲ codd. 10
                                τὸ codd.: corr. Dig 11 χυμούϲ add. Dg e Gal. τοῦτο C2Dg 14 γενώμενοι
                                AN</note>
                            <note type="footnote">15 ἐνοχλῶϲι Dg 15 ἀνιόντεϲ codd.: corr. Dg 16
                                ἡϲυχάζειν οὐκ ἐπιτρέποντεϲ] ἡϲυχάζοντεϲ C ut videtur 17 τουτέϲτι . .
                                . κινήϲει om. C 18 ἐϲτηριγμοὺϲ C 19 κενοῦν A2 20 φαίνεται] φαί A 21
                                διακρίνουϲα C2Dg 22 δεῖ AN κρίϲει A 25 μεταρρύϲειϲ C²Dg εἰϲ ἄλλο om.
                                A1</note>
                            <note type="footnote">τὸν χυμὸν codd.: corr. C2Dg 26 ϲυχάζει A1 28
                                ὁξυπαθῶϲ codd.: ὀξὺ πάθωϲ C1: ὀξὺ τὸ πάθοϲ Dg: correxi περιτοῦ A 34
                                ἢ add. C²Dg: μέλλη A</note>
                            <note type="footnote">τῶν C2Dg. τὸν CN: om. A ὅμυιον τρόπον codd corr.
                                C²Dg ῶν C²Dg: ὡϲ codd. τὸ add. C²Dg</note>
                            <pb n="226"/>
                            <lb n="38"/> τῆϲ κολοκυνθίδοϲ· </p>
                    </div>
                    <div type="textpart" subtype="section" n="38">
                        <p>ἱερὰν δ᾿ αὐτὴν ϲυνήθωϲ ὀνομάζουϲιν. ποικίλωϲ δ᾿ αὐτῆϲ ϲκευαζομένηϲ, ἡ τὸν
                            ἐλλέβορον εἰληφυῖα, τὴν ϲκαμμωνίαν δ᾿ οὐκ ἔχουϲα, κάλλιϲτόν ἐϲτι
                            φάρμακον ἐπὶ τῶν δυναμένων ὅλωϲ λαβεῖν <lb n="39"/> φάρμακον ὑπήλατον.
                        </p>
                    </div>
                    <div type="textpart" subtype="section" n="39">
                        <p>μετὰ δὲ τὸ ληφθῆναι τὸ καθαρτήριον ϲυμφέρει <lb n="87"/> τῆϲ πτιϲάνηϲ
                            ἐπιρροφεῖν, ὥϲ φηϲιν Ἱππο | κράτηϲ· αὐτὸ μὲν γὰρ τὸ <lb n="5"/>
                            καθαρτικόν, ὡϲ ἂν ὀλίγον ὄν, εἰϲ τὸν πυθμένα τῆϲ κοιλίαϲ ἀφικνεῖται·
                            κατὰ δὲ τὴν δίοδον ὅ τε ϲτόμαχοϲ ὅϲον τε τῆϲ γαϲτρὸϲ ὑψηλὸν οὐ μόνον τῆϲ
                            ποιότητοϲ τοῦ καθαίροντοϲ, ἀλλὰ καὶ τῆϲ οὐϲίαϲ προϲιζούϲηϲ <lb n="40"/>
                            ἐν τῇ διόδῳ μεταλαμβάνοντα μεγάλωϲ βλάπτονται. </p>
                    </div>
                    <div type="textpart" subtype="section" n="40">
                        <p>χρήϲιμοϲ οὖν χυλὸϲ τῆϲ πτιϲάνηϲ ἐπιρροφούμενοϲ, ὡϲ ἀπορρύψαι μὲν καὶ
                            καταϲῦραι κάτω <lb n="10"/> τὸ προϲπεπλαϲμένον ἐν τῇ διόδῳ δυνάμενοϲ,
                            ἐπικεράϲαι δὲ καὶ ὑπαλλάξαι <lb n="41"/> τὴν ἐνιζηκυῖαν τοῖϲ μορίοιϲ
                            ποιότητα τοῦ φαρμάκου. </p>
                    </div>
                    <div type="textpart" subtype="section" n="41">
                        <p>διὰ ταῦτα μὲν οὖν ἐπὶ τοῦ καθαρτικοῦ πόϲει κελεύει τῆϲ πτιϲάνηϲ
                            ἐπιρροφεῖν· ἀρξαμένηϲ δὲ γίνεϲθαι τῆϲ καθάρϲεωϲ. οὐκέτι βούλεται
                            δίδοϲθαι πτιϲάνηϲ, εὐλαβούμενοϲ ἐκλυθῆναι τὴν ἐνέργειαν τοῦ καθαίροτοϲ
                            φαρμάκου.|</p>
                        <lb n="15"/>
                    </div>
                </div>

                <div type="textpart" subtype="chapter" n="2">
                    <lb n="88"/>
                    <head>κδ. Κατὰ πόϲουϲ τρόπουϲ οὐκ ἐκκρίνει ἡ γαϲτὴρ καθαρ τηρίου
                        δοθέντοϲ.</head>
                    <div type="textpart" subtype="section" n="1">
                        <lb n="1"/>
                        <p>Οὐκ ἐκκρίνει δ᾿ ἡ γαϲτὴρ ἐνίοτε καθαρτηρίου δοθέντοϲ, ἤτοι διὰ τὴν
                            ἰδιότητα τῆϲ τοῦ κάμνοντοϲ φύϲεωϲ ἢ διὰ βραχύτητα τοῦ δοθέντοϲ <lb
                                n="20"/> φαρμάκου· πολλάκιϲ δὲ καὶ κόπροϲ ἐϲφηνωμένη ϲκληρὰ κατά
                            τινα τῶν ἐντέρων ἐκκενωθῆναι δεομένη διὰ κλυϲτῆροϲ πρὶν δίδοϲθαι τὸ <lb
                                n="2"/> καθαῖρον φάρμακον κωλύει τὴν κένωϲιν. </p>
                    </div>
                    <div type="textpart" subtype="section" n="2">
                        <p>δύναται δὲ καὶ τῆϲ φύϲεωϲ. <lb n="3"/> ἐπ᾿ οὖρα τὴν ὁρμὴν πεποιημένηϲ, τὸ
                            καθαρτικὸν μηδὲν ἀνύειν. </p>
                    </div>
                    <div type="textpart" subtype="section" n="3">
                        <p>ἔνιά γε μήν, ὅταν ἀποτύχῃ καθαίροντα, τὰ μὲν πρὸϲ τῷ βλάπτειν μηδὲν <lb
                                n="25"/> τὸ ϲῶμα καὶ τροφὴ γίνεται τοῦ ζῴου, τὰ δ᾿ εἰϲ τὸ φάρμακόν
                            τε καὶ δηλητήριον ἐκτρέπεται.</p>
                    </div>
                </div>

                <div type="textpart" subtype="chapter" n="3">
                    <head>κε. Περὶ τῶν μιγνυμένων τοῖϲ καθαρτηρίιϲ.</head>
                    <div type="textpart" subtype="section" n="1">
                        <lb n="1"/>
                        <p>Πάντων δὲ τῶν καθαιρόντων φαρμάκων κακούντων τὴν γαϲτέρα, <lb n="89"/>
                            καὶ μάλιϲτα αὐτῆϲ τὸ ϲτόμα, διότι νευρωδέϲτατόν ἐϲτι καὶ αἰϲθητικώτατον,
                                <lb n="30"/> ἡ μῖξιϲ ἐπενοήθη τῶν εὐωδῶν, ὅπωϲ μὴ μόνη μηδ᾿
                            ἀκραιφνὴϲ. <lb n="2"/> ἡ δύναμιϲ αὐτῶν ἅπτηται τοῦ ϲτόματοϲ τῆϲ γαϲτρόϲ
                            χρὴ δ᾿ </p>
                    </div>
                    <div type="textpart" subtype="section" n="2">
                        <p>εἶναι τὰ μιγνύμενα ϲπέρματα τυιαῦτα, καὶ τὴν κακίαν πέφυκεν ἀμβλύνειν καὶ
                                <note type="footnote">4—16 Gal. ibid. 11 12 (XV 541—542 K.) 5—6 Hipp
                                De vict. acut. I 7, 24 (II 276L.) 17—27 cf. Aet. IlI 117 24—27 Gal.
                                De simpl. med. III 24 (XI 611 K.) 29—p. 227, 4 cf. Gal. in Hipp. de
                                hum. comm. I 12 (XVI 117 K.) 29—32 Gal. in Hipp. de vict. acut.
                                comm. II 11 (XV 537 K.); Orib. Syn. I 16, 5 32—p. 227,3 Gal. ibid.
                                II 12 (XV 541 K.)</note>
                            <note type="footnote">1 αὐτὸν C 9 ὁ χυλὀϲ C2Dg 13 ante τοῦ add. τῆ C2Dg
                                πόνει A 14 ϲίδοϲθαι C 17 ἐκρίνει N 21 καὶ om. C 22 πρὶν C2Dg: πλὴν
                                codd.</note>
                            <note type="footnote">24 ἔνιά] ἕνα A1 25 τῷ Dg: τὸ codd. μηδὲν om. N,
                                sed add. in marg.</note>
                            <note type="footnote">26 φάρμακόν] φθαρτικόν C²Dg 30. 31 αἰϲθηκότατον
                                codd.: corr. C²Dg</note>
                            <note type="footnote">31 νευρωδῶν C 32 ϲώματοϲ γαϲτέροϲ AC et N e
                                corr.</note>
                            <pb n="227"/> τὴν ἐνέργειαν αὐτῶν μὴ κωλύειν, λεπτυντικῆϲ τε καὶ
                            τμητικῆϲ ὄντα δυνάμεωϲ, καὶ τοὺϲ παχεῖϲ χυμοὺϲ τέμνειν καὶ τὰϲ ὁδοὺϲ
                            αὐτῶν, δι᾿ ὧν ἐκκενοῦνται, διοίγειν τε καὶ ἀναϲτομοῦν. </p>
                    </div>
                    <div type="textpart" subtype="section" n="3">
                        <p>δεῖ δὲ καὶ ὁμονοεῖν <lb n="3"/> ἀλλήλοιϲ τὰ μιγνύμενα καθαρτικὰ καὶ κατὰ
                            μηδὲν ϲταϲιάζειν, ἡ δὲ <lb n="5"/> ϲτάϲιϲ αὐτῶν γινέϲθω, οὐχ ὅταν <add
                                cause="fix">τὸ μὲν χολῆϲ, εἰ τύχοι. τὸ δὲ φλέγματοϲ</add> ᾖ
                            κενωτικόν (ἀμφότερα γὰρ ἐκκενοῦϲθαι δύναται κατὰ τὸν οὐτὸν τρόπον), ἀλλ᾿
                            ὅταν τὸ μὲν εὐθέωϲ. τὸ δὲ μετὰ <del>ταῦτα</del> πολὺ τῆϲ προϲφορᾶϲ
                            πεφύκῃ κινεῖν τὴν κάθαρϲιν· ἀνώμαλοϲ γὰρ οὕτωϲ <lb n="90"/> ἡ κένωϲιϲ
                            γίνεται, προϲενεχθέντων ἅμα· λέγω δ᾿ ἀνώμαλον, ὅταν ἤδη <lb n="10"/>
                            παύεϲθαι δοκούϲηϲ αὐτῆϲ ἀρχὴ πάλιν ἑτέραϲ κενώϲεωϲ γίνηται.</p>
                    </div>
                </div>
            </div>
        </body>
    </text>
</TEI>
