<?xml version="1.0" encoding="UTF-8"?>
<?xml-model href="http://www.stoa.org/epidoc/schema/latest/tei-epidoc.rng" schematypens="http://relaxng.org/ns/structure/1.0"?>
<TEI xmlns="http://www.tei-c.org/ns/1.0">
    <teiHeader type="text">

<fileDesc>
<titleStmt>

<title n="Publ." type="work">Publicola</title>
<author n="Plut.">Plutarch</author>
<editor n="Perrin" role="editor">Bernadotte Perrin</editor>
<sponsor>Perseus Project, Tufts University</sponsor>
<principal>Gregory Crane</principal>
<respStmt>
<resp>Prepared under the supervision of</resp>
<name>Lisa Cerrato</name>
<name>William Merrill</name>
<name>Elli Mylonas</name>
<name>David Smith</name>
</respStmt>
<funder n="org:NEH">The National Endowment for the Humanities</funder>
</titleStmt>
<extent/>
<publicationStmt>
<publisher>Trustees of Tufts University</publisher>
<pubPlace>Medford, MA</pubPlace>
<authority>Perseus Project</authority>
</publicationStmt>
<sourceDesc>
<biblStruct>
<analytic n="Publ."/>
<monogr>
<author>Plutarch</author>
<title>Plutarch's Lives</title>
<respStmt>
<resp>with an English Translation by</resp>
<name>Bernadotte Perrin</name>
</respStmt>
<imprint>
<pubPlace>Cambridge, MA</pubPlace>
<publisher>Harvard University Press</publisher>
<pubPlace>London</pubPlace>
<publisher>William Heinemann Ltd.</publisher>
<date>1914</date>
</imprint>
<biblScope unit="volume">1</biblScope>
</monogr>
<idno type="ISBN">0674990528</idno>
</biblStruct>
</sourceDesc>
</fileDesc>
<encodingDesc>
<editorialDecl>
    <quotation marks="none"/>
<correction method="silent">
<p>optical character recognition</p>
</correction>
</editorialDecl>
    <refsDecl n="CTS">
        <cRefPattern n="section"
            matchPattern="(\w+).(\w+)"
            replacementPattern="#xpath(/tei:TEI/tei:text/tei:body/tei:div/tei:div[@n='$1']/tei:div[@n='$2'])">
            <p>This pointer pattern extracts chapter and section</p>
        </cRefPattern>
        <cRefPattern n="chapter"
            matchPattern="(\w+)"
            replacementPattern="#xpath(/tei:TEI/tei:text/tei:body/tei:div/tei:div[@n='$1'])">
            <p>This pointer pattern extracts chapter</p>
        </cRefPattern>
    </refsDecl>
    
<!--<refsDecl>
<state unit="chapter" delim="."/>
<state unit="section"/>
</refsDecl>-->
</encodingDesc>
<profileDesc>
<langUsage>
<language ident="grc">Greek</language>
</langUsage>
</profileDesc>
<revisionDesc>
    <change who="Lisa Cerrato" when="2016-12-14">EpiDoc and CTS file conversion</change>
    <change who="RS" when="2010-03-01">tagged and parsed</change>
        
</revisionDesc>
</teiHeader>
    
<text xml:lang="grc">
<body>
    <div type="edition" n="urn:cts:greekLit:tlg0007.tlg008.perseus-grc2" xml:lang="grc">
<pb n="p.502"/>
<div type="textpart" subtype="chapter" n="1">
<div type="textpart" subtype="section" n="1">
<p>
τοιούτῳ δὴ γενομένῳ τῷ Σόλωνι τὸν Ποπλικόλαν
παραβάλλομεν, ᾧ τοῦτο μὲν ὕστερον ὁ Ῥωμαίων δῆμος ἐξεῦρεν ἐπὶ τιμῇ τοὔνομα, πρὸ τοῦ δὲ Πόπλιος Οὐαλλέριος ἐκαλεῖτο, Οὐαλλερίου δοκῶν ἀπόγονος εἶναι τῶν παλαιῶν ἀνδρὸς αἰτιωτάτου γενομένου Ῥωμαίους καὶ Σαβίνους ἐκ πολεμίων ἕνα γενέσθαι δῆμον· ὁ γὰρ μάλιστα τοὺς βασιλεῖς εἰς ταὐτὸ πείσας συνελθεῖν καὶ διαλλάξας ἐκεῖνός ἐστι .
</p>
</div>
<div type="textpart" subtype="section" n="2">
<p> τούτῳ δὴ κατὰ γένος
προσήκων ὁ Οὐαλλέριος, ὥς φασι, βασιλευομένης μὲν ἔτι τῆς Ῥώμης ἐπιφανὴς ἦν διὰ λόγον καὶ πλοῦτον, ὧν τῷ μὲν ὀρθῶς καὶ μετὰ παρρησίας ἀεὶ χρώμενος ὑπὲρ τῶν δικαίων, ἀφʼ οὗ δὲ τοῖς δεομένοις ἐλευθερίως καὶ φιλανθρώπως ἐπαρκῶν, δῆλος ἦν εὐθύς, εἰ γένοιτο δημοκρατία, πρωτεύσων. 
</p>
</div>
<div type="textpart" subtype="section" n="3">
<p> ἐπεὶ δὲ Ταρκύνιον Σούπερβον οὔτε λαβόντα
τὴν ἀρχήν καλῶς, ἀλλʼ ἀνοσίως καὶ παρανόμως, οὔτε χρώμενον αὐτῇ βασιλικῶς, ἀλλʼ ὑβρίζοντα καὶ τυραννοῦντα, μισῶν ὁ δῆμος καὶ βαρυνόμενος, ἀρχήν ἀποστάσεως ἔλαβε τὸ Λουκρητίας πάθος αὑτὴν ἐπὶ τῷ βιασθῆναι διεργασαμένης, καὶ Λεύκιος Βροῦτος ἁπτόμενος τῶν πραγμάτων 
<pb n="p.504"/>
τῆς μεταβολῆς ἐπὶ πρῶτον ἦλθε τὸν Οὐαλλέριον καὶ χρησάμενος αὐτῷ προθυμοτάτῳ συνεξέβαλε τοὺς βασιλεῖς,
</p>
</div>
<div type="textpart" subtype="section" n="4">
<p> μέχρι μὲν ἐπίδοξος ἦν ὁ δῆμος ἕνα
χειροτονήσειν ἀντὶ τοῦ βασιλέως στρατηγόν, 
ἡσυχίαν ἦγεν ὁ Οὐαλλέριος, ὡς τῷ Βρούτῳ 
μᾶλλον ἄρχειν προσῆκον ἡγεμόνι τῆς ἐλευθερίας 
γεγενημένῳ· δυσχεραινομένου δὲ τοῦ τῆς μοναρχίας 
ὀνόματος, καὶ δοκοῦντος ἂν ἀλυπότερον τοῦ 
δήμου μερισθεῖσαν ὑπομεῖναι τὴν ἀρχήν καὶ δύο 
προβαλλομένου καὶ καλοῦντος, ἐλπίζων μετὰ τὸν 
Βροῦτον αἱρεθήσεσθαι καὶ συνυπατεύσειν διήμαρτεν.
</p>
</div>
<div type="textpart" subtype="section" n="5">
<p>ᾑρέθη γὰρ ἄκοντι τῷ Βρούτῳ συνάρχων ἀντὶ τοῦ Οὐαλλερίου Ταρκύνιος Κολλατῖνος, ὁ Λουκρητίας ἀνήρ, οὐδὲν ἀρετῇ Οὐαλλερίου διαφέρων, ἀλλʼ οἱ δυνατοί δεδιότες τοὺς βασιλεῖς ἔτι πολλὰ πειρῶντας ἔξωθεν καὶ μαλάσσοντας τὴν πόλιν, ἐβούλοντο τὸν ἐντονώτατον αὐτοῖς ἐχθρὸν ἔχειν στρατηγὸν ὡς οὐχ ὑφησόμενον. </p>
</div>
</div>
<div type="textpart" subtype="chapter" n="2">
<div type="textpart" subtype="section" n="1">
<p>
ἀγανακτῶν οὖν ὁ Οὐαλλέριος, εἰ μὴ
πιστεύεται πάντα πράττειν ἕνεκα τῆς πατρίδος, ὅτι μηδὲν ἰδίᾳ κακὸν ὑπὸ τῶν τυράννων πέπονθε, τῆς τε βουλῆς ἀπέστη καὶ τὰς συνηγορίας ἀπεῖπε καὶ τὸ πράττειν τὰ κοινὰ παντελῶς ἐξέλιπεν, ὥστε καὶ λόγον τοῖς πολλοῖς παρασχεῖν καὶ φροντίδα, φοβουμένοις μὴ διʼ ὀργὴν προσθέμενος τοῖς βασιλεῦσιν ἀνατρέψῃ τὰ πράγματα καὶ τὴν 
<pb n="paris.1624.98"/> πόλιν ἐπισφαλῶς ἔχουσαν·
</p>
</div>
<div type="textpart" subtype="section" n="2">
<p> ἐπεὶ δὲ καὶ πρὸς
<pb n="p.506"/>
ἑτέρους τινὰς ὑποψίαν ἔχων ὁ Βροῦτος ἐβούλετο διὰ σφαγίων ὁρκῶσαι τὴν βουλὴν καὶ προεῖπεν ἡμέραν, καταβὰς μάλα φαιδρὸς εἰς ἀγορὰν ὁ Οὐαλλέριος, καὶ πρῶτος ὀμόσας μηδὲν ἐνδώσειν μηδʼ ὑφήσεσθαι Ταρκυνίοις, ἀλλὰ πολεμήσειν κατὰ κράτος ὑπὲρ τῆς ἐλευθερίας, ἡδονήν τε τῇ βουλῇ καὶ θάρσος ἅμα τοῖς ἄρχουσι παρέσχεν. εὐθὺς δὲ καὶ τὰ ἔργα τὸν ὅρκον ἐβεβαίου.
</p>
</div>
<div type="textpart" subtype="section" n="3">
<p> πρέσβεις γὰρ ἧκον ἀπὸ Ταρκυνίου γράμματα
κομίζοντες ἐπαγωγὰ τοῦ δήμου καὶ λόγους ἐπιεικεῖς, οἷς μάλιστα τοὺς πολλοὺς ᾤοντο διαφθείρειν, λεγομένοις παρὰ βασιλέως ἀφεικέναι τὸ φρόνημα καὶ μετρίων δεῖσθαι δοκοῦντος. τούτους εἰς τὸ πλῆθος οἰομένων δεῖν τῶν ὑπάτων προαγαγεῖν οὐκ εἴασεν ὁ Οὐαλλέριος, ἀλλʼ ἐνέστη καὶ διεκώλυσεν ἀνθρώποις πένησι καὶ βαρυνομένοις μᾶλλον τῆς τυραννίδος τὸν πόλεμον ἀρχὰς καὶ προφάσεις νεωτερισμῶν ἐγγενέσθαι. </p>
</div>
</div>
<div type="textpart" subtype="chapter" n="3">
<div type="textpart" subtype="section" n="1">
<p>
μετὰ δὲ ταῦτα πρέσβεις ἧκον ἕτεροι τῆς
τε βασιλείας ἀφίστασθαι καὶ πολεμοῦντα παυς1?ασθαι τὸν Ταρκύνιον λέγοντες, ἀπαιτεῖν δὲ τὰ χρήματα καὶ τὰς οὐσίας αὑτῷ καὶ φίλοις καὶ οἰκείοις, ἀφʼ ὧν διαβιώσονται φεύγοντες. ἐπικλωμένων δὲ πολλῶν καὶ μάλιστα τοῦ Κολλατίνου συναγορεύοντος, ἄτρεπτος ὢν ἀνὴρ καὶ τραχὺς ὀργὴν ὁ Βροῦτος ἐξέδραμεν εἰς ἀγοράν, προδότην ἀποκαλῶν τὸν συνάρχοντα, πολέμου καὶ τυραννίδος ἀφορμὰς χαριζόμενον οἷς δεινὸν ἦν ὄντως ἐφόδια φυγῆς ψηφίσασθαι.
</p>
</div>
<div type="textpart" subtype="section" n="2">
<p> συνελθόντων δὲ τῶν
πολιτῶν πρῶτος ἰδιώτης ἀνὴρ εἶπεν ἐν δήμῳ τότε 
<pb n="p.508"/>
Γάιος Μινούκιος, τῷ τε Βρούτῳ διακελευόμενος 
καὶ τοῖς Ῥωμαίοις π· αραινῶν ὁρᾶν ὅπως τὰ 
χρήματα μετʼ αὐτῶν ὄντα πολεμοίη πρὸς τοὺς 
τυράννους μᾶλλον ἢ μετʼ ἐκείνων πρὸς αὐτούς. 
οὐ μὴν ἀλλʼ ἔδοξε τοῖς Ῥωμαίοις τὴν ἐλευθερίαν 
ἔχουσιν, ὑπὲρ ἧς ἐπολέμουν, μὴ προέσθαι τὴν 
εἰρήνην ἕνεκα χρημάτων, ἀλλὰ συνεκβαλεῖν καὶ 
ταῦτα τοῖς τυράννοις. 
</p>
<p>ἦν δὲ ἄρα Ταρκυνίῳ λόγος μὲν ἐλάχιστος τῶν χρημάτων, ἡ δʼ ἀπαίτησις ἅμα πεῖρα τοῦ δήμου καὶ κατασκευὴ προδοσίας,
</p>
</div>
<div type="textpart" subtype="section" n="3">
<p> καὶ ταῦτʼ
ἔπραττον οἱ πρέσβεις ὑπομένοντες ἐπὶ τῇ τῶν χρημάτων προφάσει, τὰ μὲν ἀποδίδοσθαι, τὰ δὲ φυλάττειν, τὰ δʼ ἀποπέμπειν φάσκοντες, ἄχρι οὗ διέφθειραν οἴκους δύο τῶν καλῶν κάγαθῶν νομιζομένων, τὸν Ἀκυλλίων τρεῖς ἔχοντα βουλευτάς καὶ δύο τὸν Οὐιτελλίων. οὗτοι πάντες ἦσαν ἀπὸ μητέρων ἀδελφιδοῖ Κολλατίνου τοῦ ὑπατεύοντος, ἰδίᾳ δὲ Οὐιτελλίοις ἑτέρα πρὸς Βροῦτον οἰκειότης ὑπῆρχεν. ἀδελφὴν γὰρ αὐτῶν ὁ Βροῦτος εἶχε καὶ παῖδας ἐξ αὐτῆς πλείονας·
</p>
</div>
<div type="textpart" subtype="section" n="4">
<p> ὧν
δύο τοὺς ἐν ἡλικίᾳ συγγενεῖς ὄντας ἅμα καὶ συνήθεις οἱ Οὐιτέλλιοι προσηγάγοντο καὶ συνέπεισαν ἐν τῇ προδοσίᾳ γενέσθαι καὶ καταμίξαντας ἑαυτοὺς εἰς γένος μέγα τὸ τῶν Ταρκυνίων καὶ βασιλικὰς ἐλπίδας ἀπαλλαγῆναι τῆς τοῦ πατρὸς ἀβελτερίας καὶ χαλεπότητος· χαλεπότητα μὲν τὸ ἀπαραίτητον αὐτοῦ πρὸς τοὺς πονηροὺς λέγοντες, τῇ δʼ ἀβελτερίᾳ 
<pb n="p.510"/>
προσποιήματι καὶ παρακαλύμματι πολὺν χρόνον, ὡς ἔοικε, χρησάμενος ἀσφαλείας ἕνεκα πρὸς τοὺς τυράννους, οὐδʼ ὕστερον ἔφυγεν αὐτῆς τὴν ἐπωνυμίαν. </p>
</div>
</div>
<div type="textpart" subtype="chapter" n="4">
<div type="textpart" subtype="section" n="1">
<p>
ὡς δʼ οὖν συνεπείσθη τὰ μειράκια καὶ
τοῖς Ἀκυλλίοις εἰς λόγους ἦλθεν, ὅρκον ὀμόσαι μέγαν ἔδοξε πᾶσι καὶ δεινόν, ἀνθρώπου σφαγέντος ἐπισπείσαντας αἷμα καὶ τῶν σπλάγχνων θιγόντας, ἐπὶ τούτοις εἰς τὴν Ἀκυλλίων οἰκίαν συνῆλθον. ἦν δʼ ὁ οἶκος, ἐν ᾧ ταῦτα δράσειν ἔμελλον, οἷον εἰκὸς, ὑπέρημος καὶ σκοτώδης. ἔλαθεν οὖν αὐτοὺς οἰκέτης ὄνομα Οὐινδίκιος ἔνδον κατακρύψας ἑαυτόν, οὐ κατʼ ἐπιβουλὴν 
<pb n="paris.1624.99"/>
</p>
</div>
<div type="textpart" subtype="section" n="2">
<p> ἢ προαίσθησίν τινα τοῦ μέλλοντος, ἀλλʼ ἔνδον
ὢν ἔτυχε καὶ προσιοῦσιν αὐτοῖς μετὰ σπουδῆς ὀφθῆναι φοβηθείς ὑπέστη, λάρνακα κειμένην πρὸ αὑτοῦ ποιησάμενος, ὥστε καὶ τῶν πραττομένων θεατὴς γενέσθαι καὶ τῶν βουλευμάτων ἐπήκοος. ἔδοξε δʼ αὐτοῖς τοὺς ὑπάτους ἀναιρεῖν, καὶ ταῦτα δηλούσας γράψαντες ἐπιστολὰς πρὸς τὸν Ταρκύνιον ἔδοσαν τοῖς πρέσβεσι· καὶ γὰρ ᾤκουν αὐτόθι, τῶν Ἀκυλλίων ξένοι γεγονότες, καὶ τότε τῇ συνωμοσίᾳ παρῆσαν. 
</p>
</div>
<div type="textpart" subtype="section" n="3">
<p>ὡς δὲ ταῦτα πράξαντες ἀπηλλάγησαν, ὑπεξελθὼν
ὁ Οὐινδίκιος λάθρα, χρήσασθαι τοῖς προσπεσοῦσιν οὐκ εἶχεν, ἀλλʼ ἠπορεῖτο, δεινὸν μὲν ἡγούμενος, ὥσπερ ἦν, πρὸς πατέρα Βροῦτον υἱῶν ἐξάγιστα κατηγορεῖν ἢ πρὸς θεῖον ἀδελφιδῶν τὸν Κολλατῖνον, ἰδιώτην δὲ Ῥωμαίων οὐδένα 
<pb n="p.512"/>
νο
</p>
</div>
<div type="textpart" subtype="section" n="4">
<p> μίζων ἐχέγγυον ἀπορρήτων τηλικούτων. πᾶν δʼ 
αὖ μᾶλλον ἢ δυνατὸς ὢν ἡσυχίαν ἄγειν, ἐλαυνόμενος 
δὲ τῷ συνειδότι τοῦ πράγματος, ὥρμησέ 
πως πρὸς τὸν Οὐαλλέριον, μάλιστά τοῖς κοινοῖς 
καὶ φιλανθρώποις<note anchored="true" place="unspecified" resp="ed">
<foreign xml:lang="grc">φιλανθρώποις</foreign> Bekker supplies <foreign xml:lang="grc">τρόποις</foreign>, after Porson.</note> ἐπαχθεὶς τοῦ ἀνδρός, ὅτι 
πᾶσιν εὐπρόσοδος ἦν τοῖς δεομένοις, καὶ τὴν οἰκίαν ἀεὶ παρεῖχεν ἀνεῳγμένην, καὶ λόγον οὐδενὸς οὐδὲ χρείαν ἀπερρίπτει τῶν ταπεινῶν. </p>
</div>
</div>
<div type="textpart" subtype="chapter" n="5">
<div type="textpart" subtype="section" n="1">
<p>
ὡς οὖν ἀνέβη πρὸς αὐτὸν ὁ Οὐινδίκιος
καὶ κατεῖπε πάντα, Μάρκου τε τοῦ ἀδελφοῦ παρόντος αὐτῷ μόνου καὶ τῆς γυναικός, ἐκπλαγεὶς καὶ δείσας ὁ Οὐαλλέριος οὐκέτι προήκατο τὸν ἄνθρωπον, ἀλλὰ κατακλείσας εἰς τὸ οἴκημα καὶ φύλακα τὴν ἑαυτοῦ γυναῖκα ταῖς θύραις ἐπιστήσας, τὸν μὲν ἀδελφὸν ἐκέλευσε τὴν βασιλικὴν ἔπαυλιν περισχόντα τὰ γράμματα λαβεῖν, ἂν δυνατὸν ᾖ, καὶ τοὺς οἰκέτας παραφυλάττειν αὐτὸς δὲ πελατῶν τε πολλῶν καὶ φίλων ἀεὶ περὶ αὐτὸν ὄντων καὶ θεραπείας συχνῆς, ἐβάδιζε πρὸς τὴν οἰκίαν τῶν Ἀκυλλίων οὐκ ἔνδον ὄντων
</p>
</div>
<div type="textpart" subtype="section" n="2">
<p> διὸ μηδενὸς ἂν προσδοκήσαντος ὠσάμενος διὰ
θυρῶν ἐπιτυγχάνει τοῖς γράμμασι κειμένοις ὅπου κατέλυον οἱ πρέσβεις, ταῦτα δʼ αὐτοῦ πράττοντος οἱ Ἀκύλλιοι δρόμῳ προσεφέροντο, καὶ περὶ τὰς θύρας συμμίξαντες ἐζήτουν ἀφελέσθαι τὰς ἐπιστολάς. οἱ δʼ ἠμύνοντο, καὶ τὰ ἱμάτια περιβαλόντες αὐτῶν τοῖς τραχήλοις ὑπὸ βίας καὶ μόλις ὠθούμενοι καὶ ὠθοῦντες διὰ τῶν στενωπῶν εἰς τὴν ἀγορὰν ἐνέβαλον. τὰ δʼ αὐτὰ καὶ περὶ τὴν ἔπαυλιν ἅμα τὴν βασιλικὴν ἐγίνετο, τοῦ Μάρκου γραμμάτων ἑτέρων ἐν τοῖς σκεύεσι κομιζομένων 
<pb n="p.514"/>
ἐπιλαμβανομένου, καὶ τῶν βασιλικῶν ὅσους δυνατὸς ἦν ἕλκοντος εἰς τὴν ἀγοράν. </p>
</div>
</div>
<div type="textpart" subtype="chapter" n="6">
<div type="textpart" subtype="section" n="1">
<p>
ἐπεὶ δὲ τὸν θόρυβον κατέπαυσαν οἱ ὕπατοι
καὶ τοῦ Οὐαλλερίου κελεύσαντος ἐκ τῆς οἰκίας ὁ Οὐινδίκιος προήχθη, καί γενομένης κατηγορίας ἀνεγνώσθη τὰ γράμματα καί πρὸς οὐδὲν ἐτόλμησαν ἀντειπεῖν οἱ ἄνδρες, ἦν μὲν κατήφεια καί σιωπὴ τῶν ἄλλων, ὀλίγοι δὲ βουλόμενοι τῷ Βρούτῳ χαρίζεσθαι φυγῆς ἐμέμνηντο. καί τι καί Κολλατῖνος αὐτοῖς ἐλπίδος ἐπιεικοῦς ἐνεδίδου δεδακρυμένος καί Οὐαλλέριος σιωπῶν, ὁ δὲ Βροῦτος ὀνομαστὶ τῶν υἱῶν ἑκάτερον προσειπών, <q>ἄγε, ὦ Τίτε,</q> εἶπεν, <q>ἄγε, ὦ Τιβέριε, τί οὐκ
ἀπολογεῖσθε πρὸς τὴν κατηγορίαν;</q> </p>
</div>
<div type="textpart" subtype="section" n="2">
<p> ὡς δʼ οὐδὲν
ἀπεκρίναντο τρὶς ἐρωτηθέντες, οὕτως πρὸς τοὺς ὑπηρέτας ἀποστ ρέψας τὸ πρόσωπον, <q>ὑμέτερον ἤδη,</q> εἶπε, <q>τὸ λοιπὸν ἔργον.</q> οἱ δὲ εὐθὺς συλλαβόντες τοὺς νεανίσκους περιερρήγνυον τὰ ἱμάτια, τὰς χεῖρας ἀπῆγον ὀπίσω, ῥάβδοις ἔξαινον τὰ σώματα,
</p>
</div>
<div type="textpart" subtype="section" n="3">
<p> τῶν μὲν ἄλλων οὐ δυναμένων
προσορᾶν οὐδὲ καρτερούντων, ἐκεῖνον δὲ λέγεται μήτε τὰς ὄψεις ἀπαγαγεῖν ἀλλαχόσε μήτε οἴκτῳ τι τρέψαι τῆς περὶ τὸ πρόσωπον ὀργῆς καί βαρύτητος, ἀλλὰ δεινὸν ἐνορᾶν κολαζομένοις τοῖς παισίν ἄχρι οὗ κατατείναντες αὐτοὺς ἐπὶ τοὔδαφος πελέκει τὰς κεφαλὰς ἀπέκοψαν, οὕτω δὲ τοὺς ἄλλους ἐπὶ τῷ συνάρχοντι 
<pb n="paris.1624.100"/> ποιησάμενος ᾤχετʼ ἐξαναστάς, ἔργον εἰργασμένος οὔτʼ ἐπαινεῖν βουλομένοις ἀξίως οὔτε ψέγειν ἐφικτόν.
</p>
</div>
<div type="textpart" subtype="section" n="4">
<p> ἢ γὰρ ἀρετῆς ὕψος εἰς ἀπάθειαν
ἐξέστησε τὴν ψυχήν, ἢ πάθους μέγεθος εἰς 
<pb n="p.516"/>
ἀναλγησίαν. οὐδέτερον δὲ μικρὸν οὐδʼ ἀνθρώπινον, ἀλλʼ ἢ θεῖον ἢ θηριῶδες. δίκαιον δὲ τῇ δόξῃ τοῦ ἀνδρὸς τὴν κρίσιν ἕπεσθαι μᾶλλον ἢ τὴν ἀρετὴν ἀσθενείᾳ τοῦ κρίνοντος ἀπιστεῖσθαι. Ῥωμαῖοι γὰρ οὐ τοσοῦτον ἔργον οἴονται Ῥωμύλου γενέσθαι τῆς πόλεως τὴν ἵδρυσιν, ὅσον Βρούτου τὴν κτίσιν τῆς πολιτείας καί κατάστασιν. </p>
</div>
</div>
<div type="textpart" subtype="chapter" n="7">
<div type="textpart" subtype="section" n="1">
<p>
ὡς δʼ οὖν ἀπῆλθεν ἐξ ἀγορᾶς τότε, πολὺν
μὲν χρόνον ἔκπληξις εἶχε καὶ φρίκη καὶ σιωπὴ πάντας ἐπὶ τοῖς διαπεπραγμένοις· πρὸς δὲ τὴν Κολλατίνου μαλακίαν καὶ μέλλησιν ἀνεθάρρησαν οἱ Ἀκύλλιοι, καὶ χρόνον ἠξίουν λαβόντες ἀπολογήσασθαι, καὶ τὸν Οὐινδίκιον αὐτοῖς ἀποδοθῆναι δοῦλον ὄντα, καὶ μὴ παρὰ τοῖς κατηγόροις εἶναι.
</p>
</div>
<div type="textpart" subtype="section" n="2">
<p> βουλομένου δὲ ταῦτα συγχωρεῖν καὶ
διαλύοντος ἐπὶ τούτοις τὴν ἐκκλησίαν, ὁ Οὐαλλέριος οὔτε τὸν ἄνθρωπον οἷός τʼ ἦν ἀφεῖναι τῷ περὶ αὐτὸν ὄχλῳ καταμειγμένον, οὔτε τὸν δῆμον εἴα προέμενον τοὺς προδότας ἀπελθεῖν. τέλος δὲ τοῖς σώμασιν ἐπιβαλὼν τὰς χεῖρας ἐπεκαλεῖτο τὸν Βροῦτον, καὶ τὸν Κολλατῖνον ἐβόα δεινὰ ποιεῖν, εἰ τῷ συνάρχοντι παιδοφονίας ἀνάγκην προστριψάμενος αὐτὸς οἴεται δεῖν καταχαρίζεσθαι ταῖς γυναιξὶ τοὺς προδότας καὶ πολεμίους τῆς πατρίδος.
</p>
</div>
<div type="textpart" subtype="section" n="3">
<p> ἀγανακτοῦντος δὲ τοῦ ὑπάτου καὶ
κελεύοντος ἀπάγεσθαι τὸν Οὐινδίκιον, οἱ μὲν ὑπηρέται διωσάμενοι τὸν ὄχλον ἥπτοντο τοῦ ἀνθρώπου καὶ τοὺς ἀφαιρουμένους ἔτυπτον, οἱ 
<pb n="p.518"/>
δὲ φίλοι τοῦ Οὐαλλερίου προέστησαν ἀμυνόμενοι· καὶ ὁ δῆμος ἐβόα κελεύων παρεῖναι τὸν Βροῦτον. ἧκεν οὖν αὖθις ὑποστρέψας· καὶ γενομένης αὐτῷ σιωπῆς εἶπεν ὅτι τοῖς μὲν υἱοῖς αὐτὸς ἀποχρῶν ἦν δικαστής, περὶ δὲ τῶν ἄλλων τοῖς πολίταις ἐλευθέροις οὖσι ψῆφον δίδωσι· λεγέτω δὲ ὁ βουλόμενος καὶ πειθέτω τὸν δῆμον. οὐκέτι μέντοι λόγων ἐδέησεν, ἀλλὰ τῆς ψήφου δοθείσης πάσαις ἁλόντες ἐπελεκίσθησαν. 
</p>
</div>
<div type="textpart" subtype="section" n="4">
<p>ὁ δὲ Κολλατῖνος ἦν μὲν, ὡς ἔοικεν, ἐν ὑποψίᾳ
τινὶ καὶ διὰ συγγένειαν τῶν βασιλέων, ἤχθοντο δʼ αὐτοῦ καὶ τῷ δευτέρῳ τῶν ὀνομάτων, ἀφοσιούμενοι τὸν Ταρκύνιον. ὡς δὲ καὶ ταῦτα συνέβη, παντάπασι προσκρούσας ἀφῆκε τὴν ἀρχὴν ἑκὼν καὶ τῆς πόλεως ὑπεξῆλθεν. οὕτω δὴ πάλιν ἀρχαιρεσιῶν γενομένων ὕπατος ἀπεδείχθη λαμπρῶς ὁ Οὐαλλέριος, ἀξίαν ἀπολαβὼν τῆς προθυμίας
</p>
</div>
<div type="textpart" subtype="section" n="5">
<p> χάριν ἧς οἰόμενός τι δεῖν ἀπολαῦσαι
τὸν Οὐινδίκιον ἐψηφίσατο πρῶτον ἀπελεύθερον ἐκεῖνον ἐν Ῥώμῃ γενέσθαι πολίτην καὶ φέρειν ψῆφον ᾗ βούλοιτο φρατρίᾳ προσνεμηθέντα. τοῖς δʼ ἄλλοις ἀπελευθέροις ὀψὲ καὶ μετὰ πολὺν χρόνον ἐξουσίαν ψήφου δημαγωγῶν ἔδωκεν Ἄππιος ἡ δὲ παντελὴς ἀπελευθέρωσις ἄχρι νῦν οὐινδίκτα λέγεται διʼ ἐκεῖνον, ὥς φασι, τὸν Οὐινδίκιον. </p>
</div>
</div>
<div type="textpart" subtype="chapter" n="8">
<div type="textpart" subtype="section" n="1">
<p>
ἐκ τούτου τὰ μὲν χρήματα τῶν βασιλέων
διαρπάσαι τοῖς Ῥωμαίοις ἔδωκαν, τὴν δὲ 
<pb n="p.520"/>
οἰκίαν κατέσκαψαν καὶ τὴν ἔπαυλιν τοῦ δʼ Ἀρείου πεδίου τὸ ἥδιστον ἐκέκτητο Ταρκύνιος, καὶ τοῦτο τῷ θεῷ καθιέρωσαν, ἔτυχε δὲ τεθερισμένον ἄρτι, καὶ κειμένων ἔτι τῶν δραγμάτων οὐκ ᾤοντο δεῖν ἀλοᾶν οὐδὲ χρῆσθαι διὰ τὴν καθιέρωσιν, ἀλλὰ συνδραμόντες ἐφόρουν τὰς ἀμάλλας εἰς τὸν ποταμόν.
</p>
</div>
<div type="textpart" subtype="section" n="2">
<p> ὡς δʼ αὕτως καὶ τὰ
δένδρα κόπτοντες ἐνέβαλλον, ἀργὸν παντάπασι τὸ χωρίον ἀνιέντες τῷ θεῷ καὶ ἄκαρπον. ὠθουμένων δὲ πολλῶν ἐπʼ ἀλλήλοις καὶ ἀθρόων ὑπήγαγεν ὁ ῥοῦς οὐ πολὺν τόπον, ἀλλʼ ὅπου τὰ πρῶτα συνενεχθέντα καὶ περιπεσόντα τοῖς στερεοῖς ὑπέστη, τῶν ἐπιφερομένων διέξοδον οὐκ ἐχόντων, ἀλλʼ ἐνισχομένων καὶ περιπλεκομένων, ἐλάμβανεν ἡ σύμπηξις ἰσχὺν καὶ ῥίζωσιν αὐξανομένην 
<pb n="paris.1624.101"/>
</p>
</div>
<div type="textpart" subtype="section" n="3">
<p> ὑπὸ τοῦ ῥεύματος, ἰλύν τε γὰρ ἐπήγαγε
πολλήν, ἣ προσισταμένη τροφὴν παρεῖχεν ἅμα καὶ κόλλησιν, αἵ τε πληγαὶ σάλον οὐκ ἐποίουν, ἀλλὰ μαλακῶς πιέζουσαι συνήλαυνον εἰς ταὐτὸ πάντα καὶ συνέπλαττον. ὑπὸ δὲ μεγέθους καὶ στάσεως ἕτερον αὐτὸ μέγεθος ἐκτᾶτο καὶ χώραν ἀναδεχομένην τὰ πλεῖστα τῶν ὑπὸ τοῦ ποταμοῦ καταφερομένων. τοῦτο νῦν νῆσός ἐστιν ἱερὰ κατὰ τὴν πόλιν, ἔχει δὲ ναοὺς θεῶν καὶ περιπάτους, καλεῖται δὲ φωνῇ τῇ Λατίνων Μέση δυεῖν γεφυρῶν. 
</p>
</div>
<div type="textpart" subtype="section" n="4">
<p> ἔνιοι δὲ τοῦτο συμπεσεῖν ἱστοροῦσιν οὐχ ὅτε
Ταρκυνίου καθιερώθη τὸ πεδίον, ἀλλὰ χρόνοις ὕστερον ἄλλο χωρίον ὁμοροῦν ἐκείνῳ Ταρκυνίας 
<pb n="p.522"/>
ἀνείσης. ἡ δὲ Ταρκυνία παρθένος ἦν ἱέρεια, μία τῶν Ἑστιάδων, ἔσχε δὲ τιμὰς ἀντὶ τούτου μεγάλας, ἐν αἷς ἦν καὶ τὸ μαρτυρίαν αὐτῆς δέχεσθαι μόνης γυναικῶν, τὸ δʼ ἐξεῖναι γαμεῖσθαι ψηφισαμένων οὐ προσεδέξατο. καὶ ταῦτα μὲν οὕτω γενέσθαι μυθολογοῦσι. </p>
</div>
</div>
<div type="textpart" subtype="chapter" n="9">
<div type="textpart" subtype="section" n="1">
<p>
Ταρκύνιον δὲ τὴν ἐκ προδοσίας ἀπογνόντα
τῆς ἀρχῆς ἀνάληψιν ἐδέξαντο Τυρρηνοὶ προθύμως 
καὶ μεγάλῃ δυνάμει κατῆγον. ἀντεξῆγον δὲ τοὺς 
Ῥωμαίους οἱ ὕπατοι, καὶ παρέταξαν ἐν χωρίοις 
ἱεροῖς, ὧν τὸ μὲν Ἄρσιον<note anchored="true" place="unspecified" resp="ed">
<foreign xml:lang="grc">Ἄρσιον</foreign> Amyot, Coraës, Bekker, after Livy's <gloss>silva Arsia</gloss> (ii. 7, 2): <foreign xml:lang="grc">Οὖρσον</foreign>.</note>  ἄλσος, τὸ δὲ Αἰσούειον 
λειμῶνα προσαγορεύουσιν. ἀρχομένων δὲ αὑτῶν συνάγειν εἰς χεῖρας Ἄρρων ὁ Ταρκυνίου παῖς καὶ Βροῦτος ὁ Ῥωμαίων ὕπατος οὐ κατὰ τύχην ἀλλήλοις περιπεσόντες, ἀλλʼ ὑπʼ ἔχθους καὶ ὀργῆς,
</p>
</div>
<div type="textpart" subtype="section" n="2">
<p> ὁ μὲν ὡς ἐπὶ τύραννον καὶ πολέμιον τῆς
πατρίδος, ὁ δὲ τῆς φυγῆς ἀμυνόμενος, ὥρμησαν ὁμόσε τοῖς ἵπποις. θυμῷ δὲ μᾶλλον ἢ λογισμῷ προσμίξαντες ἠφείδησαν αὑτῶν καὶ συναπέθανον ἀλλήλοις. οὕτω δὲ δεινοῦ γενομένου τοῦ προάγωνος οὐκ ἔσχεν ὁ ἀγὼν τέλος ἐπιεικέστερον, ἀλλὰ καὶ δράσαντες ἴσα καὶ παθόντες οἱ στρατοὶ διεκρίθησαν ὑπὸ χειμῶνος. 
</p>
</div>
<div type="textpart" subtype="section" n="3">
<p>ἦν οὖν ἐν ἀπόροις ὁ Οὐαλλέριος, οὐκ εἰδὼς
τὸ τῆς μάχης πέρας, ἀλλὰ τοὺς στρατιώτας ὁρῶν τοῖς μὲν αὑτῶν νεκροῖς ἀθυμοῦντας, ἐπαιρομένους δὲ τοῖς τῶν πολεμίων οὕτως ἄκριτος ἦν καὶ 
<pb n="p.524"/>
παράλληλος ὑπὸ πλήθους ὁ φόνος, οὐ μὴν ἀλλʼ  ἑκατέροις ἐγγύθεν ὁρώμενα τὰ οἰκεῖα μᾶλλον ἐβεβαίου τὴν ἧτταν ἢ τὴν νίκην εἰκαζόμενα τὰ τῶν πολεμίων,
</p>
</div>
<div type="textpart" subtype="section" n="4">
<p> ἐπελθούσης δὲ νυκτὸς
οἵαν εἰκὸς οὕτω μεμαχημένοις, καὶ γενομένων ἐν ἡσυχίᾳ τῶν στρατοπέδων, λέγουσι σεισθῆναι τὸ ἄλσος, ἐκ δʼ αὐτοῦ φωνὴν ἐκπεσεῖν μεγάλην φράζουσαν ὡς ἑνὶ πλείους ἐν τῇ μάχῃ τεθνήκασι Τυρρηνῶν ἢ Ῥωμαίων, ἦν δʼ ἄρα θεῖόν τι τὸ φθεγξάμενον εὐθύς τε γὰρ ὑπʼ αὐτοῦ τοῖς μὲν ἀλαλάξαι παρέστη μέγα καὶ θαρρσαλέον, οἱ δὲ Τυρρηνοὶ περίφοβοι γενόμενοι καὶ συνταραχθέντες ἐξέπεσον ἐκ τοῦ στρατοπέδου καὶ διε
</p>
</div>
<div type="textpart" subtype="section" n="5">
<p> σπάρησαν οἱ πλεῖστοι· τοὺς δὲ καταλειφθέντας 
ὀλίγῳ πεντακισχιλίων ἐλάσσους ἐπελθόντες εἷλον 
οἱ Ῥωμαῖοι, καὶ τἆλλα διήρπασαν. οἱ δὲ 
νεκροὶ διαριθμηθέντες εὑρέθησαν τριακόσιοι μὲν 
ἐπὶ χιλίοις καὶ μυρίοις οἱ τῶν πολεμίων, οἱ δὲ 
Ῥωμαίων παρʼ ἕνα τοσοῦτοι. 
</p>
<p>ταύτην τὴν μάχην λέγουσι γενέσθαι πρὸ μιᾶς καλανδῶν Μαρτίων, ἐθριάμβευσε δʼ ἀπʼ αὐτῆς Οὐαλλέριος εἰσελάσας τεθρίππῳ πρῶτος ὑπάτων.
</p>
</div>
<div type="textpart" subtype="section" n="6">
<p> καὶ τὸ πρᾶγμα σεμνὴν καὶ μεγαλοπρεπῆ παρέσχεν
ὄψιν, οὐκ ἐπίφθονον οὐδʼ ἀνιάσασαν, ὡς ἔνιοι λέγουσι, τοὺς ὁρῶντας· οὐ γὰρ ἂν ἔσχε ζῆλον τοσοῦτον οὐδὲ φιλοτιμίαν εἰς ἔτη πάμπολλα διαμένουσαν. ἀπεδέξαντο δὲ τοῦ Οὐαλλερίου καὶ τὰς εἰς τὸν συνάρχοντα τιμάς, αἷς ἐκκομιζόμενον καὶ θαπτόμενον ἐκόσμησε·
</p>
</div>
<div type="textpart" subtype="section" n="7">
<p> καὶ
λόγον ἐπʼ αὐτῷ διεξῆλθεν ἐπιτάφιον, ὃς οὕτως 
<pb n="paris.1624.102"/> ὑπὸ Ῥωμαίων ἠγαπήθη καὶ τοσαύτην ἔσχε χάριν 
<pb n="p.526"/>
ὥστε πᾶσι τοῖς ἀγαθοῖς καὶ μεγάλοις ὑπάρχειν ἐξ ἐκείνου τελευτήσασιν ὑπὸ τῶν ἀρίστων ἐγκωμιάζεσθαι. λέγεται δὲ καὶ τῶν Ἑλληνικῶν ἐπιταφίων ἐκεῖνος γενέσθαι πρεσβύτερος, εἴγε μὴ καὶ τοῦτο Σόλωνός ἐστιν, ὡς Ἀναξιμένης ὁ ῥήτωρ ἱστόρηκεν. </p>
</div>
</div>
<div type="textpart" subtype="chapter" n="10">
<div type="textpart" subtype="section" n="1">
<p>
ἀλλὰ διʼ ἐκεῖνα μᾶλλον ἤχθοντο τῷ Οὐαλλερίῳ
καὶ προσέκρουον, ὅτι Βροῦτος μέν, ὃν πατέρα τῆς ἐλευθερίας ἐνόμιζεν ὁ δῆμος, οὐκ ἠξίωσε μόνος ἄρχειν, ἀλλὰ καὶ πρῶτον αὐτῷ συνάρχοντα προσείλετο καὶ δεύτερον <q>οὑτοσὶ δʼ,</q> ἔφασαν, <q>εἰς αὐτόν ἅπαντα συνενεγκάμενος οὐκ ἔστι τῆς Βρούτου κληρονόμος ὑπατείας μηδὲν αὐτῷ προσηκούσης, ἀλλὰ τῆς Ταρκυνίου τυραννίδος.</q>
</p>
</div>
<div type="textpart" subtype="section" n="2">
<p> <q rend="merge">καίτοι τί δεῖ λόγῳ μὲν Βροῦτον ἐγκωμιάζειν,
ἔργῳ δὲ μιμεῖσθαι Ταρκύνιον, ὑπὸ ῥάβδοις ὁμοῦ πάσαις καὶ πελέκεσι κατιόντα μόνον ἐξ οἰκίας τοσαύτης τὸ μέγεθος ὅσην οὐ καθεῖλε τὴν τοῦ βασιλέως;</q> καὶ γὰρ ὄντως ὁ Οὐαλλέριος ᾤκει τραγικώτερον ὑπὲρ τὴν καλουμένην Οὐελίαν οἰκίαν ἐπικρεμαμένην τῇ ἀγορᾷ καὶ καθ ο ρ ῶς αν ἐξ ὕψους ἅπαντα, δυσπρόσοδον δὲ πελάσαι καὶ χαλεπὴν ἔξωθεν, ὥστε καταβαίνοντος αὐτοῦ τὸ σχῆμα μετέωρον εἶναι καὶ βασιλικὸν τῆς προπομπῆς τὸν ὄγκον.
</p>
</div>
<div type="textpart" subtype="section" n="3">
<p> ὅσον οὖν ἐν ἀρχῇ καὶ πράγμασι
μεγάλοις ἀγαθὸν ἦν ἔχειν ὦτα παρρησίαν ἀντὶ κολακείας προσιέμενα καὶ λόγους ἀληθεῖς, ἔδειξεν. ἀκούσας γὰρ ὅτι τοῖς πολλοῖς ἁμαρτάνειν ἐδόκει τῶν φίλων διεξιόντων, οὐκ ἐφιλονείκησεν, οὐδʼ ἠγανάκτησεν, ἀλλὰ ταχὺ πολλοὺς 
<pb n="p.528"/>
συναγαγὼν τεχνίτας ἔτι νυκτὸς οὔσης κατέβαλε τὴν οἰκίαν καὶ κατέσκαψεν εἰς ἔδαφος πᾶσαν,
</p>
</div>
<div type="textpart" subtype="section" n="4">
<p> ὥστε μεθʼ ἡμέραν τούς Ῥωμαίους ὁρῶντας καὶ
συνισταμένους τοῦ μὲν ἀνδρὸς ἀγαπᾶν καὶ θαυμάζειν τὴν μεγαλοφροσύνην, ἄχθεσθαι δὲ τῆς οἰκίας καὶ ποθεῖν τὸ μέγεθος καὶ τὸ κάλλος, ὥσπερ ἀνθρώπου, διὰ φθόνον οὐ δικαίως καταλελυμένης, τοῦ δὲ ἄρχοντος, ὥσπερ ἀνεστίου, παρʼ  ἑτέροις οἰκοῦντος. ἐδέχοντο γὰρ οἱ φίλοι τὸν Οὐαλλέριον ἄχρι οὗ τόπον ἔδωκεν ὁ δῆμος αὐτῷ καὶ κατεσκεύασεν οἰκίαν ἐκείνης μετριωτέραν, ὅπου νῦν ἱερόν ἐστιν Οὐίκας Πότας ὀνομαζό μενον. 
</p>
</div>
<div type="textpart" subtype="section" n="5">
<p> βουλόμενος δὲ μὴ μόνον ἑαυτὸν, ἀλλὰ καὶ τὴν
ἀρχὴν ἀντὶ φοβερᾶς χειροήθη καὶ προσφιλῆ ποιεῖν τοῖς πολλοῖς, τούς τε πελέκεις ἀπέλυσε τῶν ῥάβδων, αὐτάς τε τὰς ῥάβδους εἰς ἐκκλησίαν παριὼν ὑφῆκε τῷ δήμῳ καὶ κατέκλινε, μέγα ποιῶν τὸ πρόσχημα τῆς δημοκρατίας, καὶ τοῦτο μέχρι νῦν διαφυλάττουσιν οἱ ἄρχοντες,
</p>
</div>
<div type="textpart" subtype="section" n="6">
<p> ἐλάνθανε
δὲ τούς πολλοὺς οὐχ ἑαυτὸν, ὡς ᾤοντο, ποιῶν ταπεινόν, ἀλλὰ τὸν φθόνον τῇ μετριότητι ταύτῃ καθαιρῶν καὶ κολούων, αὐτῷ δὲ προστιθεὶς τοσοῦτον μέγεθος δυνάμεως ὅσον ἀφαιρεῖν ἐδόκει τῆς ἐξουσίας, ὑποδυομένου μεθʼ ἡδονῆς αὐτῷ τοῦ 
<pb n="p.530"/>
δήμου καὶ φέροντος ἑκουσίως, ὥστε καὶ Ποπλικόλαν ἀνηγόρευσεν αὐτόν σημαίνει δὲ τοὔνομα δημοκηδῆ· καὶ τοῦτο μᾶλλον ἴσχυσε τῶν ἀρχαίων ὀνομάτων, ᾧ καὶ ἡμεῖς χρησόμεθα τὸν λοιπὸν βίον τοῦ ἀνδρὸς ἱστοροῦντες. </p>
</div>
</div>
<div type="textpart" subtype="chapter" n="11">
<div type="textpart" subtype="section" n="1">
<p>
ὑπατείαν μὲν γὰρ ἔδωκε μετιέναι καὶ
παραγγέλλειν τοῖς βουλομένοις· πρὸ δὲ τῆς καταστάσεως τοῦ συνάρχοντος οὐκ εἰδὼς τὸν γενησόμενον, ἀλλὰ δεδιὼς ἀντίπραξιν ὑπὸ φθόνου τινὸς ἢ ἀγνοίας, ἐχρήσατο τῇ μοναρχίᾳ πρὸς τὰ κάλλιστα καὶ μέγιστα τῶν πολιτευμάτων, πρῶτον μὲν γὰρ ἀνεπλήρωσε τὴν βουλὴν ὀλιγανδροῦσαν ἐτεθνήκεσαν γὰρ οἱ μὲν ὑπὸ Ταρκυνίου πρότερον, οἱ δὲ ἔναγχος ἐν τῇ μάχῃ.
</p>
</div>
<div type="textpart" subtype="section" n="2">
<p> τοὺς
δʼ ἐγγραφέντας ὑπʼ αὐτοῦ λέγουσιν ἑκατὸν καὶ ἑξήκοντα τέσσαρας γενέσθαι. μετὰ δὲ ταῦτα νόμους ἔγραψεν, ὧν μάλιστα μὲν ἰσχυροὺς ἐποίησε τοὺς πολλοὺς ὁ τὸν δῆμον ἀπὸ τῶν ὑπάτων τῷ φεύγοντι δίκην ἐπικαλεῖσθαι διδούς· δεύτερος ὁ 
<pb n="paris.1624.103"/> τοὺς ἀρχὴν ἀναλαβόντας, ἣν ὁ δῆμος οὐκ ἔδωκεν,
</p>
</div>
<div type="textpart" subtype="section" n="3">
<p> ἀποθνῄσκειν κελεύων τρίτος δὲ μετὰ τούτους,
ὃς ἐβοήθησε τοῖς πένησιν, ᾧ τάτελη τῶν πολιτῶν ἀφεῖλε καὶ προθυμότερον ἅπτεσθαι τῶν ἐργασιῶν ἐποίησεν ἅπαντας. ὁ δὲ γραφεὶς κατὰ τῶν ἀπειθούντων τοῖς ὑπάτοις οὐχ ἧττον ἔδοξε δημοτικὸς εἶναι, καὶ πρὸς τῶν πολλῶν μᾶλλον ἢ δυνατῶν γεγράφθαι. ζημίαν γὰρ ἀπειθείας ἔταξε βοῶν πέντε καὶ δυεῖν προβάτων ἀξίαν.
</p>
</div>
<div type="textpart" subtype="section" n="4">
<p> ἦν δὲ
τιμὴ προβάτου μὲν ὀβολοὶ δέκα, βοὸς δὲ ἑκατόν, οὔπω νομίσματι χρωμένων πολλῷ τότε Ῥωμαίων, 
<pb n="p.532"/>
ἀλλὰ προβατείαις καὶ κτηνοτροφίαις εὐθηνούντων. διὸ καὶ τὰς οὐσίας ἄχρι νῦν ἀπὸ τῶν προβάτων πεκούλια καλοῦσι, καὶ τῶν νομισμάτων τοῖς παλαιοτάτοις βοῦν ἐπεχάραττον ἢ πρόβατον ἢ σῦν. ἐτίθεντο δὲ καὶ παισὶν αὑτῶν Συΐλλους καὶ Βουβούλκους καὶ Καπραρίους ὀνόματα καὶ Πορκίους· κάπρας μὲν τὰς αἶγας, πόρκους δὲ τοὺς χοίρους ὀνομάζοντες. </p>
</div>
</div>
<div type="textpart" subtype="chapter" n="12">
<div type="textpart" subtype="section" n="1">
<p>
οὕτω δὲ περὶ ταῦτα δημοτικὸς γενόμενος
νομοθέτης καὶ μέτριος, ἐν τῷ μὴ μετρίῳ<note anchored="true" place="unspecified" resp="ed">
<foreign xml:lang="grc">ἐν τῷ μὴ μετρίῳ</foreign> with Coraës: <foreign xml:lang="grc">ἐν τῷ μετρίῳ</foreign>.</note> τὴν τιμωρίαν 
ὑπερέτεινεν. ἔγραψε γὰρ νόμον ἄνευ κρίσεως κτεῖνια διδόντα τὸν βουλόμενον τυραννεῖν κτείναντα δὲ φόνου καθαρὸν ἐποίησεν, εἰ παράσχοιτο τοῦ ἀδικήματος τοὺς ἐλέγχους. ἐπεὶ γὰρ οὐ δυνατὸν ἐπιχειροῦντα τηλικούτοις λαθεῖν ἅπαντας, οὐκ ἀδύνατον δὲ τὸ μὴ λαθόντα τοῦ κριθῆναι φθάσαι κρείττονα γενόμενον, ἣν ἀναιρεῖ τὸ ἀδίκημα κρίσιν, προλαβεῖν ἔδωκε τῷ δυναμένῳ κατὰ τοῦ ἀδικοῦντος. 
</p>
</div>
<div type="textpart" subtype="section" n="2">
<p>ἐπῃνέθη δὲ καὶ διὰ τὸν ταμιευτικὸν νόμον.
ἐπεὶ γὰρ ἔδει χρήματα πρὸς τὸν πόλεμον εἰσενεγκεῖν ἀπὸ τῶν οὐσιῶν τοὺς πολίτας, οὔτʼ αὐτὸς ἅψασθαι τῆς οἰκονομίας οὔτε τοὺς φίλους ἐᾶσαι βουλόμενος οὔθʼ ὅλως εἰς οἶκον ἰδιώτου παρελθεῖν δημόσια χρήματα, ταμιεῖον μὲν ἀπέδειξε τὸν τοῦ Κρόνου ναόν, ᾧ μέχρι νῦν χρώμενοι διατελοῦσι, ταμίας δὲ τῷ δήμῳ δύο τῶν νέων ἔδωκεν ἀποδεῖξαι
</p>
</div>
<div type="textpart" subtype="section" n="3">
<p> καὶ ἀπεδείχθησαν οἱ πρῶτοι Πούπλιος
<pb n="p.534"/>
Ο ὐετούριος καὶ Μινούκιος Μᾶρκος καὶ χρήματα συνήχθη πολλά, τρισκαίδεκα γὰρ ἀπεγράψαντο μυριάδες, ὀρφανοῖς παισὶ καὶ χήραις γυναιξὶν ἀνεθείσης τῆς εἰσφορᾶς. 
</p>
</div>
<div type="textpart" subtype="section" n="4">
<p>ταῦτα δὲ διοικήσας ἀπέδειξεν ἑαυτῷ συνάρχοντα
τὸν Λουκρητίας πατέρα Λουκρήτιον, ᾧ τῆς ἡγεμονικωτέρας ἐξιστάμενος ὄντι πρεσβυτέρῳ τάξεως παρέδωκε τοὺς καλουμένους φάσκης καὶ τοῦτο διέμεινεν εἰς ἡμᾶς τὸ πρεσβεῖον ἀπʼ ἐκείνου τοῖς γεραιτέροις φυλαττό μενον. ἐπεὶ δʼ ὀλίγαις ἡμέραις ὕστερον ἐτελεύτησεν ὁ Λουκρήτιος, πάλιν ἀρχαιρεσιῶν γενομένων ᾑρέθη Μᾶρκος Ὡράτιος, καὶ συνῆρχε τῷ Ποπλικόλᾳ τὸν ὑπολειπόμενον χρόνον τοῦ ἐνιαυτοῦ. </p>
</div>
</div>
<div type="textpart" subtype="chapter" n="13">
<div type="textpart" subtype="section" n="1">
<p>
Ταρκυνίου δὲ Ῥωμαίοις δεύτερον πόλεμον
ἐν Τυρρηνίᾳ κινοῦντος μέγα σημεῖον λέγεται γενέσθαι· βασιλεύων γὰρ ἔτι καὶ τὸν νεὼν τοῦ Καπιτωλίου Διὸς ἔχων ὁ Ταρκύνιος ὅσον οὔπω συντετελεσμένον, εἴτε μαντείας γενομένης εἴτʼ αὐτῷ δόξαν ἄλλως, ἅρμα κατὰ κορυφὴν ἐπιστῆσαι κεραμεοῦν ἐξέδωκε Τυρρηνοῖς τισιν ἐξ Οὐηίων δημιουργοῖς, εἶτʼ ὀλίγον ὕστερον ἐξέπεσε τῆς ἀρχῆς,
</p>
</div>
<div type="textpart" subtype="section" n="2">
<p> τῶν δὲ Τυρρηνῶν διαπεπλασμένον τὸ
τέθριππον ἐμβαλόντων εἰς κάμινον, οὐκ ἔπαθεν ἃ προσήκει πάσχειν πηλὸν ἐν πυρί, πυκνοῦσθαι καὶ συνιζάνειν, ἐκτηκομένης τῆς ὑγρότητος, ἀλλʼ ἐξέστη καὶ ᾤδησε καὶ μέγεθος ἔσχεν ἅμα ῥώμῃ καὶ σκληρότητι τοσοῦτον ὥστε μόλις ἐξαιρεθῆναι τὴν ὀροφὴν ἀπ σκευασα μὲν ων τῆς καμίνου καὶ τῶν τοίχων περιαιρεθέντων.
</p>
</div>
<div type="textpart" subtype="section" n="3">
<p> ὡς οὖν ἐδόκει τοῖς
μάντεσι θεῖον εἶναι σημεῖον εὐτυχίας καὶ δυνάμεως παρʼ οἷς ἔσοιτο τὸ τέθριππον, ἔγνωσαν οἱ 
<pb n="p.536"/>
Οὐήιοι μὴ προέσθαι τοῖς Ῥωμαίοις ἀπαιτοῦσι, καὶ ἀπεκρίναντο τοῦτο Ταρκυνίοις, οὐ τοῖς Ταρκυνίους ἐκβαλοῦσι προσήκειν. ὀλίγαις δʼ ὕστερον 
<pb n="paris.1624.104"/> ἡμέραις ἦσαν ἵππων ἀγῶνες αὐτοῖς. καὶ τὰ μὲν ἄλλα θέαν καὶ σπουδὴν εἰωθυῖαν παρεῖχε, τὸ δὲ νικῆσαν τέθριππον ὁ μὲν ἡνίοχος ἐξήλαυνε τοῦ ἱπποδρόμου σχέδην ἐστεφανωμένος,
</p>
</div>
<div type="textpart" subtype="section" n="4">
<p> οἱ δὲ ἵπποι
πτοηθέντες ἀπʼ οὐδεμιᾶς ἐμφανοῦς προφάσεως, ἀλλὰ κατά τι δαιμόνιον ἢ τύχην ἵεντο παντὶ τάχει πρὸς τὴν Ῥωμαίων πόλιν, ἔχοντες τὸν ἡνίοχον, ὡς οὐδὲν ἦν ἔργον αὐτοῦ κατατείνοντος οὐδὲ παρηγοροῦντος, ἀλλʼ ἥρπαστο, δόντα τῇ ῥύμῃ καὶ φερόμενον, ἄχρι οὗ τῷ Καπιτωλίῳ προσμίξαντες ἐξέβαλον αὐτὸν ἐνταῦθα παρὰ τὴν πύλην ἣν νῦν Ῥατουμέναν καλοῦσι. γενομένου δὲ τούτου θαυμάσαντες οἱ Οὐήιοι καὶ φοβηθέντες ἐπέτρεψαν ἀποδοῦναι τὸ ἅρμα τοῖς τεχνίταις. </p>
</div>
</div>
<div type="textpart" subtype="chapter" n="14">
<div type="textpart" subtype="section" n="1">
<p>
τὸν δὲ νεὼν τοῦ Καπιτωλίου Διὸς εὔξατο
μὲν ἀναθήσειν Ταρκύνιος ὁ Δημαράτου πολεμῶν Σαβίνοις, ᾠκοδόμησε δὲ Ταρκύνιος ὁ Σούπερβος υἱὸς ὢν ἢ υἱωνὸς τοῦ εὐξαμένου· καθιερῶσαι δὲ οὐκ ἔφθασεν, ἀλλὰ μικρὸν ἀπελείπετο τοῦ τέλος ἔχειν ὅτε Ταρκύνιος ἐξέπιπτεν. ὡς οὖν ἀπείργαστο τελέως καὶ τὸν προσήκοντα κόσμον ἀπεῖχεν, ἦν τῷ Ποπλικόλᾳ φιλοτιμία πρὸς τὴν καθιέρωσιν.
</p>
</div>
<div type="textpart" subtype="section" n="2">
<p> ἐφθόνουν δὲ πολλοὶ τῶν
δυνατῶν, καὶ ἤχθοντο ταῖς μὲν ἄλλαις τιμαῖς ἧττον, ἃς νομοθετῶν καὶ στρατηγῶν ἐκ προσηκόντων ἔσχε· ταύτην δʼ οὖσαν ἀλλοτρίαν οὐκ ᾤοντο δεῖν αὐτῷ προσγενέσθαι, καὶ τὸν Ὡράτιον 
<pb n="p.538"/>
προετρέποντο καὶ παρώξυνον ἀντιποιεῖσθαι τῆς καθιερώσεως. γενομένης οὖν τῷ Ποπλικόλᾳ στρατείας ἀναγκαίας, ψηφισάμενοι τὸν Ὡράτιον καθιεροῦν ἀνῆγον εἰς τὸ Καπιτώλιον, ὡς οὐκ ἂν ἐκείνου περιγενόμενοι παρόντος.
</p>
</div>
<div type="textpart" subtype="section" n="3">
<p> ἔνιοι δέ
φασι κλήρῳ τῶν ὑπάτων λαχεῖν ἐκεῖνον ἐπὶ τὴν στρατείαν ἄκοντα, τοῦτον δὲ ἐπὶ τὴν καθιέρωσιν. ἔξεστι δὲ περὶ τούτων ὡς ἔσχεν εἰκάζειν τοῖς πραχθεῖσι περὶ τὴν καθιέρωσιν. εἰδοῖς οὖν Σεπτεμβρίαις, ὃ συντυγχάνει περὶ τὴν πανσέληνον μάλιστα τοῦ Μεταγειτνιῶνος, συνηθροισμένων ἁπάντων εἰς τὸ Καπιτώλιον,
</p>
</div>
<div type="textpart" subtype="section" n="4">
<p> ὁ μὲν
Ὡράτιος σιωπῆς γενομένης τά τʼ ἄλλα δράσας καὶ τῶν θυρῶν ἁψάμενος, ὥσπερ ἔθος ἐστίν, ἐπεφθέγγετο τὰς νενομισμένας ἐπὶ τῇ καθιερώσει φωνάς· ὁ δʼ ἀδελφὸς τοῦ Ποπλικόλα Μᾶρκος ἐκ πολλοῦ παρὰ τὰς θύρας ὑφεστὼς καὶ παραφυλάττων τὸν καιρόν, <q>ὦ ὕπατε</q> εἶπεν, <q>ὁ υἱός σου τέθνηκεν ἐν τῷ στρατοπέδῳ νοσήσας.</q> </p>
</div>
<div type="textpart" subtype="section" n="5">
<p> τοῦτο
πάντας ἠνίασε τοὺς ἀκούσαντας ὁ δʼ Ὡράτιος οὐδὲν διαταραχθείς, ἀλλʼ ἢ τοσοῦτον μόνον εἰπών, <q>ῥίψατε τοίνυν ὅποι βούλεσθε τὸν νεκρόν, ἐγὼ γὰρ οὐ προσίεμαι τὸ πένθος,</q> ἐπέραινε τὴν λοιπὴν καθιέρωσιν. ἦν δὲ τὸ προσηγγελμένον οὐκ ἀληθές, ἀλλʼ ὁ Μᾶρκος ὡς ἀποστήσων τὸν Ὡράτιον ἐψεύσατο. θαυμαστὸς οὖν ὁ ἀνὴρ τῆς εὐσταθείας, εἴτε τὴν ἀπάτην ἐν καιρῷ βραχεῖ συνεῖδεν εἴτε πιστευθεὶς ὁ λόγος οὐκ ἐκίνησεν αὐτόν. </p>
</div>
</div>
<div type="textpart" subtype="chapter" n="15">
<div type="textpart" subtype="section" n="1">
<p>
ἔοικε δὲ καὶ περὶ τὸν δεύτερον ναὸν
<pb n="p.540"/>
ὁμοία τύχη γενέσθαι τῆς καθιερώσεως, τὸν μὲν γὰρ πρῶτον, ὡς εἴρηται, Ταρκυνίου κατασκευάσαντος, Ὡρατίου δὲ καθιερώσαντος, ἐν τοῖς ἐμφυλίοις πολέμοις πῦρ ἀπώλεσε· τὸν δὲ δεύτερον ἀνέστησε μὲν Σύλλας, ἐπεγράφη δὲ τῇ καθιερώσει Κάτουλος Σύλλα προ αποθανόντος.
</p>
</div>
<div type="textpart" subtype="section" n="2">
<p> τούτου δὲ πάλιν ἐν ταῖς κατὰ Οὐιτέλλιον στάσεσι
διαφθαρέντος τὸν τρίτον τῇ πρὸς τἆλλα καὶ τοῦτο χρησάμενος εὐποτμίᾳ Οὐεσπασιανὸς ἐξ ἀρχῆς ἄχρι τέλους ἀναγαγὼν, ἐπεῖδε γενόμενον καὶ φθειρόμενον μετʼ ὀλίγον οὐκ ἐπεῖδεν, ἀλλὰ τοσοῦτον εὐτυχίᾳ Σύλλαν παρῆλθεν ὅσον ἐκεῖνον μὲν τῆς ἀφιερώσεως τοῦ ἔργου, τοῦτον δὲ τῆς ἀναιρέσεως προαποθανεῖν. ἅμα γὰρ τῷ τελευτῆσαι Οὐεσπασιανὸν ἐνεπρήσθη τὸ Καπιτώλιον. 
</p>
</div>
<div type="textpart" subtype="section" n="3">
<p>ὁ δὲ τέταρτος οὗτος ὑπὸ Δομετιανοῦ καὶ 
<pb n="paris.1624.105"/>
συνετελέσθη καὶ καθιερώθη. λέγεται δὲ Ταρκύνιον εἰς τοὺς θεμελίους ἀναλῶσαι λίτρας ἀργυρίου τετρακισμυρίας· τούτου δὲ τοῦ καθʼ ἡμᾶς τὸν μέγιστον ἐν Ῥώμῃ τῶν ἰδιωτικῶν πλοῦτον ἐκλογισθέντα τὸ τῆς χρυσώσεως μὴ τελέσαι ἂν ἀνάλωμα, πλέον ἢ δισχιλίων καὶ μυρίων ταλάντων γενόμενον.
</p>
</div>
<div type="textpart" subtype="section" n="4">
<p> οἱ δὲ κίονες ἐκ τοῦ Πεντελῆσιν
ἐτμήθησαν λίθου, κάλλιστα τῷ πάχει πρὸς τὸ μῆκος ἔχοντες· εἴδομεν γὰρ αὐτοὺς Ἀθήνησιν. ἐν δὲ Ῥώμῃ πληγέντες αὖθις καὶ ἀναξυσθέντες οὐ τοσοῦτον ἔσχον γλαφυρίας ὅσον 
ἀπώλεσαν συμμετρίας καὶ<note anchored="true" place="unspecified" resp="ed">
<foreign xml:lang="grc">καὶ</foreign> supplied by Bekker, after G. Hermann; <foreign xml:lang="grc">συμμετρίας τοῦ καλοῦ</foreign> (<gloss>the symmetry of their beauty</gloss>).</note>  τοῦ καλοῦ, διάκενοι 
<pb n="p.542"/>
καὶ λαγαροὶ φανέντες.
</p>
</div>
<div type="textpart" subtype="section" n="5">
<p> ὁ μέντοι θαυμάσας τοῦ
Καπιτωλίου τὴν πολυτέλειαν, εἰ μίαν εἶδεν ἐν οἰκίᾳ Δομετιανοῦ στοὰν ἢ βασιλικὴν ἢ βαλανεῖον ἢ παλλακίδων δίαιταν, οἷόν ἐστι τὸ λεγόμενον Ἐπιχάρμου πρὸς τὸν ἄσωτον, <quote rend="blockquote">οὐ φιλάνθρωπος τύ γʼ ἐσσʼ· ἔχεις νόσον χαίρεις διδούς,</quote> τοιοῦτον ἄν τι πρὸς Δομετιανὸν εἰπεῖν προήχθη· <q>οὐκ εὐσεβὴς οὐδὲ φιλότιμος τύ γʼ ἐσσί· ἔχεις
νόσον χαίρεις κατοικοδομῶν, ὥσπερ ὁ Μίδας ἐκεῖνος, ἅπαντά σοι χρυσᾶ καὶ λίθινα βουλόμενος γίνεσθαι.</q> ταῦτα μὲν οὖν περὶ τούτων, </p>
</div>
</div>
<div type="textpart" subtype="chapter" n="16">
<div type="textpart" subtype="section" n="1">
<p>
ὁ δὲ Ταρκύνιος μετὰ τὴν μεγάλην
μάχην ἐν ᾗ καὶ τὸν υἱὸν ἀπώλεσε μονομαχήσαντα Βρούτῳ, καταφυγὼν εἰς τὸ Κλούσιον ἱκέτευσε Λάραν Πορσίναν, ἄνδρα καὶ δύναμιν μεγίστην ἔχοντα τῶν Ἰταλικῶν βασιλέων καὶ δοκοῦντα χρηστὸν εἶναι καὶ φιλότιμον ὁ δʼ ὑπέσχετο βοηθήσειν. καὶ πρῶτον μὲν ἔπεμψεν εἰς Ῥώμην κελεύων δέχεσθαι τὸν Ταρκύνιον ὡς δʼ οὐχ ὑπήκουσαν οἱ  Ῥωμαῖοι, καταγγείλας αὐτοῖς πόλεμον καὶ χρόνον ἐν ᾧ καὶ τόπον εἰς ὃν ἔμελλεν ἐμβαλεῖν, ἀφίκετο μετὰ πολλῆς δυνάμεως.
</p>
</div>
<div type="textpart" subtype="section" n="2">
<p>Ποπλικόλας
δʼ ᾑρέθη μὲν ἀπὼν ὕπατος τὸ δεύτερον, καὶ σὺν αὐτῷ Τίτος Λουκρήτιος· ἐπανελθὼν δὲ εἰς Ῥώμην καὶ βουλόμενος τῷ φρονήματι πρῶτον ὑπερβαλέσθαι τὸν Πορσίναν, ἔκτιζε πόλιν Σιγλιουρίαν ἤδη πλησίον ὄντος αὐτοῦ, καὶ τειχίσας μεγάλοις ἀναλώμασιν ἑπτακοσίους 
<pb n="p.544"/>
ἐποικοὺς ἀπέστειλεν, ὡς ῥᾳδίως φέρων καὶ ἀδεῶς τὸν πόλεμον.
</p>
</div>
<div type="textpart" subtype="section" n="3">
<p> οὐ μὴν ἀλλὰ προσβολῆς ὀξείας τῷ
τείχει γενομένης ἐξεώσθησαν οἱ φύλακες ὑπὸ τοῦ Πορσίνα, καὶ φεύγοντες ὀλίγου συνεπεσπάσαντο τοὺς πολεμίους εἰς τὴν πόλιν. ἔφθη; δὲ πρὸ τῶν πυλῶν ἐκβοηθήσας ὁ Ποπλικόλας, καὶ μάχην συνάψας παρὰ τὸν ποταμόν ἀντεῖχε πλήθει βιαζομένοις τοῖς πολεμίοις, ἄχρι οὗ τραύμασι νεανικοῖς περιπεσὼν ἀπεκομίσθη φοράδην ἐκ τῆς μάχης,
</p>
</div>
<div type="textpart" subtype="section" n="4">
<p> τὸ δʼ αὐτὸ καὶ Λουκρητίου τοῦ συνάρχοντος
αὐτῷ παθόντος ἀθυμία τοῖς Ῥωμαίοις ἐνέπεσε, καὶ φυγῇ πρὸς τὴν πόλιν ἔσῳζον ἑαυτούς, ὠθουμένων δὲ τῶν πολεμίων διὰ τῆς ξυλίνης γεφύρας ἐκινδύνευσεν ἡ Ῥώμη κατὰ κράτος ἁλῶναι. πρῶτος δὲ Κόκλιος Ὡράτιος καὶ σὺν αὐτῷ δύο τῶν ἐπιφανεστάτων ἀνδρῶν, Ἑρμίνιος καὶ Λάρκιος, ἀντέστησαν περὶ τὴν ξυλίνην γέφυραν.
</p>
</div>
<div type="textpart" subtype="section" n="5">
<p> ὁ δʼ Ὡράτιος τὸν Κόκλιον ἐπωνύμιον ἔσχεν
ἐν πολέμῳ τῶν ὀμμάτων θάτερον ἐκ κοπείς· ὡς δʼ ἔνιοι λέγουσι, διὰ σιμότητα τῆς ῥινὸς ἐνδεδυκυίας ὥστε μηδὲν εἶναι τὸ διορίζον τὰ ὄμματα καὶ τὰς ὀφρῦς συγκεχύσθαι, Κύκλωπα βουλόμενοι καλεῖν αὐτὸν οἱ πολλοὶ τῆς γλώττης ὀλισθαινούσης ἐκράτησεν ὑπὸ πλήθους Κόκλιον καλεῖσθαι.
</p>
</div>
<div type="textpart" subtype="section" n="6">
<p> οὗτος ἑστὼς πρὸ τῆς γεφύρας ἠμύνετο
τοὺς πολεμίους, ἄχρι οὗ διέκοψαν οἱ σὺν αὐτῷ κατόπιν τὴν γέφυραν. οὕτω δὲ μετὰ τῶν ὅπλων ἀφεὶς ἑαυτὸν εἰς τὸν ποταμόν ἀπενήξατο, καὶ προσέμιξε τῇ πέραν ὄχθῃ δόρατι Τυρρηνικῷ βεβλημένος τὸν γλουτόν.
</p>
</div>
<div type="textpart" subtype="section" n="7">
<p> ὁ δὲ Ποπλικόλας τὴν
ἀρετὴν θαυμάσας αὐτίκα μὲν εἰσηγήσατο 
<pb n="paris.1624.106"/>
<pb n="p.546"/>
Ῥωμαίους ἅπαντας, ὅσην ἕκαστος ἐν ἡμέρᾳ τροφὴν 
ἀνήλισκε, δοῦναι συνεισενεγκόντας, ἔπειτα τῆς 
χώρας ἣν αὐτὸς περιαρόσειεν ἐν ἡμέρᾳ, πρὸς 
δὲ τούτοις εἰκόνα χαλκῆν ἔστησαν αὐτῷ<note anchored="true" place="unspecified" resp="ed">
<foreign xml:lang="grc">αὐτῷ</foreign> bracketed in Sintenis<hi rend="superscript">2</hi> because of the hiatus following.</note>  ἐν τῷ 
ἱερῷ τοῦ Ἡφαίστου, τὴν γενομένην ἐκ τοῦ τραύματος τῷ ἀνδρὶ χωλότητα μετὰ τιμῆς παρηγοροῦντες. </p>
</div>
</div>
<div type="textpart" subtype="chapter" n="17">
<div type="textpart" subtype="section" n="1">
<p>
ἐπικειμένου δὲ Πορσίνα τῇ πόλει καί
λιμὸς ἥπτετο τῶν Ῥωμαίων, καί Τυρρηνῶν ἕτερος 
στρατὸς αὐτὸς καθʼ αὑτὸν εἰς τὴν χώραν ἐνέβαλε. Ποπλικόλας δὲ τὸ τρίτον ὑπατεύων Πορσίνᾳ 
μὲν ἀτρεμῶν καί φυλάττων τὴν πόλιν ᾤετο δεῖν 
ἀντέχειν, τοῖς δὲ Τυρρηνοῖς ἐπεξῆλθε καί συμβαλὼν 
ἐτρέψατο καί πεντακισχιλίους αὐτῶν ἀνεῖλε. 
</p>
<p>τὸ δὲ περὶ Μούκιον εἴρηται μὲν ὑπὸ πολλῶν καὶ διαφόρως, λεκτέον δὲ ᾗ μάλιστα πιστεύεται καί ἡμῖν.
</p>
</div>
<div type="textpart" subtype="section" n="2">
<p> ἦν ἀνὴρ εἰς πᾶσαν ἀρετὴν ἀγαθός, ἐν
δὲ τοῖς πολεμικοῖς ἄριστος· ἐπιβουλεύων δὲ τὸν Πορσίναν ἀνελεῖν παρεισῆλθεν εἰς τὸ στρατόπεδον Τυρρηνίδα φορῶν ἐσθῆτα καί φωνῇ χρώμενος ὁμοία περιελθὼν δὲ τὸ βῆμα τοῦ βασιλέως καθεζομένου, καί σαφῶς μὲν αὑτὸν οὐκ εἰδώς, ἐρέσθαι δὲ περὶ αὐτοῦ δεδιώς, ἐν ᾠήθη μάλιστα τῶν συγκαθεζομένων ἐκεῖνον εἶναι σπασάμενος τὸ ξίφος ἀπέκτεινεν.
</p>
</div>
<div type="textpart" subtype="section" n="3">
<p> ἐπὶ τούτῳ δὲ
συλληφθεὶς ἀνεκρίνετο· καί τινος ἐσχαρίδος πῦρ ἐχούσης μέλλοντι τῷ Πορσίνᾳ θύειν κεκομισμένης, ὑπερσχὼν τὴν δεξιὰν χεῖρα καιομένης τῆς σαρκὸς εἱστήκει πρὸς τὸν Πορσίναν ἀποβλέπων ἰταμῷ καί ἀτρέπτῳ τῷ προσώπῳ, μέχρι οὗ 
<pb n="p.548"/>
θαυμάσας ἀφῆκεν αὑτὸν καί τὸ ξίφος ἀποδιδοὺς ὤρεξεν ἀπὸ τοῦ βήματος· ὁ δὲ τὴν εὐώνυμον προτείνας ἐδέξατο. καί διὰ τοῦτό φασιν αὐτῷ γενέσθαι τὸν Σκαιόλαν ἐπίκλησιν, ὅπερ ἐστὶ Λαιόν.
</p>
</div>
<div type="textpart" subtype="section" n="4">
<p> ἔφη δὲ τὸν φόβον τοῦ Πορσίνα νενικηκὼς
ἡττᾶσθαι τῆς ἀρετῆς, καί χάριτι μηνύειν ἃ πρὸς ἀνάγκην οὐκ ἂν ἐξηγόρευσε. <q>τριακόσιοι γὰρ Ῥωμαίων,</q> ἔφη, <q>τὴν αὐτὴν ἐμοὶ γνώμην ἔχοντες ἐν τῷ στρατοπέδῳ σου πλανῶνται καιρὸν ἐπιτηροῦντες· ἐγὼ δὲ κλήρῳ λαχὼν καί προεπιχειρήσας οὐκ ἄχθομαι τῇ τύχῃ, διαμαρτὼν ἀνδρὸς ἀγαθοῦ καί φίλου μᾶλλον ἢ πολεμίου</q>
</p>
</div>
<div type="textpart" subtype="section" n="5">
<p><q rend="merge">Ῥωμαίοις εἶναι πρέποντοσ</q> ταῦθʼ  ὁ Πορσίνας
ἀκούσας ἐπίστευσε καί πρὸς τὰς διαλύσεις ἥδιον 
ἔσχεν, οὐ τοσοῦτό, μοι δοκεῖ, φόβῳ τῶν τριακοσίων, 
ὅσον ἀγασθεὶς καί θαυμάσας τὸ φρόνημα, 
καὶ τὴν ἀρετὴν τῶν Ῥωμαίων. 
</p>
<p>τοῦτον τὸν ἄνδρα Μούκιον ὁμοῦ τι πάντων καὶ Σκαιόλαν καλούντων Ἀθηνόδωρος ὁ Σάνδωνος ἐν τῷ πρὸς Ὀκταουίαν τὴν Καίσαρος ἀδελφὴν καὶ Ὀψίγονον ὠνομάσθαι φησίν. </p>
</div>
</div>
<div type="textpart" subtype="chapter" n="18">
<div type="textpart" subtype="section" n="1">
<p>
ὁ μέντοι Ποπλικόλας αὐτός, οὐχ οὕτω
πολέμιον ὄντα τὸν Πορσίναν βαρὺν ἡγούμενος ὡς ἄξιον πολλοῦ τῇ πόλει φίλον γενέσθαι καὶ σύμμαχον, οὐκ ἔφευγεν ἐπʼ αὐτοῦ δίκῃ κριθῆναι πρὸς Ταρκύνιον, ἀλλʼ ἐθάρρει καὶ προὐκαλεῖτο 
<pb n="p.550"/>
πολλάκις ὡς ἐξελέγξων κάκιστον ἀνδρῶν καὶ δικαίως ἀφαιρεθέντα τὴν ἀρχήν, ἀποκριναμένου δὲ τὸν Ταρκυνίου τραχύτερον, οὐδένα ποιεῖσθαι δικαστήν, ἥκιστα δὲ Πορσίναν, εἰ σύμμαχος ὢν μεταβάλλεται,
</p>
</div>
<div type="textpart" subtype="section" n="2">
<p> δυσχεράνας καὶ καταγνοὺς ὁ
Πορσίνας, ἅμα δὲ τὸν παιδὸς Ἄρροντος δεομένου καὶ σπουδάζοντος ὑπὲρ τῶν Ῥωμαίων, κατελύσατο τὸν πόλεμον ἐξισταμένοις ἧς ἀπετέμοντο τῆς Τυρρηνίδος χώρας καὶ τοὺς αἰχμαλώτους ἀποπέμπουσι, κομιζομένοις δὲ τοὺς αὐτομόλους, ἐπὶ τούτοις ὁμήρους ἔδωκαν ἐξ εὐπατριδῶν περιπορφύρους δέκα καὶ παρθένους τοσαύτας, ὧν ἦν καὶ Ποπλικόλα θυγάτηρ Οὐαλλερία. </p>
</div>
</div>
<div type="textpart" subtype="chapter" n="19">
<div type="textpart" subtype="section" n="1">
<p>
πραττομένων δὲ τούτων τοῦ τε Πορσίνα
πᾶσαν ἤδη τὴν πολεμικὴν ἀνεικότος παρασκευὴν διὰ πίστιν, αἱ παρθένοι τῶν Ῥωμαίων κατῆλθον ἐπὶ λουτρόν ἔνθα δὴ μηνοειδής τις ὄχθη περιβάλλουσα τὸν ποταμὸν ἡσυχίαν μάλιστα καὶ γαλήνην τοῦ κύματος παρεῖχεν. ὡς δʼ οὔτε 
<pb n="paris.1624.107"/> τινὰ φυλακὴν ἑώρων οὔτε παριόντας ἄλλως ἢ διαπλέοντας, ὁρμὴν ἔσχον ἀπονή ξασθαι πρὸς ῥεῦμα πολὺ καὶ δίνας βαθείας.
</p>
</div>
<div type="textpart" subtype="section" n="2">
<p> ἔνιοι δέ φασι
μίαν αὐτῶν, ὄνομα Κλοιλίαν, ἵππῳ διεξελάσαι τὸν πόρον, ἐγκελευομένην ταῖς ἄλλαις νεούσαις καὶ παραθαρρύνουσαν. ἐπεὶ δὲ σωθεῖσαι πρὸς τὸν Ποπλικόλαν ἧκον, οὐκ ἐθαύμασεν οὐδʼ ἠγάπησεν, ἀλλʼ ἠνιάθη, ὅτι Πορσίνα κακίων ἐν πίστει φανεῖται, καὶ τὸ τόλμημα τῶν παρθένων 
<pb n="p.552"/>
αἰτίαν ἕξει κακούργημα Ῥωμαίων γεγονέναι. διὸ συλλαβὼν αὐτὰς πάλιν ἀπέστειλε πρὸς τὸν Πορσίναν.
</p>
</div>
<div type="textpart" subtype="section" n="3">
<p> ταῦτα δʼ οἱ περὶ τὸν Ταρκύνιον προαισθόμενοι,
καὶ καθίσαντες ἐνέδραν τοῖς ἄγουσι τὰς παῖδας, ἐν τῷ περᾶν ἐπέθεντο πλείονες ὄντες. ἐκείνων δὲ ὅμως ἀμυνομένων, ἡ Ποπλικόλα θυγάτηρ Οὐαλλερία διὰ μέσων ὁρμήσασα τῶν μαχομένων ἀπέφυγε, καὶ τρεῖς τινες οἰκέται συνδιεκπεσόντες ἔσῳζον αὐτήν, τῶν δʼ ἄλλων οὐκ ἀκινδύνως ἀναμεμιγμένων τοῖς μαχομένοις, αἰθόμενος Ἄρρων ὁ Πορσίνα υἱὸς ὀξέως προσεβοήθησε, καὶ φυγῆς γενομένης τῶν πολεμίων περιεποίησε τοὺς Ῥωμαίους. 
</p>
</div>
<div type="textpart" subtype="section" n="4">
<p>ὡς δὲ τὰς παρθένους κομισθείσας ὁ Πορσίνας
εἶδε, τὴν καταρξαμένην τῆς πράξεως καὶ παρακελευσαμένην ταῖς ἄλλαις ἐζήτει. ἀκούσας δὲ τὸ ὄνομα τῆς Κλοιλίας προσέβλεψεν αὐτὴν ἵλεῳ καὶ φαιδρῷ τῷ προσώπῳ, καὶ κελεύσας ἵππον ἀχθῆναι τῶν βασιλικῶν κεκοσμημένον εὐπρεπῶς ἐδωρήσατο. τοῦτο ποιοῦνται μαρτύριον οἱ μόνην τὴν Κλοιλίαν λέγοντες ἵππῳ διεξελάσαι τὸν ποταμόν.
</p>
</div>
<div type="textpart" subtype="section" n="5">
<p> οἱ δʼ οὔ φασιν, ἀλλὰ τιμῆσαι τὸ
ἀνδρῶδες αὐτῆς τὸν Τυρρηνόν. ἀνάκειται δὲ τὴν ἱερὰν ὁδὸν πορευομένοις εἰς Παλάτιον ἀνδριὰς αὐτῆς ἔφιππος, ὅν τινες οὐ τῆς Κλοιλίας, ἀλλὰ τῆς Οὐαλλερίας εἶναι λέγουσιν. 
</p>
<p>ὁ δὲ Πορσίνας διαλλαγεὶς τοῖς Ῥωμαίοις 
<pb n="p.554"/>
ἄλλην τε ἑαυτοῦ πολλὴν μεγαλοφροσύνην ἐπεδείξατο τῇ πόλει, καὶ τὰ ὅπλα τοὺς Τυρρηνοὺς ἀναλαβεῖν κελεύσας, ἄλλο δὲ μηδέν,
</p>
</div>
<div type="textpart" subtype="section" n="6">
<p> ἀλλʼ ἐκλείπειν
τὸν χάρακα σίτου τε πολλοῦ καὶ χρημάτων γέμοντα παντοδαπῶν, παρέδωκε τοῖς Ῥωμαίοις. διὸ καὶ καθʼ ἡμᾶς ἔτι πωλοῦντες τὰ δημόσια πρῶτα κηρύττουσι τὰ Πορσίνα χρήματα, τιμὴν τῷ ἀνδρὶ τῆς χάριτος ἀίδιον ἐν τῇ μνήμῃ διαφυλάττοντες. εἱστήκει δὲ καὶ χαλκοῦς ἀνδριὰς αὐτοῦ παρὰ τὸ βουλευτήριον, ἁπλοῦς καὶ ἀρχαϊκὸς τῇ ἐργασίᾳ. </p>
</div>
</div>
<div type="textpart" subtype="chapter" n="20">
<div type="textpart" subtype="section" n="1">
<p>
μετὰ δὲ ταῦτα Σαβίνων ἐμβαλόντων
εἰς τὴν χώραν ὕπατος μὲν ἀπεδείχθη Μᾶρκος Οὐαλλέριος, ἀδελφὸς Ποπλικόλα, καὶ Ποστούμιος Τούβερτος. πραττομένων δὲ τῶν μεγίστων γνώμῃ καὶ παρουσίᾳ Ποπλικόλα δυσὶ μάχαις μεγάλαις ὁ Μᾶρκος ἐνίκησεν, ὧν ἐν τῇ δευτέρᾳ μηδένα Ῥωμαίων ἀποβαλὼν τρισχιλίους ἐπὶ μυρίοις τῶν πολεμίων ἀνεῖλε.
</p>
</div>
<div type="textpart" subtype="section" n="2">
<p> καὶ γέρας ἔσχεν
ἐπὶ τοῖς θριάμβοις οἰκίαν αὐτῷ γενέσθαι δημοσίοις ἀναλώμασιν ἐν Παλατίῳ. τῶν δʼ ἄλλων τότε θυρῶν εἴσω τῆς οἰκίας εἰς τὸ κλεισίον ἀνοιγομένων, ἐκείνης μόνης τῆς οἰκίας ἐποίησαν ἐκτὸς ἀπάγεσθαι τὴν αὔλειον, ὡς δὴ κατὰ τὸ συγχώρημα τῆς τιμῆς ἀεὶ τοῦ δημοσίου προσεπιλαμβάνοι. 
</p>
</div>
<div type="textpart" subtype="section" n="3">
<p> τὰς δʼ Ἑλληνικὰς πρότερον οὕτως ἔχειν ἁπάσας
λέγουσιν, ἀπὸ τῶν κωμῳδιῶν λαμβάνοντες, ὅτι κόπτουσι καὶ ψοφοῦσι τὰς αὑτῶν θύρας ἔνδοθεν οἱ προϊέναι μέλλοντες, ὅπως αἴσθησις ἔξω γένοιτο τοῖς παρερχομένοις ἢ προεστῶσι καὶ μὴ 
<pb n="p.556"/>
καταλαμβάνοιντο προϊούσαις ταῖς κλεισιάσιν εἰς τὸν στενωπόν. </p>
</div>
</div>
<div type="textpart" subtype="chapter" n="21">
<div type="textpart" subtype="section" n="1">
<p>
τῷ δʼ ἑξῆς ἔτει πάλιν ὑπάτευε Ποπλικόλας
τὸ τέταρτον· ἦν δὲ προσδοκία πολέμου Σαβίνων καί Λατίνων συνισταμένων. καί τις ἅμα δεισιδαιμονία τῆς πόλεως ἥψατο· πᾶσαι γὰρ αἱ κυοῦσαι τότε γυναῖκες ἐξέβαλλον ἀνάπηρα, καί τέλος οὐδεμία γένεσις ἔσχεν. ὅθεν ἐκ τῶν 
<pb n="paris.1624.108"/> Σιβυλλείων ὁ Ποπλικόλας ἱλασάμενος τῷ Ἅιδῃ καί τινας ἀγῶνας πυθοχρήστους ἀναλαβὼν καί ταῖς ἐλπίσι πρὸς τὸ θεῖον ἡδίονα καταστήσας τὴν πόλιν, ἤδη τοῖς ἀπʼ ἀνθρώπων φοβεροῖς προσεῖχε. μεγάλη γὰρ ἐφαίνετο κατασκευὴ τῶν πολεμίων καί σύστασις. 
</p>
</div>
<div type="textpart" subtype="section" n="2">
<p>ἦν οὖν Ἄππιος Κλαῦσος ἐν Σαβίνοις, ἀνὴρ
χρήμασί τε δυνατὸς καί σώματος ῥώμῃ πρὸς ἀλκὴν ἐπιφανής, ἀρετῆς δὲ δόξῃ μάλιστα καί λόγου δεινότητι πρωτεύων, ὃ δὲ πᾶσι συμβαίνει τοῖς μεγάλοις οὐ διέφυγε παθεῖν, ἀλλʼ ἐφθονεῖτο· καὶ τοῖς φθονοῦσιν αἰτίαν παρέσχε καταπαύων τὸν πόλεμον αὔξειν τὰ Ῥωμαίων, ἐπὶ τυραννίδι καί δουλώσει τῆς πατρίδος,
</p>
</div>
<div type="textpart" subtype="section" n="3">
<p> αἰσθόμενος δὲ τοὺς
λόγους τούτους βουλομένῳ τῷ πλήθει λεγομένους, καί προσκρούοντα τοῖς πολεμοποιοῖς καί στρατιωτικοῖς ἑαυτόν, ἐφοβεῖτο τὴν κρίσιν, ἑταιρείαν δὲ καί δύναμιν φίλων καί οἰκείων ἔχων 
<pb n="p.558"/>
ἀμύνουσαν περὶ αὑτὸν ἐστασίαζε. καί τοῦτʼ ἦν τοῦ πολέμου διατριβὴ καί μέλλησις τοῖς Σαβίνοις. 
</p>
</div>
<div type="textpart" subtype="section" n="4">
<p> ταῦτʼ οὖν ὁ Ποπλικόλας οὐ μόνον εἰδέναι
ποιούμενος ἔργον, ἀλλὰ καί κινεῖν καί συνεξορμᾶν τὴν στάσιν, εἶχεν ἄνδρας ἐπιτηδείους οἳ τῷ Κλαύσῳ διελέγοντο παρʼ αὑτοῦ τοιαῦτα, ὡς ὁ Ποπλικόλας ἄνδρα σε χρηστὸν ὄντα καί δίκαιον οὐδενὶ κακῷ δεῖν οἴεται τοὺς σεαυτοῦ πολίτας ἀμύνεσθαι, καίπερ ἀδικούμενον· εἰ δὲ βούλοιο σῴζων ἑαυτὸν μεταστῆναι καί φυγεῖν τοὺς μισοῦντας, ὑποδέξεταί σε δημοσίᾳ καί ἰδίᾳ τῆς τε σῆς ἀρετῆς ἀξίως καί τῆς Ῥωμαίων λαμπρότητος.
</p>
</div>
<div type="textpart" subtype="section" n="5">
<p> ταῦτα πολλάκις ἀνασκοποῦντι τῷ Κλαύσῳ βέλτιστα
τῶν ἀναγκαίων ἐφαίνετο, καί τοὺς φίλους συμπαρακαλῶν, ἐκείνων τε πολλοὺς ὁμοίως συναναπειθ όντων, πεντακισχιλίους οἴκους ἀναστήσας μετὰ παίδων καί γυναικῶν, ὅπερ ἦν ἐν Σαβίνοις ἀθόρυβον μάλιστα καί βίου πρᾴου καί καθεστῶτος οἰκεῖον, εἰς Ῥώμην ἦγε, προειδότος τοῦ Ποπλικόλα καί δεχομένου φιλοφρόνως καί προθύμως ἐπὶ πᾶσι δικαίοις.
</p>
</div>
<div type="textpart" subtype="section" n="6">
<p> τοὺς μὲν γὰρ
οἴκους εὐθὺς ἀνέμιξε τῷ πολιτεύματι, καί χώραν ἀπένειμεν ἑκάστῳ δυεῖν πλέθρων περὶ τὸν Ἀνίωνα ποταμόν, τῷ δὲ Κλαύσῳ πλέθρα πέντε καί εἴκοσι γῆς ἔδωκεν, αὑτὸν δὲ τῇ βουλῇ προσέγραψεν, ἀρχὴν πολιτείας λαμβάνοντα ταύτην, ᾗ χρώμενος ἐμφρόνως ἀνέδραμεν εἰς τὸ πρῶτον ἀξίωμα καί δύναμιν ἔσχε μεγάλην, καί γένος οὐδενὸς ἀμαυρότερον ἐν Ῥώμῃ τὸ Κλαυδίων ἀφʼ αὑτοῦ κατέλιπε. </p>
</div>
</div>
<div type="textpart" subtype="chapter" n="22">
<div type="textpart" subtype="section" n="1">
<p>
τὰ δὲ Σαβίνων οὕτω διακριθέντα τῷ
<pb n="p.560"/>
μετοικισμῷ τῶν ἀνδρῶν, οὐκ εἴασαν οἱ δημαγωγοῦντες ἀτρεμῆσαι καί καταστῆναι, σχετλιάζοντες εἰ Κλαῦσος ἃ παρὼν οὐκ ἔπεισε διαπράξεται φυγὰς γενόμενος καί πολέμιος, μὴ δοῦναι δίκην Ῥωμαίους ὧν ὑβρίζουσιν. ἄραντες οὖν στρατῷ μεγάλῳ περὶ Φιδήνας κατηυλίσαντο, καί τινα λόχον θέμενοι πρὸ τῆς Ῥώμης ἐν χωρίοις συνηρεφέσι καί κοίλοις δισχιλίους ὁπλίτας, ἔμελλον ἅμʼ ἡμέρᾳ φανερῶς ὀλίγοις ἱππεῦσι λείαν ἐλαύνειν.
</p>
</div>
<div type="textpart" subtype="section" n="2">
<p> εἴρητο δʼ αὐτοῖς, ὅταν τῇ πόλει προσελάσωσιν,
ὑποφεύγειν ἕως ἐμβάλωσιν εἰς τὴν ἐνέδραν τοὺς πολεμίους· ταῦθʼ ὁ Ποπλικόλας αὐθημερὸν πυθόμενος παρʼ  αὐτομόλων ταχὺ διηρμόσατο πρὸς πάντα καί διένειμε τὴν δύναμιν. Ποστούμιος μὲν γὰρ Βάλβος ὁ γαμβρὸς αὐτοῦ τρισχιλίοις ὁπλίταις ἑσπέρας ἔτι προελθὼν καί καταλαβὼν τοὺς ἀκρολόφους, ὑφʼ οἷς ἐνήδρευον οἱ Σαβῖνοι,
</p>
</div>
<div type="textpart" subtype="section" n="3">
<p> παρεφύλαττεν ὁ δὲ συνάρχων Λουκρήτιος
ἔχων τὸ κουφότατον ἐν τῇ πόλει καί γενναιότατον ἐτάχθη τοῖς ἐλαύνουσι τὴν λείαν ἱππεῦσιν ἐπιχειρεῖν, αὐτὸς δὲ τὴν ἄλλην ἀναλαβὼν στρατιὰν κύκλῳ περιῆλθε τοὺς πολεμίους, καὶ κατὰ τύχην ὁμίχλης βαθείας ἐπιπεσούσης, περὶ ὄρθρον ἅμα Ποστούμιός τε τοὺς ἐνεδρεύοντας 
<pb n="paris.1624.109"/> ἐμβοήσας ἔβαλεν ἀπὸ τῶν ἄκρων, καί τοῖς προϊππασαμένοις ἐφῆκε τοὺς περὶ αὑτὸν ὁ Λουκρήτιος, καί Ποπλικόλας προσέβαλε τοῖς στρατοπέδοις τῶν πολεμίων.
</p>
</div>
<div type="textpart" subtype="section" n="4">
<p> πάντη μὲν οὖν ἐκακοῦτο
τ ὰ Σαβίνων καί διεφθείρετο· τοὺς δʼ ἐνταῦθα μηδʼ ἀμυνομένους, ἀλλὰ φεύγοντας, εὐθὺς ἔκτεινον οἱ Ῥωμαῖοι, τῆς ἐλπίδος αὐτοῖς ὀλεθριωτάτης 
<pb n="p.562"/>
γενομένης. σῴζεσθαι γὰρ οἰόμενοι τοὺς ἑτέρους οἱ ἕτεροι τῷ μάχεσθαι καί μένειν οὐ προσεῖχον, ἀλλʼ οἱ μὲν ἐκ τῶν ἐρυμάτων πρὸς τοὺς ἐνεδρεύοντας,
</p>
</div>
<div type="textpart" subtype="section" n="5">
<p> οἱ δὲ πάλιν ὡς ἐκείνους εἰς τὸ στρατόπεδον
θέοντες ἐναντίοι φεύγουσιν ἐνέπιπτον πρὸς οὓς ἔφευγον καί βοηθείας δεομένοις οὓς ἤλπιζον αὐτοῖς βοηθήσειν. τὸ δὲ μὴ πάντας ἀπολέσθαι τοὺς Σαβίνους, ἀλλὰ καί περιγενέσθαι τινάς ἡ Φιδηνατῶν πόλις ἐγγὺς οὖσα παρέσχε, καί μάλιστα τοῖς ἐκ τῶν στρατοπέδων, ὅθʼ ἡλίσκετο, διεκπίπτουσιν. ὅσοι δὲ Φιδηνῶν διήμαρτον διεφθάρησαν ἢ ζῶντες ἀπήχθησαν ὑπὸ τῶν λαβόντων. </p>
</div>
</div>
<div type="textpart" subtype="chapter" n="23">
<div type="textpart" subtype="section" n="1">
<p>
τοῦτο τὸ κατόρθωμα Ῥωμαῖοι, καίπερ
εἰωθότες ἅπασι τοῖς μεγάλοις ἐπιφημίζειν τὸ δαιμόνιον, ἑνὸς ἔργον ἡγοῦντο τοῦ στρατηγοῦ γεγονέναι. καὶ τῶν μεμαχημένων πρῶτον ἦν ἀκούειν ὅτι χωλοὺς καὶ τυφλοὺς αὐτοῖς καὶ μόνον οὐ καθείρξας τοὺς πολεμίους Ποπλικόλας παρέδωκε χρῆσθαι τοῖς ξίφεσιν. ἐρρώσθη δὲ καὶ χρήμασιν ὁ δῆμος ἐκ τῶν λαφύρων καὶ τῶν αἰχμαλώτων. 
</p>
</div>
<div type="textpart" subtype="section" n="2">
<p>ὁ δὲ Ποπλικόλας τόν τε θρίαμβον ἀγαγὼν
καὶ τοῖς μετʼ αὐτὸν ἀποδειχθεῖσιν ὑπάτοις παραδοὺς τὴν πόλιν εὐθὺς ἐτελεύτησεν, ὡς ἐφικτόν ἐστιν ἀνθρώποις μάλιστα τοῖς νενομισμένοις καλοῖς καὶ ἀγαθοῖς, τόν ἑαυτοῦ βίον ἐκτελειώσας. ὁ δὲ δῆμος ὥσπερ οὐδὲν εἰς ζῶντα τῶν ἀξίων πεποιηκώς, ἀλλὰ πᾶσαν ὀφείλων χάριν, ἐψηφίσατο δημοσίᾳ ταφῆναι τὸ σῶμα, καὶ τεταρτημόριον ἕκαστον ἐπὶ τιμῇ συνεισενεγκεῖν.
</p>
</div>
<div type="textpart" subtype="section" n="3">
<p> αἱ δὲ
<pb n="p.564"/>
γυναῖκες, ἰδίᾳ πρὸς αὑτὰς συμφρονήσασαι, διεπένθησαν ἐνιαυτὸν ὅλον ἐπὶ τῷ ἀνδρὶ πένθος ἔντιμον καὶ ζηλωτόν. ἐτάφη δὲ καὶ οὕτως τῶν πολιτῶν ψηφισαμένων ἐντὸς ἄστεος παρὰ τὴν καλουμένην Οὐελίαν, ὥστε καὶ γένει παντὶ τῆς ταφῆς μετεῖναι· νῦν δὲ θάπτεται μὲν οὐδεὶς τῶν ἀπὸ γένους, κομίσαντες δὲ τόν νεκρὸν ἐκεῖ κατατίθενται καὶ δᾷδά τις ἡμμένην λαβὼν ὅσον ὑπήνεγκεν, εἶτα ἀναιρεῖται, μαρτυρόμενος ἔργῳ τὸ ἐξεῖναι, φείδεσθαι δὲ τῆς τιμῆς, καὶ τόν νεκρὸν οὕτως ἀποκομίζουσιν. </p>
</div>
</div>
    </div>
</body>
</text>
</TEI>
