<?xml version="1.0" encoding="UTF-8"?><TEI.2>
<teiHeader type="text">
<fileDesc>
<titleStmt>
<title>Instituta Laconica</title>
<title type="sub">Machine readable text</title>
<author n="Plut.">Plutarch</author>
<editor role="editor" n="Loeb">Frank Cole Babbitt</editor>
<sponsor>Perseus Project, Tufts University</sponsor>
<principal>Gregory Crane</principal>
<respStmt>
<resp>Prepared under the supervision of</resp>
<name>Lisa Cerrato</name>
<name>William Merrill</name>
<name>Elli Mylonas</name>
<name>David Smith</name>
</respStmt>
<funder n="org:NEH">The National Endowment for the Humanities</funder>
</titleStmt>
<extent/>
<publicationStmt>
<publisher>Trustees of Tufts University</publisher>
<pubPlace>Medford, MA</pubPlace>
<authority>Perseus Project</authority>
</publicationStmt>
<sourceDesc>
<biblStruct>
<analytic/>
<monogr>
<author>Plutarch</author>
<title>Moralia</title>
<respStmt>
<resp>with an English Translation by</resp>
<name>Frank Cole Babbitt</name>
</respStmt>
<imprint>
<pubPlace>Cambridge, MA</pubPlace>
<publisher>Harvard University Press</publisher>
<pubPlace>London</pubPlace>
<publisher>William Heinemann Ltd.</publisher>
<date>1931</date>
</imprint>
<biblScope type="volume">3</biblScope>
</monogr>
</biblStruct>
</sourceDesc>
</fileDesc>
<encodingDesc>
<editorialDecl>
<correction method="silent">
<p>optical character recognition</p>
</correction>
</editorialDecl>
<refsDecl doctype="TEI.2">
<state unit="section"/>
</refsDecl>
<refsDecl doctype="TEI.2">
<state unit="stephpage" n="chunk"/>
</refsDecl>
</encodingDesc>
<profileDesc>
<langUsage>
<language id="greek">Greek</language>
</langUsage>
</profileDesc>
<revisionDesc>
<change>
<date>5/10</date>
<respStmt>
<name>RS</name>
<resp/>
</respStmt>
<item>tagged and parsed</item>
</change>
</revisionDesc>
</teiHeader>
<text>
<body>
<pb id="v.3.p.426"/>
<milestone unit="stephpage" id="stephpage-236f" n="236f"/>
<div1 type="section" n="1">
<p>
<note resp="ed" place="unspecified" anchored="yes">
<foreign lang="greek">τα παλαια ... επιτηδευματα</foreign>] omitted in most mss.</note> τῶν εἰσιόντων εἰς τὰ συσσίτια ἑκάστῳ δεικνύων ὁ πρεσβύτατος τὰς θύρας, <q direct="unspecified">διὰ τούτων,</q> φησίν, <q direct="unspecified">οὐδεὶς ἐξέρχεται λόγος.</q>
</p>
</div1>
<div1 type="section" n="2">
<p>δοκιμαζομένου μάλιστα παρʼ αὐτοῖς τοῦ μέλανος λεγομένου ζωμοῦ, ὥστε μὴ κρεαδίου δεῖσθαι τοὺς πρεσβυτέρους, παραχωρεῖν δὲ τοῖς νεανίσκοις,<note resp="ed" place="unspecified" anchored="yes">
<foreign lang="greek">τοῖς νεανίσκοις</foreign> Turnebus, as in the <hi rend="italics">Life of Lycurgus</hi>, chap. xii.: <foreign lang="greek">τοὺς νεανίσκους</foreign>.</note> λέγεται Διονύσιος ὁ τῆς Σικελίας τύραννος τούτου
χάριν Λακωνικὸν μάγειρον πρίασθαι καὶ προστάξαι
σκευάσαι αὐτῷ μηδενὸς φειδόμενον ἀναλώματος· ἔπειτα γευσάμενον καὶ δυσχεράναντα ἀποπτύσαι καὶ τὸν μάγειρον εἰπεῖν, <q direct="unspecified">ὦ βασιλεῦ, τοῦτον δεῖ
<milestone unit="stephpage" id="stephpage-237a" n="237a"/> τὸν ζωμὸν γυμνασάμενον Λακωνικῶς καὶ τῷ
Εὐρώτᾳ λελουμένον ἐποψᾶσθαι.</q>
</p>
</div1>
<div1 type="section" n="3">
<p>πιόντες οἱ Λάκωνες ἐν τοῖς συσσιτίοις μετρίως ἀπίασι δίχα λαμπάδος· οὐ γὰρ ἔξεστι πρὸς φῶς βαδίζειν οὔτε ταύτην οὔτε ἄλλην ὁδόν, ὅπως
<pb id="v.3.p.428"/>
ἐθίζωνται σκότους καὶ νυκτὸς εὐθαρσῶς καὶ ἀδεῶς
ὁδεύειν.</p>
</div1>
<div1 type="section" n="4">
<p>γράμματα ἕνεκα τῆς χρείας ἐμάνθανον· τῶν
δὲ ἄλλων παιδευμάτων ξενηλασίαν ἐποιοῦντο, οὐ μᾶλλον ἀνθρώπων ἢ λόγων. ἡ δὲ παιδεία ἦν αὐτοῖς πρὸς τὸ ἄρχεσθαι καλῶς καὶ καρτερεῖν πονοῦντα καὶ μαχόμενον νικᾶν ἢ ἀποθνήσκειν.
</p>
</div1>
<div1 type="section" n="5">
<milestone unit="stephpage" id="stephpage-237b" n="237b"/>
<p>διετέλουν δὲ καὶ ἄνευ χιτῶνος, ἓν ἱμάτιον εἰς τὸν ἐνιαυτὸν λαμβάνοντες, αὐχμηροὶ τὰ σώματα καὶ λουτρῶν καὶ ἀλειμμάτων κατὰ τὸ πλεῖστον
ἀπεχόμενοι.</p>
</div1>
<div1 type="section" n="6">
<p>ἐκάθευδον. δὲ οἱ νέοι ὁμοῦ κατʼ ἴλην καὶ
κατὰ ἀγέλην ἐπὶ στιβάδων, ἃς αὐτοὶ συνεφόρουν, τοῦ παρὰ τῷ Εὐρώτᾳ πεφυκότος καλάμου τὰ ἄκρα ταῖς χερσὶν ἄνευ σιδήρου κατακλάσαντες - ἐν δὲ τῷ χειμῶνι τοὺς λεγομένους λυκόφονας<note resp="ed" place="unspecified" anchored="yes">
<foreign lang="greek">λυκόφονας</foreign> in the <hi rend="italics">Life of Lycurgus</hi>, chap. xvi.: <foreign lang="greek">λυκοφάνας</foreign> or <foreign lang="greek">λυκοφώνας</foreign>.</note> ὑπεβάλλοντο καὶ κατεμείγνυσαν ταῖς στιβάσι, θερμαντικὸν ἔχειν
τι τῆς ὕλης δοκούσης.</p>
</div1>
<div1 type="section" n="7">
<p>ἐρᾶν τῶν τὴν ψυχὴν σπουδαίων παίδων
ἐφεῖτο·<milestone unit="stephpage" id="stephpage-237c" n="237c"/> τὸ δὲ πλησιάζειν αἰσχρὸν νενόμιστο, ὡς τοῦ
σώματος ἐρῶντας ἀλλʼ
οὐ τῆς ψυχῆς· ὁ δὲ ἐγκληθεὶς
ὡς ἐπʼ αἰσχύνῃ πλησιάζων ἄτιμος διὰ βίου ἦν.</p>
</div1>
<div1 type="section" n="8">
<p>ἔθος ἦν καὶ τοὺς νεωτέρους ὑπὸ τῶν
πρεσβυτέρων ἐρωτᾶσθαι ποῦ πορεύονται καὶ ἐπὶ τί,
<pb id="v.3.p.430"/>
καὶ τὸν μὴ ἀποκρινόμενον ἢ προφάσεις πλέκοντα ἐπιπλήττειν ὁ δὲ μὴ ἐπιπλήττων παρόντος αὐτοῦ
ἁμαρτάνοντα ἔνοχος ἦν τῷ ἴσῳ ἐπιτιμίῳ ᾧπερ καὶ
ὁ ἁμαρτών· καὶ ὁ δυσχεραίνων δέ, εἰ ἐπιτιμῷτο,
ἐν μεγάλῳ ὀνείδει ἦν.</p>
</div1>
<div1 type="section" n="9">
<p>εἴ τις φωραθείη ἁμαρτάνων, ἔδει τοῦτον
βωμόν τινα τῶν ἐν τῇ πόλει κύκλῳ περιιέναι,
<milestone unit="stephpage" id="stephpage-237d" n="237d"/> ψόγον ᾄδοντα πεποιημένον εἰς ἑαυτόν· ὅπερ ἦν οὐδὲν ἕτερον ἢ ἐπιπλήττειν αὐτὸν ἑαυτῷ.</p>
</div1>
<div1 type="section" n="10">
<p>καὶ τοὺς νέους δὲ οὐ μόνον τοὺς ἰδίους αἰδεῖσθαι πατέρας καὶ ὑπηκόους τούτοις εἶναι, ἀλλὰ πάντας τοὺς πρεσβυτέρους ἐντρέπεσθαι, καὶ ὁδῶν
ὑποχωροῦντας καὶ καθέδρας ὑπεξισταμένους καὶ
παρόντων<note resp="ed" place="unspecified" anchored="yes">
<foreign lang="greek">παρόντων</foreign> Xylander: <foreign lang="greek">παριόντων</foreign>.</note> ἡσυχάζοντας. διὸ καὶ ἦρχεν ἕκαστος οὐχ ὥσπερ ἐν ταῖς ἄλλαις πόλεσι τῶν αὑτοῦ
τέκνων καὶ δούλων καὶ κτημάτων, ἀλλʼ
ὥσπερ τῶν
αὑτοῦ καὶ τῶν τοῦ πλησίον, ὅπως ὅτι μάλιστα κοινωνῶσι καὶ φροντίζωσιν ὡς οἰκείων.</p>
</div1>
<div1 type="section" n="11">
<p>παῖς δὲ ὑπό τινος κολασθείς, εἰ τῷ πατρὶ
ἐξήγγειλεν, αἰσχρὸν ἦν τῷ πατρὶ μὴ προσεντεῖναι
<milestone unit="stephpage" id="stephpage-237e" n="237e"/> ἀκούσαντα πάλιν ἑτέρας· ἐπίστευον γὰρ ἑαυτοῖς ἐκ τῆς πατρίου ἀγωγῆς μηδὲν αἰσχρὸν προστάξαι τοῖς τέκνοις.</p>
</div1>
<div1 type="section" n="12">
<p>κλέπτουσι δὲ οἱ νέοι καὶ τῶν σιτίων ὅ τι
ἂν δύνωνται, μανθάνοντες εὐφυῶς ἐπιτίθεσθαι τοῖς 
καθεύδουσιν ἢ ῥᾳθύμως φυλάττουσι· τῷ δὲ ἁλόντι 
ζημία πληγαὶ καὶ τὸ πεινῆν. γλίσχρον γὰρ αὐτοῖς
<pb id="v.3.p.432"/> ἐστι δεῖπνον, ὅπως διʼ αὑτῶν ἀμυνόμενοι τὴν ἔνδειαν ἀναγκάζωνται τολμᾶν καὶ πανουργεῖν.</p>
</div1>
<div1 type="section" n="13">
<p>τόδε<note resp="ed" place="unspecified" anchored="yes">
<foreign lang="greek">τόδε</foreign> F.C.B. (<foreign lang="greek">τοῦτο</foreign> in the <hi rend="italics">Life of Lycurgus</hi>, chap. xvii.): <foreign lang="greek">τὸ δὲ</foreign>.</note> ἔργον τῆς σιτοδείας· διά τε ταῦτα
γλίσχρα<note resp="ed" place="unspecified" anchored="yes">
<foreign lang="greek">γλίσχρα</foreign> F.C.B.: <foreign lang="greek">γλίσχρον</foreign>.</note> ἦν καὶ ἵνʼ ἐθίζωνται μηδέποτε γίγνεσθαι
<milestone unit="stephpage" id="stephpage-237f" n="237f"/> πλήρεις, δύνασθαι δὲ πεινῆν· οὕτω γὰρ ᾤοντο καὶ
ἐν πολέμῳ χρησιμωτέρους ἔσεσθαι, εἰ δύναιντο
καὶ ἀσιτήσαντες ἐπιπονῆσαι· καὶ ἐγκρατεστέρους
δὲ καὶ εὐτελεστέρους, εἰ πλείω χρόνον διάγοιεν ἀπὸ μικρᾶς δαπάνης· τὴν δʼ
ἀνοψίαν ὑποφέρειν,<note resp="ed" place="unspecified" anchored="yes">
<foreign lang="greek">ὑποφέρειν</foreign> Meziriacus: <foreign lang="greek">ἀποφέρειν</foreign>.</note>
ὡς βρῶμα τὸ τυχὸν προσφέρεσθαι, ᾤοντο
ὑγιεινότερα τὰ σώματα ἀπὸ τῆς ἐλλειπούσης ποιεῖν
τροφῆς, νομίζοντες εἰς βάθος τε καὶ πλάτος ὁρμῇ<note resp="ed" place="unspecified" anchored="yes">
<foreign lang="greek">ὁρμῇ</foreign> F.C.B.: <foreign lang="greek">μὴ</foreign>.</note>
πιεζόμενα<note resp="ed" place="unspecified" anchored="yes">
<foreign lang="greek">πιεζόμενα</foreign> Turnebus: <foreign lang="greek">πιεζόμενον</foreign>.</note> ἐπαίρειν εἰς ὕψος τὰ σώματα, καὶ καλὰ
δὲ ποιεῖν· τὰς γὰρ ἰσχνὰς καὶ διακένους ἕξεις ὑπακούειν πρὸς τὴν διάρθρωσιν, τὰς δὲ
πολυτρόφους<note resp="ed" place="unspecified" anchored="yes">
<foreign lang="greek">πολυτρόφους</foreign> Xylander: <foreign lang="greek">πολυτρόπους</foreign>.</note> διὰ βάρος ἀντιβαίνειν.
</p>
</div1>
<div1 type="section" n="14">
<milestone unit="stephpage" id="stephpage-238a" n="238a"/>
<p>ἐσπούδαζον δὲ καὶ περὶ τὰ μέλη καὶ τὰς ᾠδὰς οὐδὲν ἧττον κέντρον δʼ εἶχε ταῦτα ἐγερτικὸν
θυμοῦ καὶ φρονήματος καὶ παραστατικὸν ὁρμῆς
ἐνθουσιώδους καὶ πρακτικῆς. καὶ ἡ λέξις ἦν
ἀφελὴς καὶ ἄθρυπτος· οὐδὲν δʼ ἕτερον εἶχεν ἢ ἐπαίνους τῶν γεννικῶς ζησάντων καὶ ὑπὲρ τῆς Σπάρτης ἀποθανόντων καὶ εὐδαιμονιζομένων, καὶ
ψόγους τῶν τρεσάντων ὡς ἀλγεινὸν καὶ
<pb id="v.3.p.434"/> κακοδαίμονα βιούντων βίον ἐπαγγελίαν τε καὶ
μεγαλαυχίαν πρὸς ἀρετὴν πρέπουσαν<note resp="ed" place="unspecified" anchored="yes">
<foreign lang="greek">ἐπαγγελίαν ... μεγαλαυχίαν ... πρέπουσαν</foreign> Pantazides and F.C.B.: <foreign lang="greek">ἐπαγγελία ... μεγαλαυχία ... πρέπουσα</foreign>. Kronenberg would put them all in the acc. plural.</note> ταῖς ἡλικίαις.</p>
</div1>
<div1 type="section" n="15">
<p>τριῶν οὖν χορῶν ὄντων κατὰ τὰς τρεῖς
ἡλικίας καὶ συνισταμένων ἐν ταῖς ἑορταῖς, ὁ μὲν τῶν γερόντων ἀρχόμενος ᾖδεν,
<quote rend="blockquote">ἁμές ποκʼ<note resp="ed" place="unspecified" anchored="yes">
<foreign lang="greek">ποκʼ</foreign>
<hi rend="italics">Life of Lycurgus</hi>, chap. xxi.: <foreign lang="greek">ποτʼ</foreign>.</note> ἦμες ἄλκιμοι νεανίαι·</quote>
<milestone unit="stephpage" id="stephpage-238b" n="238b"/>εἶτα ὁ τῶν ἀκμαζόντων ἀνδρῶν ἀμειβόμενος,
<quote rend="blockquote">ἁμὲς δέ γʼ εἰμές<note resp="ed" place="unspecified" anchored="yes">
<foreign lang="greek">εἰμές</foreign>
<hi rend="italics">Moralia</hi>, 544 e: <foreign lang="greek">ἐσμέν</foreign>.</note>· αἰ δὲ λῇς, αὐγάζεο·</quote>
ὁ δὲ τρίτος ὁ τῶν παίδων,
<quote rend="blockquote">ἁμὲς δὲ γʼ ἐσσόμεσθα πολλῷ κάρρονες.</quote>
</p>
</div1>
<div1 type="section" n="16">
<p>καὶ οἱ ἐμβατήριοι δὲ ῥυθμοὶ παρορμητικοὶ
πρὸς ἀνδρείαν καὶ θαρραλεότητα καὶ ὑπερφρόνησιν θανάτου, οἷς ἐχρῶντο ἔν τε χοροῖς καὶ πρὸς αὐλὸν ἐπάγοντες τοῖς πολεμίοις. ὁ γὰρ Λυκοῦργος
παρέζευξε τῇ κατὰ πόλεμον ἀσκήσει τὴν φιλομουσίαν, ὅπως τὸ ἄγαν πολεμικὸν τῷ ἐμμελεῖ κερασθὲν συμφωνίαν καὶ ἁρμονίαν ἔχῃ διὸ καὶ ἐν ταῖς μάχαις προεθύετο ταῖς Μούσαις ὁ βασιλεύς, ἵνα
λόγου ἀξίας παρέχωσι τὰς πράξεις οἱ μαχόμενοι
<milestone unit="stephpage" id="stephpage-238c" n="238c"/> καὶ μνήμης εὐκλεοῦς.
<pb id="v.3.p.436"/>
</p>
</div1>
<div1 type="section" n="17">
<p>εἰ δέ τις παραβαίνοι τι τῆς ἀρχαίας μουσικῆς, οὐκ ἐπέτρεπον ἀλλὰ καὶ τὸν Τέρπανδρον
ἀρχαϊκώτερον ὄντα καὶ ἄριστον τῶν καθʼ ἑαυτὸν κιθαρῳδῶν καὶ τῶν ἡρωικῶν πράξεων ἐπαινέτην, ὅμως οἱ ἔφοροι ἐζημίωσαν καὶ τὴν κιθάραν αὐτοῦ προσεπαττάλευσαν φέροντες, ὅτι μίαν μόνην χορδὴν ἐνέτεινε περισσοτέραν τοῦ ποικίλου τῆς φωνῆς χάριν μόνα γὰρ τὰ ἁπλούστερα τῶν μελῶν ἐδοκίμαζον. Τιμοθέου δὲ ἀγωνιζομένου τὰ Κάρνεια,
εἷς τῶν ἐφόρων μάχαιραν λαβὼν ἠρώτησεν αὐτὸν
<milestone unit="stephpage" id="stephpage-238d" n="238d"/> ἐκ ποτέρου τῶν μερῶν ἀποτέμῃ τὰς πλείους τῶν ἑπτὰ χορδῶν.</p>
</div1>
<div1 type="section" n="18">
<p>τῶν δὲ ταφῶν<note resp="ed" place="unspecified" anchored="yes">
<foreign lang="greek">τάφων</foreign>] <foreign lang="greek">ταφῶν</foreign> Bernardakis (probably from <hi rend="italics">tafa\s</hi> in the <hi rend="italics">Life of Lycurgus</hi>, chap. xvii.).</note> ἀνεῖλε τὴν δεισιδαιμονίαν
ἅπασαν ὁ Λυκοῦργος, ἐν τῇ πόλει θάπτειν τοὺς νεκροὺς καὶ πλησίον ἔχειν τὰ μνημεῖα τῶν ἱερῶν<note resp="ed" place="unspecified" anchored="yes">For <foreign lang="greek">ἔχειν ... ἱερῶν</foreign> Hartman would read <foreign lang="greek">ἔχειν τὰ ἠρία</foreign>, and Kronenberg would omit <foreign lang="greek">περιεῖλε ... μιασμούς</foreign>, both contradicted by the <hi rend="italics">Life of Lycurgus</hi>, chap. xxvii.</note>
               συγχωρήσας. περιεῖλε δὲ καὶ τοὺς μιασμούς.<note resp="ed" place="unspecified" anchored="yes">For <foreign lang="greek">ἔχειν ... ἱερῶν</foreign> Hartman would read <foreign lang="greek">ἔχειν τὰ ἠρία</foreign>, and Kronenberg would omit <foreign lang="greek">περιεῖλε ... μιασμούς</foreign>, both contradicted by the <hi rend="italics">Life of Lycurgus</hi>, chap. xxvii.</note> συνθάπτειν δὲ οὐδὲν ἐπέτρεψεν, ἀλλʼ ἐν φοινικίδι καὶ φύλλοις ἐλαίας θέντας τὸ σῶμα περιστέλλειν
κατʼ ἴσον ἅπαντας. ἀνεῖλε δὲ καὶ τὰς ἐπιγραφὰς τὰς ἐπὶ τῶν μνημείων, πλὴν τῶν ἐν πολέμῳ τελευτησάντων, καὶ τὰ πένθη καὶ τοὺς ὀδυρμούς.</p>
</div1>
<div1 type="section" n="19">
<p>ἀποδημεῖν δὲ οὐκ ἐξῆν αὐτοῖς, ἵνα μὴ
ξενικῶν <milestone unit="stephpage" id="stephpage-238e" n="238e"/> ἐθῶν καὶ βίων ἀπαιδεύτων μετέχωσι.
<pb id="v.3.p.438"/>
</p>
</div1>
<div1 type="section" n="20">
<p>καὶ ξενηλασίας δὲ εἰσηγήσατο, ὅπως οἱ παρεισρέοντες μὴ διδάσκαλοι κακοῦ τινος τοῖς πολίταις ὑπάρχωσι.</p>
</div1>
<div1 type="section" n="21">
<p>τῶν πολιτῶν ὃς ἂν μὴ ὑπομείνῃ τὴν τῶν παίδων ἀγωγὴν οὐ μετεῖχε<note resp="ed" place="unspecified" anchored="yes">
<foreign lang="greek">μετεῖχε</foreign>] <foreign lang="greek">μετέσχε</foreign> would be preferable. E. Kurtz would read <foreign lang="greek">μετέχει</foreign>, but the formal rules of grammar are not always observed!</note> τῶν τῆς πόλεως δικαίων.</p>
</div1>
<div1 type="section" n="22">
<p>ἔνιοι δʼ ἔφασαν ὅτι καὶ τῶν ξένων ὃς ἂν
ὑπομείνῃ τὴν τοιαύτην ἄσκησιν τῆς πολιτείας κατὰ
τὸ βούλημα τοῦ Λυκούργου μετεῖχε<note resp="ed" place="unspecified" anchored="yes">
<foreign lang="greek">μετεῖχε</foreign>] <foreign lang="greek">μετέσχε</foreign> would be preferable. E. Kurtz would read <foreign lang="greek">μετέχει</foreign>, but the formal rules of grammar are not always observed!</note> τῆς ἀρχῆθεν
<milestone unit="stephpage" id="stephpage-238f" n="238f"/> διατεταγμένης μοίρας.
πωλεῖν δʼ οὐκ ἐξῆν.</p>
</div1>
<div1 type="section" n="23">
<p>τοῖς τῶν πλησίον δʼ οἰκέταις ὡς ἰδίοις χρῆσθαι ἔθος ἦν, εἴ που δέοιντο, καὶ κυσὶ καὶ ἵπποις, εἰ μὴ οἱ δεσπόται χρῄζοιεν καὶ ἐν ἀγρῷ δὲ εἴ τίς  τινος ἐλλιπὴς γενόμενος δεηθείη, ἀνοίξας καὶ βαστάσας τὰ ἐπιτήδεια τοῦ ἔχοντος, τὰ σημεῖα<note resp="ed" place="unspecified" anchored="yes">
<foreign lang="greek">τὰ σημεῖα</foreign>] Bernardakis would place after <foreign lang="greek">ἀνοίξας</foreign>, as is suggested from Xenophon, <hi rend="italics">Constitution of Sparta</hi>, 6. 7.</note> σημηνάμενος κατέλειπεν.</p>
</div1>
<div1 type="section" n="24">
<p>ἐν τοῖς πολέμοις φοινικίσιν ἐχρῶντο· ἅμα μὲν γὰρ ἡ χρόα ἐδόκει αὐτοῖς ἀνδρικὴ εἶναι, ἅμα
δὲ τὸ αἱματῶδες τοῦ χρώματος πλείονα τοῖς ἀπείροις φόβον παρέχει<note resp="ed" place="unspecified" anchored="yes">
<foreign lang="greek">παρέχει</foreign>] <foreign lang="greek">παρέχειν</foreign> some mss.</note>, καὶ τὸ μὴ εὐπερίφωρον δὲ τοῖς πολεμίοις εἶναι, ἐάν τις αὐτῶν πληγῇ, ἀλλὰ διαλανθάνειν διὰ τὸ ὁμόχρουν χρήσιμον.</p>
</div1>
<div1 type="section" n="25">
<p>ὅταν στρατηγήματι τοὺς πολεμίους
<pb id="v.3.p.440"/> νικήσωσι, βοῦν τῷ Ἄρει θύουσιν· ὅταν δʼ ἐκ τοῦ φανεροῦ, ἀλεκτρυόνα, ἐθίζοντες τοὺς ἡγουμένους οὐ μόνον πολεμικοὺς ἀλλὰ καὶ στρατηγικοὺς εἶναι.
</p>
</div1>
<div1 type="section" n="26">
<milestone unit="stephpage" id="stephpage-239a" n="239a"/>
<p>ταῖς εὐχαῖς προστιθέασι τὸ ἀδικεῖσθαι δύνασθαι.</p>
</div1>
<div1 type="section" n="27">
<p>εὐχὴ δʼ αὐτῶν διδόναι τὰ καλὰ ἐπὶ τοῖς ἀγαθοῖς, καὶ πλέον οὐδέν.</p>
</div1>
<div1 type="section" n="28">
<p>Ἀφροδίτην σέβουσι τὴν ἐνόπλιον καὶ πάντας 
δὲ τοὺς θεοὺς θήλεις καὶ ἄρρενας λόγχας 
ἔχοντας ποιοῦνται, ὡς ἁπάντων τὴν πολεμικὴν 
ἀρετὴν ἐχόντων.
</p>
</div1>
<div1 type="section" n="29">
<p>ἐπιλέγουσι δὲ καὶ οἱ παροιμιαζόμενοι
<quote rend="blockquote">τὰν χεῖρα ποτιφέροντα τὰν τύχαν καλεῖν,</quote> 
ὡς δέον ἐπικαλεῖσθαι τοὺς θεοὺς μετὰ τοῦ ἐγχειρεῖν 
τι καὶ πράττειν, ἄλλως δὲ μή.</p>
</div1>
<div1 type="section" n="30">
<p>τοῖς παισὶν ἐπεδείκνυον τοὺς εἵλωτας μεθύσαντες<note resp="ed" place="unspecified" anchored="yes">
<foreign lang="greek">μεθύσαντες</foreign> Wyttenbach, as is plain from the <hi rend="italics">Life of Lycurgus</hi>, chap. xxviii. and the <hi rend="italics">Life of Demetrius</hi>, chap. i.: <foreign lang="greek">μεθύσαντας</foreign>.</note> εἰς ἀποτροπὴν πολυοινίας.
</p>
</div1>
<div1 type="section" n="31">
<milestone unit="stephpage" id="stephpage-239b" n="239b"/>
<p>ἔθος ἦν αὐτοῖς μηδὲ κόπτειν τὰς αὐλείους ἀλλʼ ἔξωθεν βοᾶν.</p>
</div1>
<div1 type="section" n="32">
<p>Στλεγγίσιν οὐ σιδηραῖς ἀλλὰ καλαμίναις ἐχρῶντο.</p>
</div1>
<div1 type="section" n="33">
<p>κωμῳδίας καὶ τραγῳδίας οὐκ ἠκροῶντο, ὅπως μήτε ἐν σπουδῇ μήτε ἐν παιδιᾷ ἀκούωσι τῶν ἀντιλεγόντων τοῖς νόμοις.
<pb id="v.3.p.442"/>
</p>
</div1>
<div1 type="section" n="34">
<p>Ἀρχίλοχον τὸν ποιητὴν ἐν Λακεδαίμονι 
γενόμενον αὐτῆς ὥρας ἐδίωξαν, διότι ἐπέγνωσαν 
αὐτὸν πεποιηκότα ὡς κρεῖττόν ἐστιν ἀποβαλεῖν τὰ 
ὅπλα ἢ ἀποθανεῖν· 
<quote rend="blockquote">
<l>ἀσπίδι μὲν Σαΐων τις ἀγάλλεται, ἣν περὶ θάμνῳ 
ἔντος<note resp="ed" place="unspecified" anchored="yes">
<foreign lang="greek">ἔντος</foreign> Brunck: <foreign lang="greek">ἐντὸς</foreign>.</note> ἀμώμητον κάλλιπον οὐκ ἐθέλων·
</l>
<l>αὐτὸς δʼ ἐξέφυγον θανάτου τέλος·<note resp="ed" place="unspecified" anchored="yes">
<foreign lang="greek">αὐτὸς ... τέλος</foreign> omitted here, is found in Sextus Empiricus, <hi rend="italics">Pyrrhon. Hypotyposes</hi>, iii. 216 (p. 182).</note> ἀσπὶς ἐκείνη
<milestone unit="stephpage" id="stephpage-239c" n="239c"/> ἐρρέτω· ἐξαῦθις κτήσομαι οὐ κακίω.</l>
</quote>
</p>
</div1>
<div1 type="section" n="35">
<p>κόραις καὶ κόροις κοινὰ τὰ ἱερά.</p>
</div1>
<div1 type="section" n="36">
<p>Σκιραφίδαν ἐζημίωσαν οἱ ἔφοροι, ὅτι ὑπὸ
πολλῶν ἠδικεῖτο.</p>
</div1>
<div1 type="section" n="37">
<p>Σακκοφόρον ἀνεῖλον, διότι παρυφὴν εἰς τὸν σάκκον ἐνέβαλεν.</p>
</div1>
<div1 type="section" n="38">
<p>τὸν ἐκ τοῦ γυμνασίου νεανίσκον ἐπετίμων, ὅτι τὴν εἰς Πυλαίαν ὁδὸν ἠπίστατο,</p>
</div1>
<div1 type="section" n="39">
<p>Κηφισοφῶντα, εἰπόντα περὶ τοῦ τυχόντος δύνασθαι ὅλην τὴν ἡμέραν λέγειν, ἐξέβαλον, φάμενοι τὸν ἀγαθὸν μυθητὰν δεῖν τοῖς πράγμασιν ἴσον τὸν λόγον ἔχειν.</p>
</div1>
<div1 type="section" n="40">
<p>οἱ παῖδες παρʼ αὐτοῖς ξαινόμενοι μάστιξι
<milestone unit="stephpage" id="stephpage-239d" n="239d"/> διʼ ὅλης τῆς ἡμέρας ἐπὶ τοῦ βωμοῦ τῆς Ὀρθίας Ἀρτέμιδος μέχρι θανάτου πολλάκις διακαρτεροῦσιν ἱλαροὶ καὶ γαῦροι, ἁμιλλώμενοι περὶ νίκης πρὸς
<pb id="v.3.p.444"/> ἀλλήλους, ὅστις αὐτῶν ἐπὶ πλέον τε καὶ μᾶλλον
καρτερήσειε τυπτόμενος· καὶ ὁ περιγενόμενος ἐν τοῖς μάλιστα ἐπίδοξός ἐστι. καλεῖται δὲ ἡ ἅμιλλα διαμαστίγωσις γίγνεται δὲ καθʼ
ἕκαστον ἔτος.</p>
</div1>
<div1 type="section" n="41">
<p>ἕν δέ τι τῶν καλῶν καὶ μακαρίων ἐδόκει παρεσκευακέναι τοῖς πολίταις ὁ Λυκοῦργος ἀφθονίαν σχολῆς· τέχνης μὲν γὰρ ἅψασθαι βαναύσου
τὸ παράπαν οὐκ ἐξῆν χρηματισμοῦ δὲ συναγωγὴν ἔχοντος ἐργώδη καὶ πραγματείας<note resp="ed" place="unspecified" anchored="yes">
<foreign lang="greek">πραγματείας</foreign>] <foreign lang="greek">πραγματείαν</foreign>, <hi rend="italics">Life of Lycurgus</hi>, chap. xxiv.</note>οὐδʼ ὁτιοῦν ἔδει
<milestone unit="stephpage" id="stephpage-239e" n="239e"/> διὰ τὸ κομιδῇ τὸν πλοῦτον ἄζηλον πεποιηκέναι καὶ ἄτιμον. οἱ δὲ εἵλωτες αὐτοῖς εἰργάζοντο
τὴν γῆν ἀποφέροντες<note resp="ed" place="unspecified" anchored="yes">
<foreign lang="greek">ἀποφέροντες</foreign> added by Turnebus.</note> ἀποφορὰν τὴν ἄνωθεν ἱσταμένην.<note resp="ed" place="unspecified" anchored="yes">
<foreign lang="greek">ἱσταμένην</foreign>] <foreign lang="greek">ἑσταμένην</foreign> most mss.</note>
ἐπάρατον<note resp="ed" place="unspecified" anchored="yes">
<foreign lang="greek">ἐπάρατον</foreign>] <foreign lang="greek">ἀπόρρητον</foreign> Wyttenbach.</note> δʼ ἦν πλείονός τινα μισθῶσαι, ἵνα ἐκεῖνοι μὲν κερδαίνοντες ἡδέως ὑπηρετῶσιν, οὗτοι
δὲ μὴ πλέον ἐπιζητῶσιν.</p>
</div1>
<div1 type="section" n="42">
<p>ἀπείρητο δʼ αὐτοῖς ναύταις εἶναι καὶ ναυμαχεῖν ὕστερον μέντοι ἐναυμάχησαν, καὶ τῆς
θαλάττης κρατήσαντες πάλιν ἀπέστησαν,
διαφθειρόμενα τὰ ἤθη τῶν πολιτῶν θεωροῦντες. ἀλλὰ πάλιν
μετεβάλοντο καθάπερ ἐν τοῖς ἄλλοις πᾶσι· καὶ γὰρ χρημάτων συναχθέντων τοῖς Λακεδαιμονίοις, οἱ
<pb id="v.3.p.446"/>
<milestone unit="stephpage" id="stephpage-239f" n="239f"/> συναγαγόντες θανάτῳ κατεδικάσθησαν. Ἀλκαμένει 
γὰρ καὶ Θεοπόμπῳ τοῖς βασιλεῦσι χρησμὸς 
ἐδόθη
<quote rend="blockquote">ἁ φιλοχρηματία Σπάρταν ὀλέει.<note resp="ed" place="unspecified" anchored="yes">
<foreign lang="greek">ὀλέει</foreign> or <foreign lang="greek">ἀπολεῖ</foreign> F.C.B.: <foreign lang="greek">ὀλεῖ</foreign>.</note>
</quote> 
ἀλλʼ ὅμως Λύσανδρος ἑλὼν Ἀθηναίους πολὺν 
χρυσὸν καὶ ἄργυρον εἰσήγαγε, καὶ παρεδέξαντο 
καὶ ἐτίμησαν τὸν ἄνδρα.
</p>
<p>τοῖς μὲν οὖν Λυκούργου χρωμένη νόμοις ἡ πόλις καὶ τοῖς ὅρκοις ἐμμείνασα ἐπρώτευε τῆς Ἑλλάδος εὐνομίᾳ καὶ δόξῃ χρόνον ἐτῶν πεντακοσίων· κατʼ
ὀλίγον δὲ παραβαινομένων καὶ πλεονεξίας καὶ
<milestone unit="stephpage" id="stephpage-240a" n="240a"/> φιλοπλουτίας παρεισδυομένης, καὶ τὰ τῆς δυνάμεως
ἠλαττοῦτο καὶ οἱ σύμμαχοι διὰ ταῦτα δυσμενῶς εἶχον πρὸς αὐτούς. ἀλλʼ ὅμως οὕτως ἔχοντες μετὰ τὴν Φιλίππου τοῦ Μακεδόνος ἐν Χαιρωνείᾳ νίκην, πάντων αὐτὸν τῶν Ἑλλήνων ἡγεμόνα κατά τε γῆν καὶ κατὰ θάλατταν ἀναγορευσάντων, καὶ μεταξὺ
δʼ Ἀλέξανδρον τὸν υἱὸν μετὰ τὴν Θηβαίων καταστροφήν, μόνοι Λακεδαιμόνιοι, καίπερ ἀτείχιστον πόλιν ἔχοντες καὶ ὀλίγοι πάνυ ὄντες διὰ τοὺς συνεχεῖς πολέμους καὶ πολὺ ἀσθενέστεροι καὶ εὐχείρωτοι γενόμενοι, πάνυ βραχέα τινὰ ζώπυρα
διασῴζοντες τῆς Λυκούργου νομοθεσίας, οὔτε
<milestone unit="stephpage" id="stephpage-240b" n="240b"/> συνεστράτευσαν οὔτε τούτοις οὔτε τοῖς μεταξὺ Μακεδονικοῖς βασιλεῦσιν, οὔτʼ εἰς συνέδριον κοινὸν εἰσῆλθον οὐδὲ φόρον ἤνεγκαν· ἕως οὗ παντάπασιν
<pb id="v.3.p.448"/> ὑπεριδόντες τὴν Λυκούργου νομοθεσίαν ὑπὸ τῶν ἰδίων πολιτῶν ἐτυραννεύθησαν μηδὲν ἔτι σῴζοντες τῆς πατρίου ἀγωγῆς, καὶ παραπλήσιοι τοῖς ἄλλοις
γενόμενοι τὴν πρόσθεν εὔκλειαν καὶ παρρησίαν ἀπέθεντο καὶ εἰς δουλείαν μετέστησαν, καὶ νῦν ὑπὸ Ῥωμαίοις καθάπερ οἱ ἄλλοι Ἕλληνες ἐγένοντο.</p>
</div1>
</body>
</text>
</TEI.2>
