<ti:work xmlns:ti="http://chs.harvard.edu/xmlns/cts" groupUrn="urn:cts:greekLit:tlg0057" xml:lang="grc" urn="urn:cts:greekLit:tlg0057.tlg013">
  <ti:title xml:lang="eng">De venarum arteriarumque dissectione</ti:title>
  <ti:edition urn="urn:cts:greekLit:tlg0057.tlg013.1st1K-grc1" workUrn="urn:cts:greekLit:tlg0057.tlg013">
    <ti:label xml:lang="eng">De venarum arteriarumque dissectione</ti:label>
    <ti:description xml:lang="eng">Galen, De venarum arteriarumque dissectione</ti:description>
  </ti:edition>
</ti:work>
