<ti:work xmlns:ti="http://chs.harvard.edu/xmlns/cts" groupUrn="urn:cts:greekLit:tlg0057" xml:lang="grc" urn="urn:cts:greekLit:tlg0057.tlg011">
  <ti:title xml:lang="eng">De anatomicis administrationibus</ti:title>
  <ti:edition urn="urn:cts:greekLit:tlg0057.tlg011.1st1K-grc1" workUrn="urn:cts:greekLit:tlg0057.tlg011">
    <ti:label xml:lang="eng">De anatomicis administrationibus</ti:label>
    <ti:description xml:lang="eng">Galen, De anatomicis administrationibus</ti:description>
  </ti:edition>
</ti:work>
