<ti:work xmlns:ti="http://chs.harvard.edu/xmlns/cts" groupUrn="urn:cts:greekLit:tlg0086" xml:lang="grc" urn="urn:cts:greekLit:tlg0086.tlg030">
  <ti:title xml:lang="eng">De partibus animalium</ti:title>
  <ti:edition urn="urn:cts:greekLit:tlg0086.tlg030.1st1K-grc1" workUrn="urn:cts:greekLit:tlg0086.tlg030">
    <ti:label xml:lang="eng">De partibus animalium</ti:label>
    <ti:description xml:lang="eng">Aristotle, De partibus animalium, Langkavel, Teubner, 1868</ti:description>
  </ti:edition>
</ti:work>
