<?xml version="1.0" encoding="UTF-8"?>
<?xml-model href="http://www.stoa.org/epidoc/schema/latest/tei-epidoc.rng" schematypens="http://relaxng.org/ns/structure/1.0"?>
<TEI xmlns="http://www.tei-c.org/ns/1.0">
	<teiHeader>
		<fileDesc>
			<titleStmt>
				<title>De mundo</title>
				<author>pseudo-Aristotle</author>
				<editor>Immanuel Bekker</editor>
				<funder>Andrew W. Mellon Foundation</funder>
				<respStmt>
					<resp>Published original versions of the electronic texts</resp>
					<orgName ref="http://www.graeco-arabic-studies.org/">A Digital Corpus for Graeco-Arabic
						Studies, funded by the Andrew W. Mellon Foundation</orgName>
					<persName>Mark Schiefsky, Harvard University</persName>
					<persName>Gregory R. Crane, Universität Leipzig</persName>
					<persName>Uwe Vagelpohl, University of Warwick</persName>
				</respStmt>
				<respStmt>
					<resp>Keyboarding</resp>
					<orgName xml:id="DDD">Digital Divide Data</orgName>
				</respStmt>
				<respStmt>
					<resp>Editor-in-Chief, Perseus Digital Library</resp>
					<persName>Gregory R. Crane</persName>
				</respStmt>
				<respStmt>
					<resp>Project Manager (University of Leipzig), 2016 - present</resp>
					<persName>Matt Munson</persName>
				</respStmt>
				<respStmt>
					<resp>Project Assistant (University of Leipzig), 2015 - present</resp>
					<persName>Annette Geßner</persName>
				</respStmt>
				<respStmt>
					<resp>Lead Developer (University of Leipzig)</resp>
					<persName>Thibault Clérice</persName>
				</respStmt>
				<respStmt>
					<resp>Technical Advisor</resp>
					<persName>Bruce Robertson</persName>
				</respStmt>
			</titleStmt>
			<publicationStmt>
				<authority>A Digital Corpus for Graeco-Arabic Studies, funded by the Andrew W. Mellon
					Foundation</authority>
				<publisher>University of Leipzig</publisher>
				<pubPlace>Germany</pubPlace>
				<idno type="filename">stoa0033a.tlg028.1st1K-grc1.xml</idno>
				<availability>
					<licence target="https://creativecommons.org/licenses/by-sa/4.0/">Available under a
						Creative Commons Attribution-ShareAlike 4.0 International License</licence>
				</availability>
				<date>2016</date>
			</publicationStmt>
			<sourceDesc>
				<biblStruct>
					<monogr>
						<title>Aristotelis Opera</title>
						<author>pseudo-Aristotle</author>
						<editor>Immanuel Bekker</editor>
						<imprint>
							<publisher>Oxford University Press</publisher>
							<pubPlace>Oxford</pubPlace>
							<biblScope unit="vol">3</biblScope>
							<biblScope unit="pp" from="131" to="157">131-157</biblScope>
							<date>1837</date>
						</imprint>
					</monogr>
					<ref target="https://catalog.hathitrust.org/Record/001222547">HathiTrust</ref>
				</biblStruct>
			</sourceDesc>
		</fileDesc>
		<encodingDesc>
			<p>The following text is encoded in accordance with EpiDoc standards and with the CTS/CITE
				Architecture.</p>
			<refsDecl n="CTS">
				<cRefPattern matchPattern="(.+)" n="chapter"
					replacementPattern="#xpath(/tei:TEI/tei:text/tei:body/tei:div/tei:div[@n='$1'])"/>
			</refsDecl>
		</encodingDesc>
		<profileDesc>
			<langUsage>
				<language ident="grc">Greek</language>
			</langUsage>
		</profileDesc>
	</teiHeader>
	<text>
		<body>

			<div type="edition" xml:lang="grc" n="urn:cts:greekLit:stoa0033a.tlg028.1st1K-grc1">
				<pb n="131"/>

				<div type="textpart" subtype="chapter" n="1">
					<head>ΠΕΡΙ ΚΟΣΜΟΥ <lb/>ΠΡΟΣ ΑΛΕΞΑΝΔΡΟΝ.</head>
					<p>ΠΟΛΛΑΚΙΣ μὲν ἔμοιγε θεῖόν τι καὶ δαιμόνιον ὄντως <lb/>χρῆμα ὦ Ἀλέξανδρε ἡ φιλοσοφία
						ἔδοξεν εἶναι, μάλιστα δὲ <lb/>ἐν οἷς μόνη διαραμένη πρὸς τὴν τῶν ὅλων θέαν ἐσπούδασε
						<lb/>γνῶναι τὴν ἐν αὐτοῖς ἀλήθειαν, καὶ τῶν ἄλλων ταύτης ἀποστάντων <lb/>διὰ τὸ ὕψος καὶ
						τὸ μέγεθος, αὕτη τὸ πρᾶγμα οὐκ <lb/>ἔδεισεν οὐδ’ αὑτὴν τῶν καλλίστων ἀπηξίωσεν, ἀλλὰ καὶ
						συγγενεστάτην <lb/>ἑαυτῇ καὶ μάλιστα πρέπουσαν ἐνόμισεν εἶναι <lb/>τὴν ἐκείνων μάθησιν.
						Ἐπειδὴ γὰρ οὐχ οἷόν τε ἦν τῷ σώματι <lb/>εἰς τὸν οὐράνιον ἀφικέσθαι τόπον καὶ τὴν γῆν
						ἐκλιπόντα <lb/>τὸν οὐράνιον ἐκεῖνον χῶρον κατοπτεῦσαι, καθάπερ <lb/>οἱ ἀνόητοί ποτε
						ἐπενόουν Ἀλωάδαι, ἡ γοῦν ψυχὴ διὰ φιλοσοφίας, <lb/>λαβοῦσα ἡγεμόνα τὸν νοῦν, ἐπεραιώθη
						καὶ ἐξεδήμησεν, <lb/>ἀκοπίαστόν τινα ὁδὸν εὑροῦσα, καὶ τὰ πλεῖστον ἀλλήλων <lb/>ἀφεστῶτα
						τοῖς τόποις τῇ διανοίᾳ συνεφρόνησε, ῥᾳδίως <lb/>οἶμαι τὰ συγγενῆ γνωρίσασα, καὶ θείῳ
						ψυχῆς ὄμματι <lb/>τὰ θεῖα καταλαβοῦσα, τοῖς τε ἀνθρώποις προφητεύουσα. <lb/>Τοῦτο δ’
						ἔπαθε, καθ’ ὅσον οἷόν τε ἦν, πᾶσιν ἀφθόνως μεταδοῦναι <lb/>βουληθεῖσα τῶν παρ’ αὑτῇ
						τιμίων. Διὸ καὶ τοὺς <lb/>μετὰ σπουδῆς διαγράψαντας ἡμῖν ἑνὸς τόπου φύσιν ἢ μιᾶς
						<lb/>σχῆμα πόλεως ἢ ποταμοῦ μέγεθος ἢ ὄρους κάλλος, οἷά τινες <pb n="132"/> ἤδη
						πεποιήκασι, φράζοντες οἱ μὲν τὴν Ὄσσαν, οἱ δὲ τὴν <lb/>Νύσαν, οἱ δὲ τὸ Κωρύκιον ἄντρον,
						οἱ δὲ ὁτιοῦν ἔτυχε τῶν <lb/>ἐπὶ μέρους, οἰκτίσειεν ἄν τις τῆς μικροψυχίας, τό τυχόντα
						<lb/>ἐκπεπληγμένους καὶ μέγα φρονοῦντας ἐπὶ θεωρίᾳ μικρᾷ. <lb/>Τοῦτο δὲ πάσχουσι διὰ τὸ
						ἀθέατοι τῶν κρειττόνων εἶναι, <lb/>κόσμου λέγω καὶ τῶν ἐν κόσμῳ μεγίστων οὐδέποτε γὰρ
						<lb/>ἂν τούτοις γνησίως ἐπιστήσαντες ἐθαύμαζόν τι τῶν ἄλλων, <lb/>ἀλλὰ πάντα αὐτοῖς τὰ
						ἄλλα μικρὰ κατεφαίνετο ἂν καὶ οὐδενὸς <lb/>ἄξια πρὸς τὴν τούτων ὑπεροχήν. Λέγωμεν δὴ
						ἡμεῖς, <lb/>καὶ καθ’ ὅσον ἐφικτόν, θεολογῶμεν περὶ τούτων συμπάντων, <lb/>ὡς ἕκαστον
						ἔχει φύσεως καὶ θέσεως καὶ κινήσεως. Πρέπειν <lb/>δὲ οἶμαί γε καὶ σοί, ὄντι ἡγεμόνων
						ἀρίστῳ, τὴν τῶν <lb/>μεγίστων ἱστορίαν μετιέναι, φιλοσοφίᾳ τε μηδὲν μικρὸν
						<lb/>ἐπινοεῖν, ἀλλὰ τοῖς τοιούτοις δώροις δεξιοῦσθαι τοὺς <lb/>ἀρίστους. </p>
				</div>
				<div type="textpart" subtype="chapter" n="2">
					<p>Κόσμος μὲν οὖν ἐστὶ σύστημα ἐξ οὐρανοῦ καὶ γῆς καὶ τῶν <lb/>ἐν τούτοις περιεχομένων
						φύσεων. Λέγεται δὲ καὶ ἑτέρως <lb/>κόσμος ἡ τῶν ὅλων τάξις τε καὶ διακόσμησις, ὑπὸ θεῶν
						τε <lb/>καὶ διὰ θεῶν φυλαττομένη. Ταύτης δὲ τὸ μὲν μέσον, <lb/>ἀκίνητόν τε ὂν καὶ
						ἑδραῖον, ἡ φερέσβιος εἴληχε γῆ, παντοδαπῶν <lb/>ζῴων ἑστία τε οὖσα καὶ μήτηρ. Τὸ δ’
						ὕπερθεν <lb/>αὐτῆς πᾶν τε καὶ πάντῃ πεπερατωμένον· ἧς τὸ ἀνωτάτω <lb/>θεῶν οἰκητήριον
						οὐρανὸς ὠνόμασται· πλήρης δὲ ὢν σωμάτων <lb/>θείων, ἃ δὴ καλεῖν ἄστρα εἰώθαμεν,
						κινούμενος κίνησιν ἀΐδιον, <lb/>μιᾷ περιαγωγῇ καὶ κύκλῳ συναναχορεύει πᾶσα τούτοις <pb
							n="133"/> ἀπαύστως δι’ αἰῶνος. Τοῦ δὲ σύμπαντος οὐρανοῦ τε <lb/>καὶ κόσμου
						σφαιροειδοῦς ὄντος καὶ κινουμένου, καθάπερ εἶπον, <lb/>ἐνδελεχῶς, δύο ἀκίνητα ἐξ ἀνάγκης
						ἐστὶ σημεῖα, καταντικρὺ <lb/>ἀλλήλων, καθάπερ τῆς ἐν τόρνῳ κυκλοφορουμένης <lb/>σφαίρας,
						στερεὰ μένοντα καὶ συνέχοντα τὴν σφαῖραν, περὶ <lb/>ἃ ὁ πᾶς κόσμος κινεῖται. Ὁ μὲν οὖν
						κόσμος ἐν κύκλῳ περιστρέφεται, <lb/>καλοῦνται δ’ οὗτοι πόλοι· δι’ ὧν εἰ νοήσαιμεν
						<lb/>ἐπεζευγμένην εὐθεῖαν, ἥν τινες ἄξονα καλοῦσι, διάμετρος <lb/>ἔσται τοῦ κόσμου,
						μέσην μὲν ἔχουσα τὴν γῆν, τοὺς δὲ δύο <lb/>πόλους πέρατα. Τῶν δὲ ἀκινήτων πόλων τούτων ὁ
						μὲν <lb/>ἀεὶ φανερός ἐστιν ὑπὲρ κορυφὴν ὢν κατὰ τὸ βόρειον κλίμα, <lb/>ἀρκτικὸς
						καλούμενος· ὁ δὲ ὑπὸ γῆν ἀεὶ κατακέκρυπται, κατὰ <lb/>τὸ νότιον, ἀνταρκτικὸς καλούμενος.
						Οὐρανοῦ δὲ καὶ ἄστρων <lb/>οὐσίαν μὲν αἰθέρα καλοῦμεν, οὐχ ὥς τινες διὰ τὸ πυρώδη οὖσαν
						<lb/>αἴθεσθαι, πλημμελοῦντες περὶ τὴν πλεῖστον πυρὸς ἀπηλλαγμένην <lb/>δύναμιν, ἀλλὰ διὰ
						τὸ ἀεὶ θεῖν κυκλοφορουμένην, <lb/>στοιχεῖον οὖσαν ἕτερον τῶν τεττάρων, ἀκήρατόν τε καὶ
						<lb/>θεῖον. Τῶν γε μὴν ἐμπεριεχομένων ἄστρων τὰ μὲν ἀπλανῆ <lb/>τῷ σύμπαντι οὐρανῷ
						συμπεριστρέφεται, τὰς αὐτὰς ἔχοντα <lb/>ἕδρας, ὧν μέσος ὁ ζῳοφόρος καλούμενος κύκλος
						ἐγκάρσιος <lb/>διὰ τῶν τροπικῶν διέζωσται, κατὰ μέρος διῃρημένος εἰς δώδεκα <lb/>ζῳδίων
						χώρας· τὰ δὲ πλανητὰ ὄντα οὔτε τοῖς προτέροις <lb/>ὁμοιοταχῶς κινεῖσθαι πέφυκεν οὔτε
						ἀλλήλοις, ἀλλ’ ἐν ἑτέροις <lb/>καὶ ἑτέροις κύκλοις, ὥστε αὐτῶν τὸν μὲν προσγειότερον
						<lb/>εἶναι τὸν δὲ ἀνώτερον. Τὸ μὲν οὖν τῶν ἀπλανῶν πλῆθός <lb/>ἐστιν ἀνεξεύρετον
						ἀνθρώποις, καίπερ ἐπὶ μιᾶς κινουμένων <lb/>ἐπιφανείας τῆς τοῦ σύμπαντος οὐρανοῦ· τὸ δὲ
						τῶν πλανήτων <lb/>εἰς ἑπτὰ μέρη κεφαλαιούμενον ἐν τοσούτοις ἐστὶ κύκλοις ἐφεξῆς
						<lb/>κειμένοις, ὥστε ἀεὶ τὸν ἀνωτέρω μείζω τοῦ ὑποκάτω <pb n="134"/> εἶναι, τούς τε ἑπτὰ
						ἐν ἀλλήλοις περιέχεσθαι, πάντας γε <lb/>μὴν ὑπὸ τῆς τῶν ἀπλανῶν σφαίρας περιειλῆφθαι.
						Συνεχῆ <lb/>δὲ ἔχει ἀεὶ τὴν θέσιν ταύτῃ ὁ τοῦ Φαίνοντος ἅμα καὶ <lb/>Κρόνου καλούμενος
						κύκλος, ἐφεξῆς δὲ ὁ τοῦ Φαέθοντος Διὸς <lb/>λεγόμενος, εἶθ’ ὁ Πυρόεις Ἡρακλέους τε καὶ
						Ἄρεος προσαγορευόμενος, <lb/>ἑξῆς δὲ ὁ Στίλβων, ὃν ἱερὸν Ἑρμοῦ καλοῦσιν <lb/>ἔνιοι,
						τινὲς δὲ Ἀπόλλωνος· μεθ’ ὃν ὁ τοῦ Φωσφόρου, ὃν <lb/>Ἀφροδίτης, οἱ δὲ Ἤρας
						προσαγορεύουσιν, εἶτα ὁ ἡλίου, καὶ <lb/>τελευταῖος ὁ τῆς σελήνης μέχρι γῆς ὁρίζεται. Ὁ
						δὲ αἰθὴρ <lb/>τά τε θεῖα ἐμπεριέχει σώματα καὶ τὴν τῆς κινήσεως τάξιν. <lb/>Μετὰ δὲ τὴν
						αἰθέριον καὶ θείαν φύσιν, ἥν τινα τεταγμένην <lb/>ἀποφαίνομεν, ἔτι δὲ ἄτρεπτον καὶ
						ἀνετεροίωτον καὶ ἀπαθῆ, <lb/>συνεχής ἐστιν ἡ δι’ ὅλων παθητή τε καὶ τρεπτή, καὶ τὸ
						σύμπαν <lb/>εἰπεῖν, φθαρτή τε καὶ ἐπίκηρος. Ταύτης δὲ αὐτῆς <lb/>πρώτη μέν ἐστιν ἡ
						λεπτομερὴς καὶ φλογώδης οὐσία, ὑπὸ τῆς <lb/>αἰθερίου φύσεως πυρουμένη διὰ τὸ μέγεθος
						αὐτῆς καὶ τὴν <lb/>ὀξύτητα τῆς κινήσεως· ἐν δὲ τῇ πυρώδει καὶ ἀτάκτῳ λεγομένῃ <lb/>τά τε
						σέλα διάττει καὶ φλόγες ἀκοντίζονται καὶ δοκίδες <lb/>τε καὶ βόθυνοι καὶ κομῆται
						λεγόμενοι στηρίζονται καὶ <lb/>σβέννυνται πολλάκις. Ἑξῆς δὲ ταύτης ὁ ἀὴρ ὑποκέχυται,
						<lb/>ζοφώδης ὢν καὶ παγετώδης τὴν φύσιν· ὑπὸ δὲ κινήσεως <lb/>λαμπόμενος ἅμα καὶ
						διακαιόμενος λαμπρότερός τε γίνεται <lb/>καὶ ἀλεεινός. Ἐν δὲ τούτῳ τῆς παθητῆς ὄντι καὶ
						αὐτῷ <lb/>δυνάμεως καὶ παντοδαπῶς ἀλλοιουμένῳ νέφη τε συνίστανται <lb/>καὶ ὄμβροι
						καταρράσσουσι, χιόνες τε καὶ πάχναι καὶ <lb/>χάλαζαι πνοαί τε ἀνέμων καὶ τυφώνων, ἔτι τε
						βρονταὶ καὶ <lb/>ἀστραπαὶ καὶ πτώσεις κεραυνῶν μυρίων τε γνόφων <lb/>συμπληγάδες. </p>
				</div>
				<pb n="135"/>

				<div type="textpart" subtype="chapter" n="3">
					<p>Ἑξῆς δὲ τῆς ἀερίου φύσεως γῆ τε καὶ θάλασσα ἐρήρεισται, <lb/>φυτοῖς βρύουσα καὶ ζῴοις
						πηγαῖς τε καὶ ποταμοῖς, <lb/>τοῖς μὲν ἀνὰ γῆν ἑλιττομένοις, τοῖς δὲ ἀνερευγομένοις εἰς
						<lb/>θάλασσαν. Πεποίκιλται δὲ καὶ χλόαις μυρίαις ὄρεσί τε <lb/>ὑψηλοῖς καὶ βαθυξύλοις
						δρυμοῖς, καὶ πόλεσιν, ἃς τὸ σοφὸν <lb/>ζῷον ἱδρύσατο ἄνθρωπος, νήσοις τε ἐναλίαις καὶ
						ἠπείροις. <lb/>Τὴν μὲν οὖν οἰκουμένην ὁ πολὺς λόγος εἴς τε νήσους <lb/>καὶ ἠπείρους
						διεῖλεν, ἀγνοῶν ὅτι καὶ ἡ σύμπασα μία νῆσός <lb/>ἐστιν, ὑπὸ τῆς Ἀτλαντικῆς καλουμένης
						θαλάσσης περιρρεομένη. <lb/>Πολλὰς δὲ καὶ ἄλλας εἰκὸς τῆσδε ἀντιπόρθμους ἄποθεν
						<lb/>κεῖσθαι, τὰς μὲν μείζους αὐτῆς, τὰς δὲ ἐλάττους, ἡμῖν δὲ <lb/>πάσας πλὴν τῆσδε
						ἀοράτους· ὅπερ γὰρ αἱ παρ’ ἡμῖν νῆσοι <lb/>πρὸς ταῦτα τὰ πελάγη πεπόνθασι, τοῦτο ἥδε ἡ
						οἰκουμένη <lb/>πρὸς τὴν Ἀτλαντικὴν θάλασσαν πολλαί τε ἕτεραι πρὸς <lb/>σύμπασαν τὴν
						θάλασσαν· καὶ γὰρ αὗται μεγάλαι τινές εἰσι <lb/>νῆσοι, μεγάλοις περικλυζόμεναι
						πελάγεσιν. Ἡ δὲ σύμπασα <lb/>τοῦ ὑγροῦ φύσις ἐπιπολάζουσα, κατά τινας τῆς γῆς
						<lb/>σπίλους τὰς καλουμένας ἀναπεφυκυῖα οἰκουμένας, ἑξῆς ἂν εἴη <lb/>τῆς ἀερίου μάλιστα
						φύσεως. Μετὰ δὲ ταύτην ἐν τοῖς βυθοῖς <lb/>κατὰ τὸ μεσαίτατον τοῦ κόσμου συνερηρεισμένη
						γῆ πᾶσα <lb/>καὶ πεπιεσμένη συνέστηκεν, ἀκίνητος καὶ ἀσάλευτος· καὶ τοῦτ’ <lb/>ἔστι τοῦ
						κόσμου τὸ πᾶν, ὃ καλοῦμεν κάτω. Πέντε δὴ <lb/>στοιχεῖα ταῦτα, ἐν πέντε χώραις σφαιρικῶς
						ἐγκείμενα, περιεχομένης <lb/>ἀεὶ τῆς ἐλάττονος τῇ μείζονι (λέγω δὲ γῆς μὲν ἐν
						<lb/>ὕδατι, ὕδατος δὲ ἐν ἀέρι, ἀέρος δὲ ἐν πυρί, πυρὸς δὲ ἐν αἰθέρι) <lb/>τὸν ὅλον
						κόσμον συνεστήσατο, καὶ τὸ μὲν ἄνω πᾶν θεῶν <lb/>ἀπέδειξεν οἰκητήριον, τὸ κάτω δὲ
						ἐφημέρων ζῴων. Αὐτοῦ γε <lb/>μὴν τούτου τὸ μὲν ὑγρόν ἐστιν, ὃ καλεῖν ποταμοὺς καὶ <pb
							n="136"/> νάματα καὶ θαλάσσας εἰθίσμεθα, τὸ δὲ ξηρόν, ὃ γῆν τε καὶ <lb/>ἠπείρους καὶ
						νήσους ὀνομάζομεν.</p>
					<p>Τῶν δὲ νήσων αἱ μέν εἰσι μεγάλαι, καθάπερ ἡ σύμπασα <lb/>ἥδε οἰκουμένη λέλεκται πολλαί
						τε ἕτεραι μεγάλοις περιρρεόμεναι <lb/>πελάγεσιν, αἱ δ’ εἰσὶν ἐλάττους, φανεραὶ δὲ ἡμῖν
						<lb/>καὶ ἐντὸς οὖσαι. Καὶ τούτων αἱ μὲν ἀξιόλογοι Σικελία καὶ <lb/>Σαρδὼ καὶ Κύρνος
						Κρήτη τε καὶ Εὔβοια καὶ Κύπρος καὶ <lb/>Λέσβος· αἱ δὲ ὑποδεέστεραι, ὧν αἱ μὲν Σποράδες,
						αἱ δὲ Κυκλάδες, <lb/>αἱ δὲ ἄλλως ὀνομάζονται.</p>
					<p>Πέλαγος δὲ τὸ μὲν ἔξω τῆς οἰκουμένης Ἀτλαντικόν τε <lb/>καὶ Ὠκεανὸς καλεῖται, περιρρέων
						ἡμᾶς. Ἐν δὲ τῷ πρὸς <lb/>δύσιν στενοπόρῳ διανεῳγὸς στόματι, κατὰ τὰς Ἡρακλείους
						<lb/>λεγομένας στήλας, τὸν εἴσρουν εἰς τὴν ἔσω θάλασσαν <lb/>ὡς ἂν εἰς λιμένα ποιεῖται,
						κατὰ μικρὸν δὲ ἐπιπλατυνόμενος <lb/>ἀναχεῖται, μεγάλους περιλαμβάνων κόλπους ἀλλήλοις
						συναφεῖς, <lb/>πῇ μὲν κατὰ στενοπόρους αὐχένας ἀνεστομωμένος, πῇ <lb/>δὲ πάλιν
						πλατυνόμενος. Πρῶτον μὲν οὖν λέγεται ἐγκεκολπῶσθαι <lb/>ἐν δεξιᾷ εἰσπλέοντι τὰς
						Ἡρακλείους στήλας, διχῶς, <lb/>εἰς τὰς καλουμένας Σύρτεις, ὧν τὴν μὲν μεγάλην τὴν δὲ
						<lb/>μικρὰν καλοῦσιν· ἐπὶ θάτερα δὲ οὐκέτι ὁμοίως ἀποκολπούμενος <lb/>τρία ποιεῖ πελάγη,
						τό τε Σαρδόνιον καὶ τὸ Γαλατικὸν <lb/>καλούμενον καὶ Ἀδρίαν, ἑξῆς δὲ τούτων ἐγκάρσιον
						<lb/>τὸ Σικελικόν, μετὰ δὲ τοῦτο τὸ Κρητικόν, συνεχὲς δὲ αὐτοῦ <lb/>τῇ μὲν τὸ Αἰγύπτιόν
						τε καὶ Παμφύλιον καὶ Σύριον, τῇ <lb/>δὲ τὸ Αἰγαῖόν τε καὶ Μυρτῷον. Ἀντιπαρήκει δὲ τοῖς
						εἰρημένοις <lb/>πολυμερέστατος ὢν ὁ Πόντος, οὗ τὸ μὲν μυχαίτατον <lb/>Μαιῶτις καλεῖται,
						τὸ δὲ ἔξω πρὸς τὸν Ἑλλήσποντον συνανεστόμωται <lb/>τῇ καλουμένῃ Προποντίδι. Πρός γε μὴν
						ταῖς <pb n="137"/> ἀνασχέσεσι τοῦ ἡλίου πάλιν εἰσρέων ὁ Ὠκεανός, τὸν Ἰνδικόν <lb/>τε καὶ
						Περσικὸν διανοίξας κόλπον, ἀναφαίνει συνεχῆ <lb/>τὴν Ἐρυθρὰν θάλασσαν διειληφώς. Ἐπὶ
						θάτερον δὲ κέρας <lb/>κατὰ στενόν τε καὶ ἐπιμήκη διήκων αὐχένα πάλιν ἀνευρύνεται,
						<lb/>τὴν Ὑρκανίαν τε καὶ Κασπίαν ὁρίζων· τὸ δὲ ὑπὲρ ταύτην <lb/>βαθὺν ἔχει τὸν ὑπὲρ τὴν
						Μαιῶτιν λίμνην τόπον. Εἶτα <lb/>κατ’ ὀλἵγον ὑπὲρ τοὺς Σκύθας τε καὶ Κελτικὴν σφίγγει
						<lb/>τὴν οἰκουμένην, πρός τε τὸν Γαλατικὸν κόλπον καὶ τὰς προειρημένας <lb/>Ἡρακλείους
						στήλας, ὧν ἔξω περιρρέει τὴν γῆν ὁ <lb/>Ὠκεανός. Ἐν τούτῳ γε μὴν νῆσοι μέγισταί τε
						τυγχάνουσιν <lb/>οὖσαι δύο, Βρετανικαὶ λεγόμεναι, Ἄλβιον καὶ Ἰέρνη, <lb/>τῶν
						προϊστορημένων μείζους, ὑπὲρ τοὺς Κελτοὺς κείμεναι. <lb/>Τούτων δὲ οὐκ ἐλάττους ἥ τε
						Ταπροβάνη πέραν Ἰνδῶν, <lb/>λοξὴ πρὸς τὴν οἰκουμένην, καὶ ἡ Φεβὸλ καλουμένη, κατὰ
						<lb/>τὸν Ἀραβικὸν κειμένη κόλπον. Οὐκ ὀλίγαι δὲ μικραὶ περὶ <lb/>τὰς Βρετανικὰς καὶ τὴν
						Ἰβηρίαν κύκλῳ περιεστεφάνωνται <lb/>τὴν οἰκουμένην ταύτην, ἣν δὴ νῆσον εἰρήκαμεν· ἧς
						πλάτος μέν <lb/>ἐστι κατὰ τὸ βαθύτατον τῆς ἠπείρου βραχὺ ἀποδέον τετρακισμυρίων
						<lb/>σταδίων, ὥς φασιν οἱ εὖ γεωγραφήσαντες, μῆκος <lb/>δὲ περὶ ἑπτακισμυρίους μάλιστα.
						Διαιρεῖται δὲ εἴς τε Εὐρώπην <lb/>καὶ Ἀσίαν καὶ Λιβύην.</p>
					<p>Εὐρώπη μὲν οὖν ἐστὶν ἧς ὅροι κύκλῳ στῆλαί τε Ἡρακλέους <lb/>καὶ μυχοὶ Πόντου θάλαττά τε
						Ὑρκανία, καθ’ ἣν <lb/>στενώτατος ἰσθμὸς εἰς τὸν Πόντον διήκει· τινὲς δὲ ἀπὸ <pb n="138"
						/> τοῦ ἰσθμοῦ Τάναϊν ποταμὸν εἰρήκασιν. Ἀσία δ’ ἐστὶ τὸ <lb/>ἀπὸ τοῦ εἰρημένου ἰσθμοῦ
						τοῦ τε Πόντου καὶ τῆς Ὑρκανίας <lb/>θαλάσσης μέχρι θατέρου ἰσθμοῦ, ὃς μεταξὺ κεῖται τοῦ
						τε <lb/>Ἀραβικοῦ κόλπου καὶ τῆς ἔσω θαλάσσης, περιεχόμενος ὑπό <lb/>τε ταύτης καὶ τοῦ
						πέριξ Ὠκεανοῦ· τινὲς δὲ τὸ ἀπὸ Τανάϊδος <lb/>μέχρι Νείλου στομάτων τίθενται τὸν τῆς
						Ἀσίας ὅρον. <lb/>Λιβύη δὲ τὸ ἀπὸ τοῦ Ἀραβικοῦ ἰσθμοῦ ἕως Ἡρακλέους <lb/>στηλῶν· οἱ δὲ
						ἀπὸ τοῦ Νείλου φασὶν ἕως ἐκείνων. Τὴν <lb/>δὲ Αἴγυπτον, ὑπὸ τῶν τοῦ Νείλου στομάτων
						περιρρεομένην, <lb/>οἱ μὲν τῇ Ἀσίᾳ οἱ δὲ τῇ Λιβύῃ προσάπτουσι, καὶ τὰς <lb/>νήσους οἱ
						μὲν ἐξαιρέτους ποιοῦσιν οἱ δὲ προσνέμουσι ταῖς <lb/>γείτοσιν ἀεὶ μοίραις. Γῆς μὲν δὴ καὶ
						θαλάττης φύσιν καὶ <lb/>θέσιν, ἥν τινα καλεῖν εἰώθαμεν οἰκουμένην, τοιάνδε τινὰ
						<lb/>ἱστορήκαμεν. </p>
				</div>
				<div type="textpart" subtype="chapter" n="4">
					<p>Περὶ δὲ τῶν ἀξιολογωτάτων ἐν αὐτῇ καὶ περὶ αὐτὴν παθῶν <lb/>νῦν λέγωμεν, αὐτὰ τὰ
						ἀναγκαῖα κεφαλαιούμενοι. <lb/>Δύο γὰρ δή τινες ἀπ’ αὐτῆς ἀναθυμιάσεις ἀναφέρονται
						συνεχῶς <lb/>εἰς τὸν ὑπὲρ ἡμᾶς ἀέρα, λεπτομερεῖς καὶ ἀόρατοι παντάπασιν, <lb/>εἴ τι μὴ
						κατὰ τὰς ἑῴας ἐστίν· αἵ τε διὰ ποταμῶν <lb/>τε καὶ ναμάτων ἀναφερόμεναι θεωροῦνται.
						Τούτων δὲ ἡ μέν <lb/>ἐστι ξηρὰ καὶ καπνώδης, ἀπὸ τῆς γῆς ἀπορρέουσα, ἡ δὲ νοτερὰ
						<lb/>καὶ ἀτμώδης, ἀπὸ τῆς ὑγρᾶς ἀναθυμιωμένη φύσεως. <lb/>Γίνονται δὴ ἀπὸ μὲν ταύτης
						ὁμίχλαι καὶ δρόσοι κὰι πάγων <lb/>ἰδέαι, νέφη τε καὶ ὄμβροι καὶ χιόνες καὶ χάλαζαι, ἀπὸ
						δὲ <lb/>τῆς ξηρᾶς ἄνεμοί τε καὶ πνευμάτων διαφοραί, βρονταί τε καὶ <lb/>ἀστραπαὶ καὶ
						πρηστῆρες καὶ κεραυνοὶ καὶ τἆλλα ἃ δὴ τούτοις <lb/>ἐστὶ σύμφυλα. Ἔστι δὲ ὁμίχλη μὲν
						ἀτμώδης ἀναθυμίασις <lb/>ἄγονος ὕδατος, ἀέρος μὲν παχυτέρα, νέφους δὲ <pb n="139"/>
						ἀραιοτέρα· γίνεται δὲ ἤτοι ἐξ ἀρχῆς νέφους ἢ ἐξ ὑπολείμματος. <lb/>Ἀντίπαλος δὲ αὐτῇ
						λέγεται καὶ ἔστιν αἰθρία, οὐδὲν <lb/>ἄλλο οὖσα πλὴν ἀὴρ ἀνέφελος καὶ ἀνόμιχλος. Δρόσος
						δ’ <lb/>ἐστὶν ὑγρὸν ἐξ αἰθρίας κατὰ σύστασιν λεπτὸν φερόμενον, <lb/>κρύσταλλος δὲ ἀθρόον
						ὕδωρ ἐξ αἰθρίας πεπηγός, πάχνη δὲ <lb/>δρόσος πεπηγυῖα, δροσοπάχνη δὲ ἡμιπαγὴς δρόσος.
						Νέφος <lb/>δ’ ἐστὶ πάχος ἀτμῶδες συνεστραμμένον, γόνιμον ὕδατος. <lb/>Ὄμβρος δὲ γίνεται
						μὲν κατ’ ἐκπιεσμὸν νέφους εὖ μάλα πεπαχυσμένου, <lb/>διαφορὰς δὲ ἴσχει τοσάσδε ὅσας καὶ
						ἡ τοῦ νέφους <lb/>θλίψις· ἠπία μὲν γὰρ οὖσα μαλακὰς ψακάδας διασπείρει, <lb/>σφοδρὰ δὲ
						ἁδροτέρας· καὶ τοῦτο καλοῦμεν ὑετόν, <lb/>ὄμβρου μείζω καὶ συνεχῆ συστρέμματα ἐπὶ γῆς
						φερόμενα. <lb/>Χιὼν δὲ γίνεται κατὰ νεφῶν πεπυκνωμένων ἀπόθραυσιν πρὸ <lb/>τῆς εἰς ὕδωρ
						μεταβολῆς ἀνακοπέντων· ἐργάζεται δὲ ἡ μὲν <lb/>κοπὴ τὸ ἀφρῶδες καὶ ἔκλευκον, ἡ δὲ
						σύμπηξις τοῦ ἐνόντος <lb/>ὑγροῦ τὴν ψυχρότητα οὔπω χυθέντος οὐδὲ ἠραιωμένου. <lb/>Σφόδρα
						δὲ αὕτη καὶ ἀθρόα καταφερομένη νιφετὸς ὠνόμασται. <lb/>Χάλαζα δὲ γίνεται νιφετοῦ
						συστραφέντος καὶ βρῖθος <lb/>ἐκ πιλήματος εἰς καταφορὰν ταχυτέραν λαβόντος· παρὰ δὲ
						<lb/>τὰ μεγέθη τῶν ἀπορρηγνυμένων θραυσμάτων οἵ τε ὄγκοι μείζους <lb/>αἵ τε φοραὶ
						γίνονται βιαιότεραι. Ταῦτα μὲν οὖν ἐκ <lb/>τῆς ὑγρᾶς ἀναθυμιάσεως πέφυκε
						συνεκπίπτειν.</p>
					<p>Ἐκ δὲ τῆς ξηρᾶς ὑπὸ ψύχους μὲν ὠσθείσης ὥστε ῥεῖν ἄνεμος <lb/>ἐγένετο· οὐδὲν γάρ ἐστιν
						οὗτος πλὴν ἀὴρ πολὺς ῥέων <lb/>καὶ ἀθρόος· ὅστις ἅμα καὶ πνεῦμα λέγεται. Λέγεται δὲ
						<lb/>καὶ ἑτέρως πνεῦμα ἥ τε ἐν φυτοῖς καὶ ζῴοις καὶ διὰ πάντων <lb/>διήκουσα ἔμψυχός τε
						καὶ γόνιμος οὐσία, περὶ ἧς νῦν λέγειν <lb/>οὐκ ἀναγκαῖον. Τὰ δὲ ἐν ἀέρι πνέοντα πνεύματα
						καλοῦμεν <lb/>ἀνέμους, αὔρας δὲ τὰς ἐξ ὑγροῦ φερομένας ἐκπνοάς. <pb n="140"/> Τῶν δ’
						ἀνέμων οἱ μὲν ἐκ νενοτισμένης γῆς πνέοντες ἀπόγειοι <lb/>λέγονται, οἱ δὲ ἐκ κόλπων
						διεξάττοντες ἐγκολπίαι· τούτοις <lb/>δὲ ἀνάλογόν τι ἔχουσιν οἱ ἐκ ποταμῶν καὶ λιμνῶν. Οἱ
						δὲ <lb/>κατὰ ῥῆξιν νέφους γινόμενοι καὶ ἀνάλυσιν τοῦ πάχους πρὸς <lb/>ἑαυτοὺς ποιούμενοι
						ἐκνεφίαι καλοῦνται· μεθ’ ὕδατος δὲ ἀθρόως <lb/>ῥαγέντος ἐξυδρίαι λέγονται. Καὶ οἱ μὲν
						ἀπ’ ἀνατολῆς συνεχεῖς <lb/>εὖροι κέκληνται, βορέαι δὲ οἱ ἀπὸ ἄρκτου, ζέφυροι δὲ <lb/>οἱ
						ἀπὸ δύσεως, νότοι δὲ οἱ ἀπὸ μεσημβρίας. Τῶν γε μὴν <lb/>εὔρων καικίας μὲν λέγεται ὁ ἀπὸ
						τοῦ περὶ τὰς θερινὰς <lb/>ἀνατολὰς τόπου πνέων ἄνεμος, ἀπηλιώτης δὲ ὁ ἀπὸ τοῦ <lb/>περὶ
						τὰς ἰσημερινάς, εὖρος δὲ ὁ ἀπὸ τοῦ περὶ τὰς χειμερινάς. <lb/>Καὶ τῶν ἐναντίων ζεφύρων
						ἀργέστης μὲν ὁ ἀπὸ τῆς θερινῆς <lb/>δύσεως, ὅν τινες καλοῦσιν ὀλυμπίαν, οἱ δὲ ἰάπυγα·
						ζέφυρος <lb/>δὲ ὁ ἀπὸ τῆς ἰσημερινῆς, λὶψ δὲ ὁ ἀπὸ τῆς χειμερινῆς. <lb/>Καὶ τῶν βορεῶν
						ἰδίως ὁ μὲν ἑξῆς τῷ καικίᾳ καλεῖται βορέας, <lb/>ἀπαρκτίας δὲ ὁ ἐφεξῆς ἀπὸ τοῦ πόλου
						κατὰ τὸ μεσημβρινὸν <lb/>πνέων, θρασκίας δὲ ὁ ἑξῆς πνέων τῷ ἀργέστῃ, ὃν ἔνιοι καικίαν
						<lb/>καλοῦσιν. Καὶ τῶν νότων ὁ μὲν ἀπὸ τοῦ ἀφανοῦς πόλου <lb/>φερόμενος ἀντίπαλος τῷ
						ἀπαρκτίᾳ καλεῖται νότος, <lb/>εὐρόνοτος δὲ ὁ μεταξὺ εὔρου καὶ νότου· τὸν δ’ ἐπὶ θάτερα
						<lb/>μεταξὺ λιβὸς καὶ νότου οἱ μὲν λιβόνοτον οἱ δὲ λιβοφοίνικα <lb/>καλοῦσιν. Τῶν δὲ
						ἀνέμων οἱ μέν εἰσιν εὐθύπνοοι, ὁπόσοι <lb/>διεκπνέουσι πρόσω κατ’ εὐθεῖαν, οἱ δὲ
						ἀνακαμψίπνοοι, καθάπερ <lb/>ὁ καικίας λεγόμενος. Καὶ οἱ μὲν χειμῶνος, ὥσπερ οἱ
						<lb/>νότοι, δυναστεύοντες, οἱ δὲ θέρους, ὡς οἱ ἐτησίαι λεγόμενοι, <lb/>μίξιν ἔχοντες τῶν
						τε ἀπὸ τῆς ἄρκτου φερομένων καὶ ζεφύρων· <lb/>οἱ δὲ ὀρνιθίαι καλούμενοι, ἐαρινοί τινες
						ὄντες ἄνεμοι, <lb/>βορέαι εἰσὶ τῷ γένει. Τῶν γε μὴν βιαίων πνευμάτων καταιγὶς <lb/>μέν
						ἐστι πνεῦμα ἄνωθεν τύπτον ἐξαίφνης, θύελλα δὲ <lb/>πνεῦμα βίαιον καὶ ἄφνω προσαλλόμενον,
						λαῖλαψ δὲ καὶ <pb n="141"/> στρόβιλος πνεῦμα εἱλούμενον κάτωθεν ἄνω, ἀναφύσημα δὲ
						<lb/>γῆς πνεῦμα ἄνω φερόμενον κατὰ τὴν ἐκ βυθοῦ τινὸς ἢ ῥήγματος <lb/>ἀνάδοσιν· ὅταν δὲ
						εἱλούμενον πολὺ φέρηται, πρηστὴρ <lb/>χθόνιός ἐστιν. Εἱληθὲν δὲ πνεῦμα ἐν νέφει παχεῖ τε
						καὶ <lb/>νοτερῷ, καὶ ἔξωθεν δι’ αὐτοῦ βιαίως ῥηγνύον τὰ συνεχῆ <lb/>πιλήματα τοῦ νέφους,
						βρόμον καὶ πάταγον μέγαν ἀπειργάσατο, <lb/>βροντὴν λεγόμενον, ὥσπερ ἐν ὕδατι πνεῦμα
						<lb/>σφοδρῶς ἐλαυνόμενον. Κατὰ δὲ τὴν τοῦ νέφους ἔκρηξιν <lb/>πυρωθὲν τὸ πνεῦμα καὶ
						λάμψαν ἀστραπὴ λέγεται· ὃ δὴ <lb/>πρότερον τῆς βροντῆς προσέπεσεν, ὕστερον γενόμενον,
						<lb/>ἐπεὶ τὸ ἀκουστὸν ὑπὸ τοῦ ὁρατοῦ πέφυκε φθάνεσθαι, τοῦ <lb/>μὲν καὶ πόρρωθεν
						ὁρωμένου, τοῦ δὲ ἐπειδὰν ἐμπελάσῃ τῇ <lb/>ἀκοῇ, καὶ μάλιστα ὅταν τὸ μὲν τάχιστον ᾖ τῶν
						ὄντων, <lb/>λέγω δὲ τὸ πυρῶδες, τὸ δὲ ἧττον ταχύ, ἀερῶδες ὄν, ἐν τῇ <lb/>πλήξει πρὸς
						ἀκοὴν ἀφικνούμενον. Τὸ δὲ ἀστράψαν ἀναπυρωθέν, <lb/>βιαίως ἄχρι τῆς γῆς διεκθέον,
						κεραυνὸς καλεῖται· <lb/>ἐὰν δὲ ἡμίπυρον ᾖ, σφοδρὸν δὲ ἄλλως καὶ ἀθρόον, πρηστήρ·
						<lb/>ἐὰν δὲ ἄπυρον ᾖ παντελῶς, τυφών. Ἕκαστον δὲ τούτων <lb/>κατασκῆψαν εἰς τὴν γῆν
						σκηπτὸς ὀνομάζεται. Τῶν δὲ <lb/>κεραυνῶν οἱ μὲν αἰθαλώδεις ψολόεντες λέγονται, οἱ δὲ
						ταχέως <lb/>διάττοντες ἀργῆτες, ἑλικίαι δὲ οἱ γραμμοειδῶς φερόμενοι, <lb/>σκηπτοὶ δὲ
						ὅσοι κατασκήπτουσιν εἴς τι. Συλλήβδην <lb/>δὲ τῶν ἐν ἀέρι φαντασμάτων τὰ μέν ἐστι κατ’
						ἔμφασιν <lb/>τὰ δὲ καθ’ ὑπόστασιν, κατ’ ἔμφασιν μὲν ἴριδες καὶ <lb/>ῥᾶβδοι καὶ τὰ
						τοιαῦτα, καθ’ ὑπόστασιν δὲ σέλα τε καὶ <lb/>διάττοντες καὶ κομῆται καὶ τὰ τούτοις
						παραπλήσια. Ἶρις <lb/>μὲν οὖν ἐστὶν ἔμφασις ἡλίου τμήματος ἢ σελήνης, ἐν νέφει
						<lb/>νοτερῷ καὶ κοίλῳ καὶ συνεχεῖ πρὸς φαντασίαν ὡς ἐν κατόπτρῳ <lb/>θεωρουμένη κατὰ
						κύκλου περιφέρειαν. Ῥᾶβδος δ’ <pb n="142"/> ἐστὶν ἴριδος ἔμφασις εὐθεῖα. Ἄλως δ’ ἐστὶν
						ἔμφασις <lb/>λαμπρότητος ἄστρου περίαυγος· διαφέρει δὲ ἴριδος, ὅτι ἡ <lb/>μὲν ἶρις ἐξ
						ἐναντίας φαίνεται ἡλίου καὶ σελήνης, ἡ δὲ ἅλως <lb/>κύκλῳ παντὸς ἄστρου. Σέλας δ’ ἐστὶ
						πυρὸς ἀθρόου ἔξαψις <lb/>ἐν ἀέρι. Τῶν δὲ σελάων ἃ μὲν ἀκοντίζεται ἃ δὲ στηρίζεται.
						<lb/>Ὁ μὲν οὖν ἐξακοντισμός ἐστι πυρὸς γένεσις ἐκ παρατρίψεως, <lb/>ἐν ἀέρι φερομένου
						ταχέως καὶ φαντασίαν μήκους <lb/>ἐμφαίνοντος διὰ τὸ τάχος· ὁ δὲ στηριγμός ἐστι χωρὶς
						<lb/>φορᾶς προμήκης ἔκτασις καὶ οἷον ἄστρου ῥῦσις· πλατυνομένη <lb/>δὲ κατὰ θάτερον
						κομήτης καλεῖται. Πολλάκις δὲ τῶν <lb/>σελάων τὰ μὲν ἐπιμένει πλείονα χρόνον, τὰ δὲ
						παραχρῆμα <lb/>σβέννυται. Πολλαὶ δὲ καὶ ἄλλαι φαντασμάτων ἰδέαι <lb/>θεωροῦνται,
						λαμπάδες τε καλούμεναι καὶ δοκίδες καὶ πίθοι <lb/>καὶ βόθυνοι, κατὰ τὴν πρὸς ταῦτα
						ὁμοιότητα ὧδε προσαγορευθεῖσαι. <lb/>Καὶ τὰ μὲν τούτων ἑσπέρια τὰ δὲ ἑῷα τὰ δὲ
						<lb/>ἀμφιφαῆ θεωρεῖται, σπανίως δὲ βόρεια καὶ νότια. Πάντα <lb/>δὲ ἀβέβαια· οὐδέποτε γάρ
						τι τούτων ἀεὶ φανερὸν ἱστόρηται <lb/>κατεστηριγμένον. Τὰ μὲν τοίνυν ἀέρια τοιαῦτα.</p>
					<p>Ἐμπεριέχει δὲ καὶ ἡ γῆ πολλὰς ἐν αὑτῇ, καθάπερ <lb/>ὕδατος, οὕτω καὶ πνεύματος καὶ
						πυρὸς πηγάς. Τούτων δὲ <lb/>αἱ μὲν ὑπὸ γῆν εἰσὶν ἀόρατοι, πολλαὶ δὲ ἀναπνοὰς ἔχουσι
						<lb/>καὶ ἀναφυσήσεις, ὥσπερ Λιπάρα τε καὶ Αἴτνη καὶ τὰ ἐν <lb/>Αἰόλου νήσοις· αἱ δὲ καὶ
						ῥέουσι πολλάκις ποταμοῦ δίκην, <lb/>καὶ μύδρους ἀναρριπτοῦσι διαπύρους. Ἔνιαι δὲ ὑπὸ γῆν
						<lb/>οὖσαι πλησίον πηγαίων ὑδάτων θερμαίνουσι ταῦτα, καὶ τὰ <lb/>μὲν χλιαρὰ τῶν ναμάτων
						ἀνιᾶσι, τὰ δὲ ὑπέρζεστα, τὰ δὲ εὖ <lb/>ἔχοντα κράσεως. Ὁμοίως δὲ καὶ τῶν πνευμάτων πολλὰ
						<lb/>πολλαχοῦ γῆς στόμια ἀνέῳκται, ὧν τὰ μὲν ἐνθουσιᾶν ποιεῖ <pb n="143"/> τοὺς
						ἐμπελάζοντας, τὰ δὲ ἀτροφεῖν, τὰ δὲ χρησμῳδεῖν, <lb/>ὥσπερ τὰ ἐν Δελφοῖς καὶ Λεβαδίᾳ· τὰ
						δὲ καὶ παντάπασιν <lb/>ἀναιρεῖ, καθάπερ τὸ ἐν Φρυγίᾳ. Πολλάκις δὲ καὶ συγγενὲς
						<lb/>πνεῦμα εὔκρατον ἐν γῇ παρεξωσθὲν εἰς μυχίους σήραγγας <lb/>αὐτῆς, ἔξεδρον γενόμενον
						ἐκ τῶν οἰκείων τόπων, <lb/>πολλὰ μέρη συνεκράδανεν. Πολλάκις δὲ πολὺ γενόμενον
						<lb/>ἔξωθεν ἐγκατειλήθη τοῖς ταύτης κοιλώμασι, καὶ ἀποκλεισθὲν <lb/>ἐξόδου μετὰ βίας
						αὐτὴν συνετίναξε, ζητοῦν ἔξοδον ἑαυτῷ, <lb/>καὶ ἀπειργάσατο πάθος τοῦτο ὃ καλεῖν
						εἰώθαμεν <lb/>σεισμόν. Τῶν δὲ σεισμῶν οἱ μὲν εἰς πλάγια σείοντες κατ’ <lb/>ὀξείας γωνίας
						ἐπικλίνται καλοῦνται, οἱ δὲ ἄνω ῥιπτοῦντες <lb/>καὶ κάτω κατ’ ὀρθὰς γωνίας βράσται, οἱ
						δὲ συνιζήσεις <lb/>ποιοῦντες εἰς τὰ κοῖλα χασματίαι· οἱ δὲ χάσματα ἀνοίγοντες <lb/>καὶ
						γῆν ἀναρρηγνύντες ῥῆκται καλοῦνται. Τούτων δὲ <lb/>οἱ μὲν καὶ πνεῦμα προσαναβάλλουσιν,
						οἱ δὲ πέτρας, οἱ δὲ <lb/>πηλόν, οἱ δὲ πηγὰς φαίνουσι τὰς πρότερον οὐκ οὔσας. Τινὲς
						<lb/>δὲ ἀνατρέποντες κατὰ μίαν πρόωσιν, οὓς καλοῦσιν ὤστας. <lb/>Οἱ δὲ ἀναπάλλοντες καὶ
						ταῖς εἰς ἑκάτερον ἐγκλίσεσι καὶ <lb/>ἀναπάλσεσι διορθοῦντες ἀεὶ τὸ σειόμενον παλματίαι
						λέγονται, <lb/>τρόμῳ πάθος ὅμοιον ἀπεργαζόμενοι. Γίνονται δὲ <lb/>καὶ μυκητίαι σεισμοί,
						σείοντες τὴν γῆν μετὰ βρόμου. Πολλάκις <lb/>δὲ χωρὶς σεισμοῦ γίνεται μύκημα γῆς, ὅταν τὸ
						πνεῦμα <lb/>σείειν μὲν μὴ ᾖ αὔταρκες, ἐνειλούμενον δ’ ἐν αὐτῇ κόπτηται <lb/>μετὰ ῥοθίου
						βίας. Συσσωματοποιεῖται δὲ τὰ εἰσιόντα πνεύματα <lb/>καὶ ὑπὸ τῶν ἐν τῇ γῇ ὑγρῶν
						κεκρυμμένων.</p>
					<p>Τὰ δὲ ἀνάλογον συμπίπτει τούτοις καὶ ἐν θαλάσσῃ· <lb/>χάσματά τε γὰρ γίνεται θαλάσσης
						καὶ ἀναχωρήματα πολλάκις, <lb/>καὶ κυμάτων ἐπιδρομαί, ποτὲ μὲν ἀντανακοπὴν <lb/>ἔχουσαι,
						ποτὲ δὲ πρόωσιν μόνον, ὥσπερ ἱστορεῖται περὶ <pb n="144"/> Ἑλίκην τε καὶ Βούραν.
						Πολλάκις δὲ καὶ ἀναφυσήματα <lb/>γίνεται πυρὸς ἐν τῇ θαλάσσῃ, καὶ πηγῶν ἀναβλύσεις καὶ
						<lb/>ποταμῶν ἐκβολαὶ καὶ δένδρων ἐκφύσεις, ῥοαί τε καὶ δῖναι <lb/>ταῖς τῶν πνευμάτων
						ἀνάλογον, αἱ μὲν ἐν μέσοις πελάγεσιν, <lb/>αἱ δὲ κατὰ τοὺς εὐρίπους τε καὶ πορθμούς.
						Πολλαί τε <lb/>ἀμπώτεις λέγονται καὶ κυμάτων ἄρσεις συμπεριοδεύειν ἀεὶ <lb/>τῇ σελήνῃ
						κατά τινας ὡρισμένους καιρούς. Ὡς δὲ τὸ πᾶν <lb/>εἰπεῖν, τῶν στοιχείων ἐγκεκραμένων
						ἀλλήλοις, ἐν ἀέρι τε καὶ <lb/>γῇ καὶ θαλάσσῃ κατὰ τὸ εἰκὸς αἱ τῶν παθῶν ὁμοιότητες
						<lb/>συνίστανται, τοῖς μὲν ἐπὶ μέρους φθορὰς καὶ γενέσεις φέρουσαι, <lb/>τὸ δὲ σύμπαν
						ἀνώλεθρόν τε καὶ ἀγένητον <lb/>φυλάττουσαι. </p>
				</div>
				<div type="textpart" subtype="chapter" n="5">
					<p>Καίτοι γέ τις ἐθαύμασε πῶς ποτέ, εἰ ἐκ τῶν ἐναντίων <lb/>ἀρχῶν συνέστηκεν ὁ κόσμος,
						λέγω δὴ ξηρῶν τε καὶ ὑγρῶν <lb/>ψυχρῶν τε καὶ θερμῶν, οὐ πάλαι διέφθαρται καὶ ἀπόλωλεν,
						<lb/>ὡς κἂν εἰ πόλιν τινὲς θαυμάζοιεν, ὅπως διαμένει συνεστηκυῖα <lb/>ἐκ τῶν ἐναντίων
						ἐθνῶν, πενήτων λέγω καὶ πλουσίων, <lb/>νέων γερόντων, ἀσθενῶν ἰσχυρῶν, πονηρῶν χρηστῶν.
						<lb/>Ἀγνοοῦσι δὲ ὅτι τοῦτ’ ἦν πολιτικῆς ὁμονοίας τὸ θαυμασιώτατον, <lb/>λέγω δὲ ὅτι ἐκ
						πολλῶν μίαν καὶ ὁμοίαν ἐξ ἀνομοίων <lb/>ἀποτελεῖ διάθεσιν, ὑποδεχομένη πἆσαν καὶ φύσιν
						<lb/>καὶ τύχην. Ἴσως δὲ καὶ τῶν ἐναντίων ἡ φύσις γλίχεται, <lb/>καὶ ἐκ τούτων ἀποτελεῖ
						τὸ σύμφωνον, οὐκ ἐκ τῶν ὁμοίων, <lb/>ὥσπερ ἀμέλει τὸ ἄρρεν συνήγαγε πρὸς τὸ θῆλυ καὶ οὐχ
						<lb/>ἑκάτερον πρὸς τὸ ὁμόφυλον, καὶ τὴν πρώτην ὁμόνοιαν διὰ <lb/>τῶν ἐναντίων συνῆψεν,
						οὐ διὰ τῶν ὁμοίων. Ἔοικε δὲ καὶ ἡ <lb/>τέχνη τὴν φύσιν μιμουμένη τοῦτο ποιεῖν· ζωγραφία
						μὲν γὰρ <lb/>λευκῶν τε καὶ μελάνων ὠχρῶν τε καὶ ἐρυθρῶν χρωμάτων <pb n="145"/>
						ἐγκερασαμένη φύσεις τὰς εἰκόνας τοῖς προηγουμένοις ἀπε <lb/>τέλεσε συμφώνους, μουσικὴ δὲ
						ὀξεῖς ἅμα καὶ βαρεῖς μακρούς <lb/>τε καὶ βραχεῖς φθόγγους μίξασα ἐν διαφόροις φωναῖς
						<lb/>μίαν ἀπετέλεσεν ἁρμονίαν, γραμματικὴ δὲ ἐκ φωνηέντων καὶ <lb/>ἀφώνων γραμμάτων
						κρᾶσιν ποιησαμένη τὴν ὅλην τέχνην <lb/>ἀπ’ αὐτῶν συνεστήσατο. Ταὐτὸ δὲ τοῦτο ἦν καὶ τὸ
						παρὰ <lb/>τῷ σκοτεινῷ λεγόμενον Ἡρακλείτῳ “συνάψειας οὖλα καὶ <lb/>οὐχὶ οὖλα,
						συμφερόμενον καὶ διαφερόμενον, συνᾷδον καὶ <lb/>διᾷδον· καὶ ἐκ πάντων ἕν, καὶ ἐξ ἑνὸς
						πάντα.”</p>
					<p>Οὕτως οὖν καὶ τὴν τῶν ὅλων σύστασιν, οὐρανοῦ λέγω καὶ <lb/>γῆς τοῦ τε σύμπαντος κόσμου,
						διὰ τῆς τῶν ἐναντιωτάτων <lb/>ἀρχῶν κράσεως μία διεκόσμησεν ἁρμονία· ξηρὸν γὰρ
						<lb/>ὑγρῷ, θερμὸν δὲ ψυχρῷ βαρεῖ τε κοῦφον μιγέν, καὶ ὀρθὸν <lb/>περιφερεῖ, γῆν τε πᾶσαν
						καὶ θάλασσαν αἰθέρα τε καὶ ἥλιον <lb/>καὶ σελήνην καὶ τὸν ὅλον οὐρανὸν διεκόσμησε μία ἡ
						διὰ πάντων <lb/>διήκουσα δύναμις, ἐκ τῶν ἀμίκτων καὶ ἑτεροίων, ἀέρος <lb/>τε καὶ γῆς καὶ
						πυρὸς καὶ ὕδατος, τὸν σύμπαντα κόσμον <lb/>δημιουργήσασα καὶ μιᾷ διαλαβοῦσα σφαίρας
						ἐπιφανείᾳ, <lb/>τάς τε ἐναντιωτάτας ἐν αὐτῷ φύσεις ἀλλήλαις ἀναγκάσασα <lb/>ὁμολογῆσαι,
						καὶ ἐκ τούτων μηχανησαμένη τῷ παντὶ σωτηρίαν. <lb/>Αἰτία δὲ ταύτης μὲν ἡ τῶν στοιχείων
						ὁμολογία, <lb/>τῆς δὲ ὁμολογίας ἡ ἰσομοιρία καὶ τὸ μηδὲν αὐτῶν πλέον <lb/>ἕτερον ἑτέρου
						δύνασθαι· τὴν γὰρ ἴσην ἀντίστασιν ἔχει τὰ <lb/>βαρέα πρὸς τὰ κοῦφα καὶ τὰ θερμὰ πρὸς τὰ
						θάτερα, τῆς <lb/>φύσεως ἐπὶ τῶν μειζόνων διδασκούσης ὅτι τὸ ἴσον σωστικόν <lb/>πώς ἐστιν
						ὁμονοίας, ἡ δὲ ὁμόνοια τοῦ πάντων γενετῆρος <lb/>καὶ περικαλλεστάτου κόσμου. Τίς γὰρ ἂν
						εἴη φύσις τοῦδε <lb/>κρείττων; Ἢν γὰρ ἂν εἴποι τις, μέρος ἐστὶν αὐτοῦ. Τό <pb n="146"/>
						τε καλὸν πᾶν ἐπώνυμόν ἐστι τούτου, καὶ τὸ τεταγμένον, <lb/>ἀπὸ τοῦ κόσμου λεγόμενον
						κεκοσμῆσθαι. Τίς δὲ τῶν ἐπὶ <lb/>μέρους δύναιτ’ ἂν ἐξισωθῆναι τῇ κατ’ οὐρανὸν τάξει τε
						καὶ <lb/>φορᾷ τῶν ἄστρων ἡλίου τε καὶ σελήνης, κινουμένων ἐν ἀκριβεστάτοις <lb/>μέτροις
						ἐξ αἰῶνος εἰς ἕτερον αἰῶνα. Τίς δὲ γένοιτ’ <lb/>ἂν ἀψεύδεια τοιάδε, ἥν τινα φυλάττουσιν
						αἱ καλαὶ καὶ <lb/>γόνιμοι τῶν ὅλων ὧραι, θέρη τε καὶ χειμῶνας ἐπάγουσαι <lb/>τεταγμένως,
						ἡμέρας τε καὶ νύκτας, εἰς μηνὸς ἀποτέλεσμα <lb/>καὶ ἐνιαυτοῦ; Καὶ μὴν μεγέθει μὲν ὁ
						αὐτὸς πανυπέρτατος, <lb/>κινήσει δὲ ὀξύτατος, λαμπρότητι δὲ εὐαυγέστατος, δυνάμει
						<lb/>δὲ ἀγήρως τε καὶ ἄφθαρτος. Οὗτος ἐναλίων ζῴων καὶ πεζῶν <lb/>καὶ ἀερίων φύσεις
						ἐχώρισε καὶ βίους ἐμέτρησε ταῖς ἑαυτοῦ <lb/>κινήσεσιν. Ἐκ τούτου πάντα ἐμπνεῖ τε καὶ
						ψυχὴν ἴσχει <lb/>τὰ ζῷα. Τούτου καὶ αἱ παράδοξοι νεοχμώσεις τεταγμένως
						<lb/>ἀποτελοῦνται, συναραττόντων μὲν ἀνέμων παντοίων, πιπτόντων <lb/>δὲ ἐξ οὐρανοῦ
						κεραυνῶν, ῥηγνυμένων δὲ χειμώνων <lb/>ἐξαισίων. Διὰ δὲ τούτων τὸ νοτερὸν ἐκπιεζόμενον τό
						τε <lb/>πυρῶδες διαπνεόμενον εἰς ὁμόνοιαν ἄγει τὸ πᾶν καὶ καθίστησιν. <lb/>Ἥ τε γῆ
						φυτοῖς κομῶσα παντοδαποῖς, νάμασί τε <lb/>περιβλύζουσα καὶ περιοχουμένη ζῴοις, κατὰ
						καιρὸν ἐκφύουσά <lb/>τε πάντα καὶ τρέφουσα καὶ δεχομένη, μυρίας τε φέρουσα <lb/>ἰδέας
						καὶ πάθη, τὴν ἀγήρω φύσιν ὁμοίως τηρεῖ, καίτοι <lb/>καὶ σεισμοῖς τινασσομένη καὶ
						πλημυρίσιν ἐπικλυζομένη, <lb/>πυρκαϊαῖς τε κατὰ μέρος φλογιζομένη. Ταῦτα δὲ πάντα
						<lb/>ἔοικεν αὐτῇ πρὸς ἀγαθοῦ γινόμενα τὴν δι’ αἰῶνος σωτηρίαν <lb/>παρέχειν· σειομένης
						τε γὰρ διεξάττουσιν αἱ τῶν πνευμάτων <lb/>παρεμπτώσεις κατὰ τὰ ῥήγματα τὰς ἀναπνοὰς
						ἴσχουσαι, <lb/>καθὼς ἄνω λέλεκται, καθαιρομένη τε ὄμβροις ἀποκλύζεται <pb n="147"/>
						πάντα τὰ νοσώδη, περιπνεομένη δὲ αὔραις τά τε ὑπ’ αὐτὴν <lb/>καὶ τὰ ὑπὲρ αὐτὴν
						εἰλικρινεῖται. Καὶ μὴν αἱ φλόγες μὲν τὸ <lb/>παγετῶδες πιαίνουσιν, οἱ πάγοι δὲ τὰς
						φλόγας ἀνιᾶσιν. <lb/>Καὶ τῶν ἐπὶ μέρους τὰ μὲν γίνεται, τὰ δὲ ἀκμάζει, τὰ δὲ
						<lb/>φθείρεται· καὶ αἱ μὲν γενέσεις ἐπαναστέλλουσι τὰς φθοράς, <lb/>αἱ δὲ φθοραὶ
						κουφίζουσι τὰς γενέσεις. Μία δὲ ἐκ πάντων <lb/>περαινομένη σωτηρία διὰ τέλους,
						ἀντιπεριισταμένων ἀλλήλοις <lb/>καὶ τοτὲ μὲν κρατούντων τοτὲ δὲ κρατουμένων, φυλάττει
						<lb/>τὸ σύμπαν ἄφθαρτον δι’ αἰῶνος. </p>
				</div>
				<div type="textpart" subtype="chapter" n="6">
					<p>Λοιπὸν δὲ δὴ περὶ τῆς τῶν ὅλων συνεκτικῆς αἰτίας <lb/>κεφαλαιωδῶς εἰπεῖν, ὃν τρόπον καὶ
						περὶ τῶν ἄλλων· πλημμελὲς <lb/>γὰρ περὶ κόσμου λέγοντας, εἰ καὶ μὴ δι’ ἀκριβείας,
						<lb/>ἀλλ’ οὖν γε ὡς εἰς τυπώδη μάθησιν, τὸ τοῦ κόσμου κυριώτατον <lb/>παραλιπεῖν.
						Ἀρχαῖος μὲν οὖν τις λόγος καὶ πάτριός <lb/>ἐστι πᾶσιν ἀνθρώποις ὡς ἐκ θεοῦ πάντα καὶ διὰ
						θεοῦ <lb/>ἡμῖν συνέστηκεν, οὐδεμία δὲ φύσις αὐτὴ καθ’ ἑαυτήν ἐστιν <lb/>αὐτάρκης,
						ἐρημωθεῖσα τῆς ἐκ τούτου σωτηρίας. Διὸ καὶ τῶν <lb/>παλαιῶν εἰπεῖν τινὲς προήχθησαν ὅτι
						πάντα ταῦτά ἐστι <lb/>θεῶν πλέα τὰ καὶ δι’ ὀφθαλμῶν ἰνδαλλόμενα ἡμῖν καὶ δι’ <lb/>ἀκοῆς
						καὶ πάσης αἰσθήσεως, τῇ μὲν θείᾳ δυνάμει πρέποντα <lb/>καταβαλλόμενοι λόγον, οὐ μὴν τῇ
						γε οὐσίᾳ. Σωτὴρ μὲν <lb/>γὰρ ὄντως ἁπάντων ἐστὶ καὶ γενέτωρ τῶν ὁπωσδήποτε <lb/>κατὰ
						τόνδε τὸν κόσμον συντελουμένων ὁ θεός, οὐ μὴν αὐτουργοῦ <lb/>καὶ ἐπιπόνου ζῴου κάματον
						ὑπομένων, ἀλλὰ δυνάμει <lb/>χρώμενος ἀτρύτῳ, δι’ ἧς καὶ τῶν πόρρω δοκούντων εἶναι
						<lb/>περιγίνεται. Τὴν μὲν οὖν ἀνωτάτω καὶ πρώτην ἕδραν αὐτὸς <lb/>ἔλαχεν, ὕπατός τε διὰ
						τοῦτο ὠνόμασται, καὶ κατὰ τὸν ποιητὴν <lb/>ἀκροτάτῃ κορυφῇ τοῦ σύμπαντος ἐγκαθιδρυμένος
						οὐρανοῦ· <pb n="148"/> μάλιστα δέ πως αὐτοῦ τῆς δυνάμεως ἀπολαύει τὸ <lb/>πλησίον αὐτοῦ
						σῶμα, καὶ ἔπειτα τὸ μετ’ ἐκεῖνο, καὶ ἐφεξῆς <lb/>οὕτως ἄχρι τῶν καθ’ ἡμᾶς τόπων. Διὸ γῆ
						τε καὶ τὰ ἐπὶ <lb/>τῆς γῆς ἔοικεν ἐν ἀποστάσει πλείστῃ τῆς ἐκ θεοῦ ὄντα <lb/>ὠφελείας
						ἀσθενῆ καὶ ἀκατάλληλα εἶναι καὶ πολλῆς μεστὰ <lb/>ταραχῆς· οὐ μὴν ἀλλὰ καὶ καθ’ ὅσον ἐπὶ
						πᾶν διικνεῖσθαι <lb/>πέφυκεν τὸ θεῖον, καὶ τὰ καθ’ ἡμᾶς ὁμοίως συμβαίνει· τά τε
						<lb/>ὑπὲρ ἡμᾶς κατὰ τὸ ἔγγιόν τε καὶ πορρωτέρω θεοῦ εἶναι <lb/>μᾶλλόν τε καὶ ἧττον
						ὠφελείας μεταλαμβάνοντα. Κρεῖττον <lb/>οὖν ὑπολαβεῖν, ὃ καὶ πρέπον ἐστὶ καὶ θεῷ μάλιστα
						<lb/>ἁρμόζον, ὡς ἡ ἐν οὐρανῷ δύναμις ἱδρυμένη καὶ τοῖς πλεῖστον <lb/>ἀφεστηκόσιν, ὡς ἔνι
						γε εἰπεῖν, καὶ σύμπασιν αἰτία γίνεται <lb/>σωτηρίας, μᾶλλον ἢ ὡς διήκουσα καὶ φοιτῶσα
						ἔνθα μὴ καλὸν <lb/>μηδὲ εὔσχημον αὐτουργεῖ τὰ ἐπὶ γῆς. Τοῦτο μὲν γὰρ <lb/>οὐδὲ ἀνθρώπων
						ἡγεμόσιν ἁρμόττει, παντὶ καὶ τῷ τυχόντι <lb/>ἐφίστασθαι ἔργῳ, οἷον στρατιᾶς ἄρχοντι ἢ
						πόλεως ἢ οἴκου <lb/>καὶ εἰ χρεὼν στρωματόδεσμον εἴη δῆσαι, καὶ εἴ τι φαυλότερον
						<lb/>ἀποτελεῖν ἔργον, ὃ ἐπὶ τοῦ μεγάλου βασιλέως οὐκ ἂν <lb/>τὸ τυχὸν ἀνδράποδον
						ποιήσειεν· ἀλλ’ οἷον ἱστορεῖτο Καμβύσου <lb/>Ξέρξου τε καὶ Δαρείου πρόσχημα, εἰς
						σεμνότητος <lb/>καὶ ὑπεροχῆς ὕψος μεγαλοπρεπῶς διεκεκόσμητο. Αὐτὸς μὲν <lb/>γάρ, ὡς
						λόγος, ἵδρυτο ἐν Σούσοις ἢ Ἐκβατάνοις, παντὶ <lb/>ἀόρατος, θαυμαστὸν ἐπέχων βασίλειον
						οἶκον καὶ περίβολον <lb/>χρυσῷ καὶ ἠλέκτρῳ καὶ ἐλέφαντι ἀστράπτοντα· πυλῶνες δὲ
						<lb/>πολλοὶ καὶ συνεχεῖς, πρόθυρά τε συχνοῖς εἰργόμενα σταδίοις <lb/>ἀπ’ ἀλλήλων θύραις
						τε χαλκαῖς καὶ τείχεσι μεγάλοις ὠχύρωτο· <lb/>ἔξω δὲ τούτων ἄνδρες οἱ πρῶτοι καὶ
						δοκιμώτατοι διεκεκόσμηντο, <lb/>οἱ μὲν ἀμφ’ αὐτὸν βασιλέα, δορυφόροι τε καὶ
						<lb/>θεράποντες, οἱ δὲ ἑκάστου περιβόλου φύλακες, πυλωροί τε <pb n="149"/> καὶ
						ὠτακουσταὶ λεγόμενοι, ὡς ἂν ὁ βασιλεὺς αὐτὸς δεσπότης <lb/>καὶ θεὸς ὀνομαζόμενος πάντα
						μὲν βλέποι, πάντα δ’ ἀκούοι. <lb/>Χωρὶς δὲ τούτων ἄλλοι καθεστήκεσαν προσόδων ταμίαι,
						<lb/>καὶ στρατηγοὶ πολέμων καὶ κυνηγεσίων, δώρων τε ἀποδεκτῆρες, <lb/>τῶν τε λοιπῶν
						ἔργων ἕκαστοι κατὰ τὰς χρείας ἐπιμεληταί. <lb/>Τὴν δὲ σύμπασαν ἀρχὴν τῆς Ἀσίας,
						περατουμένην <lb/>Ἐλλησπόντῳ μὲν ἐκ τῶν πρὸς ἑσπέραν μερὧν, Ἰνδῷ <lb/>δὲ ἐκ τῶν πρὸς ἕω,
						διειλήφεσαν κατὰ ἔθνη στρατηγοὶ καὶ <lb/>σατράπαι καὶ βασιλεῖς δοῦλοι τοῦ μεγάλου
						βασιλέως, ἡμεροδρόμοι <lb/>τε καὶ σκοποὶ καὶ ἀγγελιαφόροι φρυκτωριῶν τε <lb/>ἐποπτῆρες.
						Τοσοῦτος δὲ ἦν ὁ κόσμος, καὶ μάλιστα τῶν <lb/>φρυκτωριῶν, κατὰ διαδοχὰς πυρσευουσῶν
						ἀλλήλαις ἐκ περάτων <lb/>τῆς ἀρχῆς μέχρι Σούσων καὶ Ἐκβατάνων, ὥστε τὸν <lb/>βασιλέα
						γινώσκειν αὐθημερὸν πάντα τὰ ἐν τῇ Ἀσίᾳ καινουργούμενα. <lb/>Νομιστέον δὴ τὴν τοῦ
						μεγάλου βασιλέως <lb/>ὑπεροχὴν πρὸς τὴν τοῦ τὸν κόσμον ἐπέχοντος θεοῦ τοσοῦτον
						<lb/>καταδεεστέραν ὅσον τῆς ἐκείνου τὴν τοῦ φαυλοτάτου τε <lb/>καὶ ἀσθενεστάτου ζῴου,
						ὥστε εἴπερ ἄσεμνον ἦν αὐτῷ αὐτὸν <lb/>δοκεῖν Ξέρξην αὐτουργεῖν ἅπαντα καὶ ἐπιτελεῖν ἃ
						βούλοιτο <lb/>καὶ ἐφιστάμενον διοικεῖν, πολὺ μᾶλλον ἀπρεπὲς ἂν εἴη θεῷ· <lb/>σεμνότερον
						δὲ καὶ πρεπωδέστερον αὐτὸν μὲν ἐπὶ τῆς ἀνωτάτω <lb/>χώρας ἱδρῦσθαι, τὴν δὲ δύναμιν διὰ
						τοῦ σύμπαντος κόσμου <lb/>διήκουσαν ἥλιόν τε κινεῖν καὶ σελήνην, καὶ τὸν πάντα οὐρανὸν
						<lb/>περιάγειν, αἴτιόν τε γίνεσθαι τοῖς ἐπὶ τῆς γῆς σωτηρίας. <lb/>Οὐδὲν γὰρ
						ἐπιτεχνήσεως αὐτῷ δεῖ καὶ ὑπηρεσίας <lb/>τῆς παρ’ ἑτέρων, ὥσπερ τοῖς παρ’ ἡμῖν ἄρχουσι
						τῆς πολυχειρίας <lb/>διὰ τὴν ἀσθένειαν· ἀλλὰ τοῦτο ἦν τὸ θειότατον, τὸ <lb/>μετὰ
						ῥᾳστώνης καὶ ἁπλῆς κινήσεως παντοδαπὰς ἀποτελεῖν <pb n="150"/> ἰδέας, ὥσπερ ἀμέλει
						δρῶσιν οἱ μεγαλότεχνοι, διὰ μιᾶς <lb/>ὀργάνου σχαστηρίας πολλὰς καὶ ποικίλας ἐνεργείας
						ἀποτελοῦντες. <lb/>Ὁμοίως δὲ καὶ οἱ νευροσπάσται μίαν μήρινθον <lb/>ἐπισπασάμενοι
						ποιοῦσι καὶ αὐχένα κινεῖσθαι καὶ χεῖρα <lb/>τοῦ ζῴου καὶ ὦμον καὶ ὀφθαλμόν, ἔστι δὲ ὅτε
						πάντα τὰ <lb/>μέρη, μετά τινος εὐρυθμίας. Οὕτως οὖν καὶ ἡ θεία φύσις <lb/>ἀπό τινδς
						ἁπλῆς κινήσεως τοῦ πρώτου τὴν δύναμιν εἰς τὰ <lb/>ξυνεχῆ δίδωσι, καὶ ἀπ’ ἐκείνων πάλιν
						εἰς τὰ πορρωτέρω, <lb/>μέχρι ἂν διὰ τοῦ παντὸς διεξέλθῃ· κινηθὲν γὰρ ἕτερον ὑφ’
						<lb/>ἑτέρου καὶ αὐτὸ πάλιν ἐκίνησεν ἄλλο σὺν κόσμῳ, δρώντων <lb/>μὲν πάντων οἰκείως ταῖς
						σφετέραις κατασκευαῖς, οὐ τῆς <lb/>αὐτῆς δὲ ὁδοῦ πᾶσιν οὔσης, ἀλλὰ διαφόρου καὶ
						ἑτεροίας, <lb/>ἔστι δὲ οἷς καὶ ἐναντίας, καίτοι τῆς πρώτης οἷον ἐνδόσεως <lb/>εἰς
						κίνησιν μίαν γενομένης, ὥσπερ ἂν εἴ τις ἐξ ἄγγους ὁμοῦ <lb/>ῥίψειε σφαῖραν καὶ κύβον καὶ
						κῶνον καὶ κύλινδρον· ἕκαστον <lb/>γὰρ αὐτῶν κατὰ τὸ ἴδιον κινηθήσεται σχῆμα· ἢ εἴ τις
						ὁμοῦ <lb/>ζῷον ἔνυδρόν τε καὶ χερσαῖον καὶ πτηνὸν ἐν τοῖς κόλποις <lb/>ἔχων ἐκβάλοι·
						δῆλον γὰρ ὅτι τὸ μὲν νηκτὸν ἁλλόμενον εἰς <lb/>τὴν ἑαυτοῦ δίαιταν ἐκνήξεται, τὸ δὲ
						χερσαῖον εἰς τὰ σφέτερα <lb/>ἤθη καὶ νομοὺς διεξερπύσει, τὸ δὲ ἀέριον ἐξαρθὲν ἐκ γῆς
						<lb/>μετάρσιον οἰχήσεται πετόμενον, μιᾶς τῆς πρώτης αἰτίας <lb/>πᾶσιν ἀποδούσης τὴν
						οἰκείαν εὐμάρειαν. Οὕτως ἔχει καὶ <lb/>ἐπὶ κόσμου· διὰ γὰρ ἁπλῆς τοῦ σύμπαντος οὐρανοῦ
						περιαγωγῆς <lb/>ἡμέρᾳ καὶ νυκτὶ περατουμένης ἀλλοῖαι πάντων διέξοδοι <lb/>γίνονται,
						καίτοι ὑπὸ μιᾶς σφαίρας περιεχομένων, <lb/>τῶν μὲν θᾶττον τῶν δὲ σχολαιότερον κινουμένων
						παρά τε <lb/>τὰ τῶν διαστημάτων μήκη καὶ τὰς ἰδίας ἑκάστων κατασκευάς. <lb/>Σελήνη μὲν
						γὰρ ἐν μηνὶ τὸν ἑαυτῆς διαπεραίνεται <pb n="151"/> κύκλον, αὐξομένη τε καὶ μειουμένη καὶ
						φθίνουσα, ἥλιος δὲ <lb/>ἐν ἐνιαυτῷ καὶ οἱ τούτου ἰσόδρομοι, ὅ τε Φωσφόρος καὶ ὁ
						<lb/>Ἑρμῆς λεγόμενος, ὁ δὲ Πυρόεις ἐν διπλασίονι τούτων <lb/>χρόνῳ, ὁ δὲ Διὸς ἐν
						ἑξαπλασίονι τούτου, καὶ τελευταῖος ὁ <lb/>τοῦ Κρόνου λεγόμενος ἐν διπλασίονι καὶ ἡμίσει
						τοῦ ὑποκάτω. <lb/>Μία δὲ ἐκ πάντων ἁρμονία συνᾳδόντων καὶ χορευόντων κατὰ <lb/>τὸν
						οὐρανὸν ἐξ ἑνός τε γίνεται καὶ εἰς ἓν ἀπολήγει, κόσμον <lb/>ἐτύμως τὸ σύμπαν ἀλλ’ οὐκ
						ἀκοσμίαν ὀνομάσασα. Καθάπερ <lb/>δὲ ἐν χορῷ κορυφαίου κατάρξαντος συνεπηχεῖ πᾶς ὁ χορὸς
						<lb/>ἀνδρῶν, ἔσθ’ ὅτε καὶ γυναικῶν, ἐν διαφόροις φωναῖς ὀξυτέραις <lb/>καὶ βαρυτέραις
						μίαν ἁρμονίαν ἐμμελῆ κεραννύντων, οὕτως <lb/>ἔχει καὶ ἐπὶ τοῦ τὸ σύμπαν διέποντος θεοῦ·
						κατὰ γὰρ <lb/>τὸ ἄνωθεν ἐνδόσιμον ὑπὸ τοῦ φερωνύμως ἂν κορυφαίου προσαγορευθέντος
						<lb/>κινεῖται μὲν τὰ ἄστρα ἀεὶ καὶ ὁ σύμπας οὐρανός, <lb/>πορεύεται δὲ διττὰς πορείας ὁ
						παμφαὴς ἥλιος, τῇ μὲν <lb/>ἡμέραν καὶ νύκτα διορίζων ἀνατολῇ καὶ δύσει, τῇ δὲ τὰς
						<lb/>τέσσαρας ὥρας ἄγων τοῦ ἔτους, πρόσω τε βόρειος καὶ ὀπίσω <lb/>νότιος διεξέρπων.
						Γίνονται δὲ ὑετοὶ κατὰ καιρὸν καὶ ἄνεμοι <lb/>καὶ δρόσοι, τά τε πάθη τὰ ἐν τῷ περιέχοντι
						συμβαίνοντα, <lb/>διὰ τὴν πρώτην καὶ ἀρχαιόγονον αἰτίαν. Ἕπονται δὲ τούτοις <lb/>ποταμῶν
						ἐκροαί, θαλάσσης ἀνοιδήσεις, δένδρων ἐκφύσεις, <lb/>καρπῶν πεπάνσεις, γοναὶ ζῴων,
						ἐκτροφαί τε πάντων καὶ ἀκμαὶ <lb/>καὶ φθίσεις, συμβαλλομένης πρὸς ταῦτα καὶ τῆς ἑκάστου
						<lb/>κατασκευῆς, ὡς ἔφην. Ὅταν οὖν ὁ πάντων ἡγεμών τε <lb/>καὶ γενέτωρ, ἀόρατος ὢν ἄλλῳ
						πλὴν λογισμῷ, σημήνῃ <lb/>πάσῃ φύσει μεταξὺ οὐρανοῦ τε καὶ γῆς φερομένῃ, κινεῖται
						<lb/>πᾶσα ἐνδελεχῶς ἐν κύκλοις καὶ πέρασιν ἰδίοις, ποτὲ μὲν <lb/>ἀφανιζομένη ποτὲ δὲ
						φαινομένη, μυρίας ἰδέας ἀναφαίνουσά <lb/>τε καὶ πάλιν ἀποκρύπτουσα ἐκ μιᾶς ἀρχῆς. Ἔοικε
						δὲ κομιδῇ <lb/>τὸ δρώμενον τοῖς ἐν πολέμου καιροῖς μάλιστα γινομένοις, <pb n="152"/>
						ἐπειδὰν ἡ σάλπιγξ σημήνῃ τῷ στρατοπέδῳ· τότε γὰρ <lb/>τῆς φωνῆς ἕκαστος ἀκούσας ὁ μὲν
						ἀσπίδα ἀναιρεῖται, ὁ δὲ <lb/>θώρακα ἐνδύεται, ὁ δὲ κνημῖδας ἢ κράνος ἢ ζωστῆρα
						περιτίθεται· <lb/>καὶ ὁ μὲν ἵππον χαλινοῖς, ὁ δὲ συνωρίδα ἀναβαίνει, ὁ <lb/>δὲ σύνθημα
						παρεγγυᾷ· καθίσταται δὲ εὐθέως ὁ μὲν λοχαγὸς <lb/>εἰς λόχον, ὁ δὲ ταξίαρχος εἰς τάξιν, ὁ
						δὲ ἱππεὺς ἐπὶ <lb/>κέρας, ὁ δὲ ψιλὸς εἰς τὴν ἰδίαν ἐκτρέχει χώραν· πάντα δὲ <lb/>ὑφ’ ἕνα
						σημάντορα δινεῖται κατὰ πρόσταξιν τοῦ τὸ κράτος <lb/>ἔχοντος ἡγεμόνος. Οὕτω χρὴ καὶ περὶ
						τοῦ σύμπαντος φρονεῖν· <lb/>ὑπὸ γὰρ μιᾶς ῥοπῆς ὀτρυνομένων ἁπάντων γίνεται τὰ
						<lb/>οἰκεῖα, καὶ ταύτης ἀοράτου καὶ ἀφανοῦς. Ὅπερ οὐδαμῶς <lb/>ἐστὶν ἐμπόδιον οὔτε
						ἐκείνῃ πρὸς τὸ δρᾶν οὔτε ἡμῖν πρὸς τὸ <lb/>πιστεῦσαι· καὶ γὰρ ἡ ψυχή, δι’ ἣν ζῶμέν τε
						καὶ οἴκους καὶ <lb/>πόλεις ἔχομεν, ἀόρατος οὖσα τοῖς ἔργοις αὐτοῖς ὁρᾶται· <lb/>πᾶς γὰρ
						ὁ τοῦ βίου διάκοσμος ὑπὸ ταύτης εὕρηται καὶ διατέτακται <lb/>καὶ συνέχεται, γῆς ἀρόσεις
						καὶ φυτεύσεις, τέχνης <lb/>ἐπίνοιαι, χρήσεις νόμων, κόσμος πολιτείας, ἔνδημοι πράξεις,
						<lb/>ὑπερόριος πόλεμος, εἰρήνη. Ταῦτα χρὴ καὶ περὶ θεοῦ <lb/>διανοεῖσθαι, δυνάμει μὲν
						ὄντος ἰσχυροτάτου, κάλλει δὲ εὐπρεπεστάτου, <lb/>ζωῇ δὲ ἀθανάτου, ἀρετῇ δὲ κρατίστου,
						διότι <lb/>πάσῃ θνητῇ φύσει γενόμενος ἀθεώρητος ἀπ’ αὐτῶν τῶν ἔργων <lb/>θεωρεῖται. Τὰ
						γὰρ πάθη, καὶ τὰ δι’ ἀέρος ἅπαντα καὶ <lb/>τὰ ἐπὶ γῆς καὶ τὰ ἐν ὕδατι, θεοῦ λέγοιτ’ ἂν
						ὄντως ἔργα εἶναι <lb/>τοῦ τὸν κόσμον ἐπέχοντος· ἐξ οὗ κατὰ τὸν φυσικὸν
						<lb/>Ἐμπεδοκλέα</p>
					<lg>
						<l>πάνθ’ ὅσα τ’ ἦν ὅσα τ’ ἐστὶν ὅσα τ’ ἔσται ὀπίσσω,</l>
						<l>δένδρεά τ’ ἐβλάστησε καὶ ἀνέρες ἠδὲ γυναῖκες</l>
						<l>θῆρές τ’ οἰωνοί τε καὶ ὑδατοθρέμμονες ἰχθῦς.</l>
					</lg>

					<pb n="153"/>

					<p>Ἔοικε δὲ ὄντως, εἰ καὶ μικρότερον, παραβάλλειν τὸν κόσμον <lb/>τοῖς ὀμφαλοῖς λεγομένοις
						τοῖς ἐν ταῖς ψαλῖσι λίθοις, <lb/>οἳ μέσοι κείμενοι κατὰ τὴν εἰς ἑκάτερον μέρος ἔνδεσιν
						ἐν ἁρμονίᾳ <lb/>τηροῦσι καὶ ἐν τάξει τὸ πᾶν σχῆμα τῆς ψαλῖδος καὶ <lb/>ἀκίνητον. Φασὶ δὲ
						καὶ τὸν ἀγαλματοποιὸν Φειδίαν κατασκευαζόμενον <lb/>τὴν ἐν ἀκροπόλει Ἀθηνᾶν ἐν μέσῃ τῇ
						ταύτης <lb/>ἀσπίδι τὸ ἑαυτοῦ πρόσωπον ἐντυπώσασθαι, καὶ συνδῆσαι <lb/>τῷ ἀγάλματι διά
						τινος ἀφανοῦς δημιουργίας, ὥστε ἐξ ἀνάγκης, <lb/>εἴ τις βούλοιτο αὐτὸ περιαιρεῖν, τὸ
						σύμπαν ἄγαλμα <lb/>λύειν τε καὶ συγχεῖν. Τοῦτον οὖν ἔχει τὸν λόγον ὁ θεὸς <lb/>ἐν κόσμῳ,
						συνέχων τὴν τῶν ὅλων ἁρμονίαν τε καὶ σωτηρίαν, <lb/>πλὴν οὔτε μέσος ὤν, ἔνθα ἡ γῆ τε καὶ
						ὁ θολερὸς τόπος <lb/>οὗτος, ἀλλ’ ἄνω καθαρὸς ἐν καθαρῷ χώρῳ βεβηκώς, ὃν ἐτύμως
						<lb/>καλοῦμεν οὐρανὸν μὲν ἀπὸ τοῦ ὅρον εἶναι τῶν ἄνω, <lb/>ὄλυμπον δὲ οἷον ὁλολαμπῆ καὶ
						παντὸς ζόφου καὶ ἀτάκτου <lb/>κινήματος κεχωρισμένον, οἷα γίνεται παρ’ ἡμῖν διὰ χειμῶνος
						<lb/>καὶ ἀνέμων βίας, ὥσπερ ἔφη καὶ ὁ ποιητὴς Ὅμηρος</p>
					<lg>
						<l>Οὔλυμπόνδ’, ὅθι φασὶ θεῶν ἕδος ἀσφαλὲς αἰεί</l>
						<l>ἔμμεναι. Οὔτ’ ἀνέμοισι τινάσσεται οὔτε ποτ’ ὄμβρῳ</l>
						<l>δεύεται, οὔτε χιὼν ἐπιπίλναται, ἀλλὰ μάλ’ αἴθρη</l>
						<l>πέπταται ἀννέφελος, λευκὴ δ’ ἀναδέδρομεν αἴγλη.</l>
					</lg>
					<p>Συνεπιμαρτυρεῖ δὲ καὶ ὁ βίος ἅπας, τὴν ἄνω χώραν ἀποδοὺς <lb/>θεῷ· καὶ γὰρ πάντες οἱ
						ἄνθρωποι ἀνατείνομεν τὰς χεῖρας <lb/>εἰς τὸν οὐρανὸν εὐχὰς ποιούμενοι. Καθ’ ὃν λόγον οὐ
						κακῶς <lb/>κἀκεῖνο ἀναπεφώνηται</p>
					<l>Ζεὺς δ’ ἔλαχ’ οὐρανὸν εὐρὺν ἐν αἰθέρι καὶ νεφέλῃσιν.</l>
					<p>Διὸ καὶ τῶν αἰσθητῶν τὰ τιμιώτατα τὸν αὐτὸν ἐπέχει τόπον, <lb/>ἄστρα τε καὶ ἥλιος καὶ
						σελήνη. Μόνα τε τὰ οὐράνια <pb n="154"/> διὰ τοῦτο ἀεὶ τὴν αὐτὴν σώζοντα τάξιν
						διακεκόσμηται, <lb/>καὶ οὔ ποτε ἀλλοιωθέντα μετεκινήθη, καθάπερ τὰ ἐπὶ γῆς <lb/>εὔτρεπτα
						ὄντα πολλὰς ἑτεροιώσεις καὶ πάθη ἀναδέδεκται· <lb/>σεισμοί τε γὰρ ἤδη βίαιοι πολλὰ μέρη
						τῆς γῆς ἀνέρρηξαν, <lb/>ὄμβροι τε κατέκλυσαν ἐξαίσιοι καταρραγέντες, ἐπιδρομαί <lb/>τε
						κυμάτων καὶ ἀναχωρήσεις πολλάκις καὶ ἠπείρους ἐθαλάττωσαν <lb/>καὶ θαλάττας ἠπείρωσαν,
						βίαι τε πνευμάτων καὶ <lb/>τυφώνων ἔστιν ὅτε πόλεις ὅλας ἀνέτρεψαν, πυρκαϊαί τε καὶ
						<lb/>φλόγες αἱ μὲν ἐξ οὐρανοῦ γενόμεναι πρότερον, ὥσπερ φασίν, <lb/>ἐπὶ Φαέθοντος τὰ
						πρὸς ἕω μέρη κατέφλεξαν, αἱ δὲ πρὸς <lb/>ἑσπέραν ἐκ γῆς ἀναβλύσασαι καὶ ἐκφυσήσασαι,
						καθάπερ τῶν <lb/>ἐν Αἴτνῃ κρατήρων ἀναρραγέντων καὶ ἀνὰ τὴν γῆν φερομένων <lb/>χειμάρρου
						δίκην. Ἔνθα καὶ τὸ τῶν εὐσεβῶν γένος ἐξόχως <lb/>ἐτίμησε τὸ δαιμόνιον, περικαταληφθέντων
						ὑπὸ τοῦ <lb/>ῥεύματος διὰ τὸ βαστάζειν γέροντας ἐπὶ τῶν ὤμων γονεῖς <lb/>καὶ σώζειν·
						πλησίον γὰρ αὐτῶν γενόμενος ὁ τοῦ πυρὸς <lb/>ποταμὸς ἐξεσχίσθη, παρέτρεψέ τε τοῦ φλογμοῦ
						τὸ μὲν ἔνθα <lb/>τὸ δ’ ἔνθα, καὶ ἐτήρησεν ἀβλαβεῖς ἅμα τοῖς γονεῦσι τοὺς
						<lb/>νεανίσκους. Καθόλου δέ, ὅπερ ἐν νηῒ μὲν κυβερνήτης, ἐν ἅρματι <lb/>δὲ ἡνίοχος, ἐν
						χορῷ δὲ κορυφαῖος, ἐν πόλει δὲ νόμος, <lb/>ἐν στρατοπέδῳ δὲ ἡγεμών, τοῦτο θεὸς ἐν κόσμῳ,
						πλὴν καθ’ <lb/>ὅσον τοῖς μὲν καματηρὸν τὸ ἄρχειν πολυκίνητόν τε καὶ πολυμέριμνον,
						<lb/>τῷ δὲ ἄλυπον ἄπονόν τε καὶ πάσης κεχωρισμένον <lb/>σωματικῆς ἀσθενείας· ἐν ἀκινήτῳ
						γὰρ ἱδρυμένος πάντα <lb/>κινεῖ καὶ περιάγει, ὅπου βούλεται καὶ ὅπως, ἐν διαφόροις
						<lb/>ἰδέαις τε καὶ φύσεσιν, ὥσπερ ἀμέλει καὶ ὁ τῆς πόλεως νόμος <lb/>ἀκίνητος ὢν ἐν ταῖς
						τῶν χρωμένων ψυχαῖς πάντα οἰκονομεῖ <lb/>τὰ κατὰ τὴν πολιτείαν· ἐφεπόμενοι γὰρ αὐτῷ
						δῆλον <pb n="155"/> ὅτι ἐξίασιν ἄρχοντες. μὲν ἐπὶ τὰ ἀρχεῖα, θεσμοθέται δὲ εἰς <lb/>τὰ
						οἰκεῖα δικαστήρια, βουλευταὶ δὲ καὶ ἐκκλησιασταὶ εἰς συνέδρια <lb/>τὰ προσήκοντα, καὶ ὁ
						μέν τις εἰς τὸ πρυτανεῖον βαδίζει <lb/>σιτησόμενος, ὁ δὲ πρὸς τοὺς δικαστὰς
						ἀπολογησόμενος, <lb/>ὁ δὲ εἰς τὸ δεσμωτήριον ἀποθανούμενος. Γίνονται δὲ καὶ
						<lb/>δημοθοινίαι νόμιμοι καὶ πανηγύρεις ἐνιαύσιοι, θεῶν τε θυσίαι <lb/>καὶ ἡρώων
						θεραπεῖαι καὶ χοαὶ κεκμηκότων· ἄλλα δὲ ἄλλοις <lb/>ἐνεργούμενα κατὰ μίαν πρόσταξιν ἢ
						νόμιμον ἐξουσίαν σώζει <lb/>τὸ τοῦ ποιήσαντος ὄντως</p>
					<lg>
						<l>πόλις δ’ ὁμοῦ μὲν θυμιαμάτων γέμει,</l>
						<l>ὁμοῦ δὲ παιάνων τε καὶ στεναγμάτων.</l>
					</lg>
					<p>Οὕτως ὑποληπτέον καὶ ἐπὶ τῆς μείζονος πόλεως, λέγω δὲ <lb/>τοῦδε τοῦ κόσμου· νόμος μὲν
						γὰρ ἡμῖν ἰσοκλινὴς ὁ θεός, <lb/>οὐδεμίαν ἐπιδεχόμενος διόρθωσιν ἢ μετάθεσιν, κρείττων
						δέ, <lb/>οἶμαι, καὶ βεβαιότερος τῶν ἐν ταῖς κύρβεσιν ἀναγεγραμμένων. <lb/>Ἡγουμένου δὲ
						ἀεικινήτως αὐτοῦ καὶ ἐμμελῶς ὁ <lb/>σύμπας διοικονομεῖται διάκοσμος οὐρανοῦ καὶ γῆς,
						μεμερισμένος <lb/>κατὰ τὰς φύσεις πάσας διὰ τῶν οἰκείων σπερμάτων <lb/>εἴς τε τὰ φυτὰ
						καὶ ζῷα, κατὰ γένη τε καὶ εἴδη· καὶ γὰρ ἄμπελοι <lb/>καὶ φοίνικες καὶ περσέαι συκαῖ τε
						γλυκεραὶ καὶ ἐλαῖαι, <lb/>ὥς φησιν ὁ ποιητής, τὰ δὲ ἄκαρπα μὲν ἄλλας δὲ παρεχόμενα
						<lb/>χρείας, πλάτανοι καὶ πίτυες καὶ πύξοι</p>
					<l>κλήθρη τ’ αἴγειρός τε καὶ εὐώδης κυπάρισσος,</l>
					<p>αἵ τε καρπὸν ὀπώρης ἡδὺν ἄλλως δὲ δυσθησαύριστον <lb/>φέρουσαι,</p>
					<l>ὄχναι καὶ ῥοιαὶ καὶ μηλέαι ἀγλαόκαρποι,</l>
					<p>τῶν τε ζῴων τά τε ἄγρια καὶ ἥμερα, τά τε ἐν ἀέρι καὶ <lb/>ἐπὶ γῆς καὶ ἐν ὕδατι
						βοσκόμενα, γίνεται καὶ ἀκμάζει καὶ <pb n="156"/> φθείρεται τοῖς τοῦ θεοῦ πειθόμενα
						θεσμοῖς· πᾶν γὰρ ἑρπετὸν <lb/>τὴν γῆν νέμεται, ὥς φησιν Ἡράκλειτος. </p>
				</div>
				<div type="textpart" subtype="chapter" n="7">
					<p>Εἶς δὲ ὢν πολυώνυμός ἐστι, κατονομαζόμενος τοῖς πάθεσι <lb/>πᾶσιν ἅπερ αὐτὸς νεοχμοῖ.
						Καλοῦμεν δὲ αὐτὸν καὶ Ζῆνα <lb/>καὶ Δία, παραλλήλως χρώμενοι τοῖς ὀνόμασιν, ὡς ἂν εἰ
						<lb/>λέγοιμεν δι’ ὃν ζῶμεν. Κρόνου δὲ παῖς καὶ χρόνου λέγεται <lb/>διήκων ἐξ αἰῶνος
						ἀτέρμονος εἰς ἕτερον αἰῶνα· ἀστραπαῖός τε <lb/>καὶ βρονταῖος καὶ αἴθριος καὶ αἰθέριος
						κεραύνιός τε καὶ <lb/>ὑέτιος ἀπὸ τῶν ὑετῶν καὶ κεραυνῶν καὶ τῶν ἄλλων καλεῖται. <lb/>Καὶ
						μὴν ἐπικάρπιος μὲν ἀπὸ τῶν καρπῶν, πολιεὺς δὲ ἀπὸ <lb/>τῶν πόλεων ὀνομάζεται, γενέθλιός
						τε καὶ ἕρκειος καὶ ὁμόγνιος <lb/>καὶ πάτριος ἀπὸ τῆς πρὸς ταῦτα κοινωνίας, ἑταιρεῖός
						<lb/>τε καὶ φίλιος καὶ ξένιος καὶ στράτιος καὶ τροπαιοῦχος <lb/>καθάρσιός τε καὶ
						παλαμναῖος καὶ ἱκέσιος καὶ μειλίχιος, <lb/>ὥσπερ οἱ ποιηταὶ λέγουσι, σωτήρ τε καὶ
						ἐλευθέριος ἐτύμως, <lb/>ὡς δὲ τὸ πᾶν εἰπεῖν, οὐράνιός τε καὶ χθόνιος, πάσης ἐπώνυμος
						<lb/>ὢν φύσεώς τε καὶ τύχης ἅτε πάντων αὐτὸς αἴτιος ὤν. <lb/>Διὸ καὶ ἐν τοῖς Ὀρφικοῖς οὐ
						κακῶς λέγεται</p>
					<lg>
						<l>Ζεὺς πρῶτος γένετο, Ζεὺς ὕστατος ἀργικέραυνος·</l>
						<l>Ζεὺς κεφαλή, Ζεὺς μέσσα· Διὸς δ’ ἐκ πάντα τέτυκται.</l>
						<l>Ζεὺς πυθμὴν γαίης τε καὶ οὐρανοῦ ἀστερόεντος.</l>
						<l>Ζεὺς ἄρσην γένετο, Ζεὺς ἄμβροτος ἔπλετο νύμφη.</l>
						<l>Ζεὺς πνοιὴ πάντων, Ζεὺς ἀκαμάτου πυρὸς ὁρμή.</l>
						<l>Ζεὺς πόντοῦ ῥίζα, Ζεὺς ἥλιος ἠδὲ σελήνη.</l>
						<l>Ζεὺς βασιλεύς, Ζεὺς ἀρχὸς ἁπάντων ἀργικέραυνος·</l>
						<l>πάντας γὰρ κρύψας αὖθις φάος ἐς πολυγηθές</l>
						<l>ἐξ ἱερῆς κραδίης ἀνενέγκατο, μέρμερα ῥέζων.</l>
					</lg>

					<pb n="157"/>

					<p>Οἶμαι δὲ καὶ τὴν ἀνάγκην οὐκ ἄλλο τι λέγεσθαι πλὴν τοῦτον, <lb/>οἱονεὶ ἀνίκητον οὐσίαν
						ὄντα, εἱμαρμένην δὲ διὰ τὸ <lb/>εἴρειν τε καὶ χωρεῖν ἀκωλύτως, πεπρωμένην δὲ διὰ τὸ
						πεπερατῶσθαι <lb/>πάντα καὶ μηδὲν ἐν τοῖς οὖσιν ἄπειρον εἶναι, καὶ <lb/>μοῖραν ἀπὸ τοῦ
						μεμερίσθαι, Νέμεσιν δὲ ἀπὸ τῆς ἑκάστῳ <lb/>διανεμήσεως, Ἀδράστειαν δὲ ἀναπόδραστον
						αἰτίαν οὖσαν <lb/>κατὰ φύσιν, αἶσαν δὲ ἀεὶ οὖσαν. Τά τε περὶ τὰς μοίρας <lb/>καὶ τὸν
						ἄτρακτον εἰς τοῦτό πως νεύει· τρεῖς μὲν γὰρ οἱ μοῖραι <lb/>κατὰ τοὺς χρόνους
						μεμερισμέναι, νῆμα δὲ ἀτράκτου τὸ <lb/>μὲν ἐξειργασμένον, τὸ δὲ μέλλον, τὸ δὲ
						περιστρεφόμενον· <lb/>τέτακται δὲ κατὰ μὲν τὸ γεγονὸς μία τῶν μοιρῶν, Ἄτροπος, <lb/>ἐπεὶ
						τὰ παρελθόντα πάντα ἄτρεπτά ἐστιν, κατὰ δὲ τὸ <lb/>μέλλον Λάχεσις (εἰς πάντα γὰρ ἡ κατὰ
						φύσιν μένει λῆξις), <lb/>κατὰ δὲ τὸ ἐνεστὸς Κλωθώ, συμπεραίνουσά τε καὶ κλώθουσα
						<lb/>ἑκάστῳ τὰ οἰκεῖα. Περαίνεται δὲ καὶ ὁ μῦθος οὐκ <lb/>ἀτάκτως. Ταῦτα δὲ πάντα ἐστὶν
						οὐκ ἄλλο τι πλὴν ὁ <lb/>θεός, καθάπερ καὶ ὁ γενναῖος Πλάτων φησίν. Ὁ μὲν δὴ <lb/>θεός,
						ὥσπερ ὁ παλαιὸς λόγος, ἀρχήν τε καὶ τελευτὴν καὶ <lb/>μέσα τῶν ὄντων ἁπάντων ἔχων,
						εὐθείᾳ περαίνει κατὰ φύσιν <lb/>πορευόμενος· τῷ δὲ ἀεὶ ξυνέπεται δίκη, τῶν ἀπολειπομένων
						<lb/>τοῦ θείου νόμου τιμωρός, ἧς ὁ εὐδαιμονήσειν μέλλων μακάριός <lb/>τε καὶ εὐδαίμων ἐξ
						ἀρχῆς εὐθὺς μέτοχος εἴη. </p>
				</div>
			</div>
		</body>
	</text>
</TEI>
