<ti:work xmlns:ti="http://chs.harvard.edu/xmlns/cts" groupUrn="urn:cts:greekLit:tlg0057" xml:lang="grc" urn="urn:cts:greekLit:tlg0057.tlg017">
  <ti:title xml:lang="eng">De usu partium corporis humani I-XI</ti:title>
  <ti:edition urn="urn:cts:greekLit:tlg0057.tlg017.1st1K-grc1" workUrn="urn:cts:greekLit:tlg0057.tlg017">
    <ti:label xml:lang="eng">De usu partium corporis humani I-XI</ti:label>
    <ti:description xml:lang="eng">Galen, De usu partium corporis humani I-XI</ti:description>
  </ti:edition>
</ti:work>
