<ti:work xmlns:ti="http://chs.harvard.edu/xmlns/cts" groupUrn="urn:cts:greekLit:tlg0057" xml:lang="grc" urn="urn:cts:greekLit:tlg0057.tlg102">
  <ti:title xml:lang="eng">De musculorum dissectione ad tirones</ti:title>
  <ti:edition urn="urn:cts:greekLit:tlg0057.tlg102.1st1K-grc1" workUrn="urn:cts:greekLit:tlg0057.tlg102">
    <ti:label xml:lang="eng">De musculorum dissectione ad tirones</ti:label>
    <ti:description xml:lang="eng">Galen, De musculorum dissectione ad tirones</ti:description>
  </ti:edition>
</ti:work>
