<ti:work xmlns:ti="http://chs.harvard.edu/xmlns/cts" groupUrn="urn:cts:greekLit:tlg0057" xml:lang="grc" urn="urn:cts:greekLit:tlg0057.tlg023">
  <ti:title xml:lang="eng">An in arteriis sanguis contineatur</ti:title>
  <ti:edition urn="urn:cts:greekLit:tlg0057.tlg023.1st1K-grc1" workUrn="urn:cts:greekLit:tlg0057.tlg023">
    <ti:label xml:lang="eng">An in arteriis sanguis contineatur</ti:label>
    <ti:description xml:lang="eng">Galen, An in arteriis sanguis contineatur</ti:description>
  </ti:edition>
</ti:work>
