<?xml version="1.0" encoding="UTF-8"?><TEI.2>
<teiHeader type="text">
<fileDesc>
<titleStmt>
<title>Parallela minora</title>
<title type="sub">Machine readable text</title>
<author n="Plut.">Plutarch</author>
<editor role="editor" n="Loeb">Frank Cole Babbitt</editor>
<sponsor>Perseus Project, Tufts University</sponsor>
<principal>Gregory Crane</principal>
<respStmt>
<resp>Prepared under the supervision of</resp>
<name>Lisa Cerrato</name>
<name>William Merrill</name>
<name>Elli Mylonas</name>
<name>David Smith</name>
</respStmt>
<funder n="org:NEH">The National Endowment for the Humanities</funder>
</titleStmt>
<extent/>
<publicationStmt>
<publisher>Trustees of Tufts University</publisher>
<pubPlace>Medford, MA</pubPlace>
<authority>Perseus Project</authority>
</publicationStmt>
<sourceDesc>
<biblStruct>
<analytic/>
<monogr>
<author>Plutarch</author>
<title>Moralia</title>
<respStmt>
<resp>with an English Translation by</resp>
<name>Frank Cole Babbitt</name>
</respStmt>
<imprint>
<pubPlace>Cambridge, MA</pubPlace>
<publisher>Harvard University Press</publisher>
<pubPlace>London</pubPlace>
<publisher>William Heinemann Ltd.</publisher>
<date>1936</date>
</imprint>
<biblScope type="volume">4</biblScope>
</monogr>
</biblStruct>
</sourceDesc>
</fileDesc>
<encodingDesc>
<editorialDecl>
<correction method="silent">
<p>optical character recognition</p>
</correction>
</editorialDecl>
<refsDecl doctype="TEI.2">
<state unit="section"/>
</refsDecl>
<refsDecl doctype="TEI.2">
<state unit="stephpage" n="chunk"/>
</refsDecl>
</encodingDesc>
<profileDesc>
<langUsage>
<language id="greek">Greek</language>
</langUsage>
</profileDesc>
<revisionDesc>
<change>
<date>5/10</date>
<respStmt>
<name>RS</name>
<resp/>
</respStmt>
<item>tagged and parsed</item>
</change>
</revisionDesc>
</teiHeader>
<text>
<body>
<pb id="v.4.p.256"/>
<div1 type="section" n="0">
<p>
<milestone unit="stephpage" id="stephpage-305a" n="305a"/>τὰς ἀρχαίας ἱστορίας διὰ τὰ παράδοξα τῆς πράξεως οἱ πλεῖστοι νομίζουσι πλάσματα καὶ μύθους
<milestone unit="stephpage" id="stephpage-305b" n="305b"/> τυγχάνειν εὑρὼν δʼ ἐγὼ καὶ ἐν τοῖς νῦν χρόνοις γεγονότα ὅμοια, τὰ ἐν τοῖς Ῥωμαϊκοῖς καιροῖς συμβεβηκότα ἐξελεξάμην, καὶ ἑκάστῳ πράγματι ἀρχαίῳ νεωτέραν ὁμοίαν διήγησιν ὑπέταξα,
ἀναγράψας καὶ τοὺς ἱστορήσαντας ἄνδρας.</p>
</div1>
<div1 type="section" n="1">
<p>
<hi rend="uppercase">Δάτις</hi> ὁ Περσῶν σατράπης μετὰ τριάκοντα μυριάδων εἰς Μαραθῶνα παραγενόμενος, πεδίον τῆς Ἀττικῆς, καὶ στρατοπεδευσάμενος πόλεμον τοῖς ἐγχωρίοις κατήγγειλεν· Ἀθηναῖοι δὲ τοῦ βαρβαρικοῦ πλήθους καταφρονήσαντες ἐνακισχιλίους
ἔπεμψαν, στρατηγοὺς ποιήσαντες Κυνέγειρον
Πολύζηλον<milestone unit="stephpage" id="stephpage-305c" n="305c"/>Καλλίμαχον Μιλτιάδην. συμβληθείσης δὲ τῆς παρατάξεως, Πολύζηλος μὲν ὑπεράνθρωπον<!--<note n="v.4.p.256.n.1" place="unspecified" anchored="yes"/>--> φαντασίαν θεασάμενος τὴν ὅρασιν ἀπέβαλε καὶ
τυφλὸς ἐγένετο<!--<note n="v.4.p.256.n.2" place="unspecified" anchored="yes"/>-->· Καλλίμαχος δὲ πολλοῖς περιπεπαρμένος δόρασι καὶ νεκρὸς ἐστάθη· Κυνέγειρος δὲ Περσικὴν ἀναγομένην ναῦν κατασχὼν<!--<note n="v.4.p.256.n.3" place="unspecified" anchored="yes"/>--> ἐχειροκοπήθη.
<pb id="v.4.p.258"/>
</p>
<p>
<hi rend="uppercase">Ἀσδρούβας</hi> βασιλεὺς Σικελίαν καταλαβόμενος
πόλεμον Ῥωμαίοις κατήγγειλε· Μέτελλος δὲ ὑπὸ τῆς συγκλήτου στρατηγὸς χειροτονηθεὶς ἐγκρατὴς ἐγένετο τῆς νίκης ταύτης, ἐν ᾗ Λεύκιος Γλαύκων εὐγενὴς ἀνήρ, τὴν Ἀσδρούβα κατέχων ναῦν, ἀμφοτέρας ἀπέβαλε τὰς χεῖρας· καθάπερ ἱστορεῖ
<milestone unit="stephpage" id="stephpage-305d" n="305d"/>Ἀριστείδης Μιλήσιος ἐν πρώτῃ Σικελικῶν, παρʼ
οὗ τὴν ὑπόθεσιν ἔμαθε Διονύσιος ὁ Σικελιώτης.</p>
</div1>
<div1 type="section" n="2">
<p>
<hi rend="uppercase">Ξέρξης</hi>
<!--<note n="v.4.p.258.n.5" place="unspecified" anchored="yes"/>--> μετὰ πεντακοσίων μυριάδων Ἀρτεμισίῳ προσορμίσας πόλεμον τοῖς ἐγχωρίοις
κατήγγειλεν· Ἀθηναῖοι δὲ συγκεχυμένοι κατάσκοπον
ἔπεμψαν Ἀγησίλαον, τὸν Θεμιστοκλέους ἀδελφόν, καίπερ Νεοκλέους τοῦ πατρὸς αὐτοῦ κατʼ ὄναρ
ἑωρακότος ἀμφοτέρας ἀποβεβληκότα τὰς χεῖρας.
παραγενόμενος δὲ εἰς τοὺς βαρβάρους<!--<note n="v.4.p.258.n.1" place="unspecified" anchored="yes"/>--> ἐν σχήματι Περσικῷ Μαρδόνιον ἕνα τῶν σωματοφυλάκων ἀνεῖλεν ὑπολαμβάνων Ξέρξην εἶναι.<!--<note n="v.4.p.258.n.2" place="unspecified" anchored="yes"/>--> συλληφθεὶς
<milestone unit="stephpage" id="stephpage-305e" n="305e"/> δὲ πρὸς τῶν πέριξ<!--<note n="v.4.p.258.n.3" place="unspecified" anchored="yes"/>--> δέσμιος ἤχθη πρὸς τὸν βασιλέα. βουθυτεῖν δὲ τοῦ προειρημένου μέλλοντος ἐπὶ τῷ
τοῦ ἡλίου βωμῷ, τὴν δεξιὰν ἐπέθηκε χεῖρα, καὶ
ἀστενάκτως<!--<note n="v.4.p.258.n.4" place="unspecified" anchored="yes"/>--> ὑπομείνας τὴν ἀνάγκην τῶν βασάνων
ἠλευθερώθη τῶν δεσμῶν εἰπών, <q direct="unspecified">πάντες ἐσμὲν<!--<note n="v.4.p.258.n.5" place="unspecified" anchored="yes"/>--> τοιοῦτοι Ἀθηναῖοι· εἰ δʼ ἀπιστεῖς, καὶ τὴν ἀριστερὰν ἐπιθήσω.</q> φοβηθεὶς δὲ ὁ Ξὲρξης φρουρεῖσθαι αὐτὸν προσέταξε καθάπερ ἱστορεῖ Ἀγαθαρχίδης
Σάμιος δευτέρᾳ τῶν Περσικῶν.
</p>
<p>
<hi rend="uppercase">Πορσίνας</hi> Τούσκων βασιλεὺς πέραν ποταμοῦ Θύμβρεως στρατεύσας ἐπολέμησε Ῥωμαίοις, καὶ
<milestone unit="stephpage" id="stephpage-305f" n="305f"/> τὴν ἀπὸ σιτίων φερομένην εὐθηνίαν Ῥωμαίοις
<pb id="v.4.p.260"/> μέσην λαβὼν λιμῷ τοὺς προειρημένους ἔτρυχε. τῆς δὲ συγκλήτου συγκεχυμένης, Μούκιος τῶν ἐπισήμων ἀνὴρ λαβὼν τετρακοσίους ἀπὸ τῶν ὑπάτων ὁμήλικας ἐν ἰδιωτικῷ σχήματι τὸν ποταμὸν διῆλθεν. ἰδὼν δὲ τὸν σωματοφύλακα τοῦ τυράννου
τὰ ἐπιτήδεια διαδιδόντα τοῖς στρατηγοῖς, ὑπολαβὼν αὐτὸν τὸν Πορσίναν εἶναι ἀνεῖλεν. ἀχθεὶς δὲ ἐπὶ τὸν βασιλέα τοῖς ἐμπύροις ἐπέθηκε τὴν δεξιὰν
<milestone unit="stephpage" id="stephpage-306a" n="306a"/> χεῖρα καὶ στέξας τὰς ἀλγηδόνας εὐψύχως ἐμειδίασεν εἰπών, <q direct="unspecified">βάρβαρε, λέλυμαι, κἂν μὴ θέλῃς· καὶ ἴσθι ἡμᾶς καρὰ σοῦ τετρακοσίους ὄντας ἐν τῷ στρατοπέδῳ, οἵ σε ἀνελεῖν ζητοῦμεν.</q> ὁ δὲ
φοβηθεὶς σπονδὰς πρὸς Ῥωμαίους ἐποιήσατο· καθάπερ ἱστορεῖ Ἀριστείδης ὁ Μιλήσιος ἐν τρίτῃ ἱστοριῶν.</p>
</div1>
<div1 type="section" n="3">
<p>
<hi rend="uppercase">ἀργεῖν</hi> καὶ Λακεδαιμονίων ὑπὲρ Θυρεάτιδος
χώρας πολεμούντων, οἱ Ἀμφικτύονες ἔκριναν πολεμῆσαι τριακοσίους ἑκατέρων<!--<note n="v.4.p.260.n.1" place="unspecified" anchored="yes"/>--> καὶ τῶν νικησάντων εἶναι τὴν χώραν. Λακεδαιμόνιοι μὲν οὖν
Ὀθρυάδην ἐποίησαν στρατηγὸν Ἀργεῖοι δὲ Θέρσανδρον. πολεμούντων δὲ δύο ἐκ τῶν Ἀργείων
περιελείφθησαν<milestone unit="stephpage" id="stephpage-306b" n="306b"/>, Ἀγήνωρ<!--<note n="v.4.p.260.n.2" place="unspecified" anchored="yes"/>--> καὶ Χρόμιος<!--<note n="v.4.p.260.n.3" place="unspecified" anchored="yes"/>--> οἵτινες εἰς τὴν πόλιν ἤγγειλαν τὴν νίκην. ἐρημίας<!--<note n="v.4.p.260.n.4" place="unspecified" anchored="yes"/>--> δʼ ὑπαρχούσης ὁ
Ὀθρυάδης ἐπιζήσας καὶ ἡμικλάστοις δόρασιν
ἐπερειδόμενος τὰς τῶν νεκρῶν ἁρπάζων<!--<note n="v.4.p.260.n.5" place="unspecified" anchored="yes"/>--> ἀσπίδας περιείλετο· καὶ τρόπαιον στήσας ἐκ τοῦ ἰδίου
<pb id="v.4.p.262"/>
αἵματος ἐπέγραψε <q direct="unspecified">Διὶ τροπαιούχῳ.</q> καὶ τῶν
δύο<!--<note n="v.4.p.262.n.1" place="unspecified" anchored="yes"/>--> στάσιν ἐχόντων, οἱ Ἀμφικτύονες αὐτόπται γενόμενοι Λακεδαιμονίους προκρίνουσι· καθάπερ Χρύσερμος ἐν τρίτῳ Πελοποννησιακῶν.
</p>
<p>
<hi rend="uppercase">Ῥωμαῖοι</hi> πρὸς Σαμνίτας πόλεμον ἔχοντες
στρατηγὸν ἐχειροτόνησαν Ποστούμιον Ἀλβῖνον.<!--<note n="v.4.p.262.n.2" place="unspecified" anchored="yes"/>--> οὗτος κατὰ τὰς καλουμένας φορκούλας Καυδίνας<!--<note n="v.4.p.262.n.3" place="unspecified" anchored="yes"/>--> ἔστι δὲ
<milestone unit="stephpage" id="stephpage-306c" n="306c"/> τόπος στενώτατος ἐνεδρευθεὶς τρεῖς ἀπέβαλε λεγεῶνας καὶ αὐτὸς καιρίως τρωθεὶς ἔπεσε. βαθείας
δὲ νυκτὸς ὀλίγον ἐπιζήσας περιείλετο τῶν ἀνῃρημένων πολεμίων τὰς ἀσπίδας, καὶ εἰς τὸ αἷμα τὴν χεῖρα βαπτίσας ἔστησε τρόπαιον ἐπιγράψας
<q direct="unspecified">Ῥωμαῖοι κατὰ Σαμνιτῶν Διὶ τροπαιούχῳ.</q> Μάξιμος<!--<note n="v.4.p.262.n.4" place="unspecified" anchored="yes"/>-->
δὲ ὁ ἐπικληθεὶς Λαίμαργος, στρατηγὸς πεμφθεὶς καὶ παραγενόμενος ἐπὶ τὸν τόπον, ἰδὼν τὸ τρόπαιον
τὸν οἰωνὸν ἀσμένως ἐδέξατο· καὶ συμβαλὼν ἐνίκησε
καὶ αἰχμάλωτον λαβὼν τὸν βασιλέα εἰς Ῥώμην
ἔπεμψεν· ὡς Ἀριστείδης ὁ Μιλήσιος ἐν τρίτῃ Ἰταλικῶν.</p>
</div1>
<div1 type="section" n="4">
<p>
<hi rend="uppercase">Περσῶν</hi> μετὰ πεντακοσίων μυριάδων ἐπὶ τὴν
Ἑλλάδα ἐρχομένων,<!--<note/>--> Λεωνίδας ἅμα τριακοσίοις
<milestone unit="stephpage" id="stephpage-306d" n="306d"/> ἐπέμφθη εἰς Θερμοπύλας ὑπὸ Λακεδαιμονίων.
εὐωχουμένοις<!--<note n="v.4.p.262.n.6" place="unspecified" anchored="yes"/>--> δʼ ἐκεῖ ἐπέκειτο τὸ τῶν βαρβάρων πλῆθος· καὶ ὁ Λεωνίδας εἶπεν ἰδὼν τοὺς βαρβάρους,
<pb id="v.4.p.264"/>
<q direct="unspecified">
οὕτως ἀριστᾶτε ὡς ἐν Ἅιδου δειπνήσοντες</q> καὶ ὁρμήσας κατὰ τῶν βαρβάρων καὶ πολλοῖς περιπαρεὶς δόρασιν ἀνέβη ἐπὶ τὸν Ξέρξην<!--<note n="v.4.p.264.n.1" place="unspecified" anchored="yes"/>--> καὶ τὸ διάδημα ἀφείλετο.<!--<note n="v.4.p.264.n.2" place="unspecified" anchored="yes"/>-->  οὗ ἀποθανόντος ὁ βάρβαρος τέμνει<!--<note n="v.4.p.264.n.3" place="unspecified" anchored="yes"/>--> τὴν καρδίαν<!--<note n="v.4.p.264.n.4" place="unspecified" anchored="yes"/>--> καὶ εὗρε δασεῖαν· ὡς Ἀριστείδης ἐν πρώτῃ Περσικῶν.
</p>
<p>
<hi rend="uppercase">Ῥωμαῖοι</hi> πρὸς Ποινοὺς πόλεμον ἔχοντες
ἔπεμψαν τριακοσίους καὶ στρατηγὸν Φάβιον Μάξιμον.
<milestone unit="stephpage" id="stephpage-306e" n="306e"/> συμβαλὼν δʼ ἀπέβαλε πάντας, αὐτὸς δὲ καιρίως
τρωθεὶς μεθʼ ὁρμῆς ἐπὶ τὸν Ἀννίβαν ἠνέχθη, καὶ
καθελὼν τὸ διάδημα συναπέθανεν αὐτῷ, καθάπερ ἱστορεῖ Ἀριστείδης ὁ Μιλήσιος.</p>
</div1>
<div1 type="section" n="5">
<p>
<hi rend="uppercase">κατὰ</hi> Κελαινὰς<!--<note n="v.4.p.264.n.5" place="unspecified" anchored="yes"/>--> πόλιν τῆς Φρυγίας χάσμα
μεθʼ ὕδατος γενόμενον πολλὰς οἰκίας αὐτάνδρους εἰς τὸν βυθὸν εἵλκυσε.<!--<note n="v.4.p.264.n.6" place="unspecified" anchored="yes"/>--> Μίδας δὲ ὁ βασιλεὺς χρησμὸν ἔλαβεν, ἐὰν τὸ τιμιώτατον ἐμβάλῃ,
συνελεύσεσθαι· ὁ δὲ χρυσὸν καὶ ἄργυρον ἐμβαλὼν
<milestone unit="stephpage" id="stephpage-306f" n="306f"/> οὐδὲν ἐβοήθησεν. Ἄγχουρος δʼ υἱὸς τοῦ Μίδα λογισάμενος μηδὲν εἶναι τιμιώτερον ἐν βίῳ ψυχῆς ἀνθρωπίνης, δοὺς περιπλοκὰς τῷ γεννήσαντι καὶ<!--<note n="v.4.p.264.n.7" place="unspecified" anchored="yes"/>--> τῇ γυναικὶ Τιμοθέᾳ, ἔφιππος εἰς τὸν τόπον τοῦ χάσματος ἠνέχθη. συνελθούσης δὲ τῆς γῆς χρύσεον βωμὸν ἐποίησεν
Ἰδαίου Διὸς ἁψάμενος τῇ
<pb id="v.4.p.266"/> χειρί.<!--<note n="v.4.p.266.n.1" place="unspecified" anchored="yes"/>--> οὗτος ὁ βωμὸς περὶ ἐκεῖνον τὸν καιρόν
ᾧ τὸ χάσμα συνέβη γενέσθαι., λίθινος<!--<note n="v.4.p.266.n.2" place="unspecified" anchored="yes"/>--> γίγνεται· τῆς δὲ ὡρισμένης προθεσμίας παρελθούσης, χρύσεος ὁρᾶται· ὡς Καλλισθένης ἐν δευτέρῳ
Μεταμορφώσεων.
</p>
<p>
<hi rend="uppercase">διά</hi> μέσης τῆς ἀγορᾶς ῥέων ὁ Τίβερις διὰ μῆνιν
Ταρπηίου<!--<note n="v.4.p.266.n.3" place="unspecified" anchored="yes"/>--> Διὸς μέγιστον ἀπέρρηξε χάσμα<!--<note n="v.4.p.266.n.4" place="unspecified" anchored="yes"/>--> καὶ πολλὰς οἰκίας ἐβύθισε· χρησμὸς δʼ ἐδόθη λήξεσθαι, ἐὰν
τὸ τίμιον ἐμβάλωσι. τῶν δὲ χρυσὸν καὶ ἄργυρον
<milestone unit="stephpage" id="stephpage-307a" n="307a"/> ἐμβαλλόντων, Κούρτιος τῶν ἐπισήμων νέος τὸν χρησμὸν νοήσας καὶ λογισάμενος τὴν ψυχὴν τιμιωτέραν, ἔφιππον ἑαυτὸν ἔρριψεν εἰς τὸ χάσμα καὶ τοὺς οἰκείους ἐξέσῳσε τῶν κακῶν· ὡς Ἀριστείδης
ἐν τετταρακοστῷ Ἰταλικῶν.</p>
</div1>
<div1 type="section" n="6">
<p>τῶν ἅμα Πολυνείκει εὐωχουμένων λοχαγῶν ἀετὸς καταπτὰς τὸ Ἀμφιάρεω ἐβάστασε δόρυ εἰς
ὕφος καὶ εἴασε· τὸ . δὲ παγὲν ἐν γῇ δάφνη ἐγένετο.
τῇ δʼ ὑστεραίᾳ πολεμούντων κατʼ ἐκεῖνο κατεπόθη
ὁ Ἀμφιάρεως ἄμα<!--<note n="v.4.p.266.n.5" place="unspecified" anchored="yes"/>--> τῷ ἅρματι, ἔνθα νῦν πόλις
Ἅρμα καλεῖται· ὡς Τρισίμαχος ἐν τρίτῳ Κτίσεων.
</p>
<p>
<milestone unit="stephpage" id="stephpage-307b" n="307b"/>
<hi rend="uppercase">Ῥωμαίων</hi> πρὸς Πύρρον Ἠπειρώτην πολεμούντων Αἰμίλιος Παῦλος χρησμὸν ἔλαβε νικῆσαι, βωμὸν
<pb id="v.4.p.268"/> ἐὰν ἅρματι, ἔνθα ἂν ἴδῃ χάσματι κρυπτόμενον ἄνδρα τῶν ἐπισήμων μετὰ ἅρματος. μετὰ τρεῖς ἡμέρας Οὐαλέριος Κονᾶτος κατʼ ὄναρ ἰδὼν ἀναλαβεῖν ἱερέως κόσμον καὶ γὰρ ἦν μαντικῆς ἔμπειρος, στρατηγήσας καὶ πολλοὺς φονεύσας ὑπὸ γῆς
κατεπόθη. ὁ Αἰμίλιος δὲ βωμὸν ἱδρύσας ἐνίκησε καὶ ἑκατὸν ἑξήκοντα πυργοφόρους ἐλέφαντας εἰς
Ῥώμην κατέπεμψεν. ὁ δὲ βωμὸς μαντεύεται κατʼ ἐκεῖνον τὸν καιρόν, καθʼ
ὃν ἐνικήθη Πύρρος· ὡς ἱστορεῖ Κριτόλας<!--<note n="v.4.p.268.n.1" place="unspecified" anchored="yes"/>--> ἐν τρίτῃ
Ἠπειρωτικῶν.</p>
</div1>
<div1 type="section" n="7">
<p>
<hi rend="uppercase">Πυραίχμης</hi> βασιλεὺς Εὐβοέων ἐπολέμει
Βοιωτοῖς<milestone unit="stephpage" id="stephpage-307c" n="307c"/> ὃν Ἡρακλῆς ἔτι νέος ὢν ἐνίκησε· πώλοις δὲ προσδήσας καὶ εἰς δύο μέρη διελὼν τὸν Πυραίχμην, ἄταφον ἔρριψεν. ὁ δὲ τόπος προσαγορεύεται
<q direct="unspecified">πῶλοι Πυραίχμου,</q> κεῖται δὲ παρὰ ποταμὸν Ἡράκλειον, χρεμετισμὸν δʼ
ἀναδίδωσι πινόντων ἵππων
ὡς ἐν τρίτῳ περὶ Ποταμῶν.
</p>
<p>
<hi rend="uppercase">Τοῦλλος</hi> Ὁστίλιος βασιλεὺς Ῥωμαίων ἐπολέμησεν Ἀλβανοῖς, βασιλέως ὄντος Μετίου Φουφετίου,<!--<note/>--> καὶ τὴν μάχην πολλάκις ὑπερέθετο. οἱ δʼ
ὡς
ἡττωμένου<!--<note n="v.4.p.268.n.3" place="unspecified" anchored="yes"/>--> εἰς εὐωχίαν ἐτράπησαν· οἰνωμένοις δʼ ἐπέθετο, καὶ τὸν βασιλέα δύο πώλοις συζεύξας
διεσπάραξεν· ὡς Ἀλέξαρχος ἐν τετάρτῃ
Ἰταλικῶν.
</p>
</div1>
<div1 type="section" n="8">
<milestone unit="stephpage" id="stephpage-307d" n="307d"/>
<p>
<hi rend="uppercase">Φίλιππος</hi> Μεθώνην καὶ Ὄλυνθον
βουλόμενος πορθῆσαι<!--<note n="v.4.p.268.n.4" place="unspecified" anchored="yes"/>--> καὶ βιαζόμενος ἐπὶ τῷ Σανδάνῳ
<pb id="v.4.p.270"/> ποταμῷ διαβῆναι πέραν,<!--<note/>--> ὑπό τινος τῶν Ὀλυνθίων Ἀστέρος ὀνόματι ἐτοξεύθη τὸν ὀφθαλμόν εἰπόντος,
<quote rend="blockquote">ἀστὴρ Φιλίππῳ θανάσιμον πέμπει βέλος·</quote>
ὁ δʼ ὀπίσω διανηξάμενος πρὸς τοὺς οἰκείους σῴζεται ἀπολέσας<!--<note n="v.4.p.270.n.2" place="unspecified" anchored="yes"/>--> τὸν ὀφθαλμόν· ὡς Καλλισθένης ἐν τρίτῳ Μακεδονικῶν.
</p>
<p>
<hi rend="uppercase">Πορσίνας</hi> Τούσκων βασιλεὺς πέραν Θύμβρεως<!--<note n="v.4.p.270.n.3" place="unspecified" anchored="yes"/>--> ποταμοῦ στρατεύσας ἐπολέμησε Ῥωμαίοις, καὶ τὴν ἀπὸ σιτίων φερομένην εὐθηνίαν μέσην λαβὼν λιμῷ τοὺς προειρημένους ἔτρυχεν. Ὁράτιος δὲ Κόκλης
<milestone unit="stephpage" id="stephpage-307e" n="307e"/> στρατηγὸς χειροτονηθεὶς τὴν ξυλίνην κατελάβετο γέφυραν καὶ τὸ πλῆθος τῶν βαρβάρων διαβῆναι βουλόμενον ἐπεῖχε. πλεονεκτούμενος δὲ ὑπὸ τῶν
πολεμίων προσέταξε τοῖς ὑποτεταγμένοις κόπτειν τὴν γέφυραν, καὶ τὸ πλῆθος τῶν βαρβάρων διαβῆναι βουλόμενον ἐκώλυσε. βέλει δὲ τὸν ὀφθαλμὸν
πληγεὶς ῥίψας ἑαυτὸν εἰς τὸν ποταμὸν, διενήξατο εἰς τοὺς οἰκείους· ὡς Θεότιμος ἐν δευτέρῳ Ἰταλικῶν.</p>
</div1>
<div1 type="section" n="9">
<p>ο περὶ τοῦ Ἰ<hi rend="uppercase">καρίου</hi> μῦθος, ᾧ Διόνυσος
ἐπεξενώθη· Ἐρατοσθένης ἐν τῇ Ἠριγόνῃ.
</p>
<p>
<hi rend="uppercase">Κρόνος</hi> ἐπιξενωθεὶς γεωργῷ, ᾧ ἦν θυγάτηρ καλὴ
Ἐντωρία, ταύτην<!--<note n="v.4.p.270.n.4" place="unspecified" anchored="yes"/>--> ἐβιάσατο<!--<note n="v.4.p.270.n.5" place="unspecified" anchored="yes"/>--> καὶ ἐτέκνωσεν υἱοὺς
<milestone unit="stephpage" id="stephpage-307f" n="307f"/>Ἰανὸν Ὕμνον Φαῦστον Φήλικα. διδάξας οὖν τὸν
τρόπον τῆς τοῦ οἴνου πόσεως καὶ τῆς ἀμπέλου
<pb id="v.4.p.272"/>
ἠξίωσε καὶ τοῖς γείτοσι μεταδοῦναι. ποιήσαντος δʼ αὐτὸ καὶ πιόντες παρὰ τὸ σύνηθες εἰς ὕπνον
κατηνέχθησαν βαρύτερον τοῦ δέοντος· οἱ δὲ πεφαρμακῶσθαι δόξαντες, λίθοις βάλλοντες τὸν
Ἰκάριον ἀπέκτειναν· οἱ δὲ θυγατρίδαι<!--<note n="v.4.p.272.n.1" place="unspecified" anchored="yes"/>--> ἀθυμήσαντες βρόχῳ
<milestone unit="stephpage" id="stephpage-308a" n="308a"/> τὸν βίον κατέστρεψαν. λοιμοῦ δὲ κατασχόντος Ῥωμαίους, ἔχρησεν ὁ Πύθιος λωφήσειν,
ἐξιλάσωνται τοῦ Κρόνου τὴν μῆνιν καὶ τοὺς δαίμονας τῶν ἀνόμως ἀπολομένων. Λουτάτιος δὲ Κάτλος, ἀνὴρ τῶν ἐπισήμων, κατεσκεύασε τῷ θεῷ τέμενος
τὸ κείμενον σύνεγγυς τοῦ Ταρπηίου ὄρους, καὶ τὸν ἄνω βωμὸν ἱδρύσατο τετραπρόσωπον ἢ διὰ τοὺς θυγατρίδας<!--<note n="v.4.p.272.n.1" place="unspecified" anchored="yes"/>--> ἢ ὅτι τετραμερὴς ὁ ἐνιαυτός ἐστι, καὶ μῆνα κατέδειξεν
Ἰανουάριον. ὁ δὲ Κρόνος πάντας κατηστέρισεν. καὶ οἱ μὲν καλοῦνται
Ἰανουάριον, ὁ δʼ
Ἰανὸς προανατέλλων· δείκνυται
δʼ
ὁ ἀστὴρ πρὸ τῶν ποδῶν τῆς παρθένου· ὡς
Κριτόλαος ἐν τετάρτῃ Φαινομένων.
</p>
</div1>
<div1 type="section" n="10">
<milestone unit="stephpage" id="stephpage-308b" n="308b"/>
<p>
<hi rend="uppercase">Περσῶν</hi>
τὴν Ἑλλάδα λεηλατούντων Παυσανίας ὁ τῶν Λακεδαιμονίων στρατηγὸς
πεντακόσια χρυσοῦ τάλαντα παρὰ Ξέρξου λαβὼν ἔμελλε
προδιδόναι τὴν Σπάρτην. φωραθέντος δὲ τούτου,
Ἀγησίλαος<!--<note n="v.4.p.272.n.2" place="unspecified" anchored="yes"/>--> ὁ πατὴρ μέχρι τοῦ ναοῦ τῆς Χαλκιοίκου συνεδίωξεν Ἀθηνᾶς, καὶ τὰς θύρας τοῦ τεμένους πλίνθῳ φράξας<!--<note n="v.4.p.272.n.3" place="unspecified" anchored="yes"/>--> λιμῷ ἀπέκτεινεν·<!--<note n="v.4.p.272.n.0" place="unspecified" anchored="yes"/>--> ἡ
<pb id="v.4.p.274"/>
δὲ μήτηρ καὶ ἄταφον ἔρριψεν· ὡς Χρύσερμος
ἐν δευτέρῳ Ἱστορικῶν.<!--<note n="v.4.p.274.n.1" place="unspecified" anchored="yes"/>--></p>
<p>
<hi rend="uppercase">Ῥωμαῖοι</hi> πρὸς Λατίνους πολεμοῦντες
ἐχειροτόνησαν στρατηγὸν Πόπλιον Δέκιον· νεανίσκος δέ τις
<milestone unit="stephpage" id="stephpage-308c" n="308c"/> τῶν ἐπισήμων πένης τοὔνομα Κάσσιος Βροῦτος ἐπὶ ῥητῷ μισθῷ νυκτὸς τὰς πύλας ἀνοῖξαι ἐβουλήθη. φωραθεὶς δὲ εἰς ναὸν ἔφυγεν Ἀθηνᾶς Αὐξιλιαρίας.<!--<note n="v.4.p.274.n.2" place="unspecified" anchored="yes"/>--> Κάσσιος δὲ Σίγνιφερ ὁ πατὴρ αὐτοῦ κατέκλεισε καὶ
λιμῷ διέφθειρε καὶ ἄταφον ἔρριψεν· ὡς
Κλειτώνυμος ἐν
Ἰταλικῶν.<!--<note/>--></p>
</div1>
<div1 type="section" n="11">
<p>
<hi rend="uppercase">Δαρεῖος</hi> ὁ Πέρσης ἐπὶ Γρανικῷ πολεμήσας Ἀλεξάνδρῳ καὶ ἑπτὰ σατράπας ἀποβαλὼν καὶ
ἅρματα δρεπανηφόρα δύο καὶ πεντακόσια, συμβαλεῖν ἔμελλε τῇ ἑξῆς. Ἀριοβαρζάνης δὲ ὁ υἱὸς συμπαθῶς διακείμενος πρὸς Ἀλέξανδρον ὑπισχνεῖτο τὸν πατέρα προδώσειν. ἀγανακτήσας δὲ ὁ πατὴρ
ἐτραχηλοκόπησεν ὡς Ἀρητάδης Κνίδιος ἐν τρίτῳ Μακεδονικῶν.
</p>
<p>
<milestone unit="stephpage" id="stephpage-308d" n="308d"/>
<hi rend="uppercase">Βροῦτος</hi> ὑπὸ πάντων ὕπατος χειροτονηθεὶς ἐφυγάδευσε τὸν Ὑπερήφανον Ταρκύνιον τυραννικῶς ἀναστρεφόμενον. ὁ δʼ
ἐλθὼν εἰς Τούσκους ἐπολέμει Ῥωμαίοις. οἱ δὲ υἱοὶ<!--<note n="v.4.p.274.n.4" place="unspecified" anchored="yes"/>--> τὸν πατέρα προδοῦναι
ἠβουλήθησαν. ἐμφανέντας δʼ
ἐτραχηλοκόπησεν<!--<note n="v.4.p.274.n.5" place="unspecified" anchored="yes"/>-->·
ὡς Ἀριστείδης Μιλήσιος ἐν τοῖς
Ἰταλικοῖς.</p>
</div1>
<div1 type="section" n="12">
<p>
<hi rend="uppercase">Ἐπαμεινώνδας</hi> ὁ τῶν Θηβαίων στρατηγὸς
<pb id="v.4.p.276"/> ἔχων πρὸς Λακεδαιμονίους πόλεμον καὶ ἀρχαιρεσιῶν ἀγομένων ἧκεν ἐς πατρίδα, παραγγείλας
τῷ παιδὶ Στησιμβρότῳ μὴ συμβάλλειν.<!--<note n="v.4.p.276.n.1" place="unspecified" anchored="yes"/>-->
Λακεδαιμόνιοι μαθόντες τὴν ἀπουσίαν ἐβλασφήμουν τὸν νεανίαν ὡς ἄνανδρον· ὁ δʼ ἀγανακτήσας καὶ
ἐπιλαθομενος<milestone unit="stephpage" id="stephpage-308e" n="308e"/> τοῦ πατρὸς συνέβαλε καὶ ἐνίκησεν· ὁ δὲ πατὴρ βαρέως ἐνέγκας στεφανώσας
ἐτραχηλοκόπησεν, ὡς Κτησιφῶν ἱστορεῖ ἐν τρίτῳ Βοιωτιακῶν.
</p>
<p>
<hi rend="uppercase">Ῥωμαῖοι</hi> πρὸς Σαμνίτας πόλεμον ἔχοντες ἐχειρο -
τόνησαν Μάλλιον τὸν
Ἐπιτάκτην ἐπικληθέντα. οὗτος διὰ χειροτονίαν ὑπατικὴν εἰς Ῥώμην
πορευόμενος τῷ θἱῷ προσέταξε μὴ συμβαλεῖν. οἱ δὲ
Σαμνῖται μαθόντες βλασφημίαις ἐξουδένιζον τὸν νεανίαν· ὁ δὲ ταραχθεὶς ἐνίκησεν Μάλλιος δʼ
αὐτὸν ἐτραχηλοκόπησεν καθάπερ ἱστορεῖ
Ἀριστείδης Μιλήσιος.
</p>
</div1>
<div1 type="section" n="13">
<milestone unit="stephpage" id="stephpage-308f" n="308f"/>
<p>
<hi rend="uppercase">Ἡρακλῆς</hi>
<!--<note n="v.4.p.276.n.2" place="unspecified" anchored="yes"/>--> τοῦ Ἰόλης γάμου ἀποτυχὼν τὴν Οἰχαλίαν ἐπόρθησεν. ἡ δʼ
Ἰόλη ἀπὸ τοῦ τείχους
ἔρριψεν ἑαυτήν. συνέβη δέ, κολπωθείσης ὑπὸ ἀνέμου τῆς ἐσθῆτος, μηδὲν παθεῖν· καθάπερ ἱστορεῖ Νικίας Μαλλώτης.<!--<note n="v.4.p.276.n.2" place="unspecified" anchored="yes"/>--></p>
<p>
<hi rend="uppercase">Ῥωμαῖοι</hi> πολεμοῦντες πρὸς Τούσκους<!--<note n="v.4.p.276.n.3" place="unspecified" anchored="yes"/>-->
ἐχειροτόνησαν Βασιλέως Τορκουᾶτον. οὗτος θεασάμενος τοῦ βασιλέως τὴν θυγατέρα τοὔνομα Κλουσίαν
ᾐτεῖτο παρὰ τοῦ Τούσκου τὴν θυγατέρα, μὴ τυχὼν
δʼ
ἐπόρθει τὴν πόλιν. ἡ δὲ Κλουσία ἀπὸ τῶν
<milestone unit="stephpage" id="stephpage-309a" n="309a"/> πύργων ἔρριψεν ἑαυτήν· προνοίᾳ δʼ Ἀφροδίτης κολπωθείσης τῆς ἐσθῆτος, διεσώθη ἐπὶ τὴν γῆν·
<pb id="v.4.p.278"/>
ἣν ὁ στρατηγὸς διέφθειρε, καὶ τούτων<!--<note n="v.4.p.278.n.1" place="unspecified" anchored="yes"/>--> πάντων
ἕνεκα ἐξωρίσθη κοινῷ δόγματι ὑπὸ Ῥωμαίων εἰς
Κόρσικαν νῆσον πρὸ τῆς
Ἰταλίας· ὡς Θεόφιλος ἐν
τρίτῳ Ἰταλικῶν. ;</p>
</div1>
<div1 type="section" n="14">
<p>
<hi rend="uppercase">Ποινῶν</hi> καὶ Σικελιωτῶν τὴν κατὰ Ῥωμαίων
<milestone unit="stephpage" id="stephpage-309b" n="309b"/> συμμαχίαν ἑτοιμαζόντων, Μέτελλος στρατηγὸς
μόνῃ τῇ Ἑστίᾳ οὐκ ἔθυσεν· ἡ δὲ πνεῦμα
ἀντέπνευσε ταῖς ναυσί. Γάιος δὲ
Ἰούλιος μάντις εἶπε λωφῆσαι, ἐὰν προθύσῃ τὴν θυγατέρα. ὁ δʼ ἀναγκασθεὶς Μετέλλαν<!--<note n="v.4.p.278.n.2" place="unspecified" anchored="yes"/>--> τὴν θυγατέρα προσῆγεν ἡ
δὲ Ἑστία ἐλεήσασα δάμαλιν ὑπέβαλε καὶ αὐτὴν
ἐκόμισεν εἰς Λανούιον,<!--<note/>--> καὶ ἱέρειαν τοῦ σεβομένου
παρʼ αὐτοῖς δράκοντος ἀπέδειξεν ὡς Πυθοκλῆς ἐν τρίτῃ
Ἰταλικῶν.
</p>
<p>
<hi rend="uppercase">ἐν Αὐλίδι</hi> τῆς Βοιωτίας τὰ περὶ
Ἰφιγένειαν
ὁμοίως ἱστορεῖ Μένυλλος<!--<note n="v.4.p.278.n.4" place="unspecified" anchored="yes"/>--> ἐν πρώτῳ Βοιωτιακῶν.</p>
</div1>
<div1 type="section" n="15">
<p>
<hi rend="uppercase">Βρέννος</hi> Γαλατῶν βασιλεὺς λεηλατῶν τὴν Ἀσίαν ἐπὶ Ἔφεσον ἦλθε, καὶ ἠράσθη παρθένου Δημονίκης·<!--<note n="v.4.p.278.n.5" place="unspecified" anchored="yes"/>-->  ἡ δὲ συνελθεῖν ὑπέσχετο, ἐὰν τὰ ψέλλια καὶ τὸν κόσμον τῶν γυναικῶν<!--<note n="v.4.p.278.n.6" place="unspecified" anchored="yes"/>--> δῷ αὐτῇ, καὶ τὴν
<milestone unit="stephpage" id="stephpage-309c" n="309c"/>Ἔφεσον προδοῦναι· ὁ δʼ ἠξίωσε τοὺς στρατιώτας ἐμβαλεῖν εἰς τὸν κόλπον ὃν εἶχον χρυσὸν<!--<note n="v.4.p.278.n.7" place="unspecified" anchored="yes"/>--> τῆς
φιλαργύρου. ποιησάντων δὲ ὑπὸ τῆς δαψιλείας
<pb id="v.4.p.280"/> τοῦ χρυσοῦ ζῶσα κατεχώσθη· καθάπερ ἱστορεῖ Κλειτοφῶν ἐν πρώτῳ Γαλατικῶν.<!--<note n="v.4.p.280.n.1" place="unspecified" anchored="yes"/>--></p>
<p>
<hi rend="uppercase">Ταρπηΐα</hi>
<!--<note n="v.4.p.280.n.2" place="unspecified" anchored="yes"/>--> τῶν εὐσχημόνων παρθένων τοῦ Καπιτωλίου φύλαξ, Ῥωμαίων πρὸς Σαβίνους<!--<note n="v.4.p.280.n.3" place="unspecified" anchored="yes"/>--> πολεμούντων, ὑπέσχετο τῷ Τατίῳ δώσειν εἴσοδον εἰς
τὸ Ταρπήιον ὄρος, ἐὰν μισθὸν λάβῃ τοὺς ὅρμους,
οὓς ἐφόρουν κόσμου χάριν. Σαβῖνοι δὲ νοήσαντες ζῶσαν κατέχωσαν ὡς Ἀριστείδης Μιλήσιος ἐν
Ἰταλικοῖς.</p>
</div1>
<div1 type="section" n="16">
<p>
<hi rend="uppercase">Τεγεάταις</hi> καὶ Φενεάταις χρονίου πολέμου
<milestone unit="stephpage" id="stephpage-309d" n="309d"/> γενομένου, ἔδοξε<!--<note n="v.4.p.280.n.4" place="unspecified" anchored="yes"/>--> τριδύμους ἀδελφοὺς πέμψαι τοὺς μαχησομένους περὶ τῆς νίκης. καὶ Τεγεᾶται μὲν
οὖν τοὺς Ῥηξιμάχου παῖδας, Φενεᾶται δὲ τοὺς Δημοστράτου προεβάλλοντο.<!--<note n="v.4.p.280.n.5" place="unspecified" anchored="yes"/>--> συμβληθείσης δὲ τῆς μάχης, ἐφονεύθησαν τῶν Ῥηξιμάχου δύο· ὁ δὲ
τρίτος τοὔνομα α Κριτόλαος στρατηγήματι
περιεγένετο τῶν δύο<!--<note/>-->· προσποιητὴν γὰρ φυγὴν
σκηψάμενος καθʼ
ἕνα τῶν διωκόντων ἀνεῖλε. καὶ
ἐλθόντος οἱ μὲν ἄλλοι συνεχάρησαν, μόνη δʼ οὐκ ἐχάρη<!--<note n="v.4.p.280.n.7" place="unspecified" anchored="yes"/>-->
ἡ ἀδελφὴ
ʼ Δημοδίκη· πεφονεύκει γὰρ αὐτῆς τὸν κατηγγυημένον ἄνδρα Δημόδικον. ἀναξιοπαθήσας
δὲ ὁ Κριτόλαος ἀνεῖλεν αὐτήν. φόνου δʼ
ἀγόμενος
<pb id="v.4.p.282"/>
<milestone unit="stephpage" id="stephpage-309e" n="309e"/> ὑπὸ τῆς μητρὸς ἀπελύθη τοῦ ἐγκλήματος<!--<note n="v.4.p.282.n.1" place="unspecified" anchored="yes"/>-->· ὡς Δημάρατος ἐν δευτέρῳ Ἀρκαδικῶν.
</p>
<p>
<hi rend="uppercase">Ῥωμαῖοι</hi> καὶ Ἀλβανοὶ πολεμοῦντες τριδύμους προμάχους εἵλοντο, καὶ Ἀλβανοὶ μὲν Κουριατίους,<!--<note/>--> Ῥωμαῖοι δὲ Ὡρατίους. συμβληθείσης δὲ τῆς μάχης, οἱ Κουριάτιοι<!--<note n="v.4.p.282.n.2" place="unspecified" anchored="yes"/>--> δύο τῶν ἐναντίων ἀνεῖλον
ὁ δὲ περίλοιπος φυγῇ προσποιητῇ συμμάχῳ
χρώμενος ἐφόνευσε καθʼ
ἕνα τῶν ἐπιδιωκόντων. χαρέντων δὲ πάντων, μόνη ἡ ἀδελφὴ οὐ συνεχάρη
Ὡρατία τὸν κατηγγυημένον ἄνδρα Κουριάτιον<!--<note n="v.4.p.282.n.2" place="unspecified" anchored="yes"/>--> ἀνῃρηκότι· ὁ δὲ
ἐφόνευσε τὴν ἀδελφήν· ὥς φησιν
<milestone unit="stephpage" id="stephpage-309f" n="309f"/>Ἀριστείδης ὁ Μιλήσιος ἐν
Ἰταλικοῖς.</p>
</div1>
<div1 type="section" n="17">
<p>
<hi rend="uppercase">ἐν ιλιι</hi> τοῦ ναοῦ τῆς Ἀθηνᾶς ἐμπρησθέντος,
προσδραμὼν Ἶλος τὸ. διοπετὲς ἥρπασε παλλάδιον καὶ ἐτυφλώθη· οὐ γάρ ἐξῆν<!--<note n="v.4.p.282.n.3" place="unspecified" anchored="yes"/>--> ὑπʼ ἀνδρὸς βλέπεσθαι·
ὕστερον δʼ ἐξιλασάμενος ἀνέβλεψεν ὡς Δέρκυλλος
ἐν πρώτῳ Κτίσεων.
</p>
<p>
<hi rend="uppercase">Ἀντύλος</hi> ἀνὴρ τῶν ἐπισήμων πορευόμενος εἰς τὸ προάστειον ὑπὸ κοράκων ἐπεσχέθη παιόντων ταῖς πτέρυξι. φοβηθεὶς δὲ τὸν οἰωνὸν εἰς Ῥώμην
<milestone unit="stephpage" id="stephpage-310a" n="310a"/> ὑπέστρεψεν. ἰδὼν δὲ τὸ τέμενος τῆς Ἑστίας
καιόμενον καὶ τὸ παλλάδιον ἁρπάσας ἐτυφλώθη ὕστερον
δʼ ἀνέβλεψεν ἐξιλασάμενος· ὡς Ἀριστείδης
Μιλήσιος Ἰταλικοῖς.
<pb id="v.4.p.284"/>
</p>
</div1>
<div1 type="section" n="18">
<p>
<hi rend="uppercase">Θρᾶικες</hi> Ἀθηναίοις πολεμοῦντες χρησμὸν ἔλαβον, ὠς, ἐὰν Κόδρου φείσωνται, νικῆσαι· ὁ δὲ δρέπανον λαβὼν ἧκεν εἰς τοὺς ἐναντίους ἐν εὐτελοῦς σχήματι, καὶ ἕνα φονεύσας ὑπὸ θατέρου ἀνῃρέθη·
οὕτω τ̓ ἐνίκησαν οἱ Ἀθηναῖοι· ὡς Σωκράτης<!--<note n="v.4.p.284.n.1" place="unspecified" anchored="yes"/>--> ἐν δευτέρῳ Θρᾳκικῶν.
</p>
<p>
<hi rend="uppercase">Πόπλιος</hi> Δέκιος Ῥωμαῖος πρὸς Ἀλβανοὺς πολεμῶν ὄναρ εἶδεν, ἐὰν ἀποθάνῃ, ῥώμην
προσποιήσειν<milestone unit="stephpage" id="stephpage-310b" n="310b"/>Ῥωμαίοις. ἐλθὼν εἰς μέσους καὶ πολλοὺς
φονεύσας ἀνῃρέθη. ὁμοίως δὲ καὶ ὁ υἱὸς αὐτοῦ Δέκιος ἐν τῷ πρὸς Γάλλους πολέμῳ τοὺς Ῥωμαίους διέσῳσεν· ὡς Ἀριστείδης Μιλήσιος</p>
</div1>
<div1 type="section" n="19">
<p>
<hi rend="uppercase">Κυάνιππος</hi> γένει Συρακούσιος μόνῳ Διονύσῳ οὐκ ἔθυεν· ὁ δὲ θεὸς ὀργισθεὶς μέθην ἐνέσκηψε,
καὶ ἐν τόπῳ σκοτεινῷ τὴν θυγατέρα ἐβιάσατο Κυάνην· ἡ δὲ τὸν δακτύλιον περιελομένη ἔδωκε τῇ τροφῷ ἐσόμενον ἀναγνώρισμα. λοιμωξάντων δὲ καὶ τοῦ Πυθίου εἰπόντος μὲν δεῖν τὸν ἀσεβῆ τροπαίοις θεοῖς σφαγιάσαι, τῶν δʼ ἄλλων ἀγνοούντων
<milestone unit="stephpage" id="stephpage-310c" n="310c"/> τὸν χρησμόν, γνοῦσα ἡ Κυάνη καὶ ἐπιλαβομένη τῶν τριχῶν εἷλκε, καὶ αὐτὴ κατασφάξασα τὸν πατέρα
ἑαυτὴν ἐπέσφαξε· καθάπερ Δοσίθεος ἐν τῷ τρίτῳ Σικελικῶν.
</p>
<p>τῶν Διονυσίων ἐν τῇ Ῥώμῃ ἀγομένων
Ἀρούντιος<!--<note n="v.4.p.284.n.2" place="unspecified" anchored="yes"/>--> ἐκ γενετῆς ὑδροπότης ἐξουδένιζε τὴν τοῦ θεοῦ
δύναμιν ὁ δὲ μέθην ἐνέβαλε, καὶ ἐβιάσατο τὴν
<pb id="v.4.p.286"/> θυγατέρα Μεδουλλίναν. ἡ δὲ ἐκ δακτυλίου γνοῦσα
τὸ γένος καὶ πρεσβύτερα τῆς ἡλικίας φρονήσασα, μεθύσασα τὸν πατέρα καὶ στεφανώσασα ἤγαγεν ἐπὶ τὸν βωμὸν τῆς Ἀστραπῆς καὶ δακρύσασα ἀνεῖλε τὸν ἐπίβουλον τῆς παρθενίας· ὡς Ἀριστείδης ἐν τρίτῃ Ἰταλικῶν.
</p>
</div1>
<div1 type="section" n="20">
<milestone unit="stephpage" id="stephpage-310d" n="310d"/>
<p>
<hi rend="uppercase">Ἐρεχθεὺς</hi> πρὸς Εὔμολπον πολεμῶν ἔμαθε νικῆσαι, ἐὰν τὴν θυγατέρα προθύσῃ, καὶ συγκοινωνήσας τῇ γυναικὶ Πραξιθέᾳ προέθυσε τὴν
παῖδα. μέμνηται Εὐριπίδης ἐν Ἐρεχθεῖ.<!--<note n="v.4.p.286.n.1" place="unspecified" anchored="yes"/>--></p>
<p>
<hi rend="uppercase">Μάριος</hi> πρὸς Κίμβρους πόλεμον ἔχων καὶ
ἡττώμενος ὄναρ εἶδεν ὅτι νικήσει, ἐὰν τὴν θυγατέρα προθύσῃ· ἦν δʼ αὐτῷ Καλπουρνία· προκρίνας δὲ τῆς φύσεως τοὺς πολίτας ἔδρασε καὶ ἐνίκησε. καὶ ἔτι καὶ νῦν βωμοὶ εἰσὶ δύο ἐν Γερμανίᾳ, οἳ κατʼ
ἐκεῖνον τὸν καιρὸν ἦχον σαλπίγγων ἀποπέμπουσιν
<milestone unit="stephpage" id="stephpage-310e" n="310e"/> ὡς Δωρόθεος ἐν τετάρτῳ
Ἰταλικῶν.</p>
</div1>
<div1 type="section" n="21">
<p>
<hi rend="uppercase">Κυάνιππος</hi> τῷ γένει Θετταλὸς ἐπὶ θήραν συνεχῶς ἐξῄει· ἡ δὲ νεόνυμφος αὐτοῦ ὑπολαβοῦσα διὰ τὸ πολλάκις ἐν ὕλαις μένειν συνήθειαν ἔχειν
μεθʼ ἑτέρας, κατʼ ἴχνος ἠκολούθησε τῷ Κυανίππῳ· καὶ ἔν τινι κατακρυβεῖσα συνδένδρῳ, τὸ μέλλον
<pb id="v.4.p.288"/> ἀπεκαραδόκει. τῶν δὲ κλάδων σεισθέντων οἱ κύνες<!--<note n="v.4.p.288.n.1" place="unspecified" anchored="yes"/>--> θηρίον εἶναι δόξαντες ὥρμησαν καὶ τὴν φίλανδρον ἀλόγου δίκην ζῴου διεσπάραξαν. ὁ δὲ Κυάνιππος
τῆς<!--<note n="v.4.p.288.n.2" place="unspecified" anchored="yes"/>--> ἀνελπίστου πράξεως αὐτόπτης γενόμενος ἑαυτὸν ἀπέσφαξεν<!--<note n="v.4.p.288.n.3" place="unspecified" anchored="yes"/>-->· ὡς Παρθένιος<!--<note n="v.4.p.288.n.4" place="unspecified" anchored="yes"/>--> ὁ ποιητής.
</p>
<p>
<milestone unit="stephpage" id="stephpage-310f" n="310f"/>
<hi rend="uppercase">ἐν</hi> Συβάρει πόλει τῆς
Ἰταλίας νέος περίβλεπτος
τὸ κάλλος Αἰμίλιος φιλοκύνηγος ἦν ἡ δὲ νεόνυμφος
δόξασα ἑτέρᾳ συνεῖναι εἰσῄει εἰς τὴν νάπην. τῶν
δὲ δένδρων σεισθέντων, οἱ κύνες ἐπιδραμόντες
διέσπασαν· ὁ δὲ ἐπέσφαξεν ἑαυτόν· ὡς Κλειτώνυμος
ἐν δευτέρῳ Συβαριτικῶν.</p>
</div1>
<div1 type="section" n="22">
<p>
<hi rend="uppercase">σμύρνα</hi> Κινύρου θυγάτηρ διὰ μῆνιν Ἀφροδίτης ἠράσθη τοῦ γεννήσαντος, καὶ τῇ τροφῷ τὴν
<milestone unit="stephpage" id="stephpage-311a" n="311a"/> ἀνάγκην τοῦ ἔρωτος ἐδήλωσεν· ἡ δὲ δόλῳ ὑπῆγε<!--<note n="v.4.p.288.n.5" place="unspecified" anchored="yes"/>--> τὸν δεσπότην ἔφη γὰρ γείτονα παρθένον ἐρᾶν αὐτοῦ καὶ αἰσχύνεσθαι ἐν φανερῷ προσιέναι. ὁ δὲ συνῄει. ποτὲ δὲ θελήσας τὴν ἐρῶσαν μαθεῖν φῶς
ᾔτησεν, ἰδὼν δὲ ξιφήρης τὴν ἀσελγεστάτην ἐδίωκεν.
ἡ δὲ κατὰ πρόνοιαν Ἀφροδίτης εἰς ὁμώνυμον δένδρον μετεμορφώθη· καθὰ Θεόδωρος ἐν ταῖς
Μεταμορφώσεσιν.
</p>
<p>
<hi rend="uppercase">Οὐαλερία</hi> Τουσκλαναρία κατὰ μῆνιν Ἀφροδίτης
<pb id="v.4.p.290"/>
ἐρασθεῖσα Οὐαλερίου τοῦ πατρὸς τῇ τροφῷ
ἀνειοίνωσεν· ἡ δὲ τὸν δεσπότην δόλῳ ὑπῆλθεν, εἰποῦσα ὡς αἰδεῖται κατʼ ὅφιν μίσγεσθαι, τῶν τε
<milestone unit="stephpage" id="stephpage-311b" n="311b"/> γειτόνων εἶναι τινα<!--<note n="v.4.p.290.n.1" place="unspecified" anchored="yes"/>--> παρθένον. καὶ οἰνωθεὶς ὁ
πατὴρ ᾔτει φῶς, ἡ δὲ τροφὸς φθάσασα διήγειρεν,
ἥτις ἐπὶ τὰς ἀγροικίας ᾔει<!--<note n="v.4.p.290.n.2" place="unspecified" anchored="yes"/>--> ἐγκύμων τυγχάνουσα· ποτὲ δὲ κατὰ κρημνῶν ἐνεχθείσης, τὸ βρέφος ἔζη· κατιοῦσα δʼ ἐγκύμων κατέστη καὶ εἰς τὸν
ὡρισμένον χρόνον ἐγέννησεν Αἰγίπανα, κατὰ τὴν Ῥω -
μαίων φωνὴν Σιλουᾶνον. ὁ δὲ Οὐαλέριος ἀθυμήσας κατὰ τῶν αὐτῶν ἔρριψε<!--<note n="v.4.p.290.n.3" place="unspecified" anchored="yes"/>--> κρημνῶν ὡς Ἀριστείδης Μιλήσιος ἐν τρίτῳ Ἰταλικῶν.</p>
</div1>
<div1 type="section" n="23">
<p>
<hi rend="uppercase">μετὰ</hi> τὴν
Ἰλίου πόρθησιν ἐξεβράσθη Διομήδης εἰς Λιβύην, ἔνθα Λύκος ἦν βασιλεὺς ἔθος ἔχων τοὺς ξένους Ἄρει τῷ πατρὶ θύειν. Καλλιρρόη
<milestone unit="stephpage" id="stephpage-311c" n="311c"/> δὲ ἡ θυγάτηρ ἐρασθεῖσα Διομήδους τὸν πατέρα
προέδωκε, καὶ τὸν Διομήδην ἔσῳσε λύσασα τῶν δεσμῶν ὁ δὲ ἀμελήσας τῆς εὐεργέτιδος ἀπέπλευσεν
ἡ δὲ βρόχῳ ἐτελεύτησεν ὡς
Ἰόβας ἐν τρίτῃ
Λιβυκῶν.
</p>
<p>
<hi rend="uppercase">Καλπούρνιος</hi> Κράσσος ἀνὴρ τῶν ἐπισήμων, Ῥηγούλῳ συστρατευόμενος, ἐπέμφθη εἰς Μασσύλους<!--<note n="v.4.p.290.n.4" place="unspecified" anchored="yes"/>--> πορθήσων φρούριόν τι δυσάλωτον τοὔνομα Γαραίτιον. αἰχμάλωτος δὲ ληφθεὶς ἔμελλε θύεσθαι
τῷ Κρόνῳ. Βισαλτία δέ, τοῦ βασιλέως θυγάτηρ,
<milestone unit="stephpage" id="stephpage-311d" n="311d"/> ἐρασθεῖσα προέδωκε τὸν πατέρα καὶ νικηφόρον
<pb id="v.4.p.292"/> ἐκεῖνον ἐποίησεν. ἀναστρέψαντος δʼ αὐτοῦ, ἡ κόρη
κατέσφαξεν ἑαυτὴν ὡς Ἡσιάναξ<!--<note n="v.4.p.292.n.1" place="unspecified" anchored="yes"/>--> ἐν τρίτῳ Λιβυκῶν.</p>
</div1>
<div1 type="section" n="24">
<p>
<hi rend="uppercase">Πρίαμος</hi> Πολύδωρον ἐξέθετο εἰς Θρᾴκην μετὰ χρυσίου πρὸς Πολυμήστορα τὸν γαμβρόν, ὡς ἐγγὺς<!--<note n="v.4.p.292.n.2" place="unspecified" anchored="yes"/>--> ἦν τοῦ πορθεῖσθαι ἡ πόλις. ὁ δὲ<!--<note n="v.4.p.292.n.3" place="unspecified" anchored="yes"/>--> μετὰ τὴν
ἅλωσιν ἀπέκτεινε τὸν παῖδα, ὡς ἂν κερδήσῃ τὸν
χρυσόν. Ἑκάβη δʼ ἐπὶ τοὺς τόπους παραγενομένη καὶ σοφισαμένη
ὡς χρυσὸν δώσουσα ἅμα ταῖς
αἰχμαλωτίσι ταῖς χερσὶν<!--<note n="v.4.p.292.n.4" place="unspecified" anchored="yes"/>--> ἐξετύφλωσεν· ὡς Εὐριπίδης ὁ τραγῳδοποιός.
</p>
<p>
<hi rend="uppercase">Ἀννίβᾳ</hi> Καμπανοὺς λεηλατοῦντος, Λούκιος
Θύμβρις τὸν υἱὸν Ῥούστιον μετὰ χρημάτων ἔθετο πρὸς
<milestone unit="stephpage" id="stephpage-311e" n="311e"/>Οὐαλέριον Γέστιον ὄντα γαμβρόν. ὁ δὲ νενίκηκεν. ἀκούσας δὲ ὁ Καμπανὸς φιλαργυρίᾳ παρέβη τὰ δίκαια τῆς φύσεως, τὸν παῖδα φονεύσας. ὁ δὲ
Θύμβρις διὰ τῆς ἀγροικίας πορευόμενος καὶ τῷ
σώματι τοῦ παιδὸς ἐντυχὼν ἔπεμψεν ἐπὶ τὸν γαμβρὸν ὡς δείξων θησαυρούς· ἐλθόντα δʼ ἐτύφλωσε καὶ ἐσταύρωσεν. ὡς Ἀριστείδης ἐν τρίτῳ
Ἰταλικῶν.</p>
</div1>
<div1 type="section" n="25">
<p>
<hi rend="uppercase">Φώκου</hi> ὄντος ἐκ Ψαμάθης Αἰακῷ καὶ
στεργομένου, Τελαμὼν ἦγεν ἐπὶ θήραν καὶ συὸς ἐπιφανέντος κατὰ τοῦ μισουμένου ἐπαφῆκε τὸ δόρυ
καὶ ἐφόνευσεν. ὁ δὲ πατὴρ ἐφυγάδευσεν ὡς
Δωρόθεος ἐν πρώτῳ Μεταμορφώσεων.
</p>
<p>
<milestone unit="stephpage" id="stephpage-311f" n="311f"/>
<hi rend="uppercase">Γάϊος</hi> Μάξιμος ἔχων υἱοὺς Σιμίλιον καὶ Ῥῆσον
<pb id="v.4.p.294"/> τοῦτον ἐγέννησεν ἐξ Ἀμερίας νόθον<!--<note n="v.4.p.294.n.1" place="unspecified" anchored="yes"/>-->· ὁ Ῥῆσος οὗτος ἐν κυνηγεσίῳ ἀπέκτεινε τὸν ἀδελφὸν καὶ
ὑποστρέψας τὸ σύμπτωμα τύχης εἶπεν οὐ κρίσεως γεγονέναι. ὁ δὲ γνοὺς τἀληθὲς ἐφυγάδευσεν· ὡς Ἀριστοκλῆς ἐν τρίτῳ
Ἰταλικῶν.
</p>
</div1>
<div1 type="section" n="26">
<milestone unit="stephpage" id="stephpage-312a" n="312a"/>
<p>
<hi rend="uppercase">Ἄρης</hi>
Ἀλθαίᾳ συνῆλθε καὶ Μελέαγρον ποιήσας   <!--<note n="v.4.p.294.n.2" place="unspecified" anchored="yes"/>--> ὡς Εὐριπίδης ἐν Μελεάγρῳ.
</p>
<p>
<hi rend="uppercase">Σεπτίμιός</hi> Μάρκελλος γήμας Σιλουίαν πολλὰ κυνηγίῳ προσέκειτο· τὴν δὲ νεόνυμφον ἐν σχήματι ποιμένος Ἄρης βιασάμενος ἐγκύμονα ἐποίησε,
καὶ ὡμολόγησεν ὅστις ἦν καὶ δόρυ ἔδωκε, τὴν γένεσιν τοῦ μέλλοντος τίκτεσθαι φάσκων ἐν αὐτῷ<!--<note n="v.4.p.294.n.3" place="unspecified" anchored="yes"/>--> ἀποκεῖσθαι. ἀπέτεκεν οὖν Σεπτιμίῳ<!--<note n="v.4.p.294.n.4" place="unspecified" anchored="yes"/>--> Τουσκῖνον. Μάμερκος δὲ ὑπὲρ εὐκαρπίας θύων θεοῖς μόνης
ἠμέλησε Δήμητρος. ἡ δὲ κάπρον ἔπεμψε.
συναθροίσας δὲ πολλοὺς ἐκεῖνος<!--<note n="v.4.p.294.n.5" place="unspecified" anchored="yes"/>--> κυνηγέτας ἀνεῖλε,
<milestone unit="stephpage" id="stephpage-312b" n="312b"/> καὶ τὴν κεφαλὴν καὶ τὸ δέρος τῇ κατηγγυημένῃ γυναικὶ κατεχώρησε. Σκυμβράτης δὲ καὶ Μουθίας
οἱ ι μητράδελφοι περιείλοντο τῆς κόρης. ἀγανακτήσας δʼ ἀνεῖλε τοὺς συγγενεῖς· ἡ δὲ μήτηρ τὸ δόρυ κατέκαυσεν ὡς Μένυλλος ἐν τρίτῳ
Ἰταλικῶν.</p>
</div1>
<div1 type="section" n="27">
<p>
<hi rend="uppercase">Τελαμών</hi> ὁ Αἰακοῦ καὶ Ἐνδηίδος ἐλθὼν εἰς Εὔβοιαν<!--<note n="v.4.p.294.n.6" place="unspecified" anchored="yes"/>--> διέφθειρε τὴν Ἀλκοθόου Ἐρίβοιαν<!--<note n="v.4.p.294.n.7" place="unspecified" anchored="yes"/>--> καὶ<!--<note n="v.4.p.294.n.8" place="unspecified" anchored="yes"/>--> νυκτὸς ἔφυγεν. ὁ δὲ πατὴρ αἰσθόμενος καὶ
<pb id="v.4.p.296"/> τῶν πολιτῶν τινα ὑποπτεύσας ἔδωκε τὴν κόρην
καταποντωθῆναί τινι τῶν δορυφόρων. ὁ δʼ ἐλεήσας ἀπημπόλησε· προσσχούσης δὲ τῆς νεὼς Σαλαμῖνι
Τελαμὼν ὠνήσατο ἡ δʼ ἔτεκεν Αἴαντα· ὡς Ἀρητάδης Κνίδιος ἐν δευτέρῳ Νησιωτικῶν.
</p>
<p>
<milestone unit="stephpage" id="stephpage-312c" n="312c"/>
<hi rend="uppercase">Λούκιος</hi> Τρώσκιος θυγατέρα εἶχε Φλωρεντίαν
ἀπὸ τῆς Πατρίδος· ταύτην ἔφθειρε Καλπούρνιος Ῥωμαῖος. ὁ δὲ παρέδωκε τὴν κόρην καταποντίσαι· ἐλεηθεῖσα δὲ ὑπὸ τοῦ δορυφόρου
πιπράσκεται· καὶ<!--<note n="v.4.p.296.n.1" place="unspecified" anchored="yes"/>--> κατὰ τύχην τῆς νεὼς προσσχούσης εἰς Ἰταλίαν, Καλπούρνιος ὠνήσατο καὶ ἐποιήσατο
ἐξ αὐτῆς Κόντρουσκον.</p>
</div1>
<div1 type="section" n="28">
<p>
<hi rend="uppercase">Αἰόλος</hi> τῶν κατὰ Τυρρηνίαν βασιλεὺς ἔσχεν
ἐξ Ἀμφιθέας θυγατέρας ἐξ καὶ ἴσους ἄρρενας· Μακαρεὺς δʼ ὁ νεώτατος<!--<note n="v.4.p.296.n.2" place="unspecified" anchored="yes"/>--> ἔρωτι ἔφθειρε μίαν, ἡ
δὲ παιδίον ἐκύησεν. ἐμφανεῖσα<!--<note n="v.4.p.296.n.3" place="unspecified" anchored="yes"/>--> δὲ καὶ ξίφους
<milestone unit="stephpage" id="stephpage-312d" n="312d"/> πεμφθέντος ὑπὸ τοῦ πατρὸς ἄνομον<!--<note n="v.4.p.296.n.4" place="unspecified" anchored="yes"/>--> κρίνασα ἑαυτὴν διεχρήσατο· ὁμοίως δὲ καὶ ὁ Μακαρεύς
ὡς Σώστρατος ἐν δευτέρᾳ Τυρρηνικῶν.
</p>
<p>
<hi rend="uppercase">Παπίριος</hi> Τόλουκερ<!--<note n="v.4.p.296.n.5" place="unspecified" anchored="yes"/>--> γήμας Ἰουλίαν Ποῦλχραν<!--<note n="v.4.p.296.n.6" place="unspecified" anchored="yes"/>--> ἔσχεν ἓξ θυγατέρας καὶ ἴσους<!--<note n="v.4.p.296.n.7" place="unspecified" anchored="yes"/>--> ἄρρενας, τούτων ὁ πρεσβύτατος Παπίριος Ῥωμᾶνος τῆς ἀδελφῆς ἐρασθεὶς Κανουλίας ἔγκυον ἐποίησε.
μαθὼν δὲ ὁ πατὴρ τῇ θυγατρὶ ξίφος ἔπεμψεν· ἡ
<pb id="v.4.p.298"/>
δὲ ἑαυτὴν ἀνεῖλε· τὸ αὐτὸ δὲ καὶ ὁ Ῥωμᾶνος ἔπραξεν ὡς Χρύσιππος ἐν τῷ πρώτῳ Ἰταλικῶν.</p>
</div1>
<div1 type="section" n="29">
<p>
<hi rend="uppercase">Ἀριστώνυμος</hi>
<!--<note n="v.4.p.298.n.1" place="unspecified" anchored="yes"/>--> Ἐφέσιος υἱὸς Δημοστράτου ἐμίσει γυναῖκας, ὄνῳ δʼ ἐμίσγετο· ἡ δὲ κατὰ χρόνον
ἔτεκε κόρην εὐειδεστάτην Ὀνόσκελιν<!--<note n="v.4.p.298.n.2" place="unspecified" anchored="yes"/>--> τοὔνομα· ὡς Ἀριστοκλῆς<!--<note n="v.4.p.298.n.3" place="unspecified" anchored="yes"/>--> ἐν δευτέρᾳ Παραδόξων.
</p>
<p>
<milestone unit="stephpage" id="stephpage-312e" n="312e"/>
<hi rend="uppercase">Φουλούιος</hi> Στέλλος μισῶν γυναῖκας ἵππῳ
συνεμίσγετο· ἡ δὲ κατὰ χρόνον ἔτεκε κόρην εὔμορφον
καὶ ὠνόμασαν<!--<note n="v.4.p.298.n.4" place="unspecified" anchored="yes"/>--> Ἔποναν· ἔστι δὲ θεὸς πρόνοιαν
ποιουμένη ἵππων· ὡς Ἀγησίλαος ἐν τρίτῳ
Ἰταλικῶν.</p>
</div1>
<div1 type="section" n="30">
<p>
<hi rend="uppercase">Σαρδιανοὶ</hi> πρὸς Σμυρναίους πόλεμον ἔχοντες περὶ τὰ τείχη ἐστρατοπεδεύσαντο, καὶ διὰ πρέσβεων
ἔπεμψαν μὴ πρότερον ἀναχωρῆσαι, ἐὰν μὴ τὰς γυναῖκας συνελθεῖν αὐτοῖς συγχωρήσωσι. τῶν δὲ Σμυρναίων διὰ τὴν ἀνάγκην μελλόντων πάσχειν
<milestone unit="stephpage" id="stephpage-312f" n="312f"/> κακῶς, θεραπαινὶς ἦν μία τῶν εὐσχημόνων, ἣ προσδραμοῦσα ἔφη τῷ δεσπότῃ Φιλάρχῳ, δεῖ τὰς
θεραπαίνας κοσμήσαντας ἀντʼ<!--<note n="v.4.p.298.n.9" place="unspecified" anchored="yes"/>--> ἐλευθέρων πέμπειν.ʼ
ὃ δὴ καὶ ἔδρασαν. οἱ δὲ κοπωθέντες ὑπὸ τῶν θεραπαινῶν ἑάλωσαν. ὅθεν καὶ νῦν παρὰ
Σμυρναίοις<milestone unit="stephpage" id="stephpage-313a" n="313a"/> ἑορτὴ λέγεται Ἐλευθέρια,<!--<note/>--> ἐν<!--<note n="v.4.p.298.n.7" place="unspecified" anchored="yes"/>-->ʼ ʼαἱ δοῦλαι τὸν κόσμον τῶν ἐλευθέρων φοροῦσιν ὡς Δοσίθεος
ἐν τρίτῳ Λυδιακῶν.
<pb id="v.4.p.300"/>
</p>
<p>
<hi rend="uppercase">Ἀτεπόμαρος</hi> Γάλλων βασιλεὺς Ῥωμαίοις πολεμῶν ἔφη μὴ πρότερον ἀναχωρῆσαι, ἐὰν μὴ τὰς γυναῖκας εἰς συνουσίαν ἐκδῶσι. τῶν δὲ διὰ συμβουλὴν θεραπαινίδων<!--<note n="v.4.p.300.n.1" place="unspecified" anchored="yes"/>--> πεμψάντων τὰς δούλας κοπωθέντες
οἱ βάρβαροι τῇ ἀλήκτῳ συνουσίᾳ ὑπνώθησαν. ἡ δὲ Ῥητᾶνα αὕτη γὰρ ἦν τοῦτο συμβουλεύσασα ἀγρίας ἐπιλαβομένη συκῆς ἀναβαίνει εἰς τὸ τεῖχος καὶ μηνύει τοῖς ὑπάτοις· οἱ δʼ
ἐπελθόντες ἐνίκησαν.
ἀφʼ
οὗ καὶ ἑορτὴ θεραπαινῶν καλεῖται· ὡς
Ἀριστείδης<milestone unit="stephpage" id="stephpage-313b" n="313b"/>Μιλήσιος ἐν πρώτῃ
Ἰταλικῶν.</p>
</div1>
<div1 type="section" n="31">
<p>
<hi rend="uppercase">Ἀθηναίων</hi> πόλεμον ἐχόντων πρὸς Εὔμολπον
καὶ τῆς εὐθηνίας μὴ ἐπαρκούσης Πύρανδρος ταμίας τῶν δημοσίων ὑπέσπασε<!--<note n="v.4.p.300.n.2" place="unspecified" anchored="yes"/>--> τὸ μέτρον φειδωλῶς
χρώμενος· οἱ δʼ
ἐγχώριοι ὡς προδότην ὑποπτεύσαντες λιθόλευστον ἐποίησαν· ὡς Καλλισθένης
ἐν τρίτῳ Θρᾳκικῶν.
</p>
<p>
<hi rend="uppercase">Ῥωμαίων</hi> πρὸς Γάλλους
πολεμούντων καὶ τῆς εὐθηνίας μὴ ἀρκούσης Κίννας τοῦ δήμου τὸ
σιτόμετρον ὑπέσπασε· Ῥωμαῖοι δὲ ὡς ἀντιποιούμενον
αὐτὸν τῆς βασιλείας λιθόλευστον ἐποίησαν ὡς Ἀριστείδης ἐν τρίτῳ Ἰταλικῶν.</p>
</div1>
<div1 type="section" n="32">
<p>
<hi rend="uppercase">ἐν</hi> τῷ Πελοποννησιακῷ πολέμῳ
Πεισίστρατος<milestone unit="stephpage" id="stephpage-313c" n="313c"/>Ὀρχομένιος τοὺς μὲν εὐγενεῖς ἐμίσει, τοὺς δʼ εὐτελεῖς ἐφίλει. ἐβουλεύσαντο δὲ οἱ ἐν τῇ βουλῇ φονεῦσαι, καὶ διακόψαντες αὐτὸν εἰς τοὺς κόλπους ἔβαλον, καὶ τὴν γῆν ἔξυσαν. ὁ δὲ δημότης
<pb id="v.4.p.302"/> ὄχλος ὑπόνοιαν λαβὼν ἔδραμεν εἰς τὴν βουλήν. ὁ
δὲ νεώτερος υἱὸς τοῦ βασιλέως Τλησίμαχος εἰδὼς τὴν συνωμοσίαν ἀπὸ τῆς ἐκκλησίας ἀπέσπασε τὸν ὄχλον, εἰπὼν ἑωρακέναι τὸν πατέρα μεθʼ ὁρμῆς εἰς τὸ Πισαῖον ὄρος φέρεσθαι, μείζονα μορφὴν
ἀνθρώπου κεκτημένον. καὶ οὕτως ἠπατήθη ὁ ὄχλος· ὡς Θεόφιλος ἐν δευτέρῳ Πελοποννησιακῶν.
</p>
<p>
<hi rend="uppercase">διά</hi> τοὺς ἀστυγείτονας πολέμους ἡ σύγκλητος
<milestone unit="stephpage" id="stephpage-313d" n="313d"/> τῶν Ῥωμαίων τοῦ δήμου τὸ σιτόμετρον ἦρε· Ῥωμύλος δὲ ὁ βασιλεὺς βαρέως ἐνεγκὼν τῷ δήμῳ ἀπέδωκε· πολλοὺς δὲ τῶν μειζόνων ἐκόλαζεν. οἱ
δὲ φονεύσαντες αὐτὸν ἐν τῇ συγκλήτῳ βουλῇ καὶ
διακόψαντες<!--<note n="v.4.p.302.n.1" place="unspecified" anchored="yes"/>--> εἰς τοὺς κόλπους ἔβαλον. Ῥωμαῖοι
δὲ μετὰ πυρὸς εἰς τὴν σύγκλητον ἔδραμον. Ἰούλιος<!--<note n="v.4.p.302.n.2" place="unspecified" anchored="yes"/>-->
δὲ Πρόκλος<!--<note n="v.4.p.302.n.3" place="unspecified" anchored="yes"/>--> τῶν ἐπισήμων ἀνὴρ εἶπε τὸν Ῥωμύλον
ἐν ὄρει ἑωρακέναι μείζονα παντὸς ἀνθρώπου θεὸν
τε γεγενῆσθαι.<!--<note n="v.4.p.302.n.4" place="unspecified" anchored="yes"/>--> Ῥωμαῖοι δὲ πιστεύσαντες
ἀνεχώρησαν ὡς Ἀριστόβουλος ἐν τρίτῳ Ἰταλικῶν.</p>
</div1>
<div1 type="section" n="33">
<p>
<hi rend="uppercase">Πέλοψ</hi> Ταντάλου καὶ Εὐρυανάσσης γήμας
Ἱπποδάμειαν ἔσχεν Ἀτρέα καὶ Θυέστην, ἐκ δὲ
<milestone unit="stephpage" id="stephpage-313e" n="313e"/>Δαναΐδος νύμφης Χρύσιππον, ὃν πλέον τῶν γνησίων ἔστερξε. Λάιος δὲ ὁ Θηβαῖος ἐπιθυμήσας ἥρπασεν αὐτόν. καὶ συλληφθεὶς ὑπὸ Θυέστου καὶ Ἀτρέως ἐλέους ἔτυχε παρὰ Πέλοπος διὰ τὸν ἔρωτα. Ἱπποδάμεια δʼ ἀνέπειθεν Ἀτρέα καὶ Θυέστην ἀναιρεῖν
<pb id="v.4.p.304"/>
αὐτόν, εἰδυῖα ἔσεσθαι ἔφεδρον βασιλείας. τῶν δʼ ἀρνησαμένων, αὐτὴ τῷ μύσει τὰς χεῖρας ἔχρισε. νυκτὸς γὰρ βαθείας κοιμωμένου Λαΐου, τὸ ξίφος ἑλκύσασα καὶ τρώσασα τὸν Χρύσιππον ἐγκαταπήγνυσι τὸ ξίφος. ὑπονοηθεὶς δὲ ὁ Λάιος διὰ τὸ ξίφος ῥύεται ὑπὸ ἡμιθνῆτος τοῦ Χρυσίππου τὴν ἀλήθειαν ὁμολογήσαντος· ὁ δὲ θάψας τὴν
Ἱπποδάμειαν ἐξώρισεν· ὡς Δοσίθεος ἐν Πελοπίδαις.
</p>
<p>
<milestone unit="stephpage" id="stephpage-313f" n="313f"/>
<hi rend="uppercase">Ἤβιος</hi> Τολίειξ γήμας Νουκερίαν ἔσχε δύο παῖδας
ἐκ ταύτης. ἔσχε δὲ καὶ ἐξ ἀπελευθέρας κάλλει περίβλεπτον Φίρμον, ὃν τῶν γνησίων μᾶλλον ἔστεργε. ἡ δὲ Νουκερία πρὸς τὸν πρόγονον μισοπονήρως διακειμένη τοὺς παῖδας ἀνέπειθεν αὐτὸν
ἀναιρεῖν.<!--<note n="v.4.p.304.n.1" place="unspecified" anchored="yes"/>--> τῶν δʼ εὐσεβῶς ἀνανευσάντων, αὐτὴ τὸν
<milestone unit="stephpage" id="stephpage-314a" n="314a"/>φόνον ἐνείργησε, καὶ<!--<note n="v.4.p.304.n.2" place="unspecified" anchored="yes"/>--> νυκτὸς τοῦ σωματοφύλακος
τὸ ξίφος ἑλκύσασα καιρίως ἔτρωσε τὸν κοιμώμενον, ἐγκαταλιποῦσα τὸ ξίφος. τοῦ δὲ σωματοφύλακος ὑποπτευθέντος, ὁ παῖς τὴν ἀλήθειαν λέγει. ὁ δὲ τοῦτον θάψας τὴν γυναῖκα ἐφυγάδευσεν ὡς Δοσίθεος ἐν τρίτῳ Ἰταλικῶν.</p>
</div1>
<div1 type="section" n="34">
<p>
<hi rend="uppercase">Θησεὺς</hi>
<!--<note n="v.4.p.304.n.2" place="unspecified" anchored="yes"/>--> ταῖς ἀληθείαις παῖς Ποσειδῶνος, ἔχων δὲ
ἐξ Ἱππολύτης Ἀμαζόνος Ἱππόλυτον, ἐπέγημε μητρυιὰν Φαίδραν τὴν Μίνωος, ἥτις τοῦ προγόνου εἰς ἐπιθυμίαν ἐμπεσοῦσα τὴν τροφὸν
ἔπεμψεν· ὁ δὲ καταλείψας Ἀθήνας καὶ εἰς Τροιζῆνα
παραγενόμενος κυνηγεσίαις προσανέκειτο. τῆς δὲ
<milestone unit="stephpage" id="stephpage-314b" n="314b"/> προαιρέσεως ἡ ἀσελγὴς ἀποτυχοῦσα ψευδεῖς κατὰ
<pb id="v.4.p.306"/>
τοῦ σώφρονος ἐπιστολὰς ἐχάραξε καὶ βρόχῳ τὸ ζῆν ἀνήρτησε.<!--<note n="v.4.p.306.n.1" place="unspecified" anchored="yes"/>--> Θησεὺς δὲ πιστεύσας ᾐτήσατο παρὰ Ποσειδῶνος ἀπολέσθαι τὸν Ἱππόλυτον, ἐκ τῶν τριῶν εὐχῶν ἃς εἶχε παρʼ αὐτοῦ. ὁ δὲ παρʼ αἰγιαλὸν ἐπὶ ἅρματος τυχόντι ταῦρον ἔπεμψε καὶ ἐπτόησε τοὺς ἵππους, οἳ συνέτριψαν τὸν Ἱππόλυτον.
</p>
<p>
<hi rend="uppercase">Κομμίνιος</hi> Σοῦπερ Λαυρεντῖνος ἔχων υἱὸν ἐξ Ἐγερίας νύμφης Κομμίνιον ἐπήγαγε μητρυιὰν
Γινδίκαν· ἥτις ἐρασθεῖσα τοῦ προγόνου καὶ
ἀποτυχοῦσα βρόχῳ κατέστρεψε τὸν βίον, ἐπιστολὰς
καταλείψασα ψευδεῖς·. ὁ δὲ Κομμίνιος ἀναγνοὺς
<milestone unit="stephpage" id="stephpage-314c" n="314c"/> τὰ ἐκγλήματα καὶ τῷ ζήλῳ πιστεύσας ἐπεκαλέσατο τὸν Ποσειδῶνα. ὁ δὲ τῷ παιδὶ ἐπὶ ἅρματος
ὀχουμένῳ ταῦρον ἔδειξε, καὶ οἱ ἵπποι τὸν νέον σύραντες ἀπώλεσαν ὡς Δοσίθεος ἐν τρίτῳ
Ἰταλικῶν.</p>
</div1>
<div1 type="section" n="35">
<p>
<hi rend="uppercase">λοιμοῦ</hi> κατασχόντος Λακεδαίμονα, ἔχρησεν
ὁ θεὸς παύσασθαι, ἐὰν παρθένον εὐγενῆ κατὰ ἔτος
θύωσιν Ἑλένης δέ ποτε κληρωθείσης καὶ
προαχθείσης κεκοσμημένης, ἀετὸς καταπτὰς ἥρπασε
τὸ ξίφος καὶ ἐς τὰ βουκόλια κομίσας ἐπὶ δάμαλιν
καθῆκεν<!--<note n="v.4.p.306.n.3" place="unspecified" anchored="yes"/>-->· ὅθεν ἀπέσχοντο τῆς παρθενοκτονίας· ὡς
Ἀριστόδημος ἐν τρίτῃ μυθικῇ συναγωγῇ.
</p>
<p>
<milestone unit="stephpage" id="stephpage-314d" n="314d"/>
<hi rend="uppercase">λοιμοῦ</hi> κατασχόντος Φαλερίους<!--<note n="v.4.p.306.n.4" place="unspecified" anchored="yes"/>--> καὶ φθορᾶς
<pb id="v.4.p.308"/> γενομένης, χρησμὸς ἐδόθη λωφῆσαι τὸ δεινόν, ἐὰν παρθένον τῇ Ἥρᾳ θύωσιν κατʼ ἐνιαυτόν. ἀεὶ
δὲ τῆς δεισιδαιμονίας μενούσης κατὰ κλῆρον
λαχομένη<!--<note n="v.4.p.308.n.1" place="unspecified" anchored="yes"/>--> Οὐαλερία Λουπέρκα<!--<note n="v.4.p.308.n.2" place="unspecified" anchored="yes"/>--> σπασαμένη τὸ ξίφος,<!--<note n="v.4.p.308.n.3" place="unspecified" anchored="yes"/>--> ἀετὸς καταπτὰς ἥρπασε καὶ ἐπὶ τῶν ἐμπύρων ἔθηκε ῥάβδον μικρὰν ἔχουσαν σφῦραν, τὸ
δὲ ξίφος ἐπέβαλε δαμάλει τινὶ παρὰ τὸν ναὸν βοσκομένῃ. νοήσασα δὲ ἡ παρθένος καὶ τὴν βοῦν θύσασα καὶ τὴν σφῦραν ἄρασα, κατʼ οἰκίαν περιῆλθε, καὶ τοὺς ἀσθενοῦντας ἠρέμα πλήττουσα διήγειρεν, ἐρρῶσθαι ἑνὶ ἑκάστῳ λέγουσα. ὅθεν καὶ νῦν τὸ μυστήριον τελεῖται· ὡς Ἀριστείδης ἐν
ἐννεακαιδεκάτῳ<milestone unit="stephpage" id="stephpage-314e" n="314e"/>Ἰταλικῶν.</p>
</div1>
<div1 type="section" n="36">
<p>
<hi rend="uppercase">Φυλονόμη</hi> Νυκτίμου καὶ Ἀρκαδίας θυγάτηρ ἐκυνήγει σὺν τῇ Ἀρτέμιδι· Ἄρης δʼ ἐν σχήματι ποιμένος ἔγκυον ἐποίησεν. ἡ δὲ τεκοῦσα διδύμους παῖδας καὶ φοβουμένη τὸν πατέρα ἔρριψεν εἰς τὸν
Ἐρύμανθον. οἱ δὲ κατὰ πρόνοιαν ἀκινδύνως
περιφερόμενοι προσηνέχθησαν ἐν κοίλῃ δρυΐ· λύκαινα
δʼ ἐμφωλεύουσα τοὺς μὲν ἰδίους σκύμνους εἰς τὸν ῥοῦν ἔρριψε, τοῖς δὲ βρέφεσι θηλὴν παρέσχε,
Γύλιφος<!--<note n="v.4.p.308.n.4" place="unspecified" anchored="yes"/>--> δὲ ποιμὴν αὐτόπτης γενόμενος καὶ
ἀναλαβὼν τοὺς παῖδας ὡς ἰδίους ἔθρεψε, τὸν μὲν καλέσας Λύκαστον τὸν δὲ Παρράσιον, τοὺς
διαδεξαμένους<milestone unit="stephpage" id="stephpage-314f" n="314f"/> τὴν βασιλείαν τῶν Ἀρκάδων ὡς
Ζώπυρος Βυζάντιος ἐν τῷ τρίτῳ Ἱστορικῶν.
</p>
<p>
<hi rend="uppercase">Ἀμούλιος</hi> πρὸς Νομίτορα τὸν ἀδελφὸν τυραννικῶς
διακείμενος, τὸν μὲν υἱὸν Αἴνιτον ἐπὶ κυνηγίᾳ
<pb id="v.4.p.310"/> ἀνεῖλε, τὴν δὲ θυγατέρα Σιλουίαν ἢ
Ἰλίαν<!--<note n="v.4.p.310.n.1" place="unspecified" anchored="yes"/>--> τῆς
Ἥρας ἱέρειαν ἐποιήσατο. ταύτην Ἄρης ἐγκύμονα ποιεῖ· ἡ δʼ ἔτεκε διδύμους, ὡμολόγησέ τε τῷ τυράννῳ τὴν ἀλήθειαν. ὁ δὲ φοβηθεὶς ἀμφοτέρους
κατεπόντισε, βαλὼν παρὰ τὰς ὄχθας τοῦ Θύμβρεως.
<milestone unit="stephpage" id="stephpage-315a" n="315a"/> οἱ δὲ προσηνέχθησαν ἐν τόπῳ, ἔνθα λύκαινα ἦν φωλεύουσα νεοτόκος· καὶ τοὺς μὲν σκύμνους
ἔρριψε, τὰ δὲ βρέφη ἔτρεφε. Φαῦστος<!--<note n="v.4.p.310.n.2" place="unspecified" anchored="yes"/>--> δὲ ποιμὴν
αὐτόπτης γενόμενος τοὺς παῖδας ἀνέθρεψε, καὶ τὸν μὲν Ῥῶμον τὸν δὲ Ῥωμύλον προσηγόρευσε, τοὺς κτίστας Ῥώμης ὡς Ἀριστείδης Μιλήσιος ἐν τοῖς Ἰταλικοῖς.</p>
</div1>
<div1 type="section" n="37">
<p>
<hi rend="uppercase">μετὰ</hi> τὴν Ἰλίου ἅλωσιν Ἀγαμέμνων μετὰ 
Κασάνδρας ἀνῃρέθη. Ὀρέστης δὲ παρὰ Στροφίῳ 
ἀνατραφεὶς τοὺς φονεῖς τοῦ πατρὸς ἐτιμωρήσατο·
ὡς Πύρανδρος ἐν τετάρτῳ Πελοποννησιακῶν.
</p>
<p>
<hi rend="uppercase">Φάβιος Φαβρικιανὸς</hi> τοῦ μεγάλου συγγενὴς 
Φαβίου, πορθήσας Τούξιον μητρόπολιν Σαυνιτῶν,
<milestone unit="stephpage" id="stephpage-315b" n="315b"/> τὴν παρʼ αὐτοῖς τιμωμένην νικηφόρον Ἀφροδίτην
ἔπεμψεν εἰς Ῥώμην. τούτου γυνὴ Φαβία<!--<note n="v.4.p.310.n.3" place="unspecified" anchored="yes"/>--> μοιχευθεῖσα ὑπό τινος εὐπρεποῦς νεανίου τοὔνομα Πετρωνίου Οὐαλεντίνου, τὸν ἄνδρα ἐδολοφόνησε. Φαβία δὲ θυγάτηρ<!--<note n="v.4.p.310.n.4" place="unspecified" anchored="yes"/>--> τὸν ἀδελφὸν ἔτι νήπιον
Φαβρικιανὸν τῶν κινδύνων ἐρρύσατο καὶ ἔπεμψε κρύφα
τραφησόμενον. ἀκμάσας δὲ ὁ νεανίας τήν τε μητέρα καὶ τὸν μοιχὸν ἀπέκτεινε, καὶ ἀπελύθη ὑπὸ τῆς συγκλήτου ὡς ἱστορεῖ Δοσίθεος ἐν τρίτῳ
Ἰταλικῶν.
<pb id="v.4.p.312"/>
</p>
</div1>
<div1 type="section" n="38">
<p>
<hi rend="uppercase">Βούσιρις</hi>, παῖς Ποσειδῶνος καὶ Ἀνίππης τῆς Νείλου, τοὺς παριόντας ὑπούλῳ φιλοξενίᾳ
κατέθυε. μετῆλθε δʼ αὐτὸν ἡ τῶν τετελευτηκότων
<milestone unit="stephpage" id="stephpage-315c" n="315c"/> νέμεσις· Ἡρακλῆς γὰρ ἐπιτεθεὶς τῷ ῥοπάλῳ
διεχρήσατο<!--<note n="v.4.p.312.n.1" place="unspecified" anchored="yes"/>-->· ὡς
Ἀγάθων Σάμιος.
</p>
<p>
<hi rend="uppercase">Ἡρακλῆς</hi> τὰς Γηρυόνου βοῦς ἐλαύνων διʼ
Ἰταλίας
ἐπεξενώθη Φαύνῳ βασιλεῖ, ὃς ἦν Ἑρμοῦ παῖς καὶ τοὺς ξένους τῷ γεννήσαντι ἔθυεν· ἐπιχειρήσας
δὲ τῷ Ἡρακλεῖ ἀνῃρέθη· ὡς Δέρκυλλος ἐν τρίτῳ
Ἰταλικῶν.</p>
</div1>
<div1 type="section" n="39">
<p>
<hi rend="uppercase">Φάλαρις</hi> Ἀκραγαντίνων τύραννος ἀποτόμως<!--<note n="v.4.p.312.n.1" place="unspecified" anchored="yes"/>-->
τοὺς παριόντας ξένους ἐστρέβλου καὶ ἐκόλαζε. Πέριλλος δὲ τῇ τέχνῃ χαλκουργὸς δάμαλιν κατασκευάσας χαλκῆν ἔδωκε τῷ βασιλεῖ, ὡς ἂν τοὺς ξένους κατακαίῃ ζῶντας ἐν αὐτῇ· ὁ δὲ μόνον τότε γενόμενος δίκαιος αὐτὸν ἐνέβαλεν. ἐδόκει ι δὲ
<milestone unit="stephpage" id="stephpage-315d" n="315d"/> μυκηθμὸν ἀναδιδόναι ἡ δάμαλις· ὡς ἐν δευτέρῳ
Αἰτίων.
</p>
<p>
<hi rend="uppercase">ἐν Ἀιγέστηι</hi> πόλει τῆς Σικελίας ἐγένετό τις
ὠμὸς τύραννος Αἰμίλιος Κενσωρῖνος. οὗτος τοὺς
καινότερα βασανιστήρια κατασκευάσαντας
ἐδωροδόκει. εἷς δέ τις Ἀρούντιος Πατέρκουλος δημιουρ
γήσας ἵππον χαλκοῦν τῷ προειρημένῳ δῶρον ἔδωκεν, ʼἵν̓<!--<note n="v.4.p.312.n.9" place="unspecified" anchored="yes"/>--> ἐμβάλλῃ<!--<note n="v.4.p.312.n.2" place="unspecified" anchored="yes"/>--> ἀστούς.<!--<note n="v.4.p.312.n.3" place="unspecified" anchored="yes"/>-->  ὁ δὲ τότε πρῶτον
<pb id="v.4.p.314"/> νομίμως ἀναστραφεὶς τὸν χαρισάμενον πρότερον ἔβαλεν ὡς ἄν, ἣν ἐπενόησε βάσανον ἄλλοις, αὐτὸς πάθῃ πρῶτος. τοῦτον συλλαβὼν ἀπὸ τοῦ Ταρπηίου<!--<note n="v.4.p.314.n.1" place="unspecified" anchored="yes"/>-->
ὄρους ἔρριψε. καὶ δοκοῦσιν οἱ ἀποτόμως βασιλεύσαντες ἀπʼ ἐκείνου Αἰμίλιοι προσαγορεύεσθαι· ὡς
<milestone unit="stephpage" id="stephpage-315e" n="315e"/>Ἀριστείδης ἐν τετάρτῳ Ἰταλικῶν.</p>
</div1>
<div1 type="section" n="40">
<p>
<hi rend="uppercase">εὔηνος</hi> Ἄρεος καὶ Στερόπης τὴν Οἰνομάου γήμας Ἀλκίππην ἐγέννησε θυγατέρα Μάρπησσαν,
ἣν παρθένον ἐφρούρει. καὶ<!--<note n="v.4.p.314.n.2" place="unspecified" anchored="yes"/>--> Ἴδας ὁ Ἀφαρέως<!--<note n="v.4.p.314.n.3" place="unspecified" anchored="yes"/>-->
ἀρπάσας ἐκ χοροῦ ἔφυγεν. ὁ δὲ πατὴρ διώξας καὶ
μὴ συλλαβὼν εἰς τὸν Λυκόρμαν ἔρριψεν ἑαυτὸν ποταμὸν καὶ ἀθάνατος ἐγένετο ὡς Δοσίθεος ἐν
πρώτῳ Αἰτωλικῶν.<!--<note n="v.4.p.314.n.4" place="unspecified" anchored="yes"/>--></p>
<p>
<hi rend="uppercase">Ἄννιος</hi> δὲ Τούσκων βασιλεὺς ἔχων θυγατέρα εὔμορφον τοὔνομα Σαλίαν,<!--<note/>--> παρθένον ἐτήρει. Κάθητος δʼ ἐκ τῶν ἐπισήμων ἰδὼν τὴν παρθένον
παίζουσαν ἠράσθη, καὶ μὴ στέγων τὸν ἔρωτα ἥρπασε
<milestone unit="stephpage" id="stephpage-315f" n="315f"/> καὶ ἦγεν εἰς Ῥώμην. ὁ δὲ πατὴρ ἐπιδιώξας καὶ
μὴ συλλαβὼν ἥλατο εἰς τὸν Παρεούσιον
ποταμόν, ὃς Ἀνίων μετωνομάσθη· τῇ δὲ Σαλίᾳ
συγγενόμενος Κάθητος ἐποιήσατο Λατῖνον καὶ Σάλιον,
ἀφʼ ὧν οἱ εὐγενέστατοι κατῆγον τὸ γένος· ὡς Ἀριστείδης Μιλήσιος καὶ Ἀλέξανδρος ὁ Πολυΐστωρ
ἐν τρίτῳ Ἰταλικῶν.</p>
</div1>
<div1 type="section" n="41">
<p>
<hi rend="uppercase">Ἡγησίστρατος</hi> ἀνὴρ Ἐφέσιος ἐμφύλιον φόνον
<pb id="v.4.p.316"/> δράσας ἔφυγεν εἰς Δελφοὺς καὶ ἠρώτα τὸν θεὸν
ποῦ οἰκήσειεν. ὁ δʼ
Ἀπόλλων ἀνεῖλεν<!--<note n="v.4.p.316.n.1" place="unspecified" anchored="yes"/>--> ἔνθα ἂν ἴδῃ χορεύοντας ἀγροίκους θαλλοῖς ἐλαίας
ἐστεφανωμένους<milestone unit="stephpage" id="stephpage-316a" n="316a"/>. γενόμενος δὲ κατά τινα<!--<note n="v.4.p.316.n.2" place="unspecified" anchored="yes"/>--> τόπον τῆς Ἀσίας καὶ θεασάμενος φύλλοις ἐλαίας ἐστεφανωμένους
γεωργοὺς καὶ χορεύοντας, ἔκτισεν αὐτοῦ πόλιν καὶ ἐκάλεσεν Ἐλαιοῦντα· ὡς Πυθοκλῆς ὁ Σάμιος ἐν τρίτῳ Γεωργικῶν.
</p>
<p>
<hi rend="uppercase">Τηλέγονος</hi> Ὀδυσσέως καὶ Κίρκης ἐπʼ ἀναζήτησιν τοῦ πατρὸς πεμφθεὶς ἔμαθε πόλιν κτίσαι, ἔνθα
ἂν ἴδῃ γεωργοὺς ἐστεφανωμένους καὶ χορεύοντας.
γενόμενος δὲ κατά τινα τόπον τῆς Ἰταλίας καὶ θεασάμενος ἀγροίκους πρινίνοις κλάδοις ἐστεφανωμένους καὶ ὀρχήσει προσευκαιροῦντας, ἔκτισε
πόλιν, ἀπὸ τοῦ συγκυρήματος Πρίνιστον ὀνομάσας,
ἣν Ῥωμαῖοι παραγώγως Πραίνεστον καλοῦσιν· ὡς
<milestone unit="stephpage" id="stephpage-316b" n="316b"/> ἱστορεῖ πελ Ἀριστοκλῆς ἐν τρίτῳ Ἰταλικῶν.</p>
</div1>
</body>
</text>
</TEI.2>
