<?xml version="1.0" encoding="UTF-8"?>
<?xml-model href="http://www.stoa.org/epidoc/schema/latest/tei-epidoc.rng" schematypens="http://relaxng.org/ns/structure/1.0"?>
<TEI xmlns="http://www.tei-c.org/ns/1.0">
    <teiHeader>
        <fileDesc>
            <titleStmt><title>De consuetudinibus</title>
                <author>Galen</author>
                <editor>Iwan von Müller</editor>
                <funder>Andrew W. Mellon Foundation</funder>
                <respStmt>
          <resp>Published original versions of the electronic texts</resp>
          <orgName ref="http://www.graeco-arabic-studies.org/">A Digital Corpus for Graeco-Arabic Studies, funded by the Andrew W. Mellon Foundation</orgName>
          <persName>Mark Schiefsky, Harvard University</persName>
          <persName>Gregory R. Crane, Universität Leipzig</persName>
          <persName>Uwe Vagelpohl, University of Warwick</persName>
        </respStmt>
        <respStmt>
          <resp>Keyboarding</resp>
          <orgName xml:id="DDD">Digital Divide Data</orgName>
        </respStmt>
        <respStmt>
          <resp>Editor-in-Chief, Perseus Digital Library</resp>
          <persName>Gregory R. Crane</persName>
        </respStmt>
        <respStmt>
          <resp>Project Manager (University of Leipzig), 2016 - present</resp>
          <persName>Matt Munson</persName>
        </respStmt>
        <respStmt>
          <resp>Project Assistant (University of Leipzig), 2015 - present</resp>
          <persName>Annette Geßner</persName>
        </respStmt>
        <respStmt>
          <resp>Lead Developer (University of Leipzig)</resp>
          <persName>Thibault Clérice</persName>
        </respStmt>
        <respStmt>
          <resp>Technical Advisor</resp>
          <persName>Bruce Robertson</persName>
        </respStmt>
      </titleStmt>
      <publicationStmt>
                <authority>A Digital Corpus for Graeco-Arabic Studies, funded by the Andrew W.
                    Mellon Foundation</authority>
                <publisher>University of Leipzig</publisher>
                <pubPlace>Germany</pubPlace>
                <idno type="filename">tlg0057.tlg103.1st1K-grc1.xml</idno>
                <availability>
                    <licence target="https://creativecommons.org/licenses/by-sa/4.0/">Available
                        under a Creative Commons Attribution-ShareAlike 4.0 International
                        License</licence>
                </availability>
                <date>2016</date>
            </publicationStmt>
            <sourceDesc>
                <biblStruct>
                    <monogr>
                        <title>Galeni libellus De consuetudinibus</title>
                        <author>Galen</author>
                        <editor>Iwan von Müller</editor>
                        <imprint>
                            <publisher>Universität Erlangen</publisher>
                            <pubPlace>Erlangen</pubPlace>
                            <biblScope unit="pp" from="5" to="19">5-19</biblScope>
                            <date>1879</date>
                        </imprint>
                    </monogr>
                </biblStruct>
            </sourceDesc>
        </fileDesc>
        <encodingDesc>
            <p>The following text is encoded in accordance with EpiDoc standards and with the
                CTS/CITE Architecture.</p>
            <refsDecl n="CTS">
                <cRefPattern matchPattern="(.+)" n="chapter" replacementPattern="#xpath(/tei:TEI/tei:text/tei:body/tei:div/tei:div[@n='$1'])"/>
            </refsDecl>
        </encodingDesc>
        <profileDesc>
            <langUsage>
                <language ident="greek">Greek</language>
            </langUsage>
        </profileDesc>
    </teiHeader>
    <text>
        <body>

            <div type="edition" xml:lang="grc" n="urn:cts:greekLit:tlg0057.tlg103.1st1K-grc1">
                <pb n="5"/>

                <div type="textpart" subtype="chapter" n="1">
                    <head>ΓΑΛΗΝΟΥ ΠΕΡΙ ΕΘΩΝ.</head>
                    <p>
                        <milestone unit="ed1page" n="106"/>Τῶν θεραπευτικῶν σκοπῶν ἕνα καὶ τὸν ἀπὸ
                        τῶν ἐθῶν ἡγουμένων ὑπάρχειν οὐ <lb/>μόνον τῶν ἀρίστων ἰατρῶν ἀλλὰ καὶ πάντων
                        ἀνθρώπων ἔνιοι τῶν ἅπασι τοῖς καλοῖς <lb/>λυμαινομένων ἐπιχειροῦσι
                        διαβάλλειν ἐρωτῶντες ἡμᾶς, διὰ τί βλαβείς τις, εἰ οὕτως <lb/>ἔτυχε, κατὰ τὴν
                        πρώτην χρῆσιν ὑπὸ βοείων κρεῶν ἐδωδῆς, εἶτ’ ἀναγκασθεὶς καθ’ <lb/>
                        <milestone unit="lineno" n="5"/>ἑκάστην ἡμέραν ἐσθίειν ταῦτα δι’ ὅλου τοῦ
                        ἔτους ἢ οὐδὲν οὐκέτι βλάπτοιτ’ ἂν ἢ τῶν <lb/>ἀήθων ἧττον· εἶθ’, ὅ τι ἂν
                        εἴπωμεν, ἀνατρέποντες λόγῳ νομίζουσιν ἅμα τούτῳ καὶ τὴν <lb/>τοῦ πράγματος
                        ὕπαρξιν ἀνῃρηκέναι, καθάπερ εἴ τις ἁπάσαις ἀντειπὼν ταῖς περὶ τοῦ <lb/>πῶς
                        ὁρῶμεν δόξαις οὐδ’ ὁρᾶν ἡμᾶς συγχωροίη. ὅτι μὲν οὖν μεγίστη μοῖρα πρὸς τὴν
                        <lb/>τῶν ἰαμάτων εὕρεσιν ἡ ἀπὸ τῶν ἐθῶν ἐστιν, ἐναργῶς φαίνεται καὶ διὰ
                        τοῦθ’ <milestone unit="ed1page" n="107"/> Ἱπποκράτης <lb/>
                        <milestone unit="lineno" n="10"/>μὲν ἐν ἀφορισμοῖς ἔγραψεν ,,οἱ εἰθισμένοι
                        τοὺς ξυνήθεας πόνους φέρειν, κἢν <lb/>ὦσιν ἀσθενέες ἢ γέροντες, τῶν
                        ἀξυνηθέων ἰσχυρῶν τε καὶ νέων ῥᾷον φέρουσιν“ ἐπὶ <lb/>πλέον τε διῆλθεν ἐν τῷ
                        περὶ διαίτης ὀξέων τάς τ’ ἐκ τῆς ἀήθους διαίτης βλάβας καὶ <lb/>τὰς ἐκ τῆς
                        συνήθους ὠφελείας, Ἐρασίστρατος δ’ ὁμοίως ἐν τῷ δευτέρῳ περὶ παραλύσεως
                        <lb/>ὑπὲρ ἁπάντων ἐθῶν ὡσαύτως Ἱπποκράτει φαίνεται γινώσκων . . . καὶ πρὸς
                        τούτοις γε <lb/>
                        <milestone unit="lineno" n="15"/>τῶν παλαιῶν ἰατρῶν οὐκ ἔστιν ὅστις
                        ὁμολογουμένην τε καὶ ἀναντίλεκτον αἰτίαν [οὔτε <lb/>τούτων τις οὔτε τῶν
                        ἄλλων] εἰρηκέναι δοκεῖ. καὶ γὰρ οἱ πιθανὴν δόξαντες εὑρηκέναι <lb/>κατὰ μίαν
                        ὕλην ἄλλοι ἄλλην εὑρήκασιν, ἔνιοι μὲν ἐπ’ ἐδεσμάτων μόνων, ἔνιοι δ’ ἐπὶ
                        <lb/>γυμνασίων ἢ ἐπιτηδευμάτων, ἐπὶ πασῶν δὲ τῶν ὑλῶν οὐδείς. ἀμέλει καὶ
                        περὶ τῆς τοῦ <lb/>ψυχροῦ δόσεως, ἢν ἐπὶ τῶν ὀξέως νοσούντων ποιούμεθα
                        πολλάκις, ἀντιπράττουσιν <pb n="6"/> ἡμῖν ἔνιοι κωλύοντες μὲν διδόναι τοῖς
                        πυρέττουσι, κελεύοντες δ’ ἡμᾶς ἀρκεῖσθαι ταῖς <lb/>ἀπὸ τῶν ἄλλων σκοπῶν
                        ἐνδείξεσιν, ὡς ἀπό τε τῶν πεπονθότων τόπων καὶ τῆς ἐν <lb/>αὐτοῖς διαθέσεως
                        ἡλικίας τε καὶ χώρας καὶ ὥρας ἔτι τε τῆς τοῦ κάμνοντος <milestone unit="ed1page" n="108"/> αὐτοῦ <lb/>κράσεως καὶ δυνάμεως, αἷς εἰώθαμεν
                        χρῆσθαι, γελοῖον εἶναι φάσκοντες, εἰ φλεγμαίνοντος <lb/>
                        <milestone unit="lineno" n="5"/>ἥπατος ἢ πνεύμονος ἢ γαστρὸς ἤ τινος ἑτέρου
                        τῶν οὕτως ἐπικαίρων μορίων ἐπιτρέψομεν <lb/>τῷ ψυχροπότῃ ψυχρὸν προσφέρεσθαι
                        πόμα δι’ οὐδὲν ἄλλ’ ἢ τὸ ἔθος (ὅμοιον <lb/>γὰρ τοῦτ’ εἶναί φασιν ὡς εἰ
                        ἐπιτρέποιμεν λούεσθαι ψυχρῷ τοὺς οὕτως εἰθικότας, εἰ <lb/>πυρέττοιεν), ὥσπερ
                        ἂν ἡμῶν ἅπασι τοῖς ὁπωσοῦν νοσοῦσι τὰ συνήθη πάντα πράττειν
                        <lb/>ἐπιτρεπόντων, ἀλλ’ οὐχὶ πρὸς τοῖς ἄλλοις ἅπασι σκοποῖς καὶ τὸν ἀπὸ τῶν
                        ἐθῶν παραλαμβανόντων. <lb/>
                        <milestone unit="lineno" n="10"/>Ἀριστοτέλης γοῦν ὁ Μιτυληναῖος, ἀνὴρ
                        πρωτεύσας ἐν τῇ Περιπατητικῇ <lb/>θεωρίᾳ, νοσήματι περιπεσὼν ὑπὸ ψυχροῦ
                        πόσεως ὠφεληθῆναι δυναμένῳ, διότι μηδέποτε <lb/>τοιοῦτο προσενήνεγκτο πόμα,
                        διεκώλυσε τοὺς συμβουλεύοντας αὐτῷ πιεῖν ἐπίστασθαι <lb/>σαφῶς εἰπών, ὅτι
                        σπασθήσοιτο γευσάμενος ψυχροῦ· καὶ γὰρ ἐπ’ ἄλλου τοῦτ’ <lb/>ἔφασκεν
                        ἑωρακέναι τήν τε τοῦ σώματος ἕξιν καὶ κρᾶσιν ὁμοίαν ἑαυτῷ καὶ τὸ τῆς <lb/>
                        <milestone unit="lineno" n="15"/>θερμοποσίας ἔθος ἐσχηκότος· <milestone unit="ed1page" n="109"/> εἰ δ’ ἦν ἔθος ὥσπερ ἐνίοις πόματος τοιούτου,
                        μάλιστα <lb/>μὲν ἂν οὐδ’ αὐτὸς ἔδεισεν αὐτοῦ τὴν προσφοράν· ἐπειδὴ δὲ καὶ
                        τοῦτ’ ἔπαθεν, ἐασάτωσαν <lb/>οἱ παρόντες ἰατροὶ πάντως αὐτόν. ἐκεῖνος μὲν
                        οὖν οὕτως ἀπέθανεν, ὡς ἐπυθόμην· <lb/>ἐρομένων δέ με τῶν παραγενομένων αὐτῷ
                        τελευτῶντι, πότερον, ὡς ἐπ’ ἄλλων <lb/>ἐτόλμησα τοῖς μὲν δι’ ὅλης τῆς νόσον,
                        τοῖς δ’ ἔν τινι καιρῷ δοῦναι ψυχρὸν εὐλαβουμένων <pb n="7"/> τῶν ἰατρῶν,
                        οὕτως ἂν ἐτόλμησα καὶ ἐπ’ ἐκείνου ἢ καλῶς ἐστοχάσατο τῆς ἑαυτοῦ <lb/>φύσεως
                        ὁ ἀνήρ, ἀπεκρινάμην αὐτοῖς ἀκριβῶς αὐτὸν ἐστοχάσθαι. πάνυ γὰρ ἦν ἰσχνὸς
                        <lb/>καὶ τὸ στόμα τῆς κοιλίας ψυχρότατον εἶχεν ἐξ ἀρχῆς, ὡς λύζειν εὐθέως,
                        εἴ ποτε βραχέως <lb/>ψυχθείη. ἀλλ’ ὥσπερ οὗτος οὐκ ἂν ἤνεγκε τὸ ψυχρὸν πόμα
                        διά τε τὸ ἔθος καὶ τὴν <lb/>
                        <milestone unit="lineno" n="5"/>τοῦ σώματος φύσιν καίτοι τοῦ νοσήματος
                        ἐνδεικνυμένου, οὕτως ἑτέροις ἔδωκα πάνυ <lb/>θαρρῶν, εἰ καὶ καυσούμενος
                        ἀκριβῶς ὁ πιὼν εἴη, μηδενὸς ἐπιφανῶς σπλάγχνου φλεγμήναντος, <lb/>οὐ πάνυ δ’
                        ἔτι θαρρῶν . . ἀλλὰ μετὰ τὸ προειπεῖν τοῖς οἰκείοις τοῦ κάμνοντος, <lb/>εἰ
                        μέν μὴ πίοι ψυχροῦ, τεθνήξεσθαι πάντως τὸν ἄνθρωπον, <milestone unit="ed1page" n="110"/> εἰ δὲ πίοι, πολλὰς <lb/>ἐλπίδας ἕξειν σωτηρίας,
                        οὕτως ἔδωκα καὶ σὺν θεῷ φάναι πάντες ἐσώθησαν οἱ λαβόντες. <lb/>
                        <milestone unit="lineno" n="10"/>ὥστε πολυχρονίῳ πείρᾳ κεκριμένου τοῦ
                        βοηθήματος ἐπὶ τὴν τῆς αἰτίας ζήτησιν ἰτέον <lb/>ἀναμνήσαντας πρότερον ὦν
                        ἔγραψαν ὁ μὲν Ἱπποκράτης ἐν τῷ περὶ διαίτης ὀξέων, ὁ <lb/>δ’ Ἐρασίστρατος ἐν
                        τῷ δευτέρῳ περὶ παραλύσεως. ἡ μὲν οὖν Ἱπποκράτους ῥῆσις οὕτως <lb/>ἔχει·
                        ,,ἀλλὰ μὴν εὐκαταμάθητόν γε ἐστίν, ὅτι φαύλη δίαιτα βρώσιός τε καὶ πόσιος
                        αὐτὴ <lb/>ἑωυτῇ ἐμφερὴς αἰεὶ ἀσφαλεστέρη ἐστὶ τὸ ἐπίπαν ἐς ὑγείην ἢ εἴ τις
                        ἐξαπίνης μέγα μεταβάλλοι <lb/>
                        <milestone unit="lineno" n="15"/>ἐς ἄλλο κρεῖσσον, ἐπεὶ καὶ τοῖσι δὶς
                        σιτεομένοισι τῆς ἡμέρης καὶ τοῖσι μονοσιτέουσιν <lb/>αἱ ἐξαπίναιοι μεταβολαὶ
                        βλάβας καὶ ἀρρωστίην παρέχουσι. καὶ τοὺς μέν γε μὴ <lb/>μεμαθηκότας ἀριστᾶν,
                        ἢν ἀριστήσωσιν, εὐθέως ἀρρώστους ποιέει καὶ βαρέας ὅλον τὸ <lb/>σῶμα καὶ
                        ἀσθενέας καὶ ὀκνηρούς· ἢν δὲ καὶ ἐπιδειπνήσωσιν, ὀξυρεγμιώδεας· ἐνίοισι δὲ
                        <lb/>ἂν καὶ <milestone unit="ed1page" n="111"/> σπατίλη γένοιτο, ὁκόταν παρὰ
                        τὸ ἔθος ἠχθοφορήκῃ ἡ κοιλίη εἰθισμένη ἐπιξηραίνεσθαι <lb/>
                        <milestone unit="lineno" n="20"/>καὶ μὴ δὶς διογκοῦσθαι μηδὲ δὶς ἕψειν τὰ
                        σιτία“. εἶτα μεταξὺ παρενθεὶς <pb n="8"/> ὅπως ἂν τις τὴν βλάβην τούτων
                        ἰάσαιτο, συνάπτων αὖθις ὑπὲρ τῶν παραβάντων τὸ <lb/>ἔθος οὕτω γράφει· ,,ἔτι
                        δὲ μᾶλλον ἂν πονήσειεν ὁ τοιοῦτος, εἰ τρὶς σιτέοιτο τῆς ἡμέρης <lb/>ἐς
                        κόρον, ἔτι δὲ μᾶλλον, εἰ πλεονάκις· καίτοι γε πολλοί εἰσιν, οἳ εὐφόρως
                        φέρουσι τρὶς <lb/>σιτεόμενοι τῆς ἡμέρης ἐς πλῆθος, οἳ ἂν οὕτως ἐθισθῶσιν.
                        ἀλλὰ μὴν καὶ οἱ δὶς μεμαθηκότες <lb/>
                        <milestone unit="lineno" n="5"/>σιτέεσθαι τῆς ἡμέρης, ἢν μὴ ἀριστήσωσιν,
                        ἀσθενέες τε καὶ ἄρρωστοί εἰσι καὶ <lb/>δειλοὶ ἐς πᾶν ἔργον καὶ καρδιαλγέες.
                        κρέμασθαι γὰρ τὰ σπλάγχνα δοκέει αὐτέοισι καὶ <lb/>οὐρέουσι θερμὸν καὶ
                        χλωρὸν καὶ ἡ ἄφοδος ξυγκαίεται· ἔστι δὲ οἷσι καὶ τὸ στόμα πικραίνεται
                        <lb/>καὶ οἱ ὀφθαλμοὶ κοιλαίνονται καὶ οἱ κρόταφοι πάλλονται καὶ τὰ ἄκρα
                        διαψύχονται· <lb/>καὶ οἱ μὲν πλεῖστοι τῶν ἀνηριστηκότων οὐ δύνανται
                        κατεσθίειν τὸ δεῖπνον· <lb/>
                        <milestone unit="lineno" n="10"/>δειπνήσαντες δὲ βαρύνουσι τὴν κοιλίην καὶ
                        δυσκοιτέουσι πολὺ μᾶλλον ἢ εἰ καὶ προηριστήκεσαν. <lb/>ὁκότε οὖν τὰ τοιαῦτα
                        τοῖς ὑγιαίνουσι γίγνεται εἵνεκα ἡμίσεος ἡμέρης <lb/>διαίτης μεταβολῆς παρὰ
                        τὸ ἔθος, <milestone unit="ed1page" n="112"/> οὔτε προσθεῖναι λυσιτελὲς
                        φαίνεται οὔτε ἀφελέειν. <lb/>εἰ τοίνυν οὗτος ὁ παρὰ τὸ ἔθος μονοσιτήσας ὅλην
                        τὴν ἡμέρην κενεαγγήσας δειπνήσειεν, <lb/>ὁκόσον εἴθιστο, εἰκὸς αὐτόν, εἰ
                        τότε ἀνάριστος ἐὼν ἐπόνεε καὶ ἠρρώστει, δειπνήσας <lb/>
                        <milestone unit="lineno" n="15"/>δὲ τότε βαρὺς ἢν, πολὺ μᾶλλον βαρύνεσθαι·
                        εἰ δέ γε ἐπὶ πλείονα χρόνον κενεαγγήσας <lb/>ἐξαπίνης μεταδειπνήσειεν, ἔτι
                        μᾶλλον ἂν βαρύνοιτο“. Μετὰ ταῦτα δὲ πάλιν ὁ Ἱπποκράτης, <lb/>ὥσπερ καὶ
                        πρόσθεν, ἐπανορθώσεις τινὰς τῆς γινομένης βλάβης ἐπὶ τοῖς κενεαγγήσασι
                        <lb/>παρὰ τὸ ἔθος γράψας ἐφεξῆς πάλιν οὕτω φησί· ,,πολλὰ δὲ ἄν τις
                        ἠδελφισμένα <lb/>τουτέοισι τῶν ἐς κοιλίην καὶ ἄλλα εἴποι, ὡς εὐφόρως μὲν
                        φέρουσι τὰ βρώματα, <lb/>
                        <milestone unit="lineno" n="20"/>ἃ εἰθίδαται, ἢν καὶ μὴ ἀγαθὰ ᾖ φύσει,
                        ὡσαύτως δὲ καὶ τὰ ποτά· δυσφόρως δὲ φέρουσι <pb n="9"/> τὰ βρώματα, ἃ μὴ
                        εἰθίδαται, καὶ ἢν μὴ κακὰ ᾖ, ὡσαύτως δὲ καὶ τὰ ποτά. καὶ ὅσα <lb/>μὲν
                        κρεηφαγίη πολλὴ παρὰ τὸ ἔθος βρωθεῖσα ποιέει ἢ σκόροδα ἢ σίλφιον ἢ ὀπὸς ἢ
                        <lb/>καυλὸς ἢ ἄλλα ὅσα τοιουτότροπα μεγάλας δυνάμιας ἔχοντα ἰδίας, ἧσσον ἄν
                        τις θαυμάσειεν, <lb/>εἰ τὰ <milestone unit="ed1page" n="113"/> τοιαῦτα
                        πόνους ἐμποιέει τῇσι κοιλίῃσι μᾶλλον τῶν ἄλλων· ἀλλὰ εἰ <lb/>
                        <milestone unit="lineno" n="5"/>καταμάθοις, ὅσον μᾶζα ὄχλον καὶ ὄγκον καὶ
                        στρόφον καὶ φῦσαν τῇ κοιλίῃ παρέχει <lb/>παρὰ τὸ ἔθος βρωθεῖσα τῷ
                        ἀρτοφαγέειν εἰθισμένῳ ἢ οἷον ἄρτος βάρος καὶ τάσιν <lb/>κοιλίης τῷ
                        μαζοφαγέειν εἰθισμένῳ ἢ αὐτός γε ὁ ἄρτος θερμὸς βρωθεὶς οἵην δίψην
                        <lb/>παρέχει καὶ ἐξαπιναίην πληθώρην διὰ τὸ ξηραντικόν τε καὶ βραδύπορον·
                        καὶ οἱ ἄγαν <lb/>καθαροί τε καὶ ξυγκομιστοὶ παρὰ τὸ ἔθος βρωθέντες οἷα
                        διαφέροντα ἀλλήλων ποιέουσι· <lb/>
                        <milestone unit="lineno" n="10"/>καὶ μᾶζά γε ξηρὴ παρὰ τὸ ἔθος ἢ ὑγρὴ ἢ
                        γλίσχρη· καὶ τὰ ἄλφιτα οἷόν τι ποιέει <lb/>τὰ ποταίνια τοῖσι μὴ εἰωθόσι καὶ
                        τὰ ἑτεροῖα τοῖσι τὰ ποταίνια εἰωθόσι καὶ οἰνοποσίη <lb/>καὶ ὑδροποσίη παρὰ
                        τὸ ἔθος ἐς θάτερα μεταβληθέντα ἐξαπίνης, καὶ ὑδαρής τε οἶνος <lb/>καὶ
                        ἄκρητος ἐξαπίνης ποθείς· ὁ μὲν γὰρ πλάδον τε ἐν τῇ ἄνω κοιλίῃ ἐμποιήσει καὶ
                        <lb/>φῦσαν ἐν τῇ κάτω, ὁ δὲ παλμόν τε φλεβῶν καὶ καρηβαρίην καὶ δίψην· καὶ
                        λευκός τε <lb/>
                        <milestone unit="lineno" n="15"/>καὶ μέλας οἶνος παρὰ τὸ ἔθος μεταβάλλουσιν,
                        εἰ καὶ ἄμφω οἰνώδεες εἶεν, ὅμως <milestone unit="ed1page" n="114"/> πολλὰ
                        <lb/>ἂν ἑτεροιώσειαν κατὰ τὸ σῶμα, ὡς δὴ γλυκύν τε καὶ οἰνώδεα ᾖσσον ἄν τις
                        φαίη θαυμαστὸν <lb/>εἶναι μὴ τωὐτὸ δύνασθαι ἐξαπίνης μεταβληθέντα“. Παρὰ μὲν
                        Ἱπποκράτους ἀρκεῖ τὰ <lb/>δεῦρο τοῦδε γεγραμμένα παραδείγματα περὶ τῆς τῶν
                        ἐθῶν δυνάμεως, Ἐρασίστρατος <lb/>δ’ ἐν τῷ δευτέρῳ περὶ παραλύσεως ὧδέ πως
                        ἔγραψεν· ,,δεῖ δὲ πολλὴν πάνυ ἐπίσκεψιν <lb/>
                        <milestone unit="lineno" n="20"/>ποιήσασθαι περὶ συνηθείας καὶ ἀσυνηθείας
                        καὶ ἀσυνηθείας τὸν μέλλοντα κατὰ τρόπον ἰατρεύειν· λέγω <lb/>δὴ τὸ τοιοῦτο·
                        πόνους τοὺς μὲν συνήθεις πολλοὺς πονοῦντες ἄκοποι διατελοῦσιν ὄντες,
                        <lb/>τοὺς δὲ ἀσυνήθεις ὀλίγους πονήσαντες ὑπόκοποι γίνονται· βρώματά τε ὅσα
                        συνήθη <pb n="10"/> δυσπεπτότερα ὄντα ἔνιοι ῥᾷον πέττουσιν ἢ τὰ ἀσυνήθη
                        εὐπεπτότερα ὄντα· ἐκκρίσεις <lb/>δὲ τὰς συνήθεις, κἂν ἀλυσιτελεῖς ὦσιν, εἰς
                        συνήθειαν δὲ ἥκωσιν, ἐπιζητεῖ τὸ σῶμα <lb/>καὶ ἀποστερούμενον τούτων εἰς
                        νόσους ἐμπίπτει, οἷον γίνεται περί τε τὰς τῶν αἱμορροΐδων <lb/>φορὰς καὶ
                        καθάρσεις, ἃς ἔνιοι αὑτοῖς συνήθεις ποιοῦνται, καὶ δὴ ἑλκῶν κατὰ <lb/>
                        <milestone unit="lineno" n="5"/>χρόνον ἐκπιπτόντων καὶ ἰχωρροούντων, καὶ ὡς
                        ἐνίοις κατὰ τινας καιροὺς χολέραι γίνονται. <lb/>ἁπάσας γὰρ τὰς τοιαύτας
                        ἐκκρίσεις ἀλυσιτελεῖς οὔσας ἐπιζητεῖ τὸ σῶμα καὶ <lb/>μὴ γινομένων αὐτῶν
                        κατὰ τοὺς εἰθισμένους <milestone unit="ed1page" n="115"/> καιροὺς εἰς πάθη
                        οὐ σμικρὰ ἐμπίπτουσιν, <lb/>οἷς συνήθη τὰ τοιαῦτα. φαίνεται δὲ καί τινα
                        τοιαῦτα γινόμενα κατὰ τὰς συνηθείας <lb/>ὧν ἐπιστάμεθα ἐπῶν ἰάμβων· εἴ τις
                        κελεύσειεν ἡμᾶς εἰπεῖν ἐκ μέσου στίχους δύο ἢ <lb/>
                        <milestone unit="lineno" n="10"/>τρεῖς ἀσυνήθεις ὄντας τοῦ τοιούτου, οὐκ ἂν
                        εὐπόρως δυναίμεθα· κατὰ δὲ τὴν ἐφεξῆς <lb/>ἀρίθμησιν ἐπὶ τοὺς αὐτοὺς τούτους
                        ἐλθόντες στίχους ἐξ ἑτοίμου ῥᾳδίως ἐροῦμεν, συνεθιζόμενοι <lb/>δὲ καὶ τὸ
                        πρότερον εἰρημένον εὐπόρως ποιοῦμεν. συμβαίνει δὲ καὶ τοιοῦτόν <lb/>τι· οἱ
                        μὲν ἀσυνήθεις τοῦ μανθάνειν βραδέως τε καὶ ὀλίγον μανθάνουσι, συνηθέστεροι
                        <lb/>δὲ γενόμενοι πολὺ πλεῖον καὶ ῥᾷον τοῦτο ποιοῦσι. γίνεται δὲ καὶ περὶ
                        τὰς ζητήσεις <lb/>
                        <milestone unit="lineno" n="15"/>ὅμοιον· οἱ μὲν γὰρ ἀσυνήθεις τὸ παράπαν τοῦ
                        ζητῆσαι ἐν ταῖς πρώταις κινήσεσι τῆς <lb/>διανοίας τυφλοῦνται καὶ
                        ἀποσκοτοῦνται καὶ εὐθέως ἀφίστανται τοῦ ζητεῖν κοπιῶντες <lb/>τῇ διανοίᾳ καὶ
                        ἐξαδυνατοῦντες οὐχ ἧττον ἢ ὅσοι πρὸς δρόμους ἀσυνήθεις ὄντες προσέρχονται·
                        <lb/>ὁ δὲ συνήθης τῷ ζητεῖν πάντη διαδυόμενός τε καὶ ζητῶν τῇ διανοίᾳ καὶ
                        <lb/>μεταφερόμενος ἐπὶ πολλοὺς τόπους οὐκ ἀφίσταται τῆς ζητήσεως, οὐχ ὅτι ἐν
                        μέρει <lb/>
                        <milestone unit="lineno" n="20"/>ἡμέρας ἀλλ’ οὐδὲ ἐν παντὶ βίῳ ἀναπαύων τὴν
                        ζήτησιν· καὶ μεταφέρων ἐπ’ ἄλλας <lb/>ἐννοίας τὴν διάνοιαν οὐκ ἀλλοτρίας
                            <milestone unit="ed1page" n="116"/> τοῦ ζητουμένου προβάλλει ἕως ἐπὶ τὸ
                        προκείμενον <lb/>ἐλθεῖν. οὕτω φαίνεται ἄχρι νῦν τὰ τῆς συνηθείας ἰσχύειν ἐν
                        ἅπασι τοῖς ἡμετέροις <lb/>πάθεσιν ὁμοίως τοῖς τε ψυχικοῖς καὶ τοῖς
                        σωματικοῖς. περὶ μὲν δὴ τούτων εἰς τὸ παρὸν <lb/>ἱκανῶς εἰρήσθω· ἐν δὲ τοῖς
                        καθόλου λόγοις ὑπὲρ ἰατρικῆς λεγομένοις ἐπὶ πλέον ἐξηρίθμηται <lb/>
                        <milestone unit="lineno" n="25"/>ἀναγκαίαν ἔχοντα τὴν ἐπίσκεψιν, εἰ μέλλοι
                        μὴ πολλὰ τῶν κατ’ ἰατρικὴν <lb/>χωλεύειν.“ Ταῦτα μὲν οἱ ἐνδοξότατοι τῶν
                        ἰατρῶν, Ἐρασίστρατος καὶ Ἱπποκράτης, <lb/>εἰρήκασι περὶ δυνάμεως ἐθῶν, οὐ
                        λόγῳ τὴν εὕρεσιν αὐτῶν ἀνατιθέντες, ἀλλ’ ἐκ τῶν <lb/>ἐναργῶς φαινομένων
                        διδαχθέντες, ὅπερ ἀμέλει καὶ τῶν ἄλλων ἀνθρώπων ὅσοι μὴ καθάπερ <pb n="11"/>
                        ὕες ἢ ὄνοι ζῶσιν, ἀλλὰ παρακολουθοῦσιν ὑφ’ ὧν ὠφελοῦνταί τε καὶ βλάπτονται.
                        <lb/>πάρεστι γοῦν αὐτῶν ἀκούειν ὁσημέραι λεγόντων εἰθίσθαι τῷδε τῷ βρώματι
                        καὶ τῷδε <lb/>τῷ πόματι καὶ διὰ τοῦτο μὴ δύνασθαι καταλιπεῖν αὐτά· καὶ γὰρ
                        καὶ βλάπτεσθαι κατὰ <lb/>τὰς μεταβολάς. ὁμοίως δὲ καὶ περὶ τῶν ἐπιτηδευμάτων
                        λέγουσιν, οἷον ἀλουσίας λουτρῶν, <lb/>
                        <milestone unit="lineno" n="5"/>ἱππασίας κυνηγεσίων, δρόμου πάλης, ἀγρυπνιῶν
                        ὕπνων, ἡλιώσεως ψύξεως, φροντίδων <lb/>ὅσα τ’ ἄλλα τοιαῦτα. </p>
                </div>
                <div type="textpart" subtype="chapter" n="2">
                    <p>
                        <milestone unit="ed1page" n="117"/>Καταφρονήσαντες οὖν καὶ ἡμεῖς τῶν ἤτοι
                        μηδὲν πάνυ ἢ σμικρὸν ἡγουμένων εἰς <lb/>θεραπείαν συντελεῖν τὸν ἀπὸ τῶν ἐθῶν
                        σκοπὸν ἐπισκεψώμεθα, τίς ποτ’ ἐστὶν ἡ αἰτία <lb/>τοῦ πολὺ δύνασθαι τὸ ἔθος
                        καὶ εἴτε μία τις ἐστὶν ἢ καὶ καθ’ ἑκάστην ὕλην ἑτέρα. <lb/>
                        <milestone unit="lineno" n="10"/>λέγω δ’ ὕλην, ἐφ’ ᾗ συνέστη τὸ ἔθος, οἷον,
                        ὡς ἔφην, ἐδέσματα ἢ πόματα ἢ γυμνάσια <lb/>ἢ ἕτερόν τι τοιοῦτο. καὶ γὰρ τήν
                        γ’ ἀρχὴν ἐπὶ τῶν ἐσθιομένων τε καὶ πινομένων <lb/>ποιησώμεθα. τί δή ποτε γὰρ
                        οἱ τῇ τῶν βοείων κρεῶν ἐδωδῇ συνήθως χρώμενοι τινὲς <lb/>μὲν οὐδ’ ὅλως
                        βλάπτονται, τινὲς δ’ ἧττον ἢ πρόσθεν ; ἢ διὰ τί κατὰ φύσιν τινὲς εὐθὺς
                        <lb/>ἐξ ἀρχῆς, ὡς αὐτὸς Ἐρασίστρατος ἔγραψε, ῥᾷον πέττουσι τὰ βόεια κρέα τῶν
                        πετραίων <lb/>
                        <milestone unit="lineno" n="15"/>ἰχθύων ; ἀλλὰ τούτου μὲν ἡ αἰτία λέλεκται
                        κατὰ τὴν τῶν φυσικῶν δυνάμεων ἐπίσκεψιν, <lb/>εἰρήσεται δὲ καὶ νῦν ὀλίγον
                        ὕστερον ἐν τῇ τοῦ λόγου κοινωνίᾳ· νυνὶ δ’ ἀπὸ τῶν δι’ <lb/>ἔθος ἄμεινον
                        πεττόντων ὁτιοῦν ἐδεσμάτων τὴν ἀρχὴν τῆς διδασκαλίας ποιησώμεθα <lb/>κοινὴν
                        ὑπόθεσιν λαβόντες εἰς ταῦτα πάντα τὰ φύσει τισὶν οἰκεῖά τε καὶ οὐκ οἰκεῖα.
                        <lb/>λέλεκται. μὲν οὖν ἐπὶ πλέον ὑπὲρ <milestone unit="ed1page" n="118"/>
                        ἁπάντων τούτων κατὰ τὴν τῶν φυσικῶν δυνάμεων <lb/>
                        <milestone unit="lineno" n="20"/>ἐπίσκεψιν· ἀρξώμεθα δὲ καὶ νῦν τοῦ λόγου
                        τὴν τῆς πέψεως ἔννοιαν προχειρισάμενοι. <lb/>καθάπερ γὰρ ἄρτους οἱ σιτοποιοὶ
                        λέγονται πέττειν οὐκ ἐπειδὰν ἀλοῦντές τε καὶ διάττοντες <pb n="12"/> εἰς
                        λεπτὰ μόρια καταθραύσωσι τοὺς πυρούς, ἀλλ’ ὅταν ἐπὶ τῷ τοιοῦτο πρᾶξαι
                        <lb/>δεύσαντες ὕδατι ζύμην μίξαντες μαλάξωσιν, εἶτα καλύψαντές τινι τῶν
                        θαλπόντων <lb/>ἐάσωσιν, ἄχρις ἄν, ὡς αὐτοὶ καλοῦσι, ζυμωθῇ, καὶ μετὰ ταῦτα
                        διὰ κλιβάνων ἢ ἰπνῶν <lb/>ὀπτήσωσιν, οὕτω κἀπὶ τῶν εἰς γαστέρα καταποθέντων
                        οὐκ ἐπειδὰν ἐν αὐτῇ καταθραυσθῇ <lb/>
                        <milestone unit="lineno" n="5"/>καὶ λυθῇ, πεπέφθαι φαμέν, ἀλλ’ ὅταν, ὡς οἱ
                        πεττόμενοι πυροί, κατὰ ποιότητα <lb/>τὴν μεταβολὴν σχῇ. καθάπερ δ’ ἐπὶ τῶν
                        ἄρτων εἰς τὴν οἰκείαν ἡμῖν τοῖς ἐσθίουσιν <lb/>ἀχθῆναι χρὴ ποιότητα τὸν
                        πεττόμενον σῖτον, οὕτω κατὰ τὴν κοιλίαν ἔτι καὶ μᾶλλον εἰς <lb/>οἰκειοτέραν,
                        ὀνομάζω δ’ οἰκειοτέραν ἑτέραν ἑτέρας κατὰ τὴν ὁμοιότητα τοῦ μέλλοντος
                        <lb/>ἐξ αὐτῆς τρέφεσθαι σώματος. ἄλλο γὰρ ἄλλῳ σώματι τῶν τρεφόντων οἰκεῖόν
                        ἐστι <milestone unit="ed1page" n="119"/> καὶ <lb/>
                        <milestone unit="lineno" n="10"/>διὰ τοῦτο τὰ ζῷα πρὸς τὰς οἰκείας ἔρχονται
                        τροφὰς ἀδιδάκτως ὑπὸ τῆς φύσεως ὠθούμενα, <lb/>τὰ μὲν ὑποζύγια πρός τε τὰς
                        βοτάνας καὶ ἄχυρα καὶ χιλὴν καὶ κριθήν, οἱ λέοντες <lb/>δὲ πρὸς τὰς σάρκας,
                        ὥσπερ καὶ παρδάλεις καὶ λύκοι. καθάπερ οὖν ἐν τοῖς ζῴοις <lb/>κατὰ γένος οὐ
                        σμικρὰ διαφορὰ τῶν οἰκείων ἑκάστῳ τροφῶν ἐστιν, οὕτω καὶ κατ’ εἶδος <lb/>ἐν
                        τοῖς γένεσιν εὑρίσκονται διαφοραὶ μεγάλαι τῶν μὲν μηδὲ γεύσασθαι δυναμένων <lb/>
                        <milestone unit="lineno" n="15"/>οἴνου, πάμπολυ δ’ ἑτέρων ἀλύπως πινόντων
                        καὶ τῶν μέν, ὡς εἴρηται, τά τε τῶν βοῶν <lb/>καὶ τράγων καὶ κριῶν κρέα μεθ’
                        ἡδονῆς μὲν ἐσθιόντων, πεττόντων δ’ ἀλύπως, τῶν δὲ <lb/>μηδὲ τὴν ὀσμὴν αὐτῶν
                        ὑπομενόντων, μήτι γε τὴν ἐδωδὴν καὶ εἰ δι’ ἀπορίαν ἐδέσματος <lb/>ἑτέρου,
                        καθάπερ ἐν λιμῷ γίνεται, βιάσαιντο σφᾶς αὐτοὺς προσάρασθαι τὸ τοιοῦτον
                        <lb/>κρέας, οὔτε πέψαι δυναμένων αὐτὸ χωρὶς βλάβης ἀνατρεπομένων τε τὴν
                        ὄρεξιν ἐπὶ <lb/>
                        <milestone unit="lineno" n="20"/>τῇ προσφορᾷ βαρυνομένων τε παραχρῆμα κἂν
                        ἐρυγή τις αὐτοῖς ἐπιγένηται, μηδὲ ταύτης <lb/>ἀλύπως ἀνεχομένων. ὅτι δὲ
                        ταῦθ’ οὕτως ἔχοντα φαίνεται, πρῶτον μὲν ἐκείνου χρὴ <lb/>μεμνῆσθαι, τοῦ
                        προσφέρεσθαι τοὺς ἀνθρώπους ἥδιον ἄλλον ἄλλο κατὰ τὴν <milestone unit="ed1page" n="120"/> οἰκειότητα <lb/>τῆς φύσεως ἔρχεσθαί τε πρὸς τὴν
                        τῶν τοιούτων ἐδωδὴν μᾶλλον, ὥσπερ γε καὶ πρὸς τὴν <lb/>τῶν εὐπέπτων αὐτοῖς
                        εἶναι φανέντων, ἀποστρέφεσθαι δὲ καὶ φεύγειν ἀπὸ τῶν ἀηδῶν <lb/>
                        <milestone unit="lineno" n="25"/>καὶ δυσπέπτων, ὥστε σημεῖον εἶναι τὸ ἔθος
                        οἰκειότητος φυσικῆς. ὅτι δὲ καὶ αἰτία γίνεται <lb/>πολλάκις, δῆλον ἐκ τῶν ἐν
                        ἀρχῇ μὲν ἀηδῶς ἢ βλαβερῶς ὑπό τινων διατιθεμένων, <pb n="13"/> εἰ δὲ κατὰ
                        βραχὺ τὴν πρὸς αὐτὰ συνήθειαν ὑπομείναιεν, οὔτ’ ἀηδῶς οὔτε βλαβερῶς ἔτι
                        <lb/>διατιθεμένων. ἡ δ’ αἰτία καὶ τοῦδε τοιαύτη τις ἐστίν· ὥσπερ ἀλλοιοῦται
                        κατὰ ποιότητα <lb/>τῶν ἐσθιομένων τε καὶ πινομένων ἕκαστον, οὕτω καὶ αὐτὸ
                        διατίθησί πως τὸ ἀλλοιοῦν. <lb/>ἔνεστι δὲ καὶ τούτου λαβεῖν ἐναργὲς
                        τεκμήριον ἐκ τῆς τῶν γεννωμένων χυμῶν διαφορᾶς <lb/>
                        <milestone unit="lineno" n="5"/>ὑφ’ ἑκάστου τῶν ἐδεσμάτων· τὰ μὲν γὰρ
                        μελαγχολικὸν αἷμα γεννᾷ, τὰ δὲ φλεγματικὸν <lb/>ἢ τὴν ὠχράν τε καὶ ξανθὴν
                        ὀνομαζομένην χολὴν οὐκ ὀλίγην ἔχον, ὥσπερ ἔνια καθαρὸν <lb/>αἷμα· διαφορὰν
                        οὖν τινα καὶ τοῖς τρεφομένοις μορίοις ἀναγκαῖον γίνεσθαι πρὸς ἄλληλα
                        <lb/>κατὰ τὴν τοῦ τρέφοντος αἵματος ἰδέαν. ἐναργὲς <milestone unit="ed1page" n="121"/> δὲ τεκμήριον τῆς τῶν τρεφομένων <lb/>ὁμοιώσεως πρὸς τὸ τρέφον
                        ἡ τῶν φυτῶν τε καὶ σπερμάτων μεταβολὴ μέχρι τοσούτου <lb/>
                        <milestone unit="lineno" n="10"/>γινομένη πολλάκις, ὡς τὸ βλαβερώτατον ἐν
                        ἑτέρᾳ γῇ μεταφυτευθὲν εἰς ἑτέραν γῆν οὐ <lb/>μόνον ἀβλαβὲς ἀλλὰ καὶ χρήσιμον
                        γίνεσθαι. πολλὴ γὰρ καὶ ἡ τούτων πεῖρα τοῖς τὰ <lb/>γεωργικά τε καὶ περὶ
                        φυτῶν ὑπομνήματα συνθεῖσι, καθάπερ γε καὶ τοῖς περὶ τῆς τῶν <lb/>ζῴων
                        ἱστορίας γράψασι τῆς κατὰ τὰ χωρία γινομένης μεταβολῆς. ἐπεὶ τοίνυν οὐ μόνον
                        <lb/>ἀλλοιοῦται τὸ τρέφον ὑπὸ τοῦ τρεφομένου, ἀλλὰ καὶ αὐτό πως τιν’ ἀλλοιοῖ
                        βραχεῖαν <lb/>
                        <milestone unit="lineno" n="15"/>ἀλλοίωσιν, ἀναγκαῖόν ἐστι τὴν βραχεῖαν
                        ταύτην ἀξιόλογον ἐν τῷ χρόνῳ γίνεσθαι, ὥστ’ <lb/>εἰς ἴσον ἥκειν οἰκειότητι
                        φυσικῇ τὴν ἐκ τῶν πολυχρονίων ἐθῶν. </p>
                </div>
                <div type="textpart" subtype="chapter" n="3">
                    <p>Ἐπὶ μὲν οὖν τῶν ἐσθιομένων τε καὶ πινομένων εὑρῆσθαί μοι δοκῶ τὴν αἰτίαν τῆς
                        <lb/>τῶν ἐθῶν δυνάμεως, ἐπὶ δὲ τῶν ἔξωθεν ἡμῖν προσπιπτόντων ἴδωμεν ἐφεξῆς.
                        ἔοικε γὰρ <lb/>καὶ ταῦτα τὴν αὐτὴν κατὰ γένος ἔχειν αἰτίαν τοῖς
                        προειρημένοις. ἀλλοίωσιν οὖν <milestone unit="ed1page" n="122"/> τιν’ <lb/>
                        <milestone unit="lineno" n="20"/>ἐργάζεται κατὰ τὸ σῶμα μάλιστα μὲν τῶν
                        ἐπιπολῆς μορίων, ἤδη δὲ καὶ τῶν διὰ βάθους. <lb/>πιλεῖται μὲν γὰρ καὶ
                        συνάγεται καὶ σφίγγεται καὶ πυκνοῦται τὸ δέρμα πρῶτον μὲν <lb/>ὑπὸ τῶν
                        ψυχόντων, ἐφεξῆς δὲ καὶ τὰ τούτῳ συνεχῆ κἂν ἐν χρόνῳ πλείονι τὴν αὐτὴν
                        <lb/>ἀλλοίωσιν πάσχῃ τὸ σῶμα, καὶ τοῖς διὰ βάθους ἡ κοινωνία τῆς μεταβολῆς
                        γίνεται. <pb n="14"/> κατ’ ἀρχὰς δ’ εὐθέως κατὰ συμβεβηκός, οὐ πρώτως, ὑπὸ
                        τοῦ δρῶντος αἰτίου μεταβολὴ <lb/>καὶ ἀλλοίωσις οὐχ ἥκιστα τοῖς ἐν τῷ βάθει
                        κειμένοις συμπίπτει· πυκνωθέντος γὰρ τοῦ <lb/>δέρματος ἀθροίζεται κατὰ τὸ
                        τοῦ σώματος ὅλου βάθος ἡ θερμασία. ὥσπερ δὲ τὸ <lb/>ψῦχον αἴτιον τὰς
                        εἰρημένας ἀλλοιώσεις ἐργάζεται, κατὰ τὸν αὐτὸν λόγον τὰς ἐναντίας <lb/>
                        <milestone unit="lineno" n="5"/>αὐτῷ τὸ θερμαῖνον. καὶ γὰρ φύσιν ἔχει πρὸς
                        τῶν ἐναντίων γίνεσθαι τὰ ἐναντία, τὰ <lb/>μὲν πρώτως, τὰ δὲ κατὰ συμβεβηκός,
                        ἐφ’ ὧν δὴ καὶ μάλιστα σφάλλονται πολλοὶ θεώμενοί <lb/>τινα κατὰ συμβεβηκὸς
                        ὡσαύτως ἐπιτελούμενα πρὸς τῶν ἐναντίων, ὥσπερ γε πάλιν <lb/>καὶ ἐναντία
                        πολλάκις ὑπὸ τῶν αὐτῶν αἰτίων γινόμενα. ἀμέλει κἀπὶ τῶν θερμαινόντων
                        <lb/>ὁμοίως ἀπατᾶσθαι συμβαίνει. τὸ γοῦν θερμὸν αἴτιον, οἷον ὁ ἥλιος, ὁπόταν <lb/>
                        <milestone unit="lineno" n="10"/>ὁμιλήσῃ τινὶ σώματι πολυχρονίως, ἐναντίαν
                        διάθεσιν τῇ κατ’ <milestone unit="ed1page" n="123"/> ἀρχὰς ἐργάζεται περὶ
                        <lb/>αὐτό. ἐν ἀρχῇ μὲν γὰρ ἀλεαίνων ἡμᾶς διαχεῖ μὲν τὰ ὑγρά, χαλᾷ δὲ τὸ
                        δέρμα καὶ μαλακωτέρας <lb/>ἐργάζεται τὰς σάρκας· εἰ δὲ πλέοσιν ἡμέραις ὥρᾳ
                        θέρους ἐν αὐτῷ διατρίψειέ <lb/>τις γυμνός, αὐχμηρὸν μὲν καὶ σκληρὸν τούτῳ
                        γίνεται τὸ δέρμα, ξηραὶ δ’ αἱ σάρκες. <lb/>ἀλλ’ ἐπὶ μὲν τῶν τοιούτων οὐ
                        μόνης τῆς πολυχρονίου θερμασίας τοὖργον ἀλλὰ καὶ τῆς <lb/>
                        <milestone unit="lineno" n="15"/>ἐζευγμένης αὐτῇ ξηρότητος. καὶ πολλάκις γ’
                        ἡμᾶς ἐν τοῖς περὶ τῶν αἰτίων λογισμοῖς <lb/>σφάλλει τοῦτο παρορωμένης τῆς
                        ἐπιπλεκομένης αἰτίας. ἐχρῆν γὰρ ἡμᾶς ἐννοεῖν ἕτερον <lb/>μέν τι δρᾶν τὴν
                        ὑγρὰν θερμασίαν, ἕτερον δὲ τὴν ξηράν, ὅπερ οὐ ποιοῦμεν ἐνίοτε καὶ <lb/>διὰ
                        τοῦτο σφαλλόμεθα τὴν οἰκείαν ἐνέργειαν ἑκατέρων τῶν αἰτίων παρορῶντες· εἰ δὲ
                        <lb/>τις προσέχοι τὸν νοῦν, εἴσεται φυλαττομένην ἑκατέραν. ὥσπερ γὰρ ἡ μὲν
                        ὑγρότης <lb/>
                        <milestone unit="lineno" n="20"/>μόνη χωρὶς θερμότητος ἢ ψύξεως ἐπιφανοῦς
                        ὑγραίνει τὸ σῶμα, τῆς θερμότητος θερμαινούσης, <lb/>οὕτως ἡ σύνοδος
                        ἀμφοτέρων ἀμφότερα φαίνεται δρῶσα. κατὰ μὲν οὖν τὰ <lb/>τῶν γλυκέων ὑδάτων
                        λουτρὰ συμβαίνει τοῦτο, κατὰ δὲ τὰ εἱληθερῆ τὸ ξηραῖνον αἴτιον
                        <lb/>ἐπιπλέκεται τῷ θερμαίνοντι. <milestone unit="ed1page" n="124"/>
                        τοιοῦτος γὰρ ὁ θηρινὸς ἥλιος, ὥστ’ εἰκός, ὅσοι γυμνοὶ <lb/>τὸ πλεῖστον ἐν
                        αὐτῷ διατρίβουσιν, ὥσπερ οἵ τε θερισταὶ καὶ οἱ ναῦται, σκληρὸν καὶ <lb/>
                        <milestone unit="lineno" n="25"/>ξηρὸν αὐτῶν γίνεσθαι τὸ δέρμα παραπλησίως
                        τῷ τῶν φολιδωτῶν ζῴων. ὥσπερ οὖν αἱ <pb n="15"/> φυσικαὶ τῶν σωμάτων
                        ἰδιότητές τε καὶ τῆς ὅλης οὐσίας διαφοραί τε τοῦ δέρματος κατὰ
                        <lb/>σκληρότητα καὶ μαλακότητα πυκνότητά τε καὶ μανότητα διαφόρων μὲν
                        ἐδεσμάτων τε <lb/>καὶ πομάτων χρῄζουσιν, οὐχ ὁμοίως δ’ ἀλλήλαις ἅπασαι
                        διατίθενται θερμαινόμεναί τε <lb/>καὶ ψυχόμεναι, οὕτως αἱ δι’ ἔθος γινόμεναι
                        ταῖς φυσικαῖς παραπλήσιαι τὴν αὐτὴν <lb/>
                        <milestone unit="lineno" n="5"/>ἐκείναις ἴσχουσιν ὠφέλειάν τε καὶ βλάβην ἐκ
                        τῆς τῶν ἐσθιομένων τε καὶ πινομένων <lb/>ψυχόντων τε καὶ θερμαινόντων
                        ἀλλοιώσεως. ἀραιὸν μὲν γὰρ καὶ μαλακὸν σῶμα ῥᾳδίως <lb/>πάσχει θερμαινόμενόν
                        τε καὶ ψυχόμενον· πυκνὸν δὲ καὶ σκληρὸν ἀνέχεταί τε καὶ καταφρονεῖ <lb/>τῶν
                        ἔξωθεν αὐτῷ προσπιπτόντων ἁπάντων, οὐ μόνον εἰ θερμαίνοιεν ἢ ψύχοιεν,
                        <lb/>ἀλλ’ εἰ καὶ σκληρὸν εἴη τι καὶ τραχύ. διὸ καὶ χαμευνίας ἀνέχεται ταῦτα,
                        τῶν ἐναντίως <lb/>
                        <milestone unit="lineno" n="10"/>διακειμένων οὐ φερόντων αὐτάς· καὶ γὰρ
                        θλᾶται ῥᾳδίως καὶ ψύχεται καὶ πᾶν <lb/>ὁτιοῦν ἑτοίμως πάσχει. </p>
                </div>
                <div type="textpart" subtype="chapter" n="4">
                    <p>Τοιοῦτος μὲν δή τις ἐστὶ καὶ ὁ περὶ τούτων λόγος, <milestone unit="ed1page" n="125"/> ὁ δὲ περὶ τῶν γυμνασίων <lb/>τοιόσδε. τὰ γυμναζόμενα μόρια τοῦ
                        σώματος ἰσχυρότερά θ’ ἅμα καὶ τυλωδέστερα γίνεται <lb/>καὶ κατὰ τοῦτο
                        δύναται φέρειν τὰς οἰκείας κινήσεις μᾶλλον ἑτέρων, ὅσα δι’ <lb/>
                        <milestone unit="lineno" n="15"/>ἀγυμνασίαν μαλακώτερ’ ἐστὶ καὶ ἀσθενέστερα.
                        κοινὸς δ’ ὁ λόγος οὗτος ὑπάρχει καὶ <lb/>περὶ τῶν τῆς ψυχῆς γυμνασίων·
                        γυμναζόμεθα γὰρ πρῶτα μὲν ἐπὶ τοῖς γραμματικοῖς <lb/>ἔτι παῖδες ὄντες, εἶθ’
                        ἑξῆς παρά τε τοῖς ῥητορικοῖς διδασκάλοις ἀριθμητικοῖς τε καὶ
                        <lb/>λογιστικοῖς καὶ γεωμετρικοῖς. οὐσῶν γὰρ δυνάμεων κατὰ τὸ τῆς ψυχῆς
                        ἡγεμονικὸν εἰς <lb/>ἁπάσας τέχνας ἀναγκαῖον ἑτέραν μὲν εἶναι, καθ’ ἣν
                        ἀκόλουθόν τε καὶ μαχόμενον <lb/>
                        <milestone unit="lineno" n="20"/>γνωρίζομεν, ἑτέραν δέ, καθ’ ἣν μεμνήμεθα·
                        συνετώτεροι μὲν κατὰ τὴν πρότερον εἰρημένην, <lb/>μένην, μνημονευτικώτεροι
                        δὲ κατὰ τὴν δευτέραν γινόμεθα φύσιν ἐχουσῶν ἁπασῶν τῶν <lb/>δυνάμεων ὑπὸ μὲν
                        τῶν γυμνασίων αὐξάνεσθαί τε καὶ ῥώννυσθαι, βλάπτεσθαι δ’ ὑπὸ <lb/>τῆς
                        ἀργίας, ὥς που καὶ Πλάτων ἐν Τιμαίῳ κατὰ τήνδε τὴν ῥῆσιν ἐδήλωσεν αὐτοῖς
                        <lb/>ὀνόμασιν εἰπὼν ὧδε· ,,καθάπερ εἴπομεν πολλάκις, ὅτι τρία ψυχῆς ἐν ἡμῖν
                        εἴδη κατῴκισται, <lb/>
                        <milestone unit="lineno" n="25"/>τυγχάνει δ’ ἕκαστον κινήσεις ἔχον, οὕτω
                        κατὰ τὰ αὐτὰ καὶ νῦν ὡς διὰ βραχυτάτων <pb n="16"/> ῥητέον, <milestone unit="ed1page" n="126"/> ὅτι τὸ μὲν αὐτῶν ἐν ἀργίᾳ διάγον καὶ τῶν ἑαυτοῦ
                        κινήσεων ἡσυχίαν <lb/>ἄγον ἀσθενέστατον ἀνάγκη γίγνεσθαι, τὸ δ’ ἐν
                        γυμνασίοις ἐρρωμενέστατον· διὸ φυλακτέον, <lb/>ὅπως ἂν ἔχωσι τὰς κινήσεις
                        πρὸς ἄλληλα συμμέτρους“. ταῦτα προειπὼν ἐφεξῆς <lb/>φησι ,,τὸ δὲ δὴ περὶ τοῦ
                        κυριωτάτου τοῦ παρ’ ἡμῖν ψυχῆς εἴδους διανοεῖσθαι δεῖ τῇδε, <lb/>
                        <milestone unit="lineno" n="5"/>ὡς ἄρα αὐτὸ δαίμονα ὁ θεὸς ἑκάστῳ δέδωκε,
                        τοῦτο ὃ δή φαμεν οἰκεῖν μὲν ἡμῶν ἐπ’ <lb/>ἄκρῳ τῷ σώματι, πρὸς δὲ τὴν ἐν
                        οὐρανῷ ξυγγένειαν ἀπὸ γῆς ἡμᾶς αἴρειν ὡς ὄντας <lb/>φυτὸν οὐκ ἔγγειον ἀλλ’
                        οὐράνιον, ὀρθότατα λέγοντες· ἐκεῖθεν γὰρ ὅθεν ἡ πρώτη τῆς <lb/>ψυχῆς γένεσις
                        ἔφυ, τὸ θεῖον τὴν κεφαλὴν καὶ ῥίζαν ἡμῶν ἀνακρεμαννύον ὀρθοῖ πᾶν <lb/>τὸ
                        σῶμα. τῷ μὲν οὖν περὶ τὰς ἐπιθυμίας ἢ περὶ φιλονεικίας τετευτακότι καὶ ταῦτα <lb/>
                        <milestone unit="lineno" n="10"/>διαπονοῦντι σφόδρα πάντα τὰ δόγματα ἀνάγκη
                        θνητὰ γεγονέναι καὶ παντάπασι καθ’ <lb/>ὅσον μάλιστα δυνατὸν θνητῷ
                        γίγνεσθαι, τούτου μηδὲ σμικρὸν ἐλλείπειν ἅτε τοσοῦτον <lb/>ηὐξηκότι· τῷ δὲ
                        περὶ φιλομαθίας καὶ περὶ τὰς τῆς ἀληθείας φρονήσεις ἐσπουδακότι <lb/>καὶ
                        ταῦτα μάλιστα τῶν αὑτοῦ γεγυμνασμένῳ <milestone unit="ed1page" n="127"/>
                        φρονεῖν μὲν ἀθάνατα καὶ θεῖα, ἄνπερ <lb/>ἀληθείας ἐφάπτηται, πᾶσα ἀνάγκη
                        που, καθ’ ὅσον δ’ αὖ μετασχεῖν ἀνθρωπίνῃ φύσει <lb/>
                        <milestone unit="lineno" n="15"/>ἀθανασίας ἐνδέχεται, τούτου μηδὲν μέρος
                        ἀπολιπεῖν, ἅτε δὲ ἀεὶ θεραπεύοντα τὸ θεῖον <lb/>ἔχοντά τε αὐτὸν εὖ
                        κεκοσμημένον τὸν δαίμονα ξύνοικον ἐν αὑτῷ διαφερόντως εὐδαίμονα <lb/>εἶναι.
                        θεραπεία δὲ δὴ παντὶ παντὸς μία, τὰς οἰκείας ἑκάστῳ τροφὰς καὶ κινήσεις <pb n="17"/> ἀποδιδόναι“. ἐν τούτοις τοῖς λόγοις ὁ Πλάτων περὶ τῶν τριῶν τῆς
                        ψυχῆς εἰδῶν ἐδίδαξεν <lb/>ἡμᾶς οὐ μόνον εἰς φιλοσοφίαν τι χρήσιμον ἀλλὰ καὶ
                        τὴν τοῦ σώματος ὑγίειαν <lb/>ἀκολουθήσας Ἱπποκράτει κατὰ τοῦτο καθόλου μὲν
                        εἰπόντι ,,χρῆσις κρατύνει, ἀργίη <lb/>τήκει“, κατ’ εἶδος δ’ ἐπὶ γυμνασίων
                        αὖθις ἐν τῷ φάναι ,,πόνοι σιτίων ἡγείσθωσαν“, <lb/>
                        <milestone unit="lineno" n="5"/>ἐπὶ δὲ τῶν κατὰ μέρος εἰδῶν ἁπάντων ,,πόνοι,
                        σιτία, ποτά, ὕπνοι, ἀφροδίσια, πάντα <lb/>μέτρια“. διὸ κἀνταῦθα προσέχειν
                        χρὴ τὸν νοῦν ἀκριβῶς τοῖς λεγομένοις· ἔχει γάρ τινα <lb/>παρακοὴν ὁμοίως
                        τοῖς ἄλλοις ἅπασι λόγοις, ἐάν τις ἀμελῶς ἀκούῃ, καθάπερ ἔνιοι.
                        <lb/>γυμνάζεσθαι γὰρ ἑκάστην τῶν δυνάμεων <milestone unit="ed1page" n="128"/> ἀξιοῦμεν, οὐ δήπου χωρὶς ὅρων καὶ μέτρων <lb/>προσηκόντων ἐπὶ πλεῖστον
                        ἐκτεταμένων τῶν γυμνασίων, ὡς καταλῦσαι τὴν δύναμιν· <lb/>
                        <milestone unit="lineno" n="10"/>οὕτω δὲ καὶ σιτίοις καὶ ποτοῖς καὶ ὕπνοις
                        καὶ ἀφροδισίοις ἐν τῷ προσήκοντι μέτρῳ <lb/>χρῆσθαι μήτ’ ἐλλείποντι μήτε
                        πλεονάζοντι. αἱ μὲν γὰρ ὑπερβολαὶ καταλύουσί γε <lb/>τὰς δυνάμεις, τὸ δ’
                        ἐλλιπὲς ἐν ἑκάστῳ κωλύει τοσοῦτον τῆς τελείας ὠφελείας, ὅσον <lb/>αὐτὸ τῆς
                        συμμετρίας ἀπολείπεται. παρήγγελτο τοῦτο καὶ ὑφ’ Ἱπποκράτους ἐφ’ ἑνὸς
                        <lb/>ὡς παραδείγματος, ἔνθα φησίν ,,ἐν πάσῃ κινήσει τοῦ σώματος ὅταν ἄρξηται
                        πονέειν, τὸ <lb/>
                        <milestone unit="lineno" n="15"/>διαναπαύειν εὐθὺς ἄκοπον“. καί πως ὁ λόγος
                        ἤδη κατὰ τὴν οἰκειότητα τῶν πραγμάτων <lb/>ἐδίδαξέ τι καὶ περὶ τῶν τῆς ψυχῆς
                        ἐθῶν ἐν μνήμαις καὶ διαλογισμοῖς καὶ ζητήσεσι <lb/>λογικαῖς, ὧν καὶ αὐτὸς ὁ
                        Ἐρασίστρατος ἐμνημόνευσεν ἐν τῷ περὶ τῶν ἐθῶν λόγῳ μὴ <lb/>προσθεὶς τὴν
                        αἰτίαν καίτοι μὴ μόνον τοῦ Ἱπποκράτους ἀλλὰ καὶ τοῦ Πλάτωνος εἰρηκότων
                        <lb/>αὐτήν. τὸ γὰρ ἐν τοῖς οἰκείοις τε καὶ συμμέτροις γυμνασίοις ἑκάστην τῶν
                        δυνάμεων <lb/>
                        <milestone unit="lineno" n="20"/>ἐνεργεῖν εὐρωστίαν αὐταῖς ἀποτελεῖ. </p>
                </div>
                <pb n="18"/>

                <div type="textpart" subtype="chapter" n="5">
                    <p>Αὗται μὲν οὖν εἰσιν αἱ διαφοραὶ τῶν ἐθῶν κατά τε τὴν τῶν ὑλῶν, ἐν αἷς
                        συνίστανται, <lb/>καὶ τὴν τῶν αἰτίων, ὑφ’ ὧν <milestone unit="ed1page" n="129"/> γίνονται, δύναμιν. Ἐρασιστράτου δὲ καὶ τῶν <lb/>κενώσεων
                        ἐπιζητητικὸν γίνεσθαι τὸ σῶμα φάντος, ἐπειδὰν ἐθισθῶσί τινες αὐταῖς, καὶ
                        <lb/>περὶ τούτων ἐπισκεπτέον. ἴσμεν γάρ τινας ἐκ τῶν ῥινῶν αἱμορραγοῦντας
                        ἤτοι κατὰ <lb/>
                        <milestone unit="lineno" n="5"/>περιόδους τινὰς ἰσοχρονίους ἢ ἀτάκτως ἢ δι’
                        αἱμορροΐδων ἢ δι’ ἐμέτων ἢ διαρροίαις ἢ <lb/>χολέραις κενουμένους, ἐνίοτε δ’
                        ἑκουσίως ἀποχέοντας αἵματος ἢ διὰ φλεβοτομίας ἢ δι’ <lb/>ἀμυχῶν τῶν ἐν
                        σφυροῖς [ἢ διὰ ῥινός], ὥσπερ γε καὶ διὰ τῶν καθαιρόντων φαρμάκων,
                        <lb/>ἐμετηρίων τε καὶ κατωτερικῶν· ὑπὲρ ὧν καὶ αὐτῶν ἐσκέφθαι τι χρήσιμον.
                        ἐμοὶ γὰρ <lb/>οὐ δοκεῖ τὰ σώματα δι’ ἔθος δεῖσθαι τῶν τοιούτων κενώσεων,
                        ἀλλὰ δι’ ἣν αἰτίαν τῆς <lb/>
                        <milestone unit="lineno" n="10"/>πρώτης ἐδεήθη κενώσεως ἤτοι τῆς φύσεως
                        ἐργασαμένης αὐτὴν ἤ τινος ἀνθρώπου κατὰ <lb/>συλλογισμὸν ἰατρικόν, οὕτω καὶ
                        αὖθις καὶ πολλάκις χρῄζειν τῶν αὐτῶν ἐπὶ τοῖς αὐτοῖς. <lb/>ἔνιοι μὲν γὰρ ἐπὶ
                        μοχθηραῖς διαίταις, ἔνιοι δὲ διὰ κατασκευὴν μοχθηρὰν τοῦ σώματος
                        <lb/>ἀθροίζοντες αἵματος πλῆθος ἢ κακοχυμίαν ὑπὸ τῶν εἰρημένων κενώσεων
                        ὠφελοῦνται <lb/>τῆς φύσεως ἤ τινος ἰατροῦ τὸ περιττὸν ἀποχέοντος, πρὶν
                        νοσῆσαι τὸν ἄνθρωπον. <lb/>
                        <milestone unit="lineno" n="15"/>ἐνίοις δὲ νοσήσασιν ἡ μὲν κρίσις ἐπὶ
                        τοιαύταις ἐκκρίσεσι τοῦ νοσήματος ἴασις <milestone unit="ed1page" n="130"/>
                        ἐγένετο· <lb/>τινὲς δ’ ὑπὸ τῶν ἰατρῶν ἐθεραπεύθησαν ὁμοίοις βοηθήμασι
                        χρησαμένων, εἶθ’ ὕστερον <lb/>ἁλόντες ὁμοίῳ νοσήματι θεραπευθέντες τε δι’
                        αὐτῶν, ἐάν ποτε πάλιν αὐτοῖς ἤτοι που <lb/>τὸ τοῦ σώματος βάρος ἢ τῆς
                        κεφαλῆς μόνης ἀνωμαλία τις ἢ καί τι τῶν παρὰ φύσιν <lb/>ἕτερον ἐπιφαίνηται,
                        κοινοῦνται τοῖς ἰατροῖς περὶ αὐτῶν δεδιέναι φάσκοντες ἁλῶναι <lb/>
                        <milestone unit="lineno" n="20"/>τοῖς αὐτοῖς νοσήμασιν, οἷς ἔμπροσθεν
                        ἑάλωσαν ἐπὶ προηγησαμένοις ὁμοίοις συμπτώμασι, <lb/>κἄπειτα φθάσαντες ἢ διὰ
                        καθάρσεώς τινος ἢ δι’ αἵματος ἀφαιρέσεως ἐκφυγεῖν <lb/>τὴν προσδοκηθεῖσαν
                        νόσον ἑτοιμότερον ἐπὶ τὴν αὐτὴν ἀφικνοῦνται βοήθειαν, ὅταν <lb/>αἴσθωνταί
                        τινος ὁμοίου συμπτώματος ὕστερόν ποτε συμπεσόντος αὐτοῖς. ἔνιοι δὲ καὶ
                        <lb/>πρὶν αἰσθέσθαι τὴν προθεσμίαν ὑφορώμενοι τοῦ χρόνου, καθ’ ὃν ἐν
                        ὡρισμένῃ περιόδῳ <lb/>
                        <milestone unit="lineno" n="25"/>τῶν τοιούτων ἔπαθόν τι, κενοῦσθαι φθάνουσιν
                        ὀνομάζουσί τε τὴν προφυλακτικὴν κένωσιν <lb/>ἐν ἔθει γεγονέναι σφίσιν
                        οὐδεμίαν ὑπαλλαγὴν τοῦ σώματος ἐκ τῶν τοιούτων κενώσεων <lb/>λαμβάνοντος,
                        ὁποίαν ἐδείχθη λαμβάνον ἐπὶ τοῖς προειρημένοις, ἀλλ’ ὑπὸ τῆς <pb n="19"/>
                        αὐτῆς αἰτίας ταὐτὰ πάσχοντος. ἐὰν οὖν ὑπαλλάξωσι τὴν δίαιταν ἐλάττοσι μὲν
                        ἐδέσμασι <lb/>χρώμενοι, προστιθέντες δέ <milestone unit="ed1page" n="131"/>
                        τι τοῖς γυμνασίοις, ἄνοσοι διατελοῦσιν ἐκ τῆς τῶν ἐθῶν <lb/>ὑπαλλαγῆς
                        ὠφεληθέντες, οὐχ ὥσπερ οἱ πρόσθεν εἰρημένοι βλαβέντες· οὐ γὰρ ἔθους
                        <lb/>λόγῳ διὰ τῶν κενώσεων ὠφελεῖσθαι συνέβαινεν αὐτοῖς ἀλλ’ ἐπὶ μοχθηρᾷ
                        διαίτῃ κακοχυμίαν <lb/>τε καὶ πλῆθος ἀθροίζουσιν. </p>
                </div>
            </div>
        </body>
    </text>
</TEI>
