<ti:work xmlns:ti="http://chs.harvard.edu/xmlns/cts" groupUrn="urn:cts:greekLit:tlg0082" xml:lang="grc" urn="urn:cts:greekLit:tlg0082.tlg001">
  <ti:title xml:lang="lat">De pronominibus</ti:title>
  <ti:edition urn="urn:cts:greekLit:tlg0082.tlg001.1st1K-grc1" workUrn="urn:cts:greekLit:tlg0082.tlg001">
    <ti:label xml:lang="lat">De pronominibus</ti:label>
    <ti:description xml:lang="lat">Apollonius, Dyscolus, De pronominibus, Schneider, Teubner, 1878</ti:description>
  </ti:edition>
</ti:work>
