<ti:work xmlns:ti="http://chs.harvard.edu/xmlns/cts" groupUrn="urn:cts:greekLit:tlg0062" xml:lang="grc" urn="urn:cts:greekLit:tlg0062.tlg023">
  <ti:title xml:lang="lat">Charon sive contemplantes</ti:title>
  <ti:edition urn="urn:cts:greekLit:tlg0062.tlg023.1st1K-grc1" workUrn="urn:cts:greekLit:tlg0062.tlg023">
    <ti:label xml:lang="lat">Charon sive contemplantes</ti:label>
    <ti:description xml:lang="lat">Lucianus, Charon sive contemplantes, Harmon, Harvard, 1960</ti:description>
  </ti:edition>
</ti:work>
