<?xml version="1.0" encoding="UTF-8"?>
 <?xml-model href="http://www.stoa.org/epidoc/schema/latest/tei-epidoc.rng" schematypens="http://relaxng.org/ns/structure/1.0"?>
 <TEI xmlns="http://www.tei-c.org/ns/1.0">
 <teiHeader>
 <fileDesc>
 <titleStmt>
  <title>Charon sive contemplantes</title>
  <author>Lucianus Samosatenus</author>
 <editor>A. M. Harmon</editor>
  <funder>Harvard Library Arcadia Fund</funder>
  <principal>Gregory Crane</principal>
  <respStmt>
   <persName xml:id="DDD">Digital Divide Data</persName>
   <resp>Corrected and encoded the text</resp>
  </respStmt>
  <respStmt>
   <persName>Gregory Crane</persName>
   <resp>Editor-in-Chief, Perseus Digital Library</resp>
  </respStmt>
  <respStmt>
   <persName>Matt Munson</persName>
   <resp>Project Manager (University of Leipzig), 2016 - present</resp>
  </respStmt>
  <respStmt>
   <persName>Annette Geßner</persName>
   <resp>Project Assistant (University of Leipzig) 2015 - present</resp>
  </respStmt>
  <respStmt>
   <persName>Thibault Clérice</persName>
   <resp>Lead Developer (University of Leipzig)</resp>
  </respStmt>
  <respStmt>
   <persName>Bruce Robertson</persName>
   <resp>Technical Advisor</resp>
  </respStmt>
 </titleStmt>
 <publicationStmt>
 <authority>Harvard College Library</authority>
  <idno type="filename">tlg0062.tlg023.1st1K-grc1.xml</idno>
 <availability>
 <p>Available under a Creative Commons Attribution-ShareAlike 4.0 International License</p>
 </availability>
 <date>2016</date>
 <publisher>Harvard College Library</publisher>
 <pubPlace>United States</pubPlace>
 </publicationStmt>
 <sourceDesc>
 <listBibl>
 <biblStruct>
 <monogr>
 <title>Lucian</title>
 <editor>
 <persName>
 <name>A. M. Harmon</name>
 </persName>
 </editor>
  <author ref="urn:cts:greekLit:tlg0062">Lucianus Samosatenus</author>
 <imprint>
 <publisher>Harvard University Press</publisher>
 <pubPlace>Cambridge, Mass</pubPlace>
 <date>1960</date>
 </imprint>
 <biblScope unit="volume">2</biblScope>
 </monogr>
  <ref target="https://archive.org/details/lucianhar02luciuoft">The Internet Archive</ref>
 </biblStruct>
 </listBibl>
 </sourceDesc>
 </fileDesc>
 <encodingDesc>
  <p>Text encoded in accordance with the latest EpiDoc standards (January 2014)</p>
  <refsDecl n="CTS">
   <cRefPattern matchPattern="(.+)" n="section" replacementPattern="#xpath(/tei:TEI/tei:text/tei:body/tei:div/tei:div[@n='$1'])"/>
  </refsDecl>
 </encodingDesc>
 <profileDesc>
 <langUsage>
 <language ident="grc">Greek</language>
 </langUsage>
 </profileDesc>
 <revisionDesc>
 <change/>
 </revisionDesc>
 </teiHeader>
 <text>
 <body>
  <div type="edition" xml:lang="grc" n="urn:cts:greekLit:tlg0062.tlg023.1st1K-grc1">
 <pb n="396"/>
 <head>ΧΑΡΩΝ Η ΕΙΠΣΚΟΠΟΥΝΤΕΣ</head>
 
 <div type="textpart" subtype="section" n="1">
 <sp>
 <speaker>ΕΡΜΗΣ</speaker>
 <p>1 Τί γελᾷς, ὦ Χάρων; ἢ τὶ τὸ πορθμεῖον ἀπολιπὼν
 δεῦρο ἀνελήλυθας εἰς τὴν ἡμετέραν οὐ πάνυ
 εἰωθὼς ἐπιχωριάζειν τοῖς ἄνω πράγμασιν;</p>
 </sp>
 <sp>
 <speaker>ΧΑΡΩΝ</speaker>
 <p>Ἐπεθύμησα, ὦ Ἑρμῆ, ἰδεῖν ὁποῖά ἐστι τὰ ἐν
 τῷ βίῳ καὶ πράττουσιν οἱ ἄνθρωποι ἐν αὐτῷ ἢ
 τίνων στερούμενοι πάντες οἰμώζουσι κατιόντες
 παῤ ἡμᾶς· οὐδεὶς γὰρ αὐτῶν ἀδακρυτὶ διέπλευσεν.
 αἰτησάμενος οὖν παρὰ τοῦ Ἅιδου καὶ αὐτὸς
 ὥσπερ ὁ Θετταλὸς ἐκεῖνος νεανίσκος μίαν ἡμέραν
 λιπόνεως γενέσθαι ἀνελήλυθα ἐς τὸ φῶς, καί μοι
 δοκῶ εἰς δέον ἐντετυχηκέναι σοι· ξεναγήσεις γὰρ
 εὖ οἶδʼ ὅτι με συμπερινοστῶν καὶ δείξεις ἕκαστα
 ὡς ἂν εἰδὼς ἅπαντα.</p>
 </sp>
 
 <sp>
 <speaker>ΕΡΜΗΣ</speaker>
 <p>Οὐ σχολή μοι, ὦ πορθμεῦ· ἀπέρχομαι γάρ τι
 διακονησόμενος τῷ ἄνω Διὶ τῶν ἀνθρωπικῶν· ὁ δὲ
 ὀξύθυμός τέ ἐστι<note type="footnote" n="1"></note> καὶ δέδια μὴ βραδύναντά με
 ὅλον ὑμέτερον ἐάσῃ εἶναι παραδοὺς τῷ ζόφῳ, ἢ
 ὅπερ τὸν Ἥφαιστον πρῴην ἐποίησε, ῥίψῃ κἀμὲ
 τεταγὼν τοῦ ποδὸς ἀπὸ τοῦ θεσπεσίου βηλοῦ, ὡς
 <note type="footnote">1 καὶ ὀργίλος?</note>
 
 <pb n="398"/>
 ὑποσκάζων γέλωτα παρέχοιμε καὶ αὐτὸς
 οἰνοχοῶν.</p>
 </sp>
 
 <sp>
 <speaker>ΧΑΡΩΝ</speaker>
 <p>Περιόψει οὖν με ἄλλως πλανώμενον ὑπὲρ γῆς,
 καὶ ταῦτα ἑταῖρος καὶ σύμπλους καὶ συνδιάκτορος
 ὤν; καὶ μὴν καλῶς εἶχεν, ὦ Μαίας παῖ,
 ἐκείνων γοῦν σε μεμνῆσθαι, ὅτι μηδεπώποτέ σε ἢ
 ἀντλεῖν ἐκέλευσα ἢ πρόσκωπον εἶναι· ἀλλὰ σύ
 μὲν ῥέγκεις ἐπὶ τοῦ καταστρώματος ἐκταθεὶς ὤμους
 οὕτω καρτεροὺς ἔχων, ἢ εἴ τινα λάλον<note type="footnote" n="1"></note> νεκρὸν
 εὕροις, ἐκείνῳ παῤ ὅλον τὸν πλοῦν διαλέγῃ· ἐγὼ
 δὲ πρεσβύτης ὢν τὴν δικωπίαν ἐρέττω μόνος.
 ἀλλὰ πρὸς τοῦ πατρός, ὦ φίλτατον Ἑρμάδιον, μὴ
 καταλίπῃς με, περιήγησαι δὲ τὰ ἐν τῷ βίῳ
 ἅπαντα, ὥς τι καὶ ἰδὼν ἐπανέλθοιμι· ὡς ἤν με σὺ
 ἀφῇς, οὐδὲν τῶν τυφλῶν<note type="footnote" n="2"></note> διοίσω· καθάπερ γὰρ
 ἐκεῖνοι σφάλλονται καὶ διολισθάνουσιν ἐν τῷ
 σκότῳ, οὕτω δὴ κἀγώ σοι ἔμπαλιν ἀμβλυώττω
 πρὸς τὸ φῶς. ἀλλὰ δός, ὦ Κυλλήνιε, ἐς ἀεὶ
 μεμνησομένῳ τὴν χάριν.</p>
 </sp>
 </div>
 
 <div type="textpart" subtype="section" n="2">
 <sp>
 <speaker>ΕΡΜΗΣ</speaker>
 <p>2 Τοῦτο τὸ πρᾶγμα πληγῶν αἴτιον καταστήσεταί
 μοι· ὁρῶ γοῦν ἤδη τὸν μισθὸν τῆς περιηγήσεως
 οὐκ ἀκόνδυλον παντάπασιν ἡμῖν ἐσόμενον. ὑπουργητέον
 δὲ ὅμως· τί γὰρ ἂν καὶ πάθοι τις, ὁπότε
 φίλος τις ὢν βιάζοιτο;</p>
 <p>Πάντα μὲν οὖν σε ἰδεῖν καθʼ ἕκαστον ἀκριβῶς
 ἀμήχανόν ἐστιν, ὦ πορθμεῦ· πολλῶν γὰρ ἂν ἐτῶν
 ἡ διατριβὴ γένοιτο. εἶτα ἐμὲ μὲν κηρύττεσθαι
 δεήσει καθάπερ ἀποδράντα ὑπὸ τοῦ Διός, σὲ δὲ
 <note type="footnote">1 λάλον Mosellanus, Brodaeus: ἄλλον MSS.</note>
 <note type="footnote">2 νεκρῶν? cf. Caaplus, 22.</note>
 
 <pb n="400"/>
 καὶ αὐτὸν κωλύσει ἐνεργεῖν τὰ τοῦ Θανάτου ἔργα
 καὶ τὴν Πλούτωνος ἀρχὴν ζημιοῦρ μὴ νεκραγωγοῦντα
 πολλοῦ τοῦ χρόνου· κᾆτα ὁ τελοώνης Αἰακὸς
 ἀγανακτήσει μηδʼ ὀβολὸν ἐμπολῶν. ὡς δὲ τὰ κεφάλαια
 τῶν γιγνομένων ἴδοις, τοῦτο ἤδη σκεπτέον.</p>
 </sp>
 
 <sp>
 <speaker>ΧΑΡΩΝ</speaker>
 <p>Αὐτός, ὦ Ἑρμῆ. ἐπινόει τὸ βέλτιστον· ἐγὼ δὲ
 οὐδὲν οἴδα τῶν ὑπὲρ γῆς ξένος ὤν.</p>
 </sp>
 
 <sp>
 <speaker>ΕΡΜΗΣ</speaker>
 <p>Τὸ μὲν ὅλον, ὦ Χαρων, ὑψηλοῦ τινος ἡμῖν δεῖ
 χωρίου, ὡς ἀπʼ ἐκείνου πάντα κατίδοις· σοὶ δὲ εἰ
 μὲν ἐς τὸν οὐρανὸν ἀνελθεῖν δυνατὸν ἦν, οὐκ ἂν
 ἐκάμνομεν· ἐκ περιωπῆς γὰρ ἂν ἀκριβῶς ἅπαντα
 καθεώρας. ἐπεὶ δὲ οὐ θέμις εἰδώλοις ὰεὶ συνόντα
 ἐπιβατεύειν τῶν βεσιλείων τοῦ Διός, ὥρα ἡμῖν
 ὑψηλόν τι ὄρος περισκοπεῖν.</p>
 </sp>
 </div>
 
 <div type="textpart" subtype="section" n="3">
 <sp>
 <speaker>ΧΑΡΩΝ</speaker>
 <p>3 Οἶσθα, ὦ Ἑρμῆ, ἅπερ εἴωθα λέγειν ἐγὼ πρὸς
 ὑμᾶς, ἐπειδὰν πλέωμεν; ὁπόταν γὰρ τὸ πνεῦμα
 καταιγίσαν πλαγίᾳ τῇ ὀθόνῃ ἐμπέσῃ καὶ τὸ κῦμα
 ὑψηλὸν ἀρθῇ, τότε ὑμεῖς μὲν ὑπʼ ἀγνοίας κελεύετε
 τὴν ὀθόνην στεῖλαι ἢ ἐνδοῦναι ἀλίγον τοῦ ποδὸς ἢ
 συνεκδραμεῖν τῷ πνεύματι, ἐγὼ δὲ τὴν ἡτυχίαν
 ἄγειν παρακελεύομαι ὑμῖν· αὐτὸς γὰρ εἰδέναι τὸ
 βέλτιον. κατὰ ταὐτὰ δὴ καὶ σὺ πρᾶττε ὁπόσα
 καλῶς ἔχειν νομίζεις κυβερνήτης νῦν γε ὥν· ἐγὼ
 δέ, ὥσπερ ἐπιβάταις νόμος, σιωπῇ καθεδοῦμαι
 πάντα πειθόμενος κελεύοντί σοι.</p>
 </sp>
 
 <sp>
 <speaker>ΕΡΜΗΣ</speaker>
 <p>Ὀρθῶς λέγεις· αὐτὸς γὰρ εἴσομαι τί ποιητέον
 
 <pb n="402"/>
 καὶ ἐξευρήσω τὴν ἱκανὴν σκοπήν. ἆῤ οὖν ὁ Καύκασος
 ἐπιτήδειος ἢ ὁ Παρνασσὸς ἡ ὑψηλότερος<note type="footnote" n="1"></note>
 ἀμφοῖν ὁ Ὄλυμπος ἐκεινοσί; καίτοι οὐ φαῦλον ὂ
 ἀνεμνήσθην ἐς τὸν Ὄλυμπον ἀπιδών· συγκαμεῖν
 δέ τι καὶ ὑπουργῆσαι καὶ σὲ δεῖ.</p>
 </sp>
 
 <sp>
 <speaker>ΧΑΡΩΝ</speaker>
 <p>Πρόσταττε· ὑπουργήσω γὰρ ὅσα δυνατά.</p>
 </sp>
 
 <sp>
 <speaker>ΧΑΡΩΝ</speaker>
 <p>Ὅμηρος ὁ ποιητής φησι τοὺς Ἀλωέως υἱέας, δύο
 καὶ αὐτοὺς ὄντας, ἔτι παῖδας ἐθελῆσαί ποτε τὴν
 Ὄσσαν ἐκ βάθρων ἀνασπάσαντας ἐπιθεῖναι τῷ
 Ὀλύμπῳ, εἶτα τὸ Πήλιον ἐπʼ αὐτῇ, ἱκανὴν ταύτην
 κλίμακα ἕξειν οἰομένους καὶ πρόσβασιν ἐπὶ
 τὸν οὐρανόν. ἐκείνω μὲν οὖν τὰ μειρακίω, ἀτασθάλοω
 γὰρ ἤστην, δίκας ἐτισάτην· νὼ δὲ—οὐ γὰρ
 ἐπὶ κακῷ τῶν θεῶν ταῦτα βουλεύομεν—τί οὐχὶ
 οἰκοδομοῦμεν καὶ αὐτοὶ κατὰ τὰ αὐτὰ ἐπικυλινδοῦντες
 ἐπάλληλα τὰ ὄρη, ὡς ἔχοιμεν ἀφʼ ὑψηλοτέρου
 ἀκριβεστέραν τὴν σκοπήν;</p>
 </sp>
 </div>
 
 <div type="textpart" subtype="section" n="4">
 <sp>
 <speaker>ΧΑΡΩΝ</speaker>
 <p>4 Καὶ δυνησόμεθα, ὦ Ἑρμῆ, δύʼ ὄντες ἀναθέσθαι
 ἀράμενοι τὸ Πόλιον ἢ τὴν Ὄσσαν;</p>
 </sp>
 
 <sp>
 <speaker>ΕΡΜΗΣ</speaker>
 <p>Διὰ τί δʼ οὐκ ἄν, ὦ Χάρων; ἢ ἀξιοῖς ἡμᾶς ἀγεννεστέρους
 εἶναι τοῖν βρεφυλλίοιν ἐκείνοιν, καὶ
 ταῦτα θεοὺς ὑπάρχοντας;</p>
 </sp>
 
 <sp>
 <speaker>ΧΑΡΩΝ</speaker>
 <p>Οὔκ, ἀλλὰ τὸ πρᾶγμα δοκεῖ μοι ἀπίθανόν τινα
 τὴν μεγαλουργίαν ἔχειν.</p>
 <note type="footnote">1 ἢ ὑψηλότερος Schneider: ὑψηλότερος ἢ MSS.</note>
 </sp>
 
 <pb n="404"/>
 <sp>
 <speaker>ΕΡΜΗΣ</speaker>
 <p>Εἰκότως· ἰδιώτης γὰρ εἶ, ὦ Χάρων, καὶ ἤκιστα
 ποιητικός· ὁ δὲ γεννάδας Ὅμηρος ἀπὸ δυοῖν στίχοιν
 αὐτίκα ἡμῖν ἀμβατὸν ἐποίησε τὸν οὐρανόν,
 οὕτω ῥᾳδίως συνθεὶς τὰ ὄρη. καὶ θαυμάζω εἴ σοι
 ταῦτα τεράστια εἶναι δοκεῖ τὸν Ἄτλαντα δηλαδὴ
 εἰδότι, ὃς τὸν πόλον αὐτὸν εἰς ὢν φέρει ἀνέχων
 ἡμᾶς ἅπαντας. ἀκούεις δέ γε ἴσαως καὶ τοῦ ἀδελφοῦ
 τοῦ ἐμοῦ πέρι τοῦ Ἡρακλέους, ὡς διαδέξαιτό
 πστε αὐτὸς ἐκεῖμος<note type="footnote" n="1"></note> τὸν Ἄτλαντα, καὶ ἀναπαύσειε
 πρὸς ὀλίγον τοῦ ἄχθους ὑποθεὶς ἑαυτὸν τῷ
 φορτίῳ.</p>
 </sp>
 
 <sp>
 <speaker>ΧΑΡΩΝ</speaker>
 <p>Ἀκούω καὶ ταῦτα· εἰ δὲ ἀληθῇ ἔστιν, σὺ ἄν, ὦ
 Ἑρμῆ, καὶ οἱ ποιηταὶ εἰδείητε.</p>
 </sp>
 
 <sp>
 <speaker>ΕΡΜΗΣ</speaker>
 <p>Ἀληθέστατα, ὦ Χάρων. ἢ τίνος γὰρ ἕνεκα
 σοφοὶ ἄνδρες ἐψεύδοντο ἄν; ὥστε ἀναμοχλεύωμεν
 τὴν Ὄσσαν πρῶτον, ὥσπερ ἡμῖν ὑφηγεῖται τὸ
 ἔπος καὶ ὁ ἀρχιτέκτων Ὅμηρος,
 <lg>
 <l>αὐτὰρ ἐπʼ Ὄσσῃ</l>
 <l>Πήλιον εἰνοσίφυλλον.</l>
 </lg>
 ὁρᾷς ὅπως ῥᾳδίως ἅμα καὶ ποιητικῶς ἐξειργασάμεθα;
 φέῤ οὖν ἀναβὰς ἴδω, εἰ καὶ ταῦτα ἱκανὰ
 ἢ ἐποικοδομεῖν ἔτι δεήσει.</p>
 </sp>
 </div>
 
 <div type="textpart" subtype="section" n="5">
 <p>5 παπαῖ, κάτω ἔτι ἐσμὲν
 ἐν ὑπωρείᾳ τοῦ οὐρανοῦ· ἀπὸ γὲν γὰρ τῶν ἑῴων
 μόγις Ἰωνία καὶ Λυδία φαίνεται, ἀπὸ δὲ τῆς ἑσπέρας
 οὐ πλέον Ἰταλίας καὶ Σικελίας, ἀπὸ δὲ τῶν
 ἀρκτῴων τὰ ἐπὶ τάδε τοῦ Ἴστρου μόνον, κἀκεῖθεν
 ἡ Κρήτη οὐ πάνυ σαφῶς. μετακινητέα ἡμῖν, ὦ
 <note type="footnote">1 αὐτὸς ἐκεῖνος A.M.H.; αὐτὸς ἐκεῖνον Hemsterhuys: αὐτὴν
 ἐκεῖνον MSS.</note>
 
 <pb n="406"/>
 πορθμεῦ, καὶ ἡ Οἴτη, ὡς ἔοικεν, εἶτα ὁ Παρνασσὸς
 ἐπὶ πᾶσιν.</p>
 
 <sp>
 <speaker>ΧΑΡΩΝ</speaker>
 <p>Οὕτω ποιῶμεν. ὅρα μόνον μὴ λεπτότερον ἐξεργασώμεθα
 τὸ ἔργον ἀπομηκύναντες πέρα τοῦ
 πιθανοῦ, εἶτα συγκαταρριφέντες αὐτῷ πικρᾶς
 τῆς Ὁμήρου οἰκοδομικῆς πειραθῶμεν συντριβέντες
 τῶν κρανίων.</p>
 </sp>
 
 <sp>
 <speaker>ΕΡΜΗΣ</speaker>
 <p>Θάρρει· ἀσφαλῶς γὰρ ἔξει ἅπαντα. μετατίθει
 τὴν Οἴτην· ἐπικυλινδείσθω ὁ Παρνασσός. ἰδοὺ
 δή, ἐπάνειμι αὖθις· εὖ ἔχει· πάντα ὁρῶ· ἀνάβαινε
 ἤδη καὶ σύ.</p>
 </sp>
 
 <sp>
 <speaker>ΧΑΡΩΝ</speaker>
 <p>Ὄρεξον, ὦ Ἑρμῆ. τὴν χεῖρα· οὐ γὰρ ἐπὶ μικράν
 με ταύτην μηχανὴν ἀναβιβάζεις.</p>
 </sp>
 
 <sp>
 <speaker>ΕΡΜΗΣ</speaker>
 <p>Εἴ γε καὶ ἰδεῖν ἐθέλεις, ὦ Κάρων, ἅπαντα· οὐκ
 ἔνι δὲ ἄμφω καὶ ἀσφαλῆ καὶ φιλοθεάμονα εἶναι.
 ἀλλʼ ἔχου μου τῆς δεξιᾶς καὶ φείδου μὴ κατὰ τοῦ
 ὀλισθηροῦ πατεῖν. εὗ γε, ἀνελήλυθας καὶ σύ·
 καὶ ἐπείπερ δικόρυμβος ὁ Παρνασσός ἐστι, μίαν
 ἑκάτερος ἄκρον ἀπολαβόμενοι καθεζώμεθα· σὺ
 δὲ μοι ἤδη ἐν κύκλῳ περιβλέπων ἐπισκόπει
 ἄπαντα.</p>
 </sp>
 </div>
 
 <div type="textpart" subtype="section" n="6">
 <sp>
 <speaker>ΧΑΡΩΝ</speaker>
 <p>6 ὁρῶ γῆν πολλὴν καὶ λίμνην τινὰ μεγάλην
 περιρρέουσαν καὶ ὄρη καὶ ποταμοὺς τοῦ Κωκυτοῦ
 καὶ Πυριφλεγέθοντος μείζονας καὶ ἀνθρώπους
 πάνυ σμικροὺς καί τινας φωλεοὺς αὐτῶν.</p>
 </sp>
 
 <sp>
 <speaker>ΕΡΜΗΣ</speaker>
 <p>Πόλεις ἐκεῖναί εἰσιν οὓς φωλεοὺς εἶναι νομίζεις.</p>
 </sp>
 
 <pb n="408"/>
 <sp>
 <speaker>ΧΑΡΩΝ</speaker>
 <p>Οἶσθα οὖν, ὦ Ἑρμῆ, ὡς οὐδὲν ἡμῖν πέπρακται,
 ἀλλὰ μάτην τὸν Παρνασσὸν αὐτῇ Κασταλίᾳ καὶ
 τὴν Οἴτην καὶ τὰ ἄλλα ὄρη μετεκινήσαμεν;</p>
 </sp>
 
 <sp>  
 <speaker>ΕΡΜΗΣ</speaker>
 <p>Ὅτι τί;</p>
 </sp>
 
 <sp>
 <speaker>ΧΑΡΩΝ</speaker>
 <p>Οὐδὲν ἀκριβὲς ἐγὼ γοῦν ἀπὸ τοῦ ὑψηλοῦ ὁρῶ·
 ἐδεόμην δὲ οὐ πόλεις καὶ ὄρη αὐτὸ μόνον ὥσπερ
 ἐν γραφαῖς ὁρᾶν, ἀλλὰ τοὺς ἀνθρώπους αὐτοὺς
 καὶ ἃ πράττουσι καὶ οἷα λέγουσιν. ὥσπερ ὅτε με
 τὸ πρῶτον ἐντυχὼν εἶδες γελῶντα καὶ ἤρου γε ὅ τι
 γελῴην, ἀκούσας τινὸς ἥσθην εἰς ὑπερβολήν.</p>
 </sp>
 
 <sp>
 <speaker>ΕΡΜΗΣ</speaker>
 <p>Τί δὲ τοῦτο ἦν;</p>
 </sp>
 
 <sp>
 <speaker>ΧΑΡΩΝ</speaker>
 <p>Ἐπὶ δεῖπνον, οἶμαι, κληθείς τις<note type="footnote" n="1"></note> ὑπό τινος τῶν
 φίλων ἐς τὴν ὑστεραίαν, “Μάλιστα ἥξω” ἔφη,
 καὶ μεταξὺ λέγοντος ἀπὸ τοῦ τέγους κεραμὶς
 ἐμπεσοῦσα οὐκ οἶδ᾿ ὅτου κινήσαντος ἀπέκτεινεν
 αὐτόν. ἐγέλασα οὖν οὐκ ἐπιτελέσαντος τὴν
 ὑπόσχεσιν. ἔοικα δὲ καὶ νῦν ὑποκαταβήσεσθαι,
 ὡς μᾶλλον βλέποιμι καὶ ἀκούοιμι.</p>
 </sp>
 </div>
   <div type="textpart" subtype="section" n="7">
 <sp>
 <speaker>ΕΡΜΗΣ</speaker>
 <p>7 Ἔχ᾿ ἀτρέμα· καὶ τοῦτο γὰρ ἐγὼ ἰάσομαί σοι
 καὶ ὀξυδερκέστατον ἐν βραχεῖ σε<note type="footnote" n="2"></note> ἀποφανῶ παῤ
 Ὁμήρου τινὰ καὶ πρὸς τοῦτο ἐπῳδὴν λαβών,
 κἀπειδὰν εἴπω τὰ ἔπη, μέμνησο μηκέτι ἀμβλυώττειν,
 ἀλλὰ σαφῶς πάντα ὁρᾶν.</p>
 <note type="footnote">1 τις ς, Herwerden: not in best MSS.</note>
 <note type="footnote">2 σε not in MSS.: after ὀξυδερκέστατον Sommerbrodt, after
 ἐν βραχεῖ A.M.H.</note>
 </sp>
 
 <pb n="410"/>
 <sp>
 <speaker>ΧΑΡΩΝ</speaker>
 <p>Λέγε μόνον.</p>
 </sp>
 
 <sp>
 <speaker>ΕΡΜΗΣ</speaker>
 <p>Ἀχλὺν δʼ αὖ τοι ἀπʼ ὀφθαλμῶν ἕλον, ἣ πρὶν
 <lg>
 <l>ἐπῆεν,</l>
 <l>ὄφῤ εὖ γινώσκοις ἠμὲν θεὸν ἠδὲ καὶ ἄνδρα.</l>
 </lg>
 τί ἐστιν; ἤδη ὁρᾷς;</p>
 </sp>
 
 <sp>
 <speaker>ΧΑΡΩΝ</speaker>
 <p>Ὑπερφνῶς γε· τυφλὸς ὁ Λνγκεὺς ἐκεῖνος ὡς
 πρὸς ἐμέ· ὥστε σὺ τὸ ἐπὶ τούτῳ προσδίδασκέ
 με καὶ ἀποκρίνου ἐρωτῶντι. ἀλλὰ βούλει κατὰ
 τὸν Ὅμηρον κἀγὼ ἔρωμαί σε, ὡς μάθῃς οὐδʼ
 αὐτὸν ἀμελέτητον ὄντα με τῶν Ὁμήρου;</p>
 </sp>
 
 <sp>
 <speaker>ΕΡΜΗΣ</speaker>
 <p>Καὶ πόθεν σὺ ἔχεις τι τῶν ἐκείνου εἰδέναι,
 ναύτης ἀεὶ καὶ πρόσκωπος ὤν;</p>
 </sp>
 
 <sp>
 <speaker>ΧΑΡΩΝ</speaker>
 <p>Ὁρᾷς, ὀνειδιστικὸν τοῦτο εἰς τὴν τέχνην. ἐγὼ
 δὲ ὁπότε διεπόρθμευον αὐτὸν ἀποθανόντα, πολλὰ
 ῥαψῳδοῦτος ἀκούσας ἐνίων ἔτι μέμνημαι· καίτοι
 χειμὼν ἡμᾶς οὐ μικρὸς τότε κατελάμβανεν. ἐπεὶ
 γὰρ ἤρξατο ᾄδειν οὐ πάνυ αἴσιόν τινα ὠδὴν τοῖς
 πλέουσιν, ὡς ὁ Ποσειδῶν συνήγαγε τὰς νεφέλας
 καὶ ἐτάραξε τὸν πόντον ὥσπερ τορύνην τινὰ
 ἐμβαλὼν τὴν τρίαιναν καὶ πάσας τὰς θυέλλας
 ὠρόθυνε καὶ ἄλλα πολλά, κυκῶν τὴν θάλατταν
 ὑπὸ τῶν ἐπῶν, χειμὼν ἄφνω καὶ γνόφος ἐμπεσὼν
 ὀλίγου. δεῖν περιέτρεψεν ἡμῖν τὴν ναῦν· ὅτε περ
 καὶ ναυτιάσας ἐκεῖνος ἀπήμεσε τῶν ῥαψῳδιῶν
 τὰς πολλὰς αὐτῇ Σκύλλῃ καὶ Χαρύβδει καὶ
 
 <pb n="412"/>
 Κύκλωπι. οὐ χαλεπὸν οὖν ἦν ἐκ τοσούτου ἐμέτου
 ὀλίγα γοῦν διαφυλάττειν.</p>
 </sp>
 </div>
 
 <div type="textpart" subtype="section" n="8">
 <p>εἰπὲ γάρ μοι·
 <lg>
 <l>τίς τʼ ἄρ᾿ <note type="footnote" n="1"></note> ὅδʼ ἐστὶ πάχιστος ἀνὴρ ἠΰς τε μέγας</l>
 <l>τε,</l>
 <l>ἔξοχος ἀνθρώπων κεφαλὴν καὶ εὐρέας ὤμους;</l>
 </lg>
 </p>
 
 <sp>
 <speaker>ΕΡΜΗΣ</speaker>
 <p>Μίλων οὗτος ὁ ἐκ Κρότωνος ἀθλητής. ἐπικροτοῦσι
 δʼ αὐτῷ οἱ Ἕλληνες, ὅτι τὸν ταῦρον
 ἀράμενος φέρει διὰ τοῦ σταδίου μέσου.</p>
 </sp>
 
 <sp>
 <speaker>ΧΑΡΩΝ</speaker>
 <p>Καὶ πόσῳ δικαιότερον ἂν ἐμέ, ὦ Ἑρμῆ, ἐπαινοῖεν,
 ὃς αὐτόν σοι τὸν Μίλωνα μετʼ ὀλίγον
 συλλαβὼν ἐνθήσομαι ἐς τὸ σκαφίδιον, ὁπόται
 ἥκῃ πρὸς ἡμᾶς ὑπὸ τοῦ ἀμαχωτάτου τῶν ἀνταγω
 νιστῶν καταπαλαισθεὶς τοῦ Θανάτου, μηδὲ συνεὶς
 ὅπως αὐτὸν ὑποσκελίζει; κᾆτα οἰμώξεται ἡμῖν
 δηλαδὴ μεμνημένος τῶν στεφάνων τούτων καὶ
 τοῦ κρότου· νῦν δὲ μέγα φρονεῖ θαυμαζόμενος
 ἐπὶ τῇ τοῦ ταύρου φορᾷ. τί δʼ οὖν; οἰηθῶμεν
 ἄρα ἐλπίζειν αὐτὸν καὶ τεθνήξεσθαί ποτε;</p>
 </sp>
 
 <sp>
 <speaker>ΕΡΜΗΣ</speaker>
 <p>Πόθεν ἐκεῖνος θανάτου νῦν μνημονεύσειεν ἂν
 ἐν ἀκμῇ τοσαύτῃ;</p>
 </sp>
 
 <sp>
 <speaker>ΧΑΡΩΝ</speaker>
 <p>Ἔα τοῦτον οὐκ εἰς μακρὰν γέλωτα ἡμῖν παρέξοντα
 <note type="footnote">1 τ᾿  ἄρʼ Fritzsche: γὰρ MSS (om. Γ).</note>
 
 <pb n="414"/>
 ὁπόταν πλέῃ, μηδʼ ἐμπίδα οὐχ ὅπως ταῦρον
 ἔτι ἄρασθαι δυνάμενος.</p>
 </sp>
 </div>
 
 <div type="textpart" subtype="section" n="9">
 <p>σὺ δέ μοι ἐκεῖνο εἰπέ,
 <lg>
 <l>τίς τʼ ἄρʼ ὅδʼ ἄλλος ὁ σεμνὸς ἀνήρ;</l>
 </lg>
 οὐχ Ἕλλην, ὡς ἔοικεν, ἀπὸ γοῦν τῆς στολῆς.</p>
 
 <sp>
 <speaker>ΕΡΜΗΣ</speaker>
 <p>Κῦρος, ὦ Χάρων, ὁ Καμβύσου, ὃς τὴν ἀρχὴν
 πάλαι Μήδων ἐχόντων νῦν Περσῶν ἤδη ἐποίησεν
 εἶναι· καὶ Ἀσσυρίων δʼ ἕναγχος οὐτος ἐκράτησε
 καὶ Βαβυλῶνα παρεστήσατο καὶ νῦν ἐλασείοντι
 ἐπὶ Λυδίαν ἔοικεν, ὡς καθελὼν τὸν Κροῖσον ἄρχοι
 ἁπάντων.</p>
 </sp>
 
 <sp>
 <speaker>ΧΑΡΩΝ</speaker>
 <p>ὁ Κροῖσος δὲ ποῦ ποτε κἀκεῖνός ἐστιν;</p>
 </sp>
 
 <sp>
 <speaker>ΕΡΜΗΣ</speaker>
 <p>Ἐκεῖσε ἀπόβλεψον ἐς τὴν μεγάλην ἀκρόπολιν,
 τὴν τὸ τριπλοῦν τεῖχος· Σάρδεις ἐκεῖναι, καὶ τὸν
 Κροῖσον αὐτὸν ὁρᾶς ἤδη ἐπὶ κλίνης χρνσῆς
 καθήμενον, Σόλωνι τῷ Ἀθηναίῳ διαλεγομενον.
 βούλει ἀκούσωμεν αὐτῶν ὅ τι καὶ λέγουσι;</p>
 </sp>
 
 <sp>
 <speaker>ΧΑΡΩΝ</speaker>
 <p>Πάνυ μὲν οὖν.</p>
 </sp>
 </div>
 
 <div type="textpart" subtype="section" n="10">
 <sp>
 <speaker>ΧΑΡΩΝ</speaker>
 <p>10 Ὦ ξένε Ἀθηναῖε, εἶδες γάρ μου τὸν πλοῦτον
 καὶ τοὺς θησαυροὺς καὶ ὅσος ἄσημος <note type="footnote" n="1"></note> χρνσός
 ἐστιν ἡμῖν καὶ τὴν ἄλλην πολυτέλειαν, εἰπέ
 μοι, τίνα ἡγῇ τῶν ἀπάντων ἀνθρώπων εὐδαιμονέστατον
 εἶναι.</p>
 </sp>
 
 <sp>
 <speaker>ΧΑΡΩΝ</speaker>
 <p>Τί ἄρα ὁ Σόλων ἐρεῖ;</p>
 <note type="footnote">1 ἄσημος καὶ γ, Ν: ἄσημος καὶ ἐπίσημος ?</note>
 </sp>
 
 <pb n="416"/>
 <sp>
 <speaker>ΕΡΜΗΣ</speaker>
 <p>Θάρρει· οὐδὲν ἀγεννές, ὦ Χάρων.</p>
 </sp>
 
 <sp>
 <speaker>ΣΟΛΩΝ</speaker>
 <p>Ὦ Κροῖσε, ὀλίγοι μὲν οἱ εὐδαίμονες· ἐγὼ δὲ
 ὧν οἶδα Κλέοβιν καὶ Βίτωνα ἡγοῦμαι εὐδαιμονεστάτους
 γενέσθαι, τοὺς τῆς ἱερείας παῖδας
 τῆς Ἀργόθεν, τοὺς ἄμα πρῴην ἀποθανόντας, ἐπεὶ
 τὴν μητέρα ὑποδύντες εἵλκυσαν ἐπὶ τῆς ἀπήνης
 ἄχρι πρὸς τὸ ἱερόν.</p>
 </sp>
 
 <sp>
 <speaker>ΚΡΟΙΣΟΣ</speaker>
 <p>Ἔστω· ἐχέτωσαν ἐκεῖνοι τὰ πρῶτα τῆς εὐδαιμονίας.
 ὁ δεύτερος δὲ τίς ἂν εἴη;</p>
 </sp>
 
 <sp>
 <speaker>ΣΟΛΩΝ</speaker>
 <p>Γέλλος ὁ Ἀθηναῖος, ὃς εὖ τʼ ἐβίω καὶ ἀπέθανεν
 ὑπὲρ τῆς πατρίδος.</p>
 </sp>
 
 <sp>
 <speaker>ΚΡΟΙΣΟΣ</speaker>
 <p>Ἐγὼ δέ, κάθαρμα, οὔ σοι δοκῶ εὐδαίμων
 εἶναι;</p>
 </sp>
 
 <sp>
 <speaker>ΣΟΛΩΝ</speaker>
 <p>Οὐδέπω οἶδα, ὦ Κροῖσε, ἣν μὴ πρὸς τὸ τέλος
 ἀφίκῃ τοῦ βίου· ὁ γὰρ θάνατος ἀκριβὴς ἔλεγχος
 τῶν τοιούτων καὶ τὸ ἄχρι πρὸς τὸ τέρμα εὐδαιμόνως
 διαβιῶναι.</p>
 </sp>
 
 <sp>
 <speaker>ΧΑΡΩΝ</speaker>
 <p>Κάλλιστα, ὦ Σόλων, ὅτι ἡμῶν οὐκ ἐπιλέλησαι,
 ἀλλὰ παρὰ τὸ πορθμεῖον αὐτὸ ἀξιοῖς γίγνεσθαι
 τὴν περὶ τῶν τοιούτων κρίσιν.</p>
 </sp>
 </div>
 
 <div type="textpart" subtype="section" n="11">
 <p>ἀλλὰ τίνας
 ἐκείνους ὁ Κροῖσος ἐκπέμπει ἢ τί ἐπὶ τῶν ὤμων
 φέρουσι;</p>
 
 <pb n="418"/>
 <sp>
 <speaker>ΕΡΜΗΣ</speaker>
 <p>Πλίνθους τῷ Πυθίῳ χρυσᾶς ἀνατίθησι μισθὸν
 τῶν χρησμῶν ὑφ᾿ ὧν καὶ ἀπολεῖται μικρὸν
 ὕστερον· φιλόμαντις δὲ ἁνὴρ <note type="footnote" n="1"></note> ἐκτόπως.</p>
 </sp>
 
 <sp>
 <speaker>ΧΑΡΩΝ</speaker>
 <p>Ἐκεῖνο γάρ ἐστιν ὁ χρυσός, τὸ λαμπρὸν ὃ
 ἀποστίλβει, τὸ ὕπωχρον μετ᾿  ἐρθυήματος; νῦν
 γὰρ πρῶτον εἶδον, ἀκούων ἀεί.</p>
 </sp>
 
 <sp>
 <speaker>ΕΡΜΗΣ</speaker>
 <p>Ἐκεῖνο, ὦ Χάρων, τὸ ἀοίδιμον ὄνομα καὶ
 περιμάχητον.</p>
 </sp>
 
 <sp>
 <speaker>ΧΑΡΩΝ</speaker>
 <p>Καὶ μὴν οὐχ ὁρῶ ὅ τι τὸ ἀγαθὸν αὐτῷ πρόσεστιν,
 εἰ μὴ ἄρα ἕν τι μόνον, ὅτι βαρύνονται οἱ
 φέροντες αὐτό.</p>
 </sp>
 
 <sp>
 <speaker>ΕΡΜΗΣ</speaker>
 <p>Οὐ γὰρ οἶσθα ὄσοι πόλεμοι διὰ τοῦτο καὶ ἐπιβουλαὶ
 καὶ λῃστήρια καὶ ἐπιορκίαι καὶ φόνοι καὶ
 δεσμὰ <note type="footnote" n="2"></note> καὶ ἐμπορίαι καὶ δουλεῖαι;</p>
 </sp>
 
 <sp>
 <speaker>ΧΑΡΩΝ</speaker>
 <p>Διὰ τοῦτο, ὦ Ἑρμῆ, τὸ μὴ πολὺ τοῦ χαλκοῦ
 διαφέρον; οἶδα γὰρ τὸν χαλκόν, ὀβολόν, ὡς οἶσθα,
 παρὰ τῶν καταπλεόντων ἑκάστου ἐκλέγων.</p>
 </sp>
 
 <sp>
 <speaker>ΕΡΜΗΣ</speaker>
 <p>Ναί· ἀλλὰ ὁ χαλκὸς μὰν πολύς, ὥστε οὐ πάνυ
 σπουδάζεται ὑπ᾿ αὐτῶν· τοῦτον δὲ ὀλίγον ἐκ
 πολλοῦ τοῦ βάθους οἱ μεταλλεύοντες ἀνορύττουσι·
 πλὴν ἀλλὰ ἐκ τῆς γῆς καὶ οὗτος ὥσπερ
 ὁ μόλυβδος καὶ τὰ ἄλλα.</p>
 <note type="footnote">1 ἁνὴρ Dindorf: ἄνηρ Γ ; ὁ ἀνὴρ other MSS.</note>
 <note type="footnote">2 δεσμὰ Spath: δεσμὰ καὶ πλοῦς MSS. Somebody has
 put in an allusion to the quest of the Golden Fleece.</note>
 </sp>
 
 <pb n="420"/>
 <sp>
 <speaker>ΧΑΡΩΝ</speaker>
 <p>Δεινήν τινα λέγεις τῶν ἀνθρώπων τὴν ἀβελτερίαν,
 οἳ τοσοῦτον ἔρωτα ἐρῶσιν ὠχροῦ καὶ
 βαρέος κτήματος.</p>
 </sp>
 
 <sp>
 <speaker>ΕΡΜΗΣ</speaker>
 <p>Ἀλλὰ οὐ Σόλων γε ἐκεῖνος, ὦ Χάρων, ἐρᾶν
 αὐτοῦ φαίνεται, ὅς, ὡς ὁρᾷς, καταγελᾷ τοῦ
 Κροίσου καὶ τῆς μεγαλαυχίας τοῦ βαρβάρον, καί
 μοι δοκεῖν ἐρέσθαι τι βούλεται αὐτόν· ἐπακούσωμεν
 οὖν.</p>
 </sp>
 </div>
 
 <div type="textpart" subtype="section" n="12">
 <p>12 Εἰπέ μοι, ὦ Κροῖσε, οἴει γάρ τι δεῖσθαι τῶν
 πλίνθων τούτων τὸν Πύθιον;</p>
 
 <sp>
 <speaker>ΚΡΟΙΣΟΣ</speaker>
 <p>Νὴ Δί᾿· οὐ γάρ ἐστιν αὐτῷ ἐν Δελφοῖς
 ἀνάθημα οὐδὲν τοιοῦτον.</p>
 </sp>
 
 <sp>
 <speaker>ΣΟΛΩΝ</speaker>
 <p>Οὐκοῦν μακάριον οἴει τὸν θεὸν ἀποφανεῖν, εἰ
 κτήσαιτο σὺν τοῖς ἄλλοις καὶ πλίνθους χρνσᾶς;</p>
 </sp>
 
 <sp>
 <speaker>ΚΡΟΙΣΟΣ</speaker>
 <p>Πῶς γὰρ οὔ;</p>
 </sp>
 
 <sp>
 <speaker>ΣΟΛΩΝ</speaker>
 <p>Πολλήν μοι λέγεις, ὦ Κροῖσε, πενίαν ἐν τῷ
 οὐρανῷ, εἰ ἐκ Λυδίας μεταστέλλεσθαι τὸ χρυσίον
 δεήσει αὐτούς, ἢν ἐπιθυμήσωσι.</p>
 </sp>
 
 <sp>
 <speaker>ΚΡΟΙΣΟΣ</speaker>
 <p>Ποῦ γὰρ τοσοῦτος ἂν γίνοιτο χρυσὸς ὅσος παρʼ
 ἡμῖν;</p>
 </sp>
 
 <sp>
 <speaker>ΣΟΛΩΝ</speaker>
 <p>Εἰπέ μοι, σίδηρος δὲ φύεται ἐν Λυδίᾳ;</p>
 </sp>
 
 <sp>
 <speaker>ΚΡΟΙΣΟΣ</speaker>
 <p>Οὐ πάνυ τι.</p>
 <note type="footnote">1 ἀποφανεῖν Dindorf: ἀποφαίνειν MSS.</note>
 </sp>
 
 <pb n="422"/>
 <sp>
 <speaker>ΣΟΛΩΝ</speaker>
 <p>Τοῦ βελτίονος ἄρα ἐνδεεῖς ἐστε.</p>
 </sp>
 
 <sp>
 <speaker>ΚΡΟΙΣΟΣ</speaker>
 <p>Πῶς ἀμείνων ὁ σίδηρος χρυσίου;</p>
 </sp>
 
 <sp>
 <speaker>ΣΟΛΩΝ</speaker>
 <p>Ἦν ἀποκρίνῃ μηδὲν ἀγανακτῶν, μάθοις ἄν.</p>
 </sp>
 
 <sp>
 <speaker>ΚΡΟΙΣΟΣ</speaker>
 <p>Ἐρώτα, ὦ Σόλων.</p>
 </sp>
 
 <sp>     
 <speaker>ΣΟΛΩΝ</speaker>
 <p>Πότεροι ἀμείνους, οἱ σώζοντές τινας ἦ οἱ σωζόμενοι
 πρὸς αὐτῶν;</p>
 </sp>
 
 <sp>
 <speaker>ΚΡΟΙΣΟΣ</speaker>
 <p>Οἱ σώζοντες δηλαδή.</p>
 </sp>
 
 <sp>
 <speaker>ΣΟΛΩΝ</speaker>
 <p>Ἆρ᾿ οὖν, ἢν Κῦρος, ὡς λογοποιοῦσι τινες, ἐπίῃ
 Λυδοῖς, χρυσᾶς μαχαίρας σὺ ποιήσῃ τῷ στρατῷ,
 ἢ ὁ σίδηρος ἀναγκαῑος τότε;</p>
 </sp>
 
 <sp> 
 <speaker>ΚΡΟΙΣΟΣ</speaker>
 <p>Ὁ σίδηρος δῆλον ὅτι.</p>
 </sp>
 
 <sp>
 <speaker>ΣΟΛΩΝ</speaker>
 <p>Καὶ εἴ γε τοῦτον μὴ παρασκευάσαιο, οἴχοιτο ἄν
 σοι ὁ χρυσὸς ἐς Πέρσας αἰχμάλωτος.</p>
 </sp>
 
 <sp>
 <speaker>ΚΡΟΙΣΟΣ</speaker>
 <p>Εὐφήμει, ἄνθρωπε.</p>
 </sp>
 
 <sp>
 <speaker>ΣΟΛΩΝ</speaker>
 <p>Μὴ γένοιτο μὲν οὕτω ταῦτα· φαίνῃ δ’ οὖν
 ἀμείνω τοῦ χρυσοῦ τὸν σίδηρον ὁμολογῶν.</p>
 </sp>
 
 <sp>
 <speaker>ΚΡΟΙΣΟΣ</speaker>
 <p>Οὐκοῦν καὶ τῷ θεῷ σιδηρᾶς πλίνθους κελεύεις
 ἀνατιθέναι με, τὸν δὲ χρυσὸν ὸπίσω αὐθις
 ἀνακαλεῖν;</p>
 </sp>
 
 <pb n="424"/>
 <sp>
 <speaker>ΣΟΛΩΝ</speaker>
 <p>Οὐδὲ σιδήρου ἐκεῖνός γε δεήσεται, ἀλλʼ ἤν τε
 χαλκὸν ἤν τε χρνσὸν ἀναθῇς, ἄλλοις μέν ποτε
 κτῆμα καὶ ἕρμαιον ἔσῃ ἀνατεθεικώς, Φωκεῦσιν ἢ
 Βοιωτοῖς ἢ Δελφοῖς αὐτοῖς ἤ τινι τυράννῳ ἢ
 λῃστῇ, τῷ δὲ θεῷ ὀλίγον μέλει τῶν σῶν χρνσοποιιῶν.</p>
 </sp>
 
 <sp>
 <speaker>ΚΡΟΙΣΟΣ</speaker>
 <p>Ἀεὶ σύ μου τῷ πλούτῳ προσπολεμεῖς καὶ
 φθονεῖς.</p>
 </sp>
 </div>
 
 <div type="textpart" subtype="section" n="13">
 <sp>
 <speaker>ΕΡΜΗΣ</speaker>
 <p>13 Οὐ φέρει ὁ Λυδός, ὦ Χάρων, τὴν παρρησίαν
 καὶ τὴν ἀλήθειαν τῶν λόγων, ἀλλὰ ξένον αὐτῷ
 δοκεῖ τὸ πρᾶγμα, πένης ἄνθρωπος οὐχ ὑποπτήσσων,
 τὸ δὲ παριστάμενον ἐλευθέρως λέγων.
 μεμνήσεται δʼ οὖν μικρὸν ὕστερον τοῦ Σόλωνος,
 ὅταν αὐτὸν δέῃ ἁλόντα ἐπὶ τὴν πυρὰν ὑπὸ τοῦ
 Κύρου ἀναχθῆναι· ἥκουσα γὰρ τῆς Κλωθοῦς
 πρῴην ἀναγινωσκούσης τὰ ἑκάστῳ ἐπικεκλωσμένα,
 ἐν οἷς καὶ ταῦτα ἐγέγραπτο, Κροῖσον μὲν
 ἁλῶναι ὑπὸ Κύρου, Κῦρον δὲ αὐτὸν ὑπʼ ἐκεινησὶ
 τῆς Μασσαγέτιδος ἀποθανεῖν. ὁρᾷς τὴν Σκυθίδα,
 τὴν ἐπὶ τοῦ ἵππου τούτου τοῦ λευκοῦ ἐξελαύνουσαν;</p>
 </sp>
 
 <sp>
 <speaker>ΧΑΡΩΝ</speaker>
 <p>Νὴ Δία.</p>
 </sp>
 
 <sp>
 <speaker>ΣΡΜΗΣ</speaker>
 <p>Τόμυρις ἐπείνη ἐστί, καὶ τὴν κεφαλήν γε ἀποτεμοῦσα
 τοῦ Κύρου αὕτη ἐς ἀσκὸν ἐμβαλεῖ
 πλήρη αἵματος. ὁρᾷς δὲ καὶ τὸν υἱὸν αὐτοῦ τὸν
 νεανίσκον; Καμβύσης ἐκεῖνός ἐστιν· οὗτος βασιλεύσει
 μετὰ τὸν πατέρα καὶ μυρία σφαλεὶς ἔν
 
 <pb n="426"/>
 τε Λιβύῃ καὶ Αἰθιοπίᾳ τὸ τελευταῖον μανεὶς ἀποθανεῖται
 ἀποκτείνας τὸν Ἆπιν.</p>
 </sp>
 
 <sp>
 <speaker>ΧΑΡΩΝ</speaker>
 <p>Ὣ πολλοῦ γέλωτος. ἀλλὰ νῦν τίς ἂν αὐτοὺς
 προσβλέψειεν οὕτως ὑπερφρονοῦντας τῶν ἄλλων;
 ἢ τίς ἂν πιστεύσειεν ὡς μετ᾿  ὀλίγον οὖτος μὲν
 αἰχμάλωτος ἔσται, οὖτος δὲ τὴν κεφαλὴν ἔξει ἐν
 ἀσκῷ αἵματος;</p>
 </sp>
 </div>
 
 <div type="textpart" subtype="section" n="14">
 <p>14 ἐκεῖνος δὲ τίς ἐστιν, ὦ Ἑρμῆ, ὁ
 τὴν πορφυρᾶν ἐφεστρίδα ἐμπεπορπημένος, ὁ τὸ
 διάδημα, ᾧ τὸν δακτύλιον ὁ μάγειρος ἀναδίδωσι
 τὸν ἰχθὺν ἀνατεμών,
 <lg>
 <l>νήσῳ ἐν ἀμφιρύτῃ; βασιλεὺς δέ τις εὔχεται εἶναι.</l>
 </lg></p>
 
 <sp>
 <speaker>ΕΡΜΗΣ</speaker>
 <p>Εὖ γε παρῳθεῖς, ὧ Χάρων. ἀλλὰ Πολυκράτην
 ὁρᾷς τὸν Σαμίων τύραννον πανευδαίμονα ἡγούμενον
 εἶναι· ἀτὰρ καὶ οὗτος αὐτὸς ὑπὸ τοῦ παρεστῶτος
 οἰκέτου Μαιανδρίου προδοθεὶς Ὀροίτῃ τῷ
 σατράπῃ ἀνασκολοπισθήσεται ἅθλιος<note type="footnote" n="1"></note> ἐκπεσὼν
 τῆς εὐδαιμονίας ἐν ἀκαρεῖ τοῦ χρόνου· καὶ ταῦτα
 γὰρ τῆς Κλωθοῦς ἐπήκουσα.</p>
 </sp>
 
 <sp>
 <speaker>ΧΑΡΩΝ</speaker>
 <p>Ἄγαμαι Κλωθοῦς γεννικῆς· καῖε <note type="footnote" n="2"></note> αὐτούς, ὦ
 βελτίστη, καὶ τὰς κεφαλὰς ἀπότεμνε καὶ ἀνασκολόπιζε,
 ὡς εἰδῶσιν ἄνθρωποι ὄντες· ἐν τοσούτῳ
 δὲ ἐπαιρέσθων ὡς ἂν ἀφʼ ὑψηλοτέρου
 ἀλγεινότερον καταπεσούμενοι. ἐγὼ δὲ γελάσομαι
 τότε γνωρίσας αὐτῶν ἕκαστον γυμνὸν ἐν τῷ
 σκαφιδίῳ μήτε τὴν πορφυρίδα μήτε τιάραν ἢ
 κλίνην χρυσῆν κομίζοντας.</p>
 <note type="footnote">1 ἄθλιος Herswerden : ἄθλιος MSS.</note>
 <note type="footnote">2 καῖε Struve : καὶ MSS. Fritzsche reads ἄγαμαι Κλωθοῦς·
 γεννικῶς καῖε.</note>
 </sp>
 </div>
 
 <div type="textpart" subtype="section" n="15">
 <pb n="428"/>
 <sp>
 <speaker>ΕΡΜΗΣ</speaker>
 <p>15 Καὶ τὰ μὲν τούτων ὦδε ἕξει. τὴν δὲ πληθὺν
 ὁρᾷς, ὦ Χάρων, τοὺς πλέοντας αὐτῶν, τοὺς πολεμοῦντας,
 τοὺς δικαζομένους, τοὺς γεωργοῦντας,
 τοὺς δανείζοντας, τοὺς προσαιτοῦντας;</p>
 </sp>
 
 <sp>
 <speaker>ΧΑΡΩΝ</speaker>
 <p>Ὁρῶ ποικίλην τινὰ τὴν διατριβὴν καὶ μεστὸν
 ταραχῆς τὸν βίον καὶ τὰς πόλεις γε αὐτῶν
 ἐοικυίας τοῖς σμήνεσιν, ἐν οἷς ἅπας μὲν ἴδιόν τι
 κέντρον ἔχει καὶ τὸν πλησίον κεντεῖ, ὀλίγοι δέ
 τινες ὥσπερ σφῆκες ἄγουσι καὶ φέρουσι τὸ
 ὑποδεέστερον. ὁ δὲ περιπετόμενος αὐτοὺς ἐκ
 τἀφανοῦς οὗτος ὄχλος τίνες εἰσίν;</p>
 </sp>
 
 <sp>
 <speaker>ΕΡΜΗΣ</speaker>
 <p>Ἐλπίδες, ὦ Χάρων, καὶ δείματα καὶ ἄγνοιαι
 καὶ ἡδοναὶ καὶ φιλαργνρίαι καὶ ὀργαὶ καὶ μίση καὶ
 τὰ τοιαῦτα. τούτων δὲ ἡ ἄγνοια μὲν κάτω συναναμέμικται
 αὐτοῖς καὶ συμπολιτεύεται, καὶ νὴ Δία
 καὶ τὸ μῖσος καὶ ὀργὴ καὶ ζηλοτυπία καὶ ἀμαθία
 καὶ ἀπορία καὶ φιλαργυρία, ὁ φόβος δὲ καὶ αἱ
 ἐλπίδες ὑπεράνω πετόμενοι ὁ μὲν ἐμπίπτων ἐκπλήττει
 ἐνίοτε καὶ ὑποπτήσσειν ποιεῖ, αἱ δʼ
 ἐλπίδες ὑπὲρ κεφαλῆς αἰωρούμεναι, ὁπόταν
 μάλιστα οἴηταί τις ἐπιλήψεσθαι αὐτῶν, ἀναπτάμεναι
 οἴχονται κεχηνότας αὐτοὺς ἀπολιποῦσαι,
 ὅπερ καὶ τὸν Τάνταλον κάτω πάσχοντα ὁρᾶς ὑπὸ
 τοῦ ὕδατος.</p>
 </sp>
 </div>
 
 <div type="textpart" subtype="section" n="16">
 <p>16 ἢν δὲ ἀτενίσῃς, κατόψει καὶ τὰς
 Μοίρας ἄνω ἐπικλωθούσας ἑκάστῳ τὸν ἄτρακτον,
 ἀφʼ οὗ ἠρτῆσθαι συμβέβηκεν ἅπαντας ἐκ λεπτῶν
 νημάτων. ὁρᾷς καθάπερ ἀράχνιά τινα καταβαίνοντα
 ἐφʼ ἕκαστον ἀπὸ τῶν ἀτράκτων;</p>
 
 <pb n="430"/>
 <sp>
 <speaker>ΧΑΡΩΝ</speaker>
 <p>Ὁρῶ πάνυ λεπτὸν ἑκάστῳ νῆμα, ἐπεπεπλεγμένον
 γε τὰ πολλά, τοῦτο μὲν ἐκείνῳ, ἐκεῖνο δὲ
 ἄλλῳ.</p>
 </sp>
 
 <sp>
 <speaker>ΕΡΜΗΣ</speaker>
 <p>Εἰκότως, ὦ πορθμεῦ· εἵμαρται γὰρ ἐκείνῳ μὲν
 ὑπὸ τούτου φονευθῆναι, τούτῳ δὲ ὑπʼ ἄλλου, καὶ
 κληρονομῆσαί γε τοῦτον μὲν ἐκείνου, ὅτου ἂν ᾖ
 μικρότερον τὸ νῆμα, ἐκεῖνον δὲ αὖ τούτου· τοιόνδε
 γάρ τι ᾐ ἐπιπλοκὴ δηλοῖ. ὁρᾷς δʼ οὖν ἀπὸ λεπτοῦ
 κρεμαμένους ἄπαντας· καὶ οὖτος μὲν ἀνασπασθεὶς
 ἄνω μετέωρός ἐστι καὶ μετὰ μικρὸν καταπεσών,
 ἀπορραγέντος τοῦ λίνον ἐπειδὰν μηκέτι ἀντέχῃ
 πρὸς τὸ βάρος, μέγαν τὸν ψόφον ἐργάσεται, οὗτος
 δὲ ὀλίγον ἀπὸ γῆς αἰωρούμενος, ἢν καὶ πέσῃ,
 ἀψοφητὶ κείσεταιμόλις καὶ τοῖς γείτοσιν ἐξακοιυσθέντος
 τοῦ πτώματος.</p>
 </sp>
 
 <sp>
 <speaker>ΧΑΡΩΝ</speaker>
 <p>Παγγέλοια ταῦτα, ὦ Ἑρμῆ.</p>
 </sp>
 </div>
 
 <div type="textpart" subtype="section" n="17">
 <sp>
 <speaker>ΕΡΜΗΣ</speaker>
 <p>17 Καὶ μὴν οὐδʼ εἰπεῖν ἔχοις ἂν κατὰ τὴν ἀξίαν
 ὅπως ἐστὶ καταγέλαστα, ὦ Χάρων, καὶ μάλιστα
 αἱ ἄγαν σπουδαὶ αὐτῶν καὶ τὸ μεταξὺ τῶν ἐλπίδων
 οἴχεσθαι ἀναρπάστους γινομένους ὑπὸ τοῦ
 βελτίστου Θανάτου. ἄγγελοι δὲ καὶ ὑπηρέται
 αὐτοῦ μάλα πολλοί, ὡς ὁρᾷς, ἠπίαλοι καὶ πυρετοὶ
 καὶ φθόαι καὶ περιπλευμονίαι καὶ ξίφη καὶ λῃστήρια
 καὶ κώνκια καὶ δικασταὶ καὶ τύραννοι·
 καὶ τούτων οὐδὲν ὅλως αὐτοὺς εἰσέρχεται, ἔστ’ ἂν
 εὖ πράττωσιν, ὅταν δὲ σφαλῶσι, πολὺ τὸ ὀττοτοῖ
 <note type="footnote">1 πεσεῖται Mehler, K. Schwartz.</note>
 
 <pb n="432"/>
 καὶ αἰαῖ καὶ οἴμοι. εἰ δὲ εὐθὺς ἐξ ἀρχῆς ἐνενόουν
 ὅτι θνητοί τέ εἰσιν αὐτοὶ καὶ ὀλίγον τοῦτον χρόνον
 ἐπιδημήσαντες τῷ βίῳ ἀπίασιν ὥσπερ ἐξ ὀνείρατος
 πάντα ὑπὲρ γῆς ἀφέντες, ἔζων τε ἂν σωφρονέστερον
 καὶ ἧττον ἠνιῶντο ἀποθανόντες· νῦν δὲ εἰς
 ἀεὶ ἐλπίσαντες χρήσεσθαι τοῖς παροῦσιν, ἐπειδὰν
 ἐπιστὰς ὁ ὑπηρέτης καλῇ καὶ ἀπάγῃ πεδήσας τῷ
 πυρετῷ ἢ τῇ φθόῃ, ἀγανακτοῦσι πρὸς τὴν ἀγωγὴν
 οὔποτε προσδοκήσαντες ἀποσπασθήσεσθαι αὐτῶν.
 ἢ τί γὰρ οὐκ ἂν ποιήσειεν ἐκεῖνος ὁ τὴν
 οἰκίαν σπουδῇ οἰκοδομούμενος καὶ τοὺς ἐργάτας
 ἐπισπέρχων, εἰ μάθοι ὅτι ἡ μὲν ἕξει τέλος αὐτῷ,
 ὁ δὲ ἄρτι ἐπιθεὶς τὸν ὄροφον ἄπεισι τῷ κληρονόμῳ
 καταλιπὼν ἀπολαύειν αὐτῆς, αὐτὸς μηδὲ δειπνήσας
 ἅθλιος <note type="footnote" n="1"></note> ἐν αὐτῇ; ἐκεῖνος μὲν γὰρ ὁ χαίρων
 ὅτι ἄρρενα παῖδα τέτοκεν αὐτῷ ἡ γυνή, καὶ τοὺς
 φίλους διὰ τοῦτο ἑστιῶν καὶ τοὔνομα τοῦ πατρὸς
 τιθέμενος, εἰ ἠπίστατο ὡς ἑπτέτης γενόμενος ὁ
 παῖς τεθνήξεται, ἆρα ἄν σοι δοκεῖ χαίρειν ἐπʼ
 αὐτῷ γεννωμένῳ; ἀλλὰ τὸ αἴτιον, ὅτι τὸν μὲν
 εὐτυχοῦντα ἐπὶ τῷ παιδὶ ἐκεῖνον ὁρᾷ τὸν τοῦ ἀθλητοῦ
 πατέρα τοῦ Ὀλύμπια νενικηκότος, τὸν γείτονα
 δὲ τὸν ἐκκομίζοντα τὸ παιδίον οὐχ ὁρᾷ οὐδὲ οἶδεν
 ἀφʼ οἵας αὐτῷ κρόκης ἐκρέματο. τοὺς μὲν γὰρ
 περὶ τῶν ὅρων διαφερομένονς ὁρᾷς, ὅσοι εἰσί, καὶ
 τοὺς συναγείροντας τὰ χρήματα, εἶτα, πρὶν ἀπολοῦσαι
 <note type="footnote">1 ἄθλιος Herwerden: ἄθλιος MSS.</note>
 
 <pb n="434"/>
 αὐτῶν, καλουμένους ὑφʼ ὦν εἷπον τῶν
 ἀγγέλων τε καὶ ὑπηρετῶν.</p>
 </sp>
 </div>
 
 <div type="textpart" subtype="section" n="18">
 <sp>
 <speaker>ΧΑΡΩΝ</speaker>
 <p>18 Ὁρῶ ταῦτα πάντα καὶ πρὸς ἐμαυτόν γε ἐννοῶ
 ὅ τι τὸ ἡδὺ αὐτοῖς παρὰ τὸν βίον ἢ τί ἐκεῖνό ἐστιν,
 οὗ στερούμενοι ἀγανακτοῦσιν. ἢν γοῦν τοὺς βασιλέας
 αὐτῶν ἴδῃ τις, οἵπερ εὐδαιμονέστατοι εἶναι
 δοκοῦσιν, ἔξω τοῦ ἀβεβαίου ὡς φὴς καὶ<note type="footnote" n="1"></note> ἀμφιβόλου
 τῆς τύχης, πλείω τῶν ἡδέων τὰ ἀνιαρὰ
 εὑρήσει προσόντα αὐτοῖς, φόβους καὶ ταραχὰς
 καὶ μίση καὶ ἐπιβουλὰς καὶ ὀργὰς καὶ κολακείας·
 τούτοις γὰρ ἅπαντες σύνεισιν. ἐῷ πένθη καὶ
 νόσους καὶ πάθη ἐξ ἰσοτιμίας δηλαδὴ ἄρχοντα
 αὐτῶν· ὅπου δὲ τὰ τούτων πονηρά, λογίζεσθαι
 καιρὸς οἷα τὰ τῶν ἰδιωτῶν ἂν εἴη.</p>
 </sp>
 </div>
 
 <div type="textpart" subtype="section" n="19">
 <p>19 Ἐθέλω δʼ οὖν σοι, ὦ Ἑρμῆ, εἰπεῖν, ᾧτινι ἐοικέναι
 μοι ἔδοξαν οἱ ἄνθρωποι καί ὁ βίος ἅπας αὐτῶν.
 ἤδη ποτὲ πομφόλυγας ἐν ὕδατι ἐθεάσω ὑπὸ κρουνῷ
 τινι καταράττοντι ἀνισταμένας; τὰς φυσαλλίδας
 λέγω, ἀφʼ ὧν συναγείρεται ὁ ἀφρός· ἐκείνων τοίνυν
 τινὲς μὲν μικραί εἰσι καὶ αὐτίκα ἐκραγεῖσαι ἀπέσβησαν,
 αἱ δʼ ἐπὶ πλέον διαρκοῦσι· καὶ προσχωρουσῶν
 αὐταῖς τῶν ἄλλων αὖται ὑπερφυσώμεναι
 ἐς μέγιστον ὄγκον αἴρονται, ἔπειτα μέντοι κἀκεῖναι
 πάντως ἐξερράγησάν ποτε· οὐ γὰρ οἶόν τε ἄλλως
 γενέσθαι. τοῦτό ἐστιν ὁ ἀνθρώπου βίος· ἄπαντες
 ὑπὸ πνεύματος ἐμπεφυσημένοι οἱ μὲν μείζους, οἱ
 δὲ ἐλάττους· καὶ οἱ μὲν ὁλνγοχρόνιον ἔχουσι καὶ
 ὠκύμορον τὸ φύσημα, οἱ δὲ ἅμα τῷ συστῆναι
 ἐπαύσαντο πᾶσι δʼ οὖν ἀπορραγᾖναι ἀναγκαῖον.</p>
 <note type="footnote">ὧς φὴς καὶ Fritzsche καὶ ὡς φὴς MSS</note>
 
 <pb n="436"/>
 <sp>
 <speaker>ΕΡΜΗΣ</speaker>
 <p>Οὐδὲν χεῖρον σὺ τοῦ Ὁμήρου εἴκασας, ὦ Χάρων,
 ὃς φύλλοις τὸ γένος αὐτῶν ὁμοιοῖ.</p>
 </sp>
 </div>
 
 <div type="textpart" subtype="section" n="20">
 <sp>
 <speaker>ΧΑΡΩΝ</speaker>
 <p>20 Καὶ τοιοῦτοι ὄντες, ὦ Ἑρμῆ. ὁρᾷς οἶα ποιοῦσι
 καὶ ὡς φιλοτιμοῦνται πρὸς ἀλλήλους ἀρχῶν πέρι
 καὶ τιμῶν καὶ κτήσεων ἁμιλλώμενοι, ἄπερ ἄπαντα
 καταλιπόντας αὐτοὺς δεήσει ἕνα ὀβολὸν ἔχοντας
 ἥκειν παρ᾿ . ἡμᾶς. βούλει οὖν, ἐπείπερ ἐφʼ ὑψηλοῦ
 ἐσμέν, ἀναβοήσας παμμέγεθες παραινέσω αὐτοῖς
 ἀπέχεσθαι μὲν τῶν ματαίων πόνων, ζῆν δὲ ἀεὶ
 τὸν θάνατον πρὸ ὀφθαλμῶν ἔχοντας, λέγων, “Ὦ
 μάταιοι, τί ἐσπουδάκατε περὶ ταῦτα; παύσασθε
 κάμνοντες· οὐ γὰρ εἰς ἀεὶ βιώσεσθε· οὐδὲν τῶν
 ἐνταῦθα σεμνῶν ἀΐδιόν ἐστιν, οὐδʼ ἂν ἀπαγάγοι
 τις αὐτῶν τι σὺν αὑτῷ ἀποθανών, ἀλλʼ ἀνάγκη
 τὸν μὲν γυμνὸν οἴχεσθαι, τὴν οἰκίαν δὲ καὶ τὸν
 ἀγρὸν καὶ τὸ χριυσίον ἀεὶ ἄλλων εἶναι καὶ μεταβάλλειν
 τοὺς δεσπότας.” εἰ ταῦτα καὶ τὰ τοιαῦτα
 ἐξ ἐπηκόου ἐμβοήσαιμι αὐτοῖς, οὐκ ἂν οἴει μεγάλα
 ὠφεληθῆναι τὸν βίον<note type="footnote" n="1"></note> καὶ σωφρονεστέρους ἂν
 γενέσθαι παρὰ πολύ;</p>
 </sp>
 </div>
 
 <div type="textpart" subtype="section" n="21">
 <sp>
 <speaker>ΕΡΜΗΣ</speaker>
 <p>21 μακάριε, οὐκ οἰσθα ὅπως αὐτοὺς ἡ ἄγνοια
 καὶ ἡ ἀπάτη διατεθείκασιν, ὡς μηδʼ ἂν τρυπάνῳ
 ἔτι διανοιχθῆναι αὐτοῖς τὰ ὦτα, τοσούτγῳ κηρῷ
 ἔβυσαν αὐτά, οἷόν περ ὁ Ὀδυσσεὺς τοὺς ἑταίρους
 ἔδρασε δέει τῆς Σειρήνων ἀκροάσεως. πόθεν οὖν
 ἂν ἐκεῖνοι δυνηθεῖεν ἀκοῦσαι, ἢν καὶ σύ κεκραγὼς
 διαρραγῇς; ὅπερ γὰρ παρʼ ὑμῖν ἡ Ἀήθη δύναται,
 <note type="footnote">1 πρὸς τὸν βίον Naber.</note>
 
 <pb n="438"/>
 τοῦτο ἐνταῦθα ἡ ἄγνοια ἐργάζεται. πλὴν ἀλλὰ
 εἰσὶν αὐτῶν ὀλίγοι οὐ παραδεδεγμένοι τὸν κηρὸν
 ἐς τὰ ὦτα, πρὸς τὴν ἀλήθειαν ἀποκλίνοντες, ἐξὺ
 δεδορκότες ἐς τὰ πράγματα καὶ κατεγνωκότες οἷά
 ἐστιν.</p>
 </sp>
 
 <sp>
 <speaker>ΧΑΡΩΝ</speaker>
 <p>Οὐκοῦν ἐκείνοις γοῦν ἐμβοήσωμεν.</p>
 </sp>
 
 <sp>
 <speaker>ΕΡΜΗΕ</speaker>
 <p>Περιττὸν καὶ τοῦτο, λέγειν πρὸς αὐτοὺς ἃ
 ἴδσασιν. ὁρᾷς ὅπως ἀποσπάσαντες τῶν πολλῶν
 καταγελῶσι τῶν γιγνομένων καὶ οὐδαμῆ οὐδαμῶς
 ἀρέσκονται αὐτοῖς, ἀλλὰ δῆλοί εἰσι δρασμὸν ἤδη
 βουλεύοντες παῤ ὑμᾶς ἀπὸ τοῦ βίου. καὶ γὰρ καὶ
 μισοῦνται ἐλέγχοντες αὐτῶν τὰς ἀμαθίας.</p>
 </sp>
 
 <sp> 
 <speaker>ΧΑΡΩΝ</speaker>
 <p>Εὖ γε, ὦ γεννάδαι· πλῆν πάνυ ὀλίγοι εἰσίν, ὦ
 Ἑρμῆ.</p>
 </sp>
 
 <sp>
 <speaker>ΕΡΜΗΣ</speaker>
 <p>Ἱκανοὶ καὶ οὗτοι. ἀλλὰ κατίωμεν ἤδη.</p>
 </sp>
 </div>
 
 <div type="textpart" subtype="section" n="22">
 <sp>
 <speaker>ΧΑΡΩΝ</speaker>
 <p>22 Εν ἔτι ἐπόθουν, ὦ Ἑρμῆ, εἰδέναι, καί μοι δείζας
 αὐτὸ ἐντελῆ ἔσῃ τὴν περιήγησιν πεποιημένος, τὰς
 ἀποθήκας τῶν σωμάτων, ἵνα κατορύττουσι,
 θεάσασθαι.</p>
 </sp>
 
 <sp>
 <speaker>ΕΡΜΗΣs</speaker>
 <p>Ἠρίας, ὦ Χάρων, καὶ τύμβους καὶ τάφους
 καλοῦσι τὰ τοιαῦτα. πλὴν τὰ πρὸ τῶν πόλεων
 ἐκεῖνα τὰ χώματα ὁρᾷς καὶ τὰς στήλας καὶ πυραμίδας:
 ἐκεῖνα πάντα νεκροδοχεῖα καὶ σωματοφθλάκιά
 ἐστιν.</p>
 </sp>
 
 <pb n="440"/>
 <sp>
 <speaker>ΧΑΡΩΝ</speaker>
 <p>Τί οὖν ἐκεῖνοι στεφανοῦσι τοὺς λίθους καὶ
 χρίουσε μύρῳ; οἱ δὲ καὶ πυρὰν νήσαντες πρὸ τῶν
 χωμάτων καὶ βόθρον τινὰ ὀρύξαντες καίουσί τε
 ταυτὶ τὰ πολυτελῇ δεῖπνα καὶ εἰς τὰ ὀρύγματα
 οἶνον καὶ μελίκρατον, ὡς γοῦν εἰκάσαι, ἐγχέουσιν;</p>
 </sp>
 
 <sp>
 <speaker>ΕΡΜΗΣ</speaker>
 <p>Οὐκ οἶδα, ὦ πορθμεῦ, τί ταῦτα πρὸς τοὺς ἐν
 Ἅιδου· πεπιστεύκασι δʼ οὖν τὰς ψυχὰς ἀναπεμπομένας
 κάτωθεν δειπνεῖν μὲν ὡς οἶόν τε περιπετομένας
 τὴν κνῖσαν καὶ τὸν καπνόν, πίνειν δὲ
 ἀπὸ τοῦ βόθρου τὸ μελίκρατον.</p>
 </sp>
 
 <sp>
 <speaker>ΧΑΡΩΝ</speaker>
 <p>Ἐκείνους ἔτι πίνειν ἢ ἐσθίειν, ὦν τὰ κρανία
 ξηρότατα; καίτοι γελοῖός εἰμι σοὶ λέγων ταῦτα
 ὁσημέραι κατάγοντι αὐτούς. οἶσθα οὖν εἰ δύναιντʼ
 ἂν ἔτι ἀνελθεῖν ἅπαξ ὑποχθόνιοι γενόμενοι. ἐπει
 τοι καὶ παγγέλοια ἄν, ὦ Ἐρμῇ, ἔπασχον, οὐκ
 ὀλίγα πράγματα ἔχων, εἰ ἔδει μὴ κατάγειν μόνον
 αὐτούς, ἀλλὰ καὶ αὖθις ἀνάγειν πιομένους. ὦ
 μάταιοι, τῆς ἀνοίας, οὐκ εἰδότες ἡλίκοις ὅροις
 διακέκριται τὰ νεκρῶν καὶ τὰ ζώντων πράγματα
 καὶ οἷα τὰ παρʼ ἡμῖν ἐστι καὶ ὅτι
 <lg>
 <l>κάτθανʼ ὁμῶς ὅ τʼ ἄτυμβος ἀνὴρ ὅς τʼ ἔλλαχε</l>
 <l>τύμβον,</l>
 </lg>
 ἐν δὲ ἰῇ τιμῇ Ἰρος κρείων τʼ Ἀγαμέμνων·
 Θερσίτῃ δʼ ἶσος Θέτιδος παῖς ἠῦκόμοιο
 
 <pb n="442"/>
 πάντες δʼ εἰσὶν ὁμῶς νεκύων ἀμενηνὰ κάρηνα,
 γυμνοί τε ξηροί τε κατʼ ἀσφοδελὸν λειμῶνα.</p>
 </sp>
 </div>
 
 <div type="textpart" subtype="section" n="23">
 <sp>
 <speaker>ΕΡΜΗΣ</speaker>
 <p>23 Ἡράκλεις, ὡς πολὺν τὸν Ὅμηρον ἐπαντλεῖς.
 ἀλλʼ ἐπείπερ ἀνέμνησας, ἐθέλω σοι δεῖξαι τὸν
 τοῦ Ἀχιλλέως τάφον. ὁρᾷς τὸν ἐπὶ τῇ θαλάττῃ;
 Σίγειον μὲν ἐκεῖθέν ἐστι τὸ Τρωῖκόν· ἀντικρὺ
 δὲ ὁ Αἴας τέθαπται ἐν τῷ Ῥοιτείῳ.</p>
 </sp>
 
 <sp>
 <speaker>ΧΑΡΩΝ</speaker>
 <p>Οὐ μεγάλοι, ὦ Ἑρμῆ, οἱ τάφοι. τὰς πόλεις δὲ
 τὰς ἐπισήμους δεῖξόν μοι ἤδη, ἃς κάτω ἀκούομεν,
 τὴν Νίνον τὴν Σαρδαναπάλλου καὶ Βαβυλῶνα
 καὶ Μνκήνας καὶ Κλεωνὰς καὶ τὴν Ἴλιον αὐτήν·
 πολλοὺς γοῦν μέμνημαι διαπορθμεύσας ἐκεῖθεν,
 ὡς δέκα ὅλων ἐτῶν μὴ νεωλκῆσαι μηδὲ διαψῦξαι
 το σκαφίδιον.</p>
 </sp>
 
 <sp>
 <speaker>ΕΡΜΗΣ</speaker>
 <p>Ἡ Νίνος μέν, ὦ πορθμεῦ, ἀπόλωλεν ἤδη καὶ
 οὐδὲ ἴχνος ἔτι λοιπὸν αὐτῆς, οὐδʼ ἂν εἴποις ὅπου
 ποτὲ ἦν· ἡ Βαβυλὼν δέ σοι ἐκείνη ἐστὶν ἡ
 εὔπυργος, ἡ τὸν μέγαν περίβολον, οὐ μετὰ πολὺ
 καὶ αὐτὴ ζητηθησομένη ὥσπερ ἡ Νίνος· Μυκήνας
 δὲ καὶ Κλεωνὰς αἰσχύνομαι δεῖξαί σοι, καὶ μάλιστα
 τὸ Ἴλιον. ἀποπνίξεις γὰρ εὖ οἶδʼ ὅτι τὸν
 Ὁμηρὸν κατελθὼν ἐπὶ τῇ μεγαληγορίᾳ τῶν ἐπῶν.
 πλὴν ἀλλὰ πάλαι μὲν ἦσαν εὐδαίμονες, νῦν δὲ
 τεθνᾶσι καὶ αὖται· ἀποθνήσκουσι γάρ, ὦ πορθμεῦ,
 καὶ πόλεις ὥσπερ ἄνθρωποι, καὶ τὸ παραδοξότατον,
 
 <pb n="444"/>
 καὶ ποταμοὶ ὅλον· Ἰνάχου γοῦν οὐδὲ
 τάφος ἔτι ἐν Ἀργει καταλείπεται.</p>
 </sp>
 
 <sp>
 <speaker>ΧΑΡΩΝ</speaker>
 <p>Παπαὶ τῶν ἐπαίνων, Ὅμηρε, καὶ τῶν ὀνομάτων,
 Ἴλιος ἱρὴ καὶ εὐρυάγυια καὶ ἐῦκτίμεναι
 Κλεωναί.</p>
 </sp>
 </div>
 
 <div type="textpart" subtype="section" n="24">
 <p>24 ἀλλὰ μεταξὺ λόγων, τίνες ἐκεῖνοί εἰσιν
 οἱ πολεμοῦντες ἢ ὑπὲρ τίνος ἀλλήλους φονεύουσιν;</p>
 
 <sp>
 <speaker>ΕΡΜΗΣ</speaker>
 <p>Ἀργείους ὁρᾷς, ὦ Χάρων, καὶ Λακεδαιμονίους
 καὶ τὸν ἡμιθνῆτα ἐκεῖνον στρατηγὸν Ὀθρυάδαν
 τὸν ἐπιγράφοντα τὸ τρόπαιον τῷ αὑτοῦ αἵματι.<note type="footnote" n="1"></note></p>
 </sp>
 
 <sp>
 <speaker>ΧΑΡΩΝ</speaker>
 <p>Ὑπὲρ τίνος δʼ αὐτοῖς, ὦ Ἑρμῆ, ὁ πόλεμος;</p>
 </sp>
 
 <sp>
 <speaker>ΕΡΜΗΣ</speaker>
 <p>Ὑπὲρ τοῦ πεδίου αὐτοῦ, ἐν ὁ μάχονται.</p>
 </sp>
 
 <sp>
 <speaker>ΧΑΡΩΝ</speaker>
 <p>Ὢ τῆς ἀνοίας, οἵ γε οὐκ ἴσασιν ὅτι, κἂν ὅλην
 τὴν Πελοπόννησον ἕκαστος αὐτῶν κτήσωνται,
 μόγις ἂν ποδιαῖον λάβοιεν τόπον παρὰ τοῦ
 Αἰακοῦ· τὸ δὲ πεδίον τοῦτο ἄλλοτε ἄλλοι γεωργήσουσι
 πολλάκις ἐκ βάθρων τὸ τρόπαιον ἀνασπάσαντες
 τῷ ἀρότρῳ.</p>
 </sp>
 
 <sp>
 <speaker>ΕΡΜΗΣ</speaker>
 <p>Οὕτω μὲν ταῦτα ἔσται· ἡμεῖς δὲ καταβάντες
 ἤδη καὶ κατά χώραν εὐθετήσαντες αὖθις τὰ ὄ
 ἀπαλλαττώμεθα, ἐγὼ μὲν καθʼ ἐστάλην, σὺ δὲ
 <note type="footnote">1 αἴματι M: ὀνόματι other MSS.</note>
 
 <pb n="446"/>
 ἐπὶ τὸ πορθμεῖον· ἥξω δέ σοι καὶ αὐτὸς μετʼ
 ὀλίγον νεκροστολῶν.</p>
 </sp>
 
 <sp>
 <speaker>ΧΑΡΩΝ</speaker>
 <p>Εὖ γε ἐποίησας, ὦ Ἐρμῆ· εὐεργέτης εἰς ἀεὶ
 ἀναγεγράψῃ, ὠνάμην γάρ τι διὰ σὲ τῆς ἀποδημίας.—οἶά
 ἐστι τὰ τῶν κακοδαιμόνων ἀνθρώπων
 πράγματα—βασιλεῖς, πλίνθοι χρνσαῖ, ἐπιτύμβια,<note type="footnote" n="1"></note>
 μάχαι· Χάρωνος δὲ οὐδεὶς λόγος.</p>
 <note type="footnote">1 ἐπντύμβια Allinson : ἑκατόμβαι MSS.</note>
 </sp>
 </div>
 </div>
 </body>
 </text>
 </TEI>