<ti:work xmlns:ti="http://chs.harvard.edu/xmlns/cts" groupUrn="urn:cts:greekLit:tlg0358" xml:lang="grc" urn="urn:cts:greekLit:tlg0358.tlg005">
  <ti:title xml:lang="lat">Problemata arithmetica</ti:title>
  <ti:edition urn="urn:cts:greekLit:tlg0358.tlg005.1st1K" workUrn="urn:cts:greekLit:tlg0358.tlg005">
    <ti:label xml:lang="lat">Problemata arithmetica</ti:label>
    <ti:description xml:lang="lat">UNKNOWN, Problemata arithmetica, Hoche, Teubner, 1866</ti:description>
  </ti:edition>
</ti:work>
