<?xml version="1.0" encoding="UTF-8"?>
<?xml-model href="http://www.stoa.org/epidoc/schema/latest/tei-epidoc.rng" schematypens="http://relaxng.org/ns/structure/1.0"?>
<TEI xmlns="http://www.tei-c.org/ns/1.0">
<teiHeader>
<fileDesc>
<titleStmt>
<title>Problemata arithmetica</title>
<editor>Richard Hoche</editor>
 <funder>Harvard Library Arcadia Fund</funder>
 <principal>Gregory Crane</principal>
 <respStmt>
  <persName xml:id="DDD">Digital Divide Data</persName>
  <resp>Corrected and encoded the text</resp>
 </respStmt>
 <respStmt>
  <persName>Gregory Crane</persName>
  <resp>Editor-in-Chief, Perseus Digital Library</resp>
 </respStmt>
 <respStmt>
  <persName>Matt Munson</persName>
  <resp>Project Manager (University of Leipzig), 2016 - present</resp>
 </respStmt>
 <respStmt>
  <persName>Annette Gessner</persName>
  <resp>Project Assistant (University of Leipzig) 2015 - present</resp>
 </respStmt>
 <respStmt>
  <persName>Thibault Clérice</persName>
  <resp>Lead Developer (University of Leipzig)</resp>
 </respStmt>
 <respStmt>
  <persName>Bruce Robertson</persName>
  <resp>Technical Advisor</resp>
 </respStmt>
</titleStmt>
<publicationStmt>
<authority>Harvard College Library</authority>
<idno type="filename">tlg0358.tlg005.1st1K-grc1.xml</idno>
<availability>
 <p>Available under a Creative Commons Attribution-ShareAlike 4.0 International License</p>
</availability>
<date>2016</date>
<publisher>Harvard College Library</publisher>
<pubPlace>United State</pubPlace>
</publicationStmt>
<sourceDesc>
<listBibl>
 <biblStruct>
 <monogr>
  <title>Problemata arithmetica</title>
  <editor>
	<persName>
	 <name xml:lang="lat">Richard Hoche</name>
	</persName>
  </editor>
  <author ref="urn:cts:greekLit:tlg1210">UNKNOWN</author>
  <imprint>
	<publisher>LIPSIAE</publisher>
	<pubPlace>IN AEDIBUS B. G. TEUBNERI</pubPlace>
	<date>1866</date>
  </imprint>
  <biblScope unit="volume"></biblScope>
 </monogr>
  <ref target="https://archive.org/details/autolycidesphaer00autouoft">Internet Archive</ref>
 </biblStruct>
</listBibl>
</sourceDesc>
</fileDesc>
<encodingDesc>
 <p>Text encoded in accordance with the latest EpiDoc standards (January 2014)</p>
 <refsDecl n="CTS">
  <cRefPattern matchPattern="(.+)" n="work" replacementPattern="#xpath(/tei:TEI/tei:text/tei:body/tei:div/tei:div[@n='$1'])"/>
 </refsDecl>
</encodingDesc>
<profileDesc>
<langUsage>
<language ident="grc">Greek</language>
<language ident="lat">Latin</language>
</langUsage>
</profileDesc>
<revisionDesc>
<change/>
</revisionDesc>
</teiHeader>
<text>
<body>
 
 <div type="edition" xml:lang="grc" n="urn:cts:greekLit:tlg0358.tlg005.1st1K">
<div type="textpart" subtype="work" n="1">
<pb n="148"/>
<head>ΠΡΟΒΛΗΜΑΤΑ ΑΡΙΘΜΗΤΙΚΑ.</head>
<lb n="1"/> <p>α. ΤΟΤ ΚΥΝΟΣ.</p>
<p>Δοθέντων ἀπὸ μονάδος ὁποσωνοῦν
ἀριθμῶν ἐφεξῆς εὑρεῖν, ὅσος ἐστὶν ὁ
σύμπας.</p> <lb n="5"/>
<p>Ἔστωσαν ἀπὸ μονάδος τῆς α ἐφεξῆς οἱ
<lg>
<l rend="indent">β, γ, δ, ε, ζ, η, θ, ι·</l>
</lg>
ἢ δὴ ἄρτιόν ἐστι τὸ πλῆθος αὐτῶν ἢ περιττόν· ἔστω
πρῶτον περιττόν· φανερὸν δή, ὅτι οἱ μὲν α ι διπλάσιοί
εἰσι τοῦ ε, οἱ δὲ β θ τοῦ ε καὶ ἐφεξῆς <lb n="10"/>
ὅσον ἄρα ἐστὶ τὸ πλῆθος πάντων, τοσαυταπλασίων
ἐστὶν ὁ σύμπας συντεθεὶς τοῦ ε· ἔστιν ἄρα ὡς ὁ ι
πρὸς τὴν μονάδα, ὁ σύμπας πρὸς τὸν ε· ὁ ἄρα ὑπὸ
τοῦ ι καὶ ε ἴσος ἐστὶ τῷ ὑπὸ τῆς μονάδος καὶ συμπάντων,
τουτέστι τῷ σύμπαντι ἀριθμῷ. εἰλήφθω <lb n="15"/>
δὴ ὁ ἐφεξῆς τῷ ι, ὁ κ· φανερὸν δὴ ὅτι ὁ κ διπλάσιός
ἐστι τοῦ ε, ἴσος γάρ ἐστι τοῖς ι α· ἐπεὶ οὖν ὁ
ι τὸν ε πολλαπλασιάσας ποιεῖ τὸν σύμπαντα, ἐὰν
ἄρα τὸν κ πολλαπλασιάσας ποιήσῃ τινά, ὁ γενόμενος
ἔσται τοῦ σύμπαντος διπλασίων. ὅταν ἄρα ἀπὸ <lb n="20"/>
<note type="footnote">1. ΠΡΟΒΛ. ΑΡ.] addidi inscript. — 7. hac in serie
numeroru ζ ═ 6, η ═ 7, θ 8, ι ═ 9 ponitur; κ (16) ═ 10.</note>

<pb n="149"/>
μονάδος πλήθους ἀριθμῶν ἐφεξῆς τεθέντος ἐρωτηθῶμεν,
πόσος ἐστὶν ὁ σύμπας συντεθείς, ἐὰν ὦσι
περιττοὶ τὸ πλῆθος, πολλαπλασιάσομεν τὸν μέγιστον
ἐπὶ τὸν ἐφεξῆς αὐτοῦ μείζονα καὶ τούτου γενομένου
<lb n="5"/> τὸ ἥμισυ λαβόντες ἕξομεν τὸν σύμπαντα·
ὁμοίως δὴ ποιήσομεν, καὶ ἐὰν ἄρτιον τὸ πλῆθος·
ἡ γὰρ αὐτὴ ἀπόδειξις·</p>
<lg>
<l>α β γ δ ε ζ η θ ι — κ</l>
<l>α| β| γ| δ| ε| ϛ| ζ| η| θ|— ι|.</l>
</lg>
<lb n="10"/> <p>β. Πῶς ἂν ἐκ μεθόδου προχειρότατα <lb n="2"/>
γινώσκοι τις ἀκριβῶς τὴν τῶν συντιθεμένων
ἀπὸ μονάδος καὶ ἐφεξῆς ἀριθμῶν
γινομένου ποσότητα, μέχρις οὗ δηλονότι
ἡ ζήτησις γίνεται.</p>
<lb n="15"/> <p>Ποιείτω οὕτω· πολλαπλασιαζέτω ἐφ᾿ ἑαυτὸν τὸν
ἀριθμόν, μέχρις οὗ ἡ ζήτησις γίνεται, καὶ ἀπὸ τοῦ
γινομένου λαμβανέτω τὸ ἥμισυ· τούτῳ προςτιθέτω
καὶ τὸ ἥμισυ τοῦ πολλαπλασιασθέντος ἀριθμοῦ
καὶ τὸν γινόμενον γινωσκέτω εἶναι τὴν τῶν ἀριθμῶν
<lb n="20"/> σύνθεσιν ἀπὸ μονάδος, μέχρις οὐ ἡ ζήτησις
γίνεται. οἷον ἔστω· γενέσθαι τὴν ζήτησιν ἀπὸ μονάδος
ἄχρι τοῦ ιε, πόση ἐστὶν ἡ τῶν ἀριθμῶν κατὰ
τὸ συνεχὲς σύνθεσις· τὸν ιε ἐφʼ ἑαυτόν, γίνονται
σκε· τούτου τὸ ἥμισυ, ριβ??· πρόςθες τὸ ἥμισυ
<lb n="25"/> τῶν ιε ἤτοι ζ??, γίνονται ὁμοῦ ρκ· τοσούτων ἡ
ἀπὸ μονάδος ἄχρι τοῦ ιε τῶν κατὰ τὸ συνεχὲς
ἀριθμῶν σύνθεσις. ΙΣΑΑΚ.</p>
<note type="footnote">27. ΙΣΑΑΚ] Thom. Reinesius codicis margini adscripsit:
„Isaac monachus, cuius extant scholia in Euclidis elementorum
geometriaee libros VI priores; lat. vert. Conr. Dasyp.“[odius].
— de Isaaco conf. Fabric. bibl. gr. X, p. 176. — altera ma-</note>

<pb n="150"/>
<p>Ἤ καὶ οὕτω· λαμβανέτω τὸ ἥμισυ τοῦ ἀριθμοῦ
τοῦ μέχρις οὗ ἡ ζήτησις γίνεται καὶ προςτιθέτω
τούτῳ μονάδος ἥμισυ καὶ τὸν γινόμενον πολλαπλασιαζέτω
μετὰ τοῦ ἀριθμοῦ, οὗτινος εἰλήφει τὸ ἥμισυ·
καὶ τὸν γινόμενον αὖθις γινωσκέτω εἶναι τὴν τῶν <lb n="5"/>
ἀριθμῶν σύνθεσιν. οἷον ὡς ἐπὶ τοῦ προυποδειχθέντος
ἀριθμοῦ τοῦ ιε, τούτου τὸ ἥμισυ ζ??· πρόςθες
μονάδος ἥμισυ, γίνονται η· ταῦτα πολλαπλασίασον
ἐπὶ τὸν ιε, γίνονται ρκ. καὶ ἔστι καὶ οὕτως
ἡ εὕρεσις ἀσφαλεστάτη, ὡς καὶ ἐπὶ τῆς προτέρας <lb n="10"/>
μεθόδου· ὅπερ ἔδει δεῖξαι. ΤΟΥ ΑΥΤΟΥ.</p>
<lb n="3"/> <p>γ. Ἀριθμῶν ὅσων δήποτε ἐκκειμένων
ἐν ἴσῃ ὑπεροχῇ τὸν συγκεφαλαιούμενον ἐκ
τῆς συνθέσεως αὐτῶν λαμβάνειν.</p> <lb n="15"/>
<p>Ποίοι οὕτω· λάμβανε τούς ἄκρους τῶν ἐκκειμένων
καὶ τούτων τὰ ἡμίση συντιθεὶς καὶ πολλαπλασιάζων
ἐπὶ τὸν ἀριθμὸν τοῦ πλήθους τῶν ἐκκειμένων
ἕξεις τὸν ἐκ τῆς συνθέσεως τῶν ὅλων. οἷον
ἔστωσαν <lb n="20"/>
<lg>
<l rend="indent">β, δ, Ϛ, η, ι, ιβ·</l>
</lg>
τὰ ἡμίση τῶν ἄκρων ζ· ταῦτα πολλαπλασιαζόμενα
ἐπὶ τὸ πλῆθος τῶν ἐκκειμένων ἀριθμῶν, εἰσὶ δὲ Ϛ,
ποιοῦσι μβ. πάλιν ἔστωσαν
<lg>
<l rend="indent">α, δ, ζ, ι, ιγ, ιϚ, ιθ·</l> <lb n="25"/>
</lg>
<note type="footnote">nus hoc addidit scholion: Ἐὰν ὦσιν ἀριθμοί, ὅσοι δηποτοῦν
ἀπὸ μονάδος ἐφεξῆς ἐν ἴσῃ ὑπεροχῇ, δὲ τὸ πλῆθος
αὐτῶν ἄρτιον, ὁ ἥμισυς τοῦ ἐκ τῆς συνθέσεως τῶν δύο
μέσων ἐπὶ τὸ πλῆθος τῶν ἐκκειμένων πολλαπλασιαζόμενος
τὸν συγκείμενον ἐξ ὅλων ποιεῖ· ἐὰν δὲ τὸ πλῆθος ᾖ περιττόν,
ὁ ἀριθμὸς τοῦ πλήθους πάλιν ἐπὶ τὸν μέσον τῶν
ἐκκειμένων πολλαπλασιαζόμενος τὸν συγκείμενον ἐξ ὅλων
ποιεῖ.</note>

<pb n="151"/>
τὰ ἡμίση τῶν ἄκρων ι καὶ τὸ πλῆθος ζ· δεκάκις
οὖν τὰ ζ ποιοῦσιν ο· καὶ ἐπὶ τῶν ἄλλων ὁμοίως.
ΤΟΥ ΑΥΤΟΥ.</p>
<p>δ. α, α, α, γ, γ, ε, ε, ε, ζ, θ·</p> <lb n="4"/>
<lb n="5"/> <p>Ταῦτα τὸ δέκα στοιχεῖα συντιθέμενα
ποιοῦσι μονάδαςμ· φασὶν οὖν τὸν βασιλέα
Λέοντα ταῦτα ἐκθεῖναι· καὶ ζητεῖν, ὡς ἂν
μερισθῶσι δίχα ἤτοι εἰς πέντε καὶ πέντε
στοιχεῖα καὶ ἑκατέρας μερίδος ἴσον εἶναι
<lb n="10"/> τὸν ἀριθμόν.</p>
<p>Ἀγνοοῦντες οὖν οἱ ἐξ ἐκείνου μέχρι τοῦ νῦν
πάντες τὸν σκοπὸν ἐκείνου καὶ ζητοῦντες, ὥςτε καὶ
ἑκατέραν μερίδα μονάδων κ εἶναι ἤτοι τῆς ἡμισείας
τῶν ὅλων ποσότητος, ἀνηνύτοις ἐδόκουν ἐπιχειρεῖν,
<lb n="15"/> ἀλλ᾿ ἡμεῖς μὴ ἀγνοοῦντες τὸν ἐκείνου σκοπόν, ὅτι
οὐκ ἀδύνατα προέθετο ζητεῖν, ἀλλὰ δυνατὰ μέν,
πλὴν οὐ τοῖς πᾶσι πρόχειρα, μόνοις δὲ τοῖς τῶν ἀριθμητικῶν
μαθημάτων ἐμπείροις, διείλομεν αὐτὰ δίχα
οὕτως· ὥςτε ἑκατέρας μερίδος ἀνὰ ε στοιχεῖα
<lb n="20"/> ἐχούσης τὸ μὲν πρῶτον εἶναι πολλαπλασιάζον, τὰ
δὲ λοιπὰ πολλαπλασιαζόμενα ὑπ᾿ αὐτοῦ, ὡς συνἀγειν
ἑκατέραν μερίδα μονάδας ξ· καὶ ἔχουσιν
οὕτω·</p>
<lg>
<l>—ις —ις</l>
<l>ε , α, α, γ, ζ· — γ , α, ε, ε, θ·</l>
</lg>
<lb n="25"/> <p>ἔστιν οὖν τῆς μιᾶς μερίδος ἡ ποσότης μονάδων ιβ,
δηλαδὴ τῶν δ στοιχείων συντιθεμένων πλὴν τοῦ
<note type="footnote">7. Λέοντα] Reinesius in marg.: Leo Philosophus Aug. cf.
Fabric. bibl. gr. VI, p. 363. — 20. ἐχούσης] sic in mrg.; in
tertu οὔσης.</note>

<pb n="152"/>
πρώτου, καὶ πενταπλασιαζόμενα ὑπὸ τοῦ πρώτου
ποιοῦσιν ξ· ὁμοίως καὶ τῆς ἑτέρας μερίδος κ καὶ
τριπλασιαζόμενα ὑπὸ τοῦ πρώτου ποιοῦσιν ξ.</p>
<lb n="5"/> <p>ε. Μέθοδος, διʼ ἧς ἀστείως εὑρήσεις,
οἷον ἀριθμὸν ἔχει τις ἐπὶ νοῦν.</p> <lb n="5"/>
<p>Ἀριθμὸν ὁντιναοῦν τῶν ἀπὸ τοῦ ζ μέχρι τοῦ ρε
ὑπό τινος ἐν διανοίᾳ εἰλημμένον ζητῶν εὑρεῖν ὁπόσος
ἐστί, λήψῃ αὐτὸν μεθόδῳ τοιᾷδε· ἐπίταξον τῷ
κατὰ διάνοιαν ἔχοντι τὸν ἀριθμὸν κρυφίως παρ᾿
αὐτῷ ἐκβαλεῖν ἀπʼ αὐτοῦ τὸν γ, ὁσάκις ἐγχωρεῖ, <lb n="10"/>
καὶ τὰ καταλειφθέντα κάτωθεν τοῦ γ, εἰ καταλειφθείη
δηλονότι, ἐκφωνήσαντα εἰπεῖν πρὸς σέ· οὐ καὶ
εἰπόντος σύ ἀνθʼ ἑκάστης μονάδος τῶν καταλειφθεισῶν
λάμβανε τῇ σῇ χειρὶ τὸν ο ἀριθμόν· οἷον
εἰ μὲν μονὰς καταλειφθείη, τὸν ο μόνον, εἰ δὲ δυάς, <lb n="15"/>
αὐτὸν τὸν ο δὶς ἤτοι τὸν ρμ, εἰ δʼ οὐδεμία μὲν καταλειφθείη,
πάντως οὐδὲ σὺ λήψῃ τι· τοῦτο δὲ φυλάξαι
σε δεῖ καὶ ἐν ταῖς γενησομέναις λοιπαῖς ἀφαιρέσεσιν,
ἐν αἷς δηλονότι μηδεμία μονὰς καταλειφθήσοιτο·
εἶτα ἐπίταξον ἐκβαλεῖν ὁμοίως ἐξ αὐτοῦ <lb n="20"/>
καὶ τὸν ε, ὁσάκις ἐγχωρεῖ, καὶ τὰ κάτωθεν τούτου
καταλειφθέντα εἰπεῖν, ὧν καὶ ἀνθʼ ἑκάστης μονάδος
λάμβανε τὸν κα, ἑνῶν καὶ τὸν ἀπὸ τούτου συναγόμενον
τῷ προειλημμένῳ, εἰ τύχοι, τῇ σῇ χειρί· εἶτ᾿
ἐπίταξον ὁμοίως ἐκβαλόντι καὶ τὸν ζ εἰπεῖν τὰ κάτωθεν <lb n="25"/>
τούτου καταλειπόμενα· ὧν καὶ ἑκάστης ἕνεκα
μονάδος τὸν ιε λαβών καὶ οὓς ἔχεις πάντας συνθεὶς
ἐκ τῆς ἐπισυναγωγῆς ἄφες, ὁσάκις δύνῃ, τὸν ρε, εἰ
ἐγχωρεῖ δηλονότι, καὶ τὸν κάτωθεν τούτου καταλειφθέντα
<note type="footnote">19. ἐν αἷς δηλ.] scripsi pro ἐν ᾗ δηλ. cod.</note>

<pb n="153"/>
γίνωσκε τὸν ἀριθμὸν εἶναι, ὃν ζητεῖς, δηλαδὴ
τὸν ἐν τῷ λογισμῷ τοῦ ζητήσαντος εὑρεῖν σε τοῦτον
εἰλημμένον· ἰστέον μέντοι γε, ὡς εἰ μηδὲν ἐν μηδεμιᾷ
ἀφαιρέσει καταλειφθείη, ὅτε οὐδὲ σὺ λήψῃ πάντως
<lb n="5"/> τινὰ τῶν προῤῥηθέντων ἀριθμῶν, ὁ ρε ἐστὶν ὁ
ὑπ᾿ ἐκείνου ληφθείς.</p>
<p>Γενέσθω δὲ τὰ λεγόμενα καὶ δι᾿ ὑποδείγματος
σαφέστερα, καὶ ἔστω ὑφʼ ἡμῶν ἐπὶ νοῦν εἰλημμένος
ὁ κη· ὄν ἐπειδὴ βούλεταί τις εὑρεῖν τῇ ῥηθείσῃ
<lb n="10"/> μεθόδῳ χρώμενος, ἐπιτάττει τὸν γ ἐκβαλεῖν
ἐξ αὐτοῦ ὁσάκις ἐγχωρεῖ· οὐ καὶ ἐννάκις ἐκβαλλομένου
παῤ ἡμῶν ἐκφωνούντων πρὸς αὐτὸν καὶ τὴν
λειπομένην μονάδα, οὗτος ἀντʼ αὐτῆς τὸν ο τῇ χειρὶ
λαμβάνει· εἶτα καὶ τοῦ ε ὁμοίως ἐκβαλλομένου πεντάκις
<lb n="15"/> ἀνθʼ ἑκάστης τῶν καταλειπομένων τριῶν μονάδων
τὸν κα λαμβάνων τὸν γινόμενον ξγ συντίθησι
τῷ πρότερον εἰλημμένῳ τῷ ο· ἐπεὶ δὲ καὶ τοῦ ζ κατὰ
τὴν μέθοδον ἐκβαλλομένου τετράκις οὐδὲν λείπεται,
οὐδʼ οὗτος ἀντὶ τούτου λαβών τινα, ἀλλ᾿ ἀπὸ τοῦ
<lb n="20"/> ἐκ τῆς συνθέσεως μόνων ἐκείνων τοῦ τε δηλονότι ο
καὶ τοῦ ξγ ἤτοι ἀπὸ τοῦ ρλγ ἐκβαλών τὸν ρε τὸν
λειπόμενον κη λέγει πρὸς ἡμᾶς ἀναμφιβόλως εἶναι
τὸν ἀριθμόν, ὅν ἡμεῖς ἐπὶ νοῦν κεκρατήκαμεν· ὑπὲρ
οὐ καὶ ἐκπληττόμενοι τὸν λόγον ζητοῦμεν, ὅτου χάριν
<lb n="25"/> τόδε τοιαύτῃ μεθόδῳ εὑρίσκεται.</p>
<p>ϛ. Τῷ ἀποθνήσκοντι ἐωὶ τοῖς Ϛ παιδίοις, ὧν τὰ <lb n="6"/>
γ ἦσαν ἄῤῥενα καὶ τὰ γ θήλεα, καὶ διαταξαμένῳ
περὶ τῶν ἐν τῷ κιβωτίῳ αὐτοῦ χρυσίνων, τὸν πρωτυν
τῶν παίδων αὐτῷ τῶν ἀῤῥένων θεῖναι τοσούτους
<lb n="30"/> χρυσίνους ἐν τῷ κιβωτίῳ, ὅσοι εἰσὶν ἐν αὐτῷ, εἶτα
λαβεῖν διακοσίους πεντήκοντα, τὸν δὲ μετʼ ἐκεῖνον

<pb n="154"/>
θεῖναι τοσούτους, ὅσοι ὑπελείφθησαν, καὶ λαβεῖν σν,
καὶ τὸν τρίτον ὁμοίως θεῖναι τοσούτους, ὅσοι ὑπελείφθησαν,
καὶ λαβεῖν σν, τὴν δὲ πρώτην τῶν θυγατέρων
θεῖναι τοσούτους, ὅσοι ὑπελείφθησαν, καὶ
λαβεῖν ρκε, τὴν δὲ μετʼ ἐκείνην θεῖναι τοσούτους, <lb n="5"/>
ὅσοι ὑπελείφθησαν, καὶ λαβεῖν ρκε, καὶ τὴν τρίτην
ὁμοίως θεῖναι τοσούτους, ὅσοι ὑπελείφθησαν, καὶ
λαβεῖν ρκε, ὡς μηδένα οὕτω χρύσινον ὑπολειφθῆναι,
σλβ ἦσαν χρύσινοι καὶ τρίτον χρυσίνου καὶ δωδέκατον
καὶ ἑκατοστοενενηκοστοδεύτερον ἕν.</p> <lb n="10"/>
</div>

 </div>
</body>
</text>
</TEI>