<ti:work xmlns:ti="http://chs.harvard.edu/xmlns/cts" groupUrn="urn:cts:greekLit:tlg0057" xml:lang="grc" urn="urn:cts:greekLit:tlg0057.tlg072">
  <ti:title xml:lang="eng">De purgantium medicamentorum facultate</ti:title>
  <ti:edition urn="urn:cts:greekLit:tlg0057.tlg072.1st1K-grc1" workUrn="urn:cts:greekLit:tlg0057.tlg072">
    <ti:label xml:lang="eng">De purgantium medicamentorum facultate</ti:label>
    <ti:description xml:lang="eng">Galen, De purgantium medicamentorum facultate</ti:description>
  </ti:edition>
</ti:work>
