<?xml version="1.0" encoding="UTF-8"?>
<?xml-model href="http://www.stoa.org/epidoc/schema/latest/tei-epidoc.rng" schematypens="http://relaxng.org/ns/structure/1.0"?>
<TEI xmlns="http://www.tei-c.org/ns/1.0">
	<teiHeader>
		<fileDesc>
			<titleStmt><title>De purgantium medicamentorum facultate</title>
				<author>Galen</author>
				<editor>Karl Gottlob Kühn</editor>
				<funder>Andrew W. Mellon Foundation</funder>
				<respStmt>
          <resp>Published original versions of the electronic texts</resp>
          <orgName ref="http://www.graeco-arabic-studies.org/">A Digital Corpus for Graeco-Arabic Studies, funded by the Andrew W. Mellon Foundation</orgName>
          <persName>Mark Schiefsky, Harvard University</persName>
          <persName>Gregory R. Crane, Universität Leipzig</persName>
          <persName>Uwe Vagelpohl, University of Warwick</persName>
        </respStmt>
        <respStmt>
          <resp>Keyboarding</resp>
          <orgName xml:id="DDD">Digital Divide Data</orgName>
        </respStmt>
        <respStmt>
          <resp>Editor-in-Chief, Perseus Digital Library</resp>
          <persName>Gregory R. Crane</persName>
        </respStmt>
        <respStmt>
          <resp>Project Manager (University of Leipzig), 2016 - present</resp>
          <persName>Matt Munson</persName>
        </respStmt>
        <respStmt>
          <resp>Project Assistant (University of Leipzig), 2015 - present</resp>
          <persName>Annette Geßner</persName>
        </respStmt>
        <respStmt>
          <resp>Lead Developer (University of Leipzig)</resp>
          <persName>Thibault Clérice</persName>
        </respStmt>
        <respStmt>
          <resp>Technical Advisor</resp>
          <persName>Bruce Robertson</persName>
        </respStmt>
      </titleStmt>
      <publicationStmt>
				<authority>A Digital Corpus for Graeco-Arabic Studies, funded by the Andrew W. Mellon
					Foundation</authority>
				<publisher>University of Leipzig</publisher>
				<pubPlace>Germany</pubPlace>
				<idno type="filename">tlg0057.tlg072.1st1K-grc1.xml</idno>
				<availability>
					<licence target="https://creativecommons.org/licenses/by-sa/4.0/">Available under a
						Creative Commons Attribution-ShareAlike 4.0 International License</licence>
				</availability>
				<date>2016</date>
			</publicationStmt>
			<sourceDesc>
				<biblStruct>
					<monogr>
						<title>Claudii Galeni Opera Omnia</title>
						<author>Galen</author>
						<editor>Karl Gottlob Kühn</editor>
						<imprint>
							<publisher>Cnobloch</publisher>
							<pubPlace>Lipsiae</pubPlace>
							<biblScope unit="vol">11</biblScope>
							<biblScope unit="pp" from="323" to="342">323-342</biblScope>
							<date>1826</date>
						</imprint>
					</monogr>
					<ref target="https://catalog.hathitrust.org/Record/009723957">HathiTrust</ref>
				</biblStruct>
			</sourceDesc>
		</fileDesc>
		<encodingDesc>
			<p>The following text is encoded in accordance with EpiDoc standards and with the CTS/CITE
				Architecture.</p>
			<refsDecl n="CTS">
				<cRefPattern matchPattern="(.+)" n="chapter" replacementPattern="#xpath(/tei:TEI/tei:text/tei:body/tei:div/tei:div[@n='$1'])"/>
			</refsDecl>
		</encodingDesc>
		<profileDesc>
			<langUsage>
				<language ident="greek">Greek</language>
			</langUsage>
		</profileDesc>
	</teiHeader>
	<text>
		<body>

			<div type="edition" xml:lang="grc" n="urn:cts:greekLit:tlg0057.tlg072.1st1K-grc1">
				<pb n="323"/>

				<div type="textpart" subtype="chapter" n="1">
					<head>ΓΑΛΗΝΟΥ ΠΕΡΙ ΤΗΣ ΤΩΝ ΚΑΘΑΙΡΟΝΤΩΝ <lb/>ΦΑΡΜΑΚΩΝ ΔΥΝΑΜΕΩΣ.</head>
					<p>Κατὰ τὴν αὐτὴν αἰτίαν ἐοίκασιν οἱ παλαιότατοι <lb/>τῶν ἰατρῶν τὰς πονηρὰς δόξας
						ἀνελέγκτους ἐᾶσαι, <lb/>καθ’ ἣν καὶ τῶν νομοθετῶν οἱ ἀρχαιότατοι τὰ μέγιστα τῶν
						<lb/>ἁμαρτημάτων ἀτιμώρητα. μετριωτέρας γὰρ οὔσης κατ’ ἐκεῖνον <lb/>τὸν χρόνον τῆς
						κακίας καὶ μήτε ἀδικεῖν ἐπιχειρούντων <lb/>τὰ μέγιστα μήτε ἀναισχυντεῖν ὑπομενόντων τὰ
						φανερώτατα, <lb/>πῶς ἄν τις ἢ κόλασιν ὥριζε τοῖς μηδ’ ὅλως γεγενημένοις, ἢ <lb/>ἔλεγχον
						ἐπῆγεν οἷς οὐδεὶς ὅλως εἶπεν; ἐπειδὴ δ’ ἐν τῷ χρόνῳ <lb/>τῆς κακίας αὐξανομένης οὔτε
						ἀτόλμητον οὐδὲν ἔτι τοῖς <pb n="324"/> ἀνθρώποις οὔτε ἄῤῥητον ἦν, οἱ μὲν νομοθέται
						πολλοὺς τρόπους <lb/>καινοὺς ἐξευρίσκουσι τῶν ἐπὶ τοῖς ἀδικοῦσι τιμωριῶν. <lb/>
						<milestone unit="ed2page" n="463"/>οἱ δ’ ἀλήθειαν τιμῶντες ἐλέγχων ἰδέας πολυτρόπους
						<lb/>ἐπὶ τοῖς σοφισταῖς, ὅπερ νῦν ἐοίκαμεν καὶ ἡμεῖς ἂν δράσειν, <lb/>ἐξελέγχοντες τοὺς
						ἀναιροῦντας μὲν τῶν καθαιρόντων φαρμάκων <lb/>τὴν ἑλκτικὴν δύναμιν ὧν ἐκκενοῦσι χυμῶν,
						μεταβλητικὴν <lb/>δέ τινα φάσκοντας ἔχειν ἁπάντων ὁμοτίμως τῶν πλησιαζόντων <lb/>αὐτοῖς.
						λέλεκται δ’ οὐδὲν Ἱπποκράτει πρὸς τὴν <lb/>τοιαύτην δόξαν. οὔπω γὰρ οὔτ’ Ἀσκληπιάδης ἦν
						κατ’ αὐτὸν, <lb/>ὁ προφανῶς ἀναισχυντήσας τε καὶ ὥσπερ ἔπαθλόν τινα κατὰ <lb/>τῆς
						ἀληθείας ἀποδυσάμενος, οὔτ’ Ἐρασίστρατος, ὁ μετ’ <lb/>αἰδοῦς μέν τινος, ὅλον δ’
						ἀνατρέψας τὸ κεφάλαιον αὐτὸ, ὃ <lb/>περὶ τῶν καθαιρόντων φαρμάκων φανερῶς ὑπάρχει. τὴν
						<lb/>γάρ τοι δραστικωτάτην τε καὶ οἰκειοτάτην τῆς φύσεως δύναμιν <lb/>τὴν ἑλκτικὴν οὐκ
						οἶδεν Ἐρασίστρατος οὐδαμόθεν τῶν ἑαυτοῦ <lb/>συγγραμμάτων, ἀλλὰ τῇ πρὸς τὸ κενούμενον
						ἀκολουθίᾳ <lb/>μᾶλλον ἀντ’ αὐτῆς χρῆται. μέρος δέ ἐστι τῆς τῶν οἰκείων <pb n="325"/>
						ἑλκτικῆς δυνάμεως ἡ ἐν τοῖς καθαίρουσι φαρμάκοις, ὥσπερ <lb/>γε καὶ καθ’ ἣν ἡ χολὴ
						διακρίνεται καὶ τὸ οὖρον, ἄλλα τε <lb/>πολλὰ κατά τε τὴν ὑγείαν τῶν ζώων ὑπὸ τῆς φύσεως
						ἀποτελούμενα <lb/>καὶ κατὰ τὰς ἰάσεις τῶν νοσημάτων καὶ κατὰ τὰ <lb/>νοσήματα, ὑπό τε
						τῶν ἰατρῶν καὶ αὐτῆς τῆς φύσεως οὐχ <lb/>ἥκιστα. ἐπεὶ τοίνυν Ἱπποκράτης οὐδὲν εἶπεν πρὸς
						τοὺς <lb/>ἀναιροῦντας ἐκ τῶν ὄντων τὴν ὁλκὴν, ὅτι μηδὲ προστάτην <lb/>οὕτως ἰταμὸν ὁ
						λόγος ἔσχεν, οἷοι πολλοὶ τῶν μετ’ αὐτῶν <lb/>ἐγένοντο, δίκαιον ἂν εἴη περὶ τῆς ἀληθείας
						ἀνθ’ Ἱπποκράτους <lb/>ἡμᾶς ἀγωνίσασθαι καὶ πρῶτον μὲν οἷόν τι λέγουσιν <lb/>ἀναμνῆσαι
						τοὺς ἄνδρας, εἶθ’ ἑξῆς ὡς οὐκ ὀρθῶς λέγοντας <lb/>ἐπιδεῖξαι. ὁ μὲν δὴ λόγος αὐτῶν
						τοιόσδε. τὸ καθαῖρον φάρμακον, <lb/>οὗπερ ἂν ψαύσῃ χυμοῦ, τοῦτον εἰς τὴν ἰδίαν ἰδέαν
						<lb/>ἀλλοιοῖ, χολὴν μὲν ξανθὴν ἐργαζόμενον, ὅπερ ὀνομάζουσι <lb/>χολαγωγὸν, ὥσπερ καὶ
						φλέγμα, ὃ καλοῦσι φλεγμαγωγόν· <lb/>ὑδατώδη δέ τινα φύσιν ἀποτελοῦν ὃ καλοῦσιν
						ὑδραγωγὸν, <lb/>ἄλλο γε μέλαιναν χολὴν ἀποφαῖνον οὗπερ ἂν ἅψηται χυμοῦ. <pb n="326"/>
						συνελόντα δὲ φάναι, μεταβολὴ καὶ ἀλλοίωσίς ἐστι τῶν ἐν <lb/>ταῖς φλεψὶ χυμῶν ἁπάντων, οὐ
						κένωσις ἑνὸς ἐξ αὐτῶν, ἡ <lb/>προσαγορευομένη κάθαρσις, ὡς ὁ τούτων λόγος. ἀλλ’ εἴπερ
						<lb/>ταῦτα βούλεσθε, λέγωμεν ἤδη πρὸς αὐτοὺς, ἄν τε χολῆς ἀγωγὸν, <lb/>ἄν τε φλέγματος,
						ἄν τε μελαίνης, ἄν τε ὀῤῥώδους ὑγρότητος <lb/>λάβῃ τὶς φάρμακον, ἅπαντας κενοῦσθαι τοὺς
						ἐκ τῶν <lb/>φλεβῶν χυμούς. καὶ μὴν ταύτῃ μόνον ἄρα διαλλάττει τὸ <lb/>καθῆραί τινα
						τοιούτῳ φαρμάκῳ, τοῦ τέμνοντα φλέβα κενῶσαι <lb/>τὸ αἷμα, καθόσον ἐν μὲν ταῖς
						φλεβοτομίαις οἷόν περ <lb/>ἔμπροσθεν ἐνυπάρχει ἐκκρίνεται, κατὰ δὲ τὰς καθάρσεις
						ἐξαλλαττόμενόν <lb/>ἐστιν οὐ τῇ χρόᾳ μόνον, ἀλλὰ καὶ τῇ συστάσει. <lb/>τὸ μὲν γὰρ τῶν
							ὑδατω<milestone unit="ed1page" n="485"/>δῶν ἀγωγὸν ὑγρὰ καὶ λεπτὰ <lb/>πάντα ποιεῖται
						τὰ κατὰ τὰς φλέβας, εἰ καὶ τύχοι πρότερον <lb/>ὄντα παχύτατα τὸ δὲ τῆς μελαίνης ἔμπαλιν
						ἅπαντα παχέα <lb/>καὶ στάσιμα, κᾂν εἰ πρόσθεν ἦν ὑγρότατα. καὶ τοίνυν καὶ <lb/>ἡ ἔκλεξις
						ἡμῖν τοῦ φλεβοτομῆσαί τε καὶ καθῆραι κατ’ ἄλλους <lb/>μέν τινας ἔσται σκοποὺς, κατ’
						αὐτὴν δὲ τὴν ἰδέαν τῶν κενουμένων <lb/>οὐκ ἔσται. τίνες δ’ ἄλλοι σκοποί; πολλοὶ μὲν <pb n="327"/> ἑτοιμότεροι πρὸς φλεβοτομίαν εἰσὶ τῶν ἄλλων, ἔνιοι δὲ πρὸς <lb/>κάθαρσιν,
						ὥσπερ γε καὶ ἄλλοι θᾶττον ὁτιοῦν πάθειεν ἢ <lb/>φλεβοτομοῖεν. ἔνιοι δὲ ἀποκοπῆναι μᾶλλον
						ὑπομένουσι μόριόν <lb/>τι τοῦ σώματος ἢ καταπιεῖν φάρμακον. καὶ μὲν δὴ καὶ <lb/>τινὲς
						μὲν ἀνα<milestone unit="ed2page" n="464"/>τρέπονται τὸν στόμαχον ὑπὸ τῶν καθαιρόντων
						<lb/>φαρμάκων, ἕτεροι δὲ ἀλύπως λαμβάνουσιν. ἀπὸ τῶν <lb/>τοιούτων οὖν σκοπῶν ἐνίους μὲν
						τῶν ἀνθρώπων φλεβοτομήσομεν, <lb/>ἐνίοις δὲ τὸ καθαῖρον φάρμακον δώσομεν, οὐκ ἀφ’
						<lb/>ὧν ἐνόμιζον οἱ Ἀσκληπιάδαι, φλεβοτομίαν μὲν ὁμοτίμως <lb/>ἐκκενοῦν ἅπαντας τοὺς ἐν
						ταῖς φλεψὶ νομίζοντες χυμοὺς, τὴν <lb/>κάθαρσιν δ’ οὐχ ὁμοτίμως, ἀλλ’ ἕνα μέν τινα καὶ
						μόνον <lb/>ἐκεῖνον, οὗπερ ἂν ἀγωγὸν εἶναι λέγεται. διὸ καὶ καθαίρεσθαι <lb/>φασὶ τὸ αἷμα
						ὑπὸ τῶν τοιούτων φαρμάκων, οὐ κενοῦσθαι <lb/>καθάπερ ἐν ταῖς φλεβοτομίαις. ταῦτα ὑμῶν
						ἕπεται ταῖς ὑποθέσεσιν <lb/>ἑκόντων τε καὶ ἀκόντων. </p>
				</div>
				<div type="textpart" subtype="chapter" n="2">
					<p>Ἀναμνήσω δ’ αὐτῶν τὰ κεφάλαια. κατὰ <lb/>μὲν τοὺς Ἀσκληπιάδας ἁπάντων τῶν ἐν ταῖς φλεψὶ
						χυμῶν <lb/>ὁμότιμός ἐστιν ἡ ἐν ταῖς φλεβοτομίαις κένωσις, οὐχ ὁμότιμος ﻿<pb n="328"/> δ’
						ἡ ἐν ταῖς καθάρσεσιν, ἀλλὰ τῶν ἄλλων ἀφαίρεσις, ὡς <lb/>καθαρὸν ἀποφῆναι τὸ αἷμα. κατὰ
						δὲ τοὺς περὶ Ἐρασίστρατον <lb/>ὁμότιμος ἁπάντων ἐστὶν ὥσπερ ἐν ταῖς φλεβοτομίαις,
						<lb/>οὕτω κᾀν ταῖς καθάρσεσιν ἡ κένωσις, ἃς οὐδὲ καθάρσεις <lb/>ὄντως, ἀλλὰ κενώσεις ἅμα
						διαφθορᾷ καὶ ἀλλοιώσει τῶν <lb/>κενουμένων ὑπάρχειν ἐροῦσιν. ἥκοντες τοίνυν ἐπὶ τὸν
						ἆθλον <lb/>οἵ τε μετρίως ἀναίσχυντοι τῶν σοφιστῶν οἵ τε ἐσχάτως ἀγωνιζέσθωσαν <lb/>ὥσπερ
						ἐν σταδίῳ μὴ λόγοις πρός με μηδὲ λήροις <lb/>μακροῖς, ἀλλ’ αὐτοῖς τοῖς ἔργοις εἰς ἃ
						προσκαλοῦμαι κατὰ <lb/>τὴν πολυανθρωποτάτην πόλιν τήνδε, μυρίων ὁσημέραι μὲν <lb/>κατ’
						αὐτὴν ἰκτεριώντων εὑρεθῆναι δυναμένων, μυρίων δὲ <lb/>ὑδερικῶν. ἀρκεῖ γάρ μοι περὶ
						τούτων πρῶτον ποιήσασθαι <lb/>λόγον. ἀγέτω τις πρός με τούτων δή τινα χωρὶς πυρετοῦ
						<lb/>μεστὸν ἔχων τῆς πικρᾶς χολῆς τὸ σύμπαν σῶμα, καὶ θεασάσθω <lb/>πῶς μετὰ τὸ
						παρασκευάσαι τὸν ἄνθρωπον ἡμέραις τισὶν, <lb/>ὅταν ἤδη μοι καιρὸς εἶναι δοκῇ, δοὺς
						ὑπήλατόν τι τῶν χολαγωγῶν, <lb/>εἰς τὸ κατὰ φύσιν ἐκ τῆς τοιαύτης καθάρσεως ἐπανάγω
						<lb/>τὸν ἄνθρωπον, οὐδὲν ὅλως ἔτι περὶ τὸ σῶμα πραγματευσάμενος. <pb n="329"/> ἀλλὰ
						τοῦθ’ ἡμεῖς οὐχ ἅπαξ ἢ δὶς, ἀλλὰ πάνυ <lb/>πολλάκις ἐπεδειξάμεθα τοῖς ἡμιμοχθήροις
						αὐτῶν, καὶ πολλοὺς <lb/>ἐπὶ τὰ βέλτια μετεστήσαμεν. οὐ μὴν τούτου γε ἕνεκεν, ὦ
						<lb/>σοφιστὰ, πιστεύειν σε κελεύω τοῖς μαρτυροῦσιν, ἀλλὰ σαυτὸν, <lb/>ὅτε βούλει,
						θεάσασθαι μιᾷ καθάρσει τὸν ἰκτεριῶντα, τὴν <lb/>κατὰ φύσιν ἀπολαμβάνοντα χρόαν. ὅταν οὖν
						ἴδῃς τοῦτο <lb/>γινόμενον, ὦ γενναῖε, τολμήσῃς ἐν τῷ μέσῳ καταστὰς λαμπρᾷ <lb/>τῇ φωνῇ,
						κήρυκος γοῦν δίκην αἴρων αὐτὴν, ἀποτεῖναι <lb/>λόγον μακρὸν, οἷον πολλάκις τοῖς
						μαθηταῖς, ὡς οὐχ ἕλκεται <lb/>τὸ οἰκεῖον ὑφ’ ἑκάστου τῶν καθαιρόντων, ἀλλὰ τὸ
						περιεχόμενον <lb/>ἐν ταῖς φλεψὶν ἅπαν, ὁποῖον ἂν εἴη, μεταβάλλεται <lb/>πρὸς ὅπερ ἂν ἡ
						τοῦ φαρμάκου δύναμις ἀλλοιοῦν αὐτὸ φύσιν <lb/>ἔχῃ. καὶ νῦν οὗτος ὁ θεραπευθεὶς τὸν
						ἴκτερον οὐ τῷ κενωθῆναι <lb/>τὸν χυμὸν, ἀλλὰ τῷ κοινῷ λόγῳ τῆς κενώσεως <lb/>ὤνητο.
						θεάσασθε γοῦν ὅπως ἐγὼ τῶν οὕτως ἐχόντων ἕτερον <lb/>ἤτοι φλεβοτομήσας, ἢ δοὺς ἄλλο τι
						τῶν ὑπηλάτων <lb/>ὁμοίως ὠφελήσω. ταῦτ’ εἰπὼν ἐφεξῆς μοι δύο τῶν ἰκτεριώντων, <lb/>τὸν
						μὲν φλεβοτόμησον, τὸν δὲ διά τινος τῶν τοιούτων <pb n="330"/> ὑπηλάτων <milestone unit="ed2page" n="465"/>ἐκκένωσον, ὃ σύμπαντες μὲν ἄνθρωποι τὴν <lb/>μέλαιναν χολὴν
						κενοῦν, σὺ δὲ οὐ κενοῦν, ἀλλὰ γεννᾷν πέπεισαι. <lb/>κᾄπειτ’ ἐὰν ὠφελήσῃς αὐτὸν, εὔχρουν
						ἀποφήνας τὸ σῶμα, <lb/>πᾶν ὁτιοῦν ἂν ἐθελήσας με παθεῖν, συγχωρήσω σοι, μηδὲν
						<lb/>μέντοι τὸν ἄνθρωπον ὀνήσας, ἀλλ’ εἰς τὸ ἔσχατον ἀγαγὼν <lb/>βλάβης, ἐπὶ τὰ βελτίω
						μετάστηθι καὶ τὴν Ἱπποκράτους ζήλωσον <lb/>τέχνην. ἀλλὰ περὶ μὲν τῶν ἰκτεριώντων ἅλις.
						ἐπὶ δὲ <lb/>τὸν ὑδεριῶντα μεταβὰς θέασαι πάλιν καὶ τοῦτον οὐχ ὁμοίως <lb/>ὑπό τε
						φλεβοτομίας διατιθέμενον καὶ φαρμάκου τινὸς τῶν <lb/>ὑδραγωγῶν. εἰ γὰρ μὴ δείξαιμι τὸ
						κατὰ τὸ ἦτρον ὑδατῶδες <lb/>ἐκκενούμενον ὑπὸ φαρμάκου, τότ’ ἔνεστί σοι καταγνῶναι μὲν
						<lb/>τοῦ παλαιοῦ λόγου νομίζοντος οὐ γεννᾶσθαι τὸν τοιοῦτον <lb/>χυμὸν, ὡς σὺ φῂς, ἀλλ’
						ἐκ τοῦ σώματος ἕλκεσθαι πρὸς τοῦ <lb/>φαρμάκου. καθ’ ἡμῶν δ’ ὅ τι βούλει πράξαι, καὶ μὴν
						εἰ μελαίνης <lb/>χολῆς ἢ ξανθῆς ἀγωγὸν δοίης φάρμακον, οὐ κενώσεις <lb/>τὸν ὄγκον, καὶ
						οὕτως ἕκαστον τῶν φαρμάκων οἰκείου τινὸς <lb/>ἑλκτικόν ἐστι χυμοῦ. σὺ δ’ εἰ νομίζεις
						ἅπαντας ὁμοίως <pb n="331"/> ἀλλοιοῦσθαι καὶ κένωσιν εἶναι κοινὴν, οὐ κάθαρσιν, τὸ
						γινόμενον, <lb/>ἔξεστί σοι τέμνειν τὴν φλέβα. ταῦτα εἰ μὲν ἐν Ἰνδοῖς <lb/>τις ὢν γράφων
						προσεκαλεῖτο, χαλεπὸν ἦν ἐξελέγχειν αὐτόν. <lb/>ἐπεὶ δ’ ἄνθρωπος ἑκάστης μὲν ἡμέρας ὑφ’
						ἡμῶν βλεπόμενος, <lb/>ἐπ’ αὐτὸν δὲ τὸν διὰ τῶν ἔργων ἔλεγχον προσκαλούμενος, <lb/>οὐκ
						οἶδα πῶς οὐκ αἰσχύνεσθε φλυαροῦντας. οὐ μέλλω λέγειν, <lb/>ὅτι παμπόλλων ἰκτεριώντων
						ἐξεκάθηρα τὸ σῶμα τοῦ χολώδους <lb/>χυμοῦ καθάρσει μιᾷ· καὶ γὰρ μυρίοι περὶ τούτου
						μαρτυροῦσιν· <lb/>εἰ δὲ οἱ ἀναισχυντότατοι σοφισταὶ προσποιήσονται <lb/>πᾶσιν ἀνθρώποις
						ἀπιστεῖν, θεασάσθωσαν αὐτοὶ γιγνόμενον <lb/>αὐτὸ τὸ ἔργον, ὁποσάκις ἂν βουληθῶσι. </p>
				</div>
				<div type="textpart" subtype="chapter" n="3">
					<p>Καίτοι τί λέγω θεασάσθωσαν; ἐπέδειξα <lb/>γὰρ ἤδη πολλάκις αὐτοῖς τοῦτο, καὶ μέμνημαί
						γε τινὰ καὶ <lb/>τοιαύτης τινὸς ἀντιλαμβανόμενον ἀδολεσχίας. ἔφησε γὰρ οὐχ <lb/>ἓν δή τι
						χυμῶν εἶδος ἕλκεσθαι πρὸς ἑκάστου τῶν φαρμάκων, <lb/>ἀλλὰ ἁπλῶς ἕκαστον μὲν αὐτῶν ἕλκειν
						ὥσπερ τὰ βδάλλοντα. <lb/>τῇ δὲ ὁλκῇ πρότερον μὲν ἀκολουθεῖν τὸ λεπτότερον ἐν τοῖς
						<lb/>χυμοῖς, ἐφεξῆς δὲ αὐτῷ τὸ παχύτερον, εἶθ’ οὕτως τὸ παχύτατον. <pb n="332"/> ὧν μὲν
						ἂν οὖν ἡ ῥώμη φαρμάκων ἐκλύηται θᾶττον, <lb/>ἐπὶ τοῖς ὑδατώδεσιν ἵστασθαι τὴν κένωσιν.
						ὧν δ’ ἂν ἐπὶ <lb/>πλέον ἐξαρκεῖ, κενοῦσθαι τούτων καὶ τὴν ξανθὴν χολήν. <lb/>ὅσα δὲ
						ἰσχυρότατα, τούτων καὶ τὴν μέλαιναν ἐπισπᾶσθαι. <lb/>παραχρῆμα μὲν οὖν ἔδοξε τοῖς
						θιασώταις ὁ τοιοῦτος εὖ λέγειν <lb/>καὶ πάντες ἐπεβόων αὐτῷ καὶ δρόμῳ πολλῷ καταλιπὼν
						ἡμᾶς <lb/>ἀπηλλάττετο, γινώσκων, οἶμαι, βεβαίως ὅτι μένων ἐξελεγχθήσεται. <lb/>δοθέντος
						μέντοι κατὰ τὴν ὑστεραίαν ὑφ’ ἡμῶν τοῖς <lb/>χορευταῖς αὐτοῦ βιβλίου τινὸς, ἐν ᾧ τῶν
						οὕτως ἐξαίφνης <lb/>ἀποτετολμημένων ἦν ἔλεγχος, οὐκέτ’ οὐδέποτ’ αὐτοῖς ἐκείνοις <lb/>ἔθ’
						ὁμοίως ἦν πιθανὸς ἀπορῶν διαλύσασθαι τὰ προβεβλημένα. <lb/>ταυτὶ γὰρ ἐνεγέγραπτο τῷ
						βιβλίῳ, χθὲς μὲν ἀπέδρας <lb/>τὸν λόγον, ὅμοιόν τι ποιήσας ἀγωνιστῇ τὸν στέφανον
						<lb/>ἁρπάσαντι καὶ φυγόντι πρὶν ἀγωνίσασθαι, τήμερον δὲ οὐκ <lb/>ἐκφεύξῃ τὸν ἔλεγχον.
						ἀκολουθήσει γάρ σοι τουτὶ τὸ βιβλίον, <lb/>εἰς τὰς χείρας ἐμπεσὸν τῶν ἀμφί<milestone unit="ed2page" n="466"/>σε χορευτῶν. οὐδὲ γὰρ <lb/>ἧττόν τις πρὸς ἐκείνους ὁ λόγος
						ἐστὶν ἢ πρός σε, τοὺς οὐδέποτε <lb/>μὲν ἔμπροσθεν ἀκηκοότας σοῦ συγχωροῦντος ὑπάρχειν
							﻿<pb n="333"/> ὁλκὴν ἐν οὐδενὶ τῶν ὄντων ἁπλῶς, χθὲς δὲ ὁμολογοῦντος <lb/>ἠκηκοότας
						ἕλκεσθαι κοινῇ πάντα τὰ περιεχόμενα κατὰ τὰς <lb/>φλέβας ὑπὸ τοῦ φαρμάκου. δίκαιον γὰρ
						ἦν αὐτοὺς μὴ ὅτι <lb/>θαυμάζειν ἢ ὅλως ἐπαινεῖν τὸ ῥηθὲν, ἀλλὰ προδοσίαν ὑπολαμβάνειν
						<lb/>ὧν ἐξ ἀρχῆς ἐτίθετο. περί<milestone unit="ed1page" n="486"/>τε γὰρ οὔρων διακρίσεως
						<lb/>καὶ ξανθῆς χολῆς καὶ μελαίνης ἄλλων τε πολλῶν <lb/>ἐνεργειῶν κατὰ τὸ σῶμα
						παμπόλλους λόγους ἑκάστοτε ποιεῖσθε, <lb/>πάντα μᾶλλον ἢ ὁλκὴν εἶναι συγχωροῦντες
						ἐνέργειαν <lb/>τινὰ φυσικὴν ἑκάστῳ σώματι τῶν οἰκείων ἑαυτῷ, νυνὶ δὲ οὐ <lb/>μόνον εἶναι
						τὴν ὁλκὴν συγχωρήσαντες, ἀλλὰ καὶ πάντων <lb/>ἁπλῶς, ὅπέρ ἐστι πολὺ μεῖζον ὁμολόγημα τοῦ
						τῶν οἰκείων <lb/>φάναι. τὸ μὲν γὰρ ὥσπερ τις ἀποκριτικὴ τῶν ἀλλοτρίων ἐστὶ <lb/>δύναμις
						ἐν τοῖς ζώοις, οὕτως εἶναι τινὰ καὶ τῶν οἰκείων <lb/>ἑκάστῳ τῶν ὄντων ἑλκτικὴν, εὔλογον
						εἶναι δοκεῖ πᾶσιν ἀνθρώποις, <lb/>ὅσοι γε μηδέπω τὴν ἡμετέραν σοφίαν σοφοί· τὸ <lb/>δ’
						ἕλκεσθαι πάνθ’ ὁμοτίμως ὑπό τινος, ἄν τ’ οἰκεῖα ταῖς <lb/>ποιότησιν ἄν τ’ ἐναντιώτατα
						τύχῃ, θαυμαστῆς ἀλογίας μεστόν. <lb/>οὕτως οὐ μόνον ὡμολόγησας τὴν ὁλκὴν, ἀλλὰ καὶ <pb n="334"/> πολὺ χεῖρον ἢ ἐχρῆν οὐ μόνον τῶν οἰκείων, ἀλλ’ ἁπλῶς <lb/>ἁπάντων εἰπών.
						οὕτω μὲν δή μοι δοκεῖς οὐκ ἐπαινεῖσθαι <lb/>μᾶλλον ἢ παροινεῖσθαι δίκαιος ὑπάρχειν ὑπὸ
						τῶν περί σε <lb/>χορευτῶν. ὅτι δὲ οὐδὲ κέχρησαι ποτὲ καθαίρουσι φαρμάκοις, <lb/>ἀλλ’
						ἰδιώτης τέ τις εἶ καὶ ἄπορος ἔργων ἰατρικῶν, ἐγώ μοι <lb/>δοκῶ καὶ τοῦτο διὰ ταχέων
						ἐπιδείξειν. ὅσα καθαίρειν πέφυκε <lb/>μέλαιναν χολὴν, εὐθέως ἐξ ἀρχῆς κενοῖ μέλαιναν.
						διαφέρουσι <lb/>δ’ ἀλλήλων κενώσεις τῷ τὰ μὲν ὑγρότερα, τὰ δ’ ἐφεξῆς αὐτῶν <lb/>ἀεὶ καὶ
						μᾶλλον εἶναι παχύτερα. αὐτὸ τοῦτο καὶ τοῖς τὸ <lb/>φλέγμα καὶ τοῖς τὴν ξανθὴν χολὴν
						ἐκκαθαίρουσιν ὑπάρχει. <lb/>ἕλκει μὲν γὰρ ἐξ ἀρχῆς ἕκαστον αὐτῶν τὸν οἰκεῖον χυμὸν,
						<lb/>ἀλλ’ ἐν τῷ χρόνῳ παχύτερον, οὐ μὴν ὡς σὺ νομίζεις ἐπλήρωσέ <lb/>τις πρότερον ὅλην
						λεκάνην ὀῤῥώδους περιττώματος, <lb/>εἶθ’ ἑξῆς ἄλλην χολῆς ξανθῆς, κᾄπειτ’ ἄλλην
						φλέγματος, εἶθ’ <lb/>οὕτως κενοῦσθαι τὴν μέλαιναν. ᾧ δῆλον ὡς ὑπὸ μὲν τοῦ <lb/>φαρμάκου
						τὸ οἰκεῖον ἕλκεται, συνέπεται δὲ αὐτῷ τὸ ἐπιπολάζον <lb/>ὑδατῶδες. ἔνεστι δέ σοι τοῦτο
						θεᾶσθαι νῦν, εἰ καὶ <lb/>μὴ πρότερον πλεῖστον μὲν ὑδατῶδες καὶ χολῶδες κενουμένους <pb n="335"/> τοὺς ἀνθρώπους ἐπὶ ταῖς τοιαύταις τῶν φαρμάκων δόσεσιν, <lb/>ὀλιγίστην δὲ
						τὴν σύμπασαν αὐτοῖς γιγνομένην κένωσιν ἐπὶ <lb/>τοῖς τῆς μελαίνης ἀγωγοῖς. ἐχρῆν δὲ ἀεὶ
						πλεῖστον μὲν τὸ <lb/>σύμπαν ἐπὶ τοῖς τῆς μελαίνης κενοῦσθαι κατά γε τὴν σὴν
						<lb/>ὑπόθεσιν, ἐλάχιστον δὲ ἐπὶ τοῖς ὑδατώδεσίν τε καὶ χολώδεσιν. <lb/>ἀσθενείᾳ γάρ που
						καὶ ῥώμῃ τῶν φαρμάκων ὁ λόγος <lb/>σου διέκρινε τὴν τῶν κενουμένων ἰδέαν, ὡς ἐπὶ τοῖς
						<lb/>τῆς μελαίνης ἀγωγοῖς. ἐπεὶ δὲ ῥώμῃ ταῦτα τῶν ἄλλων <lb/>διαφέρει, παμπόλλη τις ἡ
						κένωσις γενήσεται, πρώτη μὲν <lb/>τοῦ ὑδατώδους ἅπαντος, εἶτα τοῦ χολώδους, εἶτα τοῦ
						<lb/>φλεγματώδους, εἶτ’ αὐτῆς τῆς μελαίνης. ἐπὶ δέ γε τῶν <lb/>ἀσθενῶν ὑπηλάτων αὐτὰ
						μόνα κενωθήσεται τὰ ὑδατώδη. <lb/>φαίνεται δὲ οὐδὲν τούτων γιγνόμενον, ὥστε ταῦτα τὰ
						<lb/>φαινόμενα καταβάλλει σου τὸν λόγον. ἄξιον δὲ ἀποκρίνεσθαί <lb/>σε καὶ διὰ τί τῶν
						παχυτέρων ἀεὶ μετὰ τὰ λεπτότερα <lb/>κενουμένων ἡ μέλαινα χολὴ προτέρα τοῦ αἵματος
						<lb/>ἕλκεται, καίτοι γε οἷον ἰλύς τις οὖσα τοῦ αἵματος, ὡς ἐν <lb/>τοῖς οἴνοις ἡ τρύξ.
					</p>
				</div>
				<pb n="336"/>

				<div type="textpart" subtype="chapter" n="4">
					<p>
						<milestone unit="ed2page" n="467"/>Ἴσως οὖν ζητήσεις εἰ ἔστι τι φάρμακον <lb/>εὐθὺς ἐξ
						ἀρχῆς αἵματος ἀγωγόν. ἔστιν, ὦ βέλτιστε, χρήσαιτο <lb/>δ’ ἂν οὐδεὶς αὐτῷ. διὰ τί; φήσεις
						ἴσως. ὅτι σφάξαι <lb/>τοῦτ’ ἂν εἴη τὸν ἄνθρωπον, οὐ καθῆραι. τὰ γάρ τοι καθαίροντα
						<lb/>δι’ αὐτὸ τοῦτο πρὸς ἁπάντων ὀνομάζεται καθαίροντα, <lb/>διότι καθαρὸν ἀποφαίνει τὸ
						αἷμα τῶν εἰρημένων περιττωμάτων. <lb/>οὐ μὴν οὕτω γέ τις ἐστὶ σοφὸς ἰατρὸς, ὡς ἐθελῆσαι
						<lb/>μὲν κενῶσαι ἅπαν τὸ αἷμα, καταλιπεῖν δ’ ἐν τῷ σώματι <lb/>τοὺς ἄλλους χυμούς. ὅθεν
						ἐν τοῖς δηλητηρίοις ἅπαντα τὰ <lb/>τοιαῦτα καταριθμοῦσιν, ὅσα κένωσιν αἵματος ἐργάζεται
						διὰ <lb/>τῶν κατὰ τὴν γαστέρα τε καὶ τὰ ἔντερα φλεβῶν. ἐχρῆν δὲ <lb/>οὐδὲ ταῦτα κατὰ τὴν
						σὴν ὑπόθεσιν ἐξ ἀρχῆς κενοῦν αἷμα. <lb/>τὰ δὲ ὀνόματα τῶν τοιούτων φαρμάκων, οὐδ’ εἰ
						βεβαίως <lb/>ἠπιστάμην, ἐδήλουν ἂν ἐν τοῖς γράμμασιν. ἀλλ’ ἐκεῖνό γε <lb/>μόνον ἀσφαλὲς
						εἰπεῖν μοι τὸ γενόμενον ἐν Θρᾳξὶ Βιθυνοῖς ἔτι <lb/>παίδων ἡμῶν ὑπαρχόντων. εὗρέ τις
						ἄνθρωπος τοιαύτην <lb/>βοτάνην, ὥστε τὸν προσαράμενον αὐτῆς ἀποκρίνειν αἷμα καὶ
						<lb/>οὕτως ἀπόλλυσθαι. πολλῶν οὖν ἀποθνησκόντων ὁμοίῳ <pb n="337"/> τρόπῳ, ζητήσεως
						ἀκριβεστέρας ἀξιώσαντες τὸ γινόμενον, <lb/>εὗρόν τε τὸν φαρμακέα καὶ πρὸς τὸν ἡγούμενον
						τοῦ ἔθνους <lb/>ἤγαγον. ἔργον δὲ ἐκείνου ποιουμένου μὴ μόνον αὐτὸν ἀποκτεῖναι <lb/>τὸν
						ἄνθρωπον, ἀλλὰ καὶ εἴ τις ἄλλος ἢ ἐδίδαξεν αὐτὸν <lb/>ἢ ἔμαθεν παρ’ αὐτοῦ, μαθεῖν μὲν
						παρ’ οὐδενὸς ἔφη τὴν <lb/>πόαν, ἀλλ’ ἧπαρ ποτὲ χοίρειον εἴς τι προάστειον κομίζων,
						<lb/>πηξάσης τῆς γαστρὸς, ἀποθέσθαι κατὰ βοτάνης αὐτὸ, κᾄπειτ’ <lb/>ἀναιρούμενον αὖθις
						ἰδεῖν ἰχῶρας αἱματώδεις ἐξ ὅλου τοῦ <lb/>ἥπατος ἐπὶ τὴν βοτάνην ἐκρέοντας, ἐντεῦθέν τε
						στοχασάμενον <lb/>εἰκὸς εἶναι τὴν βοτάνην ἕλκειν αἷμα, δοῦναι τινὶ πείρας <lb/>ἕνεκα τῶν
						ἐπιτυχόντων ἀνθρώπων, ὡς δ’ ἅπερ ἤλπισεν εὗρεν, <lb/>ἐπὶ κακῷ χρῆσθαι τοῦ λοιποῦ. οὐ μὴν
						οὐδὲ δεῖξαι ἔφη βοτάνην <lb/>ἑτέρῳ ἀνθρώπων. ταῦτ’ εἶπεν ὁ φαρμακεὺς ἐκεῖνος ἐπὶ
						πλεῖστον <lb/>βασανιζόμενος. ὁ δὲ τοῦ ἔθνους ἡγούμενος, ἐπεὶ κατὰ τὴν διήγησιν, <lb/>ἣν
						ἐποιήσατο περὶ τῆς βοτάνης, παμπόλλην ἔφη πεφυκέναι <lb/>πανταχόθεν, δεθέντα τοὺς
						ὀφθαλμοὺς ἐκέλευσεν αὐτὸν <lb/>ἀπαχθῆναι τεθνηξόμενον, ὅπως μή τινι μεταξὺ δείξειεν.
						ὥστε, <lb/>ὦ βέλτιστε, πολλὰ μὲν εἰκὸς εὑρῆσθαι φάρμακα τοιαύτην ﻿<pb n="338"/> ἔχοντα
						δύναμιν, ὥστε εὐθὺς ἐξ ἀρχῆς ἕλκειν αἷμα. σιωπᾶσθαι <lb/>δ’ εὔλογον αὐτὰ, καθάπερ τὰ
						ἄλλα δηλητήρια πρὸς <lb/>ἁπάντων σιωπᾶται τῶν ἐχόντων νοῦν. ἐγένοντο γάρ τινες <lb/>ἤδη
						καὶ περὶ τὴν τούτων διδασκαλίαν ἄφθονοι, τερατώδη <lb/>τινὰ κοινωνίαν ἐπιδειξάμενοι καὶ
						γράψαντες ἑκάστου τῶν <lb/>δηλητηρίων σκευασίας, ἀλλ’ οὐκ ἐκ τῶν νοῦν ἐχόντων οἱ
						τοιοῦτοι, <lb/>καθάπερ οὐδὲ ὑμεῖς, ἐὰν ἡμᾶς ἐρωτᾶτε τίνα τῶν φαρμάκων <lb/>αἵματός ἐστιν
						ἀγωγά. πάλιν τοίνυν τὸν λόγον ἐπὶ <lb/>τὸν ἐξ ἀρχῆς ἀναγάγωμεν σκοπόν. ὁ μὲν ἕλκεσθαι
						λέγων <lb/>ὁμοτίμως ἅπαντας τοὺς χυμοὺς, ἀλλὰ τοὺς μὲν εὐρουστάτους <lb/>πρώτους, ἐφεξῆς
						δὲ τοὺς ἄλλους ἀποκρίνεσθαι, προδίδωσι τὰ <lb/>φίλτατα, τὴν ἑλκτικὴν δύναμιν ὑπάρχειν ἐν
						τοῖς οὖσιν ὁμολογῶν. <lb/>ὑπὲρ ἧς ἀναισχυντεῖ ὁ χορὸς αὐτοῦ, περί τε χολῆς <lb/>καὶ
						οὔρου διακρίσεως, ἀναδόσεώς τε καὶ ἄλλων τοιούτων <lb/>ἀλλόκοτα λέγειν ὑπέμεινεν, ἔτι τε
							<milestone unit="ed2page" n="468"/>τοῖς φαινομένοις <lb/>ἐναντία τίθεται, καθάπερ
						ἐδείξαμεν ἔμπροσθεν. εἰ γὰρ ἀληθὴς <lb/>ἡ ὑπόθεσις αὕτη, πλείστη μὲν ἡ σύμπασα κένωσις
						ἐπὶ <lb/>τοῖς τῆς μελαίνης ἀγωγοῖς, ἐλαχίστη δὲ ἐπὶ τοῖς τῶν ὀῤῥωδῶν <pb n="339"/>
						περιττωμάτων ἔσται. καὶ μὴν δείξω σοι μυριάκις, ἐὰν θελήσῃς, <lb/>ὦ σοφιστὰ, κᾂν νῦν
						γοῦν θεάσασθαι τὰ τῆς τέχνης <lb/>ἔργα, τοῖς μὲν ὑδραγωγοῖς φαρμάκοις ἑπομένην ἀεὶ
						πλείστην <lb/>κένωσιν, τοῖς δὲ τὴν μέλαιναν ἐκκαθαίρουσιν ἐλαχίστην. <lb/>δείξω δὲ καὶ
						κατ’ ἀρχὰς εὐθέως ἐκκενουμένην τὴν <lb/>μέλαιναν. </p>
				</div>
				<div type="textpart" subtype="chapter" n="5">
					<p>Ὁ μὲν οὖν ἕλκεσθαι λέγων ὁμοτίμως ἅπαντας <lb/>τοὺς χυμοὺς εἰς τοσοῦτον ἀναίσθητός τε
						καὶ ἀμαθής <lb/>ἐστιν, ὁ δ’ ἀλλοιοῦσθαι θεασάσθω πάλιν εἰς ὅσον οὐδὲν <lb/>διοίσει κατ’
						αὐτὸν ἢ φλεβοτομεῖν ἢ καθαίρειν χολαγωγῷ <lb/>φαρμάκῳ τὸν ἰκτεριῶντα. κατὰ δὲ τὸν αὐτὸν
						τρόπον ὁμότιμόν <lb/>ἐστι φλεβοτομῆσαί τε τὸν ὑδεριῶντα καὶ κενῶσαι τινὶ <lb/>τῶν
						ὑδραγωγῶν, εἶτα οὐκ αἰσχρὰ τὰ τοιαῦτα; καταγελῶσιν <lb/>οὐκ ὀρθῶς οἱ πολλοὶ τὰ τοιαῦτα
						ἀκούοντες ἀλλήλοις ἀντιλεγόντων <lb/>τῶν ἰατρῶν, κατεγνώκασί τε τοῦ λόγου πάντες,
						ὀνομάζουσί <lb/>τε τοὺς ὁπωσοῦν τι φθεγγομένους λογιατρούς. ὃ <lb/>γὰρ εἴωθα λέγειν ἀεὶ,
						τοῦτο καὶ νῦν εἰπεῖν μοι καιρὸς, ἰδιώτης <lb/>ἅπας τοῦ τοιούτου <milestone unit="ed1page" n="487"/>σοφιστοῦ κρείττων ἐστίν. εἰ γὰρ καὶ <pb n="340"/> μηδὲν ἄλλο,
						τὰς γοῦν κατὰ φύσιν ἐννοίας οἱ ἰδιῶται διασώζουσιν, <lb/>ἀπολλύντων καὶ ταύτας διὰ
						μοχθηροὺς ἐθισμοὺς τῶν <lb/>σοφιστῶν. ἔναγχος γοῦν τις ἰδιώτης οὐκ ἄφρων ἐξανθημάτων
						<lb/>αὐτῷ κατὰ πολλὰ μόρια τοῦ σώματος ἐξαίφνης γενομένων <lb/>ἑλκωδῶν τε καὶ κακοχρόων
						ἧκεν ὡς τὸν ἰατρὸν, ἀξιῶν <lb/>ὅτι τάχιστα καθαρθῆναι. τοῦ δὲ φλεβοτομεῖσθαι μᾶλλον
						<lb/>αὐτὸν κελεύοντος, οὐ μαίνου, ἔφη, τῷ γὰρ διεφθαρμένῳ συνεκκενοῦσθαι <lb/>τὸ χρηστὸν
						εὔλογον ὑπάρχει. ἀλλ’ οἱ πάντα <lb/>μᾶλλον ἢ τὸν Ἱπποκράτειον λόγον ἀληθεύειν βουλόμενοι
						καὶ <lb/>τὰς κοινὰς ἐννοίας προσαπολλύουσι τῇ φιλονεικίᾳ. κᾄπειτ’ <lb/>ἐπιπηδῶσι μὲν
						ἡμῖν ὡς διασπασόμενοι, τοῖς δὲ ἐπ’ αὐτῶν τῶν <lb/>ἔργων ἐλέγχοις ἄχθονται. δίκαιον δὲ ἦν
						ὡς ἡμεῖς ἐκείνους <lb/>ἐπηρεάσοντας ὑπὲρ ὧν οὐκ ἴσασιν Ἱπποκράτην φέρομέν τε <lb/>καὶ
						πείθειν ἐπιχειροῦμεν, οὕτω καὶ αὐτοὺς ὑπομένειν τοὺς <lb/>ἐλέγχους, καὶ μάλιστα μὲν, εἰ
						οἷόν τε, στέργειν τοὺς διδάξαντας· <lb/>εἰ δὲ μὴ, ἀλλὰ μὴ μισεῖν γε πάντως. ἀκούσας γοῦν
						τις <lb/>τῶν ἀπὸ τῆς τοιαύτης ἐμπληξίας ἰατρῶν, ὡς ἐγὼ παμπόλλους <lb/>ἐθεράπευσα μόνῃ
						καθάρσει. τούτων δὴ τῶν τὰς καλουμένας <pb n="341"/> ἀλωπεκίας ἐχόντων τοὐντεῦθεν ἤρξατο
						μισεῖν με. καί τις <lb/>ἄλλος ὅτι καρκινώδεις διαθέσεις ἀρχομένας, τούς τε καλουμένους
						<lb/>ἐλέφαντας καὶ φαγεδαίνας, ἄλλα τε πολλὰ τῶν κακοήθων <lb/>ἑλκῶν ὁμοίως ἐμίσησεν,
						ἄλλος δὲ ὅτι σκοτωματικοὺς <lb/>ἐθεράπευσα καθάρσεσι μόναις, ἄλλος δ’ ὅτι μανιώδεις
						ἐπιλήπτους <lb/>τε καὶ μελαγχολικοὺς, ἔτι δὲ καὶ κεφαλαίᾳ κάμνοντας <lb/>οὐκ ὀλίγους
						ἐξιασάμην καθάρσεσι μόναις, ὥσπερ γε καὶ ἰσχιαδικούς. <lb/>οὕτω δὲ καὶ ἀλγήματα χρόνια
						κατὰ πολλοὺς τόπους <lb/>ἐσπαρμένα καὶ τοῦτον δὴ τὸν ἔναγχος ὡς κωλικὸν ἤδη τριῶν
						<lb/>μηνῶν ὑπὸ τῶν ἰατρῶν θεραπευσάμενον, ἐπὶ τὸ χεῖρον προϊόντα, <lb/>πάντα <milestone unit="ed2page" n="469"/>ἀποῤῥῖψαι κελεύσας ἐκεῖνα καθάρσεσι μόναις <lb/>ἰασάμην.
						ἰασάμην δὲ καὶ ῥοῦν γυναικεῖον, οὐκ ἀφανοῦς <lb/>τινος τῶν ἐν Ῥώμῃ γυναικῶν καθάρσεσι
						μόναις, ὥσπερ οὖν <lb/>καὶ ἄλλων πολλῶν ἀφανεστέρων αὐτό τε τοῦτο τὸ πάθημα <lb/>καὶ
						ἄλλα τινὰ τῶν κατὰ μήτραν συνισταμένων. ἐρυσιπελάτων <lb/>δὲ τί δεῖ καὶ λέγειν, ὡς οὐδέν
						ἐστι δραστικώτερον βοήθημα <lb/>χολαγωγοῦ φαρμάκου, καθάπερ ἐναντιώτατον αὐτοῖς <lb/>τὸ
						τοῦ φλέγματος ἀγωγόν. δι’ ὅλης ἡμέρας ἔχω καὶ ἄλλα <pb n="342"/> λέγειν ἔργα θαυμάσια
						καθάρσεσιν ἑπόμενα, περὶ ὧν ἀγνοεῖν <lb/>εἰκός ἐστι τοὺς μηδέποτε τὴν περὶ τὰ καθαίροντα
						φάρμακα <lb/>τέχνην μεμαθηκότας. ὅπου γὰρ οὐδ’ εἶναί τι νομίζουσιν <lb/>ὅλως καθαῖρον
						φάρμακον, ἦ πού γε ἐπί τινων χρηστέον ἢ καθ’ <lb/>ὅντινα τρόπον ἐπιστήσονται; διὰ τοῦτο
						θεραπεύουσιν μὲν <lb/>ἄλλοι τὰ παθήματα ψιλῇ καὶ μόνῃ ποδηγούμενοι τῇ πείρᾳ. <lb/>σοφοὶ
						δὲ ἡμῖν οὗτοι καὶ τὸν λόγον, οὐκ ἐφ’ ᾧ τι προσθεῖναι <lb/>τοῖς διὰ τῆς ἐμπειρίας
						εὑρημένοις, ἀλλ’ ἀνατρέψαι καὶ ταύτην <lb/>μεταχειριζόμενοι, πολὺ χεῖρον ἰατρεύουσι τῶν
						ἐπὶ ψιλαῖς καὶ <lb/>μόναις ὁρμώντων ταῖς ἀλόγοις τριβαῖς. ἁπάντων δὲ τούτων <lb/>ἀρχὴ
						καὶ πηγὴ μία τὸ πρὸς Ἱπποκράτην μῖσος, ἐξ ἧς <lb/>πηγῆς ἐῤῥύη μὲν καὶ ἄλλα πολλὰ, καὶ
						τουτὶ δὲ αὐτὸ τὸ <lb/>ἐνεστὸς σκέμμα, τὸ περὶ τῆς ἑλκτικῆς δυνάμεως, ἧς μέρος ἢ
						<lb/>εἶδος ἢ ὡς ἄν τις ἐθέλοι καλεῖν ἡ τῶν καθαιρόντων φαρμάκων <lb/>δύναμις. </p>
				</div>
			</div>
		</body>
	</text>
</TEI>
