<?xml version="1.0" encoding="UTF-8"?>
<!DOCTYPE TEI.2
  PUBLIC "-//TEI P4//DTD Main DTD Driver File//EN" "http://www.tei-c.org/Guidelines/DTD/tei2.dtd" [
<!ENTITY % TEI.XML "INCLUDE">
<!ENTITY % PersProse PUBLIC "-//Perseus P4//DTD Perseus Prose//EN" "http://www.perseus.tufts.edu/DTD/1.0/PersProse.dtd" >
%PersProse;
]>
<TEI.2>
   <teiHeader type="text" status="new">
      <fileDesc>
         <titleStmt>
            <title>Lacaenarum Apophthegmata</title>
            <title type="sub">Machine readable text</title>
            <author n="Plut.">Plutarch</author>
            <editor role="editor" n="Loeb">Frank Cole Babbitt</editor>&responsibility;&fund.NEH;</titleStmt>
         <extent/>&Perseus.publish;<sourceDesc>
            <biblStruct>
               <analytic/>
               <monogr>
                  <author>Plutarch</author>
                  <title>Moralia</title>
                  <respStmt>
                     <resp>with an English Translation by</resp>
                     <name>Frank Cole Babbitt</name>
                  </respStmt>
                  <imprint>
                     <pubPlace>Cambridge, MA</pubPlace>
                     <publisher>Harvard University Press</publisher>
                     <pubPlace>London</pubPlace>
                     <publisher>William Heinemann Ltd.</publisher>
                     <date>1931</date>
                  </imprint>
                  <biblScope type="volume">3</biblScope>
               </monogr>
            </biblStruct>
         </sourceDesc>
      </fileDesc>
      <encodingDesc>
         <editorialDecl>
            <correction status="high" method="silent">
               <p>optical character recognition</p>
            </correction>
         </editorialDecl>
         <refsDecl doctype="TEI.2">
            <state unit="chapter" delim="."/>
            <state unit="section"/>
         </refsDecl><!--<refsDecl doctype="TEI.2">
				<state unit="stephpage" n="chunk"/>
				</refsDecl>--></encodingDesc>
      <profileDesc>
         <langUsage>
            <language id="eng">English</language>
            <language id="greek">Greek</language>
            <language id="la">Latin</language>
         </langUsage>
      </profileDesc>
      <revisionDesc>
         <change>
            <date>5/10</date>
            <respStmt>
               <name>RS</name>
               <resp/>
            </respStmt>
            <item>tagged and parsed</item>
         </change>
      </revisionDesc>
   </teiHeader>
   <text>
      <body>
         <div1 type="chapter" n="intro">
            <pb id="v.3.p.453"/>
            <head>INTRODUCTION</head>
            <div2 type="section" n="1">
               <p>
						Of the <hi rend="italics">Sayings of Spartan Women</hi> the same may be
						said as of the <hi rend="italics">Sayings of Spartans</hi>. It truly represents
						the work of Plutarch, and many of the sayings are
						repeated elsewhere in his writings; others perhaps
						in his writings that are now lost. Whether the
						sayings were collected in this form by Plutarch or by
						someone else is a matter of minor importance.
					</p>
            </div2>
         </div1>
         <pb id="v.3.p.455"/>
         <div1 type="chapter">
            <head>ARGILEONIS</head>
            <div2 type="section" n="1">
               <p>Argileonis, the mother of Brasidas, when her son
						had met his death,<note resp="ed" place="unspecified" anchored="yes">At the battle of Amphipolis, 422 b.c.</note> and some of the citizens of
						Amphipolis arrived at Sparta and came to her, asked
						if her son had met his death honourably and in a
						manner worthy of Sparta. And when th ey proceeded
						to tell of his greatness, and declared that he was the
						best of all the Spartans in such enterprises, she said,
						<q direct="unspecified">Sirs, my son was a gude and honourable mon, but
							Sparta has mony a mon better than him.</q>
                  <note resp="ed" place="unspecified" anchored="yes">
                     <hi rend="italics">Cf.</hi> the note on <hi rend="italics">Moralia</hi>, 190 b, <hi rend="italics">supra</hi>.</note>
					          </p>
            </div2>
         </div1>
         <div1 type="chapter">
            <head>GORGO<note resp="ed" place="unspecified" anchored="yes">Gorgo later became the wife of Leonidas.</note>
            </head>
            <div2 type="section" n="1">
               <p>Gorgo, daughter of king Cleomenes, when
						Aristagoras of Miletus was urging her father to enter
						upon the war against the Persian king in behalf of
						the Ionians, promising a vast sum of money, and, in
						answer to Cleomenes' objections, making the amount
						larger and larger, said, <q direct="unspecified">Father, the miserable
							foreigner will be your ruin if you don't get him out of
							the house pretty soon!</q>
                  <note resp="ed" place="unspecified" anchored="yes">
                     <hi rend="italics">Cf.</hi> Herodotus, v. 48-51.</note>
					          </p>
            </div2>
            <div2 type="section" n="2">
               <p>Once when her father told her to give some
						grain to a man by way of remuneration, and added,
						<q direct="unspecified">It is because he showed me how to make the wine
							
							<pb id="v.3.p.457"/>
							
							taste good,</q> she said, <q direct="unspecified">Then, father, there will be
								more wine drunk, and the drinkers will become more
								intemperate and depraved.</q>
                  <note resp="ed" place="unspecified" anchored="yes">
                     <hi rend="italics">Cf.</hi> the note on <hi rend="italics">Moralia</hi>, 218 d (4), where the same idea is attributed to Archidamus.</note>
					          </p>
            </div2>
            <div2 type="section" n="3">
               <p>When she had watched Aristagoras having his
						shoes put on and laced by one of the servants, she
						said, <q direct="unspecified">Father, the foreigner hasn't any hands!</q>
                  <note resp="ed" place="unspecified" anchored="yes">
                     <hi rend="italics">Cf.</hi> Diogenes Laertius, vi. 44, where Diogenes the cynic goes Gorgo one better.</note>
					          </p>
            </div2>
            <div2 type="section" n="4">
               <p>When a foreigner made advances in a mild
						and leisurely way, she pushed him aside, saying,
						<q direct="unspecified">Get away from here, you who cannot play a
							woman's part either!</q>
					          </p>
            </div2>
            <div2 type="section" n="5">
               <p>Being asked by a woman from Attica, <q direct="unspecified">Why is
						it that you Spartan women are the only women that
						lord it over your men,</q> she said, <q direct="unspecified">Because we are
							the only women that are mothers of men.</q>
                  <note resp="ed" place="unspecified" anchored="yes">
                     <hi rend="italics">Cf. Moralia</hi>, 227 e, <hi rend="italics">supra</hi>, and the note.</note>
					          </p>
            </div2>
            <div2 type="section" n="6">
               <p>As she was encouraging her husband Leonidas,
						when he was about to set out for Thermopylae, to
						show himself worthy of Sparta, she asked what she
						should do; and he said, <q direct="unspecified">Marry a good man, and
							bear good children.</q>
                  <note resp="ed" place="unspecified" anchored="yes">
                     <hi rend="italics">Cf. Moralia</hi>, 225 a (2), <hi rend="italics">supra</hi>.</note>
					          </p>
            </div2>
         </div1>
         <div1 type="chapter">
            <head>GYRTIAS</head>
            <div2 type="section" n="1">
               <p>Gyrtias, when on a time Acrotatus, her grandson, in a fight with other boys received many blows,
						and was brought home for dead, and the family and
						friends were all wailing, said, <q direct="unspecified">Will you not stop
							your noise ? He has shown from what blood he was
							sprung.</q> And she said that people who were good
						for anything should not scream, but should try to
						find some remedy.<note resp="ed" place="unspecified" anchored="yes">The last sentence is borrowed from Plato, <hi rend="italics">Republic</hi>, 604 c.</note>
						
						            <pb id="v.3.p.459"/>
						
					          </p>
            </div2>
            <div2 type="section" n="2">
               <p>When a messenger came from Crete bringing
						the news of the death of Acrotatus,<note resp="ed" place="unspecified" anchored="yes">Son of Areus I., king of Sparta. He fell in battle at Megalopolis in 265 bc., but the fact that hsi father Areus had been fighting in Crete may account for the intrusion of Crete here. Pausanias (viii. 27. 11) makes a more serious error in confusing this Acrotatus with his grandfather of the same name.</note> she said, <q direct="unspecified">When
							he had come to the enemy, was he not bound either
							to be slain by them or to slay them ? It is more
							pleasing to hear that he died in a manner worthy of
							myself, his country, and his ancestors than if he had
							lived for all time a coward.</q>
                  <note resp="ed" place="unspecified" anchored="yes">
                     <hi rend="italics">Cf.</hi> the similar saying of a Spartan woman, quoted by Teles in Stobaeus, <hi rend="italics">Florilegium</hi>, cviii. 83.</note>
					          </p>
            </div2>
         </div1>
         <div1 type="chapter">
            <head>DAMATRIA</head>
            <div2 type="section" n="1">
               <p>
						Damatria heard that her son had been a coward
						and unworthy of her, and when he arrived, she made
						away with him. This is the epigram<note resp="ed" place="unspecified" anchored="yes">
                     <hi rend="italics">Cf.</hi> the <hi rend="italics">Palatine Anthology</hi>, vii. no. 433, or W. R. Paton, <hi rend="italics">The Greek Anthology</hi> (in L.C.L.), ii. p. 238.</note> referring to
						her :
						<quote rend="blockquote">Sinner against our laws, Damatrius, slain by his mother,
						Was of the Spartan youth; she was of Sparta too.</quote>
					          </p>
            </div2>
         </div1>
         <div1 type="chapter">
            <head>OTHER SPARTAN WOMEN TO FAME UNKNOWN</head>
            <div2 type="section" n="1">
               <p>Another Spartan woman made away with her
						son, who had deserted his post, on the ground that
						he was unworthy of his country, saying, <q direct="unspecified">Not mine
							the scion.</q> This is the epigram referring to her<note resp="ed" place="unspecified" anchored="yes">
                     <hi rend="italics">Cf.</hi> the variant version in the <hi rend="italics">Palatine Anthology</hi>, vii. no. 433 (or W. R. Paton, <hi rend="italics">The Greek Anthology</hi> (in L.C.L.), ii. p. 238).</note>:
						<quote rend="blockquote">
                     <l>Off to your fate through the darkness, vile scion, who
						makes such a hatred,
						So the Eurotas flow not e'en for the timorous deer.
						</l>
                     <l>Worthless whelp that you are, vile remnant, be oif now to
						Hades;
						Off! for never I bore Sparta's unworthy son.<note resp="ed" place="unspecified" anchored="yes">
                           <hi rend="italics">Cf. Moralia</hi>, 242 a, <hi rend="italics">infra</hi>.</note>
                     </l>
                  </quote>
						
						            <pb id="v.3.p.461"/>
						
					          </p>
            </div2>
            <div2 type="section" n="2">
               <p>Another, hearing that her son had fallen on the
						field of battle, said:<note resp="ed" place="unspecified" anchored="yes">
                     <hi rend="italics">Cf. Moralia</hi>, 235 a, <hi rend="italics">supra</hi>.</note>
						            <quote rend="blockquote">
                     <l>Let the poor cowards be mourned, but, with never a tear
							do I bury
							</l>
                     <l>You, my son, who are mine, yea, and are Sparta's as
							well.</l>
                  </quote>
					          </p>
            </div2>
            <div2 type="section" n="3">
               <p>Another, hearing that her son had been saved
						and had run away from the enemy, wrote to him,
						<q direct="unspecified">Ill report is spread about ye; aither clear yersel'
							of this or stop yer living.</q>
					          </p>
            </div2>
            <div2 type="section" n="4">
               <p>Another, when her sons had run away from
						battle and come to her, said, <q direct="unspecified">Where have you
							come now in your cowardly flight, vile varlets ? Do
							you intend to slink in here whence you came forth?</q>
						And with these words she pulled up her garment and
						showed them.<note resp="ed" place="unspecified" anchored="yes">
                     <hi rend="italics">Cf. Moralia</hi>, 246 a, and Teles as quoted by Stobaeus, <hi rend="italics">Florilegium</hi>, cviii. 83.</note>
					          </p>
            </div2>
            <div2 type="section" n="5">
               <p>One woman, observing her son coming towards
						her, inquired, <q direct="unspecified">How fares our country?</q> And
						when he said, <q direct="unspecified">All have perished,</q> she took up a
						tile and, hurling it at him, killed him, saying, <q direct="unspecified">And
							so they sent you to bear the bad news to us!</q>
					          </p>
            </div2>
            <div2 type="section" n="6">
               <p>As a man was narrating to his mother the
						noble death of his brother, she said, <q direct="unspecified">Isn't it a
							shame, then, to have missed his company on such a
							journey ?</q>
                  <note resp="ed" place="unspecified" anchored="yes">
                     <hi rend="italics">Cf. Moralia</hi>, 242 b (22), <hi rend="italics">infra</hi>.</note>
					          </p>
            </div2>
            <div2 type="section" n="7">
               <p>One woman sent forth her sons, five in number,
						to war, and, standing in the outskirts of the city, she
						awaited anxiously the outcome of the battle. And
						when someone arrived and, in answer to her inquiry,
						reported that all her sons had met death, she said,
						
						<pb id="v.3.p.463"/>
						
						            <q direct="unspecified">I did not inquire about that, you vile varlet, but
							how fares our country ?</q> And when he declared
						that it was victorious, <q direct="unspecified">Then,</q> she said, <q direct="unspecified">I accept
							gladly also the death of my sons.</q> 
                  <note resp="ed" place="unspecified" anchored="yes">
                     <hi rend="italics">Cf.</hi> Plutarch's <hi rend="italics">Life of Agesilaus</hi>, chap. xxix. (612 c-d).</note>
					          </p>
            </div2>
            <div2 type="section" n="8">
               <p>Another was burying her son, when a commonplace old woman came up to her and said, <q direct="unspecified">Ah the
						bad luck of it, you puir woman.</q> 
                  <q direct="unspecified">No, by Heaven,</q>
						said she, <q direct="unspecified">but good luck; for I bore him that he
							might die for Sparta, and this is the very thing that
							has come to pass for me.</q>
                  <note resp="ed" place="unspecified" anchored="yes">The story is told also by Teles in Stobaeus, <hi rend="italics">Florilegium</hi>, cviii. 83; <hi rend="italics">cf.</hi> also Cicero, <hi rend="italics">Tusculan Disputations</hi>, i. 42 (102).</note>
					          </p>
            </div2>
            <div2 type="section" n="9">
               <p>When a woman from Ionia showed vast pride in
						a bit of her own weaving, which was very valuable, a
						Spartan woman pointed to her four sons, who were
						most well-behaved, and said, <q direct="unspecified">Such should be the
							employments of the good and honourable woman,
							and it is over these that she should be elated and
							boastful.</q>
                  <note resp="ed" place="unspecified" anchored="yes">
                     <hi rend="italics">Cf.</hi> Severus in Stobaeus, <hi rend="italics">Florilegium</hi>, v. 47, and the similar story of the Roman Cornelia, the mother of the Gracchi.</note>
					          </p>
            </div2>
            <div2 type="section" n="10">
               <p>Another, hearing about her son that he was
						conducting himself badly in a foreign land, wrote to
						him, <q direct="unspecified">Ill report is spread about ye; pit this from ye
							or else stop yer living.</q>
                  <note resp="ed" place="unspecified" anchored="yes">
                     <hi rend="italics">Cf. Moralia</hi>, 241 a (3), <hi rend="italics">supra</hi>.</note>
					          </p>
            </div2>
            <div2 type="section" n="11">
               <p>Of somewhat similar character is this : Chian
						exiles came to Sparta, and accused Paedaretus of
						many misdeeds; whereupon his mother Teleutia
						sent for them and, after listening to their complaints,
						feeling that her son was in the wrong, sent him this
						letter : <q direct="unspecified">Mither to Paedaretus. Aither dae better,
							or stay whare ye are, and gie up hope o' gaen back
							safe to Sparta.</q>
						
						            <pb id="v.3.p.465"/>
						
						
					          </p>
            </div2>
            <div2 type="section" n="12">
               <p>Another, when her son was being tried for some
						offence, said to him, <q direct="unspecified">My child, either rid yourself
							of the charges, or rid yourself of life.</q>
					          </p>
            </div2>
            <div2 type="section" n="13">
               <p>Another, as she accompanied a lame son on
						his way to the field of battle, said, <q direct="unspecified">At every step,
							my child, remember your valour.</q>
                  <note resp="ed" place="unspecified" anchored="yes">
                     <hi rend="italics">Cf. Moralia</hi>, 331 b; Stobaeus, <hi rend="italics">Florilegium</hi>, vii. 29; Cicero, <hi rend="italics">De oratore</hi>, ii. 61 (249).</note>
					          </p>
            </div2>
            <div2 type="section" n="14">
               <p>Another, when her son came back to her from
						the field of battle wounded in the foot, and in great
						pain, said, <q direct="unspecified">If you remember your valour, my child,
							you will feel no pain, and be quite cheerful.</q>
                  <note resp="ed" place="unspecified" anchored="yes">
                     <hi rend="italics">Cf. Moralia</hi>, 331 b; Stobaeus, <hi rend="italics">Florilegium</hi>, vii. 29; Cicero, <hi rend="italics">De oratore</hi>, ii. 61 (249).</note>
					          </p>
            </div2>
            <div2 type="section" n="15">
               <p>A Spartan, wounded in battle and unable to
						walk, was crawling on all fours. He was mortified at
						being so ridiculous; but his mother said to him,
						<q direct="unspecified">How much better to be joyful over your bravery
							rather than to be mortified at silly laughter.</q>
					          </p>
            </div2>
            <div2 type="section" n="16">
               <p>Another, as she handed her son his shield,
						exhorted him, saying, <q direct="unspecified">Either this or upon this.</q>
                  <note resp="ed" place="unspecified" anchored="yes">Referred to Gorgo as the author by Aristotle in his <hi rend="italics">Aphorisms</hi>, as quoted by Stobaeus, <hi rend="italics">Florilegium</hi>, vii. 31, but it is often spoken of as a regular Spartan custom. <hi rend="italics">Cf.</hi>, for example, the scholium on Thucydides, ii. 39. <p/>Ancient writers were not agreed whether the second half meant to fall upon the shield (dead or wounded) or to be brought home dead upon it. In support of the second (traditional) interpretation <hi rend="italics">cf. Moralia</hi>, 235 a, and Valerius Maximus, ii. 7, ext. 2.</note>
					          </p>
            </div2>
            <div2 type="section" n="17">
               <p>Another, as her son was going forth to war,
						said, as she gave the shield into his hands, <q direct="unspecified">This
							shield your father kept always safe for you; do you,
							therefore, keep it safe, or cease to live.</q>
					          </p>
            </div2>
            <div2 type="section" n="18">
               <p>Another, in answer to her son who said that
						the sword which he carried was short,<note resp="ed" place="unspecified" anchored="yes">
                     <hi rend="italics">Cf. Moralia</hi>, 191 e, <hi rend="italics">supra</hi>.</note> said, <q direct="unspecified">Add a
							step to it.</q>
					          </p>
            </div2>
            <div2 type="section" n="19">
               <p>Another, hearing that her son had been slain
						fighting bravely in the line of battle, said, <q direct="unspecified">Yes, he
							
							<pb id="v.3.p.467"/>
							was mine.</q> But learning in regard to her other son
						that he had played the coward and saved his life, she
						said, <q direct="unspecified">No, he was not mine,</q>
                  <note resp="ed" place="unspecified" anchored="yes">
                     <hi rend="italics">Cf. Moralia</hi>, 241 a, <hi rend="italics">supra</hi>.</note>
					          </p>
            </div2>
            <div2 type="section" n="20">
               <p>Another, hearing that her son had been killed
						in battle on the spot where he had been placed,
						said, <q direct="unspecified">Lay him away, and let his brother take his
							place.</q>
					          </p>
            </div2>
            <div2 type="section" n="21">
               <p>Another, engaged in conducting a solemn public procession, heard that her son was victorious on the
						field of battle, but that he was dying from the many
						wounds he had received. She did not remove the
						garland from her head, but with a proud air said to
						the women near her, <q direct="unspecified">How much more noble, my
							friends, to be victorious on the field of battle and meet
							death, than to win at the Olympic games and live!</q>
                  <note resp="ed" place="unspecified" anchored="yes">
                     <hi rend="italics">Cf.</hi> the somewhat similar story about Xenophon in <hi rend="italics">Moralia</hi>, 118 f.</note>
					          </p>
            </div2>
            <div2 type="section" n="22">
               <p>As a man was relating to his sister the noble
						death of her son, she said, <q direct="unspecified">As glad as I am for him,
							I am sorry for you that you were left behind when
							you might have gone in such brave company.</q>
                  <note resp="ed" place="unspecified" anchored="yes">
                     <hi rend="italics">Cf. Moralia</hi>, 241 b (6), <hi rend="italics">supra</hi>.</note>
					          </p>
            </div2>
            <div2 type="section" n="23">
               <p>A man sent to a Spartan woman to ask if she
						were inclined to look with favour upon seduction; she
						replied, <q direct="unspecified">When I was a child I learned to obey my
							father, and made that my practice. Then when I
							became a married woman, my husband took that
							place. So if the man's proposal is honourable, let
							him lay the matter before my husband first.</q>
					          </p>
            </div2>
            <div2 type="section" n="24">
               <p>A poor girl, being asked what dowry she brought
						to the man who married her, said, <q direct="unspecified">The family
							virtue.</q>
					          </p>
            </div2>
            <div2 type="section" n="25">
               <p>A Spartan woman, being asked if she had made
						advances to her husband, said, <q direct="unspecified">No, but my husband
							has made them to me.</q>
                  <note resp="ed" place="unspecified" anchored="yes">
                     <hi rend="italics">Cf. Moralia</hi>, 140 c.</note>
						
						            <pb id="v.3.p.469"/>
					          </p>
            </div2>
            <div2 type="section" n="26">
               <p>A girl had secret relations with a man, and,
						after bringing on an abortion, she bore up so bravely,
						not uttering a single sound, that her delivery took
						place without the knowledge of her father and
						others who were near. For the confronting of her
						indecorum with decorum gained the victory over the
						poignant distress of her pains.
					</p>
            </div2>
            <div2 type="section" n="27">
               <p>A Spartan woman who was being sold as a
						slave, when asked what she knew how to do, said,
						<q direct="unspecified">To be faithful.</q>
					          </p>
            </div2>
            <div2 type="section" n="28">
               <p>Another, taken captive, and asked a similar
						question, said, <q direct="unspecified">To manage a house well.</q>
					          </p>
            </div2>
            <div2 type="section" n="29">
               <p>Another, asked by a man if she would be good
						if he bought her, said, <q direct="unspecified">Yes, and if you do not buy
							me.</q>
                  <note resp="ed" place="unspecified" anchored="yes">
                     <hi rend="italics">Cf. Moralia</hi>, 234 c (39), <hi rend="italics">supra</hi>.</note>
					          </p>
            </div2>
            <div2 type="section" n="30">
               <p>Another who was being sold as a slave, when
						the crier inquired of her what she knew how to do,
						said, <q direct="unspecified">To be free.</q> And when the purchaser ordered
						her to do something not fitting for a free woman, she
						said, <q direct="unspecified">You will be sorry that your meanness has cost
							you such a possession,</q> and committed suicide.<note resp="ed" place="unspecified" anchored="yes">
                     <hi rend="italics">Cf. Moralia</hi>, 234 b (37 and 38), <hi rend="italics">supra</hi>.</note>
					          </p>
            </div2>
         </div1>
      </body>
   </text>
</TEI.2>