<ti:work xmlns:ti="http://chs.harvard.edu/xmlns/cts" groupUrn="urn:cts:greekLit:tlg0057" xml:lang="grc" urn="urn:cts:greekLit:tlg0057.tlg001">
  <ti:title xml:lang="eng">Adhortatio ad artes addiscendas</ti:title>
  <ti:edition urn="urn:cts:greekLit:tlg0057.tlg001.1st1K-grc1" workUrn="urn:cts:greekLit:tlg0057.tlg001">
    <ti:label xml:lang="eng">Adhortatio ad artes addiscendas</ti:label>
    <ti:description xml:lang="eng">Galen, Adhortatio ad artes addiscendas</ti:description>
  </ti:edition>
<ti:edition urn="urn:cts:greekLit:tlg0057.tlg001.1st1K-grc2" workUrn="urn:cts:greekLit:tlg0057.tlg001">
<ti:label xml:lang="eng">Protrepticus</ti:label>
<ti:description xml:lang="eng">Galen, Protrepticus</ti:description>
</ti:edition>
</ti:work>
