<?xml version="1.0" encoding="UTF-8"?>
<?xml-model href="http://www.stoa.org/epidoc/schema/latest/tei-epidoc.rng" schematypens="http://relaxng.org/ns/structure/1.0"?>
<TEI xmlns="http://www.tei-c.org/ns/1.0">
    <teiHeader>
        <fileDesc>
            <titleStmt><title>Adhortatio ad artes addiscendas</title>
                <author>Galen</author>
                <editor>Karl Gottlob Kühn</editor>
                <funder>Andrew W. Mellon Foundation</funder>
                <respStmt>
          <resp>Published original versions of the electronic texts</resp>
          <orgName ref="http://www.graeco-arabic-studies.org/">A Digital Corpus for Graeco-Arabic Studies, funded by the Andrew W. Mellon Foundation</orgName>
          <persName>Mark Schiefsky, Harvard University</persName>
          <persName>Gregory R. Crane, Universität Leipzig</persName>
          <persName>Uwe Vagelpohl, University of Warwick</persName>
        </respStmt>
        <respStmt>
          <resp>Keyboarding</resp>
          <orgName xml:id="DDD">Digital Divide Data</orgName>
        </respStmt>
        <respStmt>
          <resp>Editor-in-Chief, Perseus Digital Library</resp>
          <persName>Gregory R. Crane</persName>
        </respStmt>
        <respStmt>
          <resp>Project Manager (University of Leipzig), 2016 - present</resp>
          <persName>Matt Munson</persName>
        </respStmt>
        <respStmt>
          <resp>Project Assistant (University of Leipzig), 2015 - present</resp>
          <persName>Annette Geßner</persName>
        </respStmt>
        <respStmt>
          <resp>Lead Developer (University of Leipzig)</resp>
          <persName>Thibault Clérice</persName>
        </respStmt>
        <respStmt>
          <resp>Technical Advisor</resp>
          <persName>Bruce Robertson</persName>
        </respStmt>
      </titleStmt>
      <publicationStmt>
                <authority>A Digital Corpus for Graeco-Arabic Studies, funded by the Andrew W.
                    Mellon Foundation</authority>
                <publisher>University of Leipzig</publisher>
                <pubPlace>Germany</pubPlace>
                <idno type="filename">tlg0057.tlg001.1st1K-grc1.xml</idno>
                <availability>
                    <licence target="https://creativecommons.org/licenses/by-sa/4.0/">Available
                        under a Creative Commons Attribution-ShareAlike 4.0 International
                        License</licence>
                </availability>
                <date>2016</date>
            </publicationStmt>
            <sourceDesc>
                <biblStruct>
                    <monogr>
                        <title>Claudii Galeni Opera Omnia</title>
                        <author>Galen</author>
                        <editor>Karl Gottlob Kühn</editor>
                        <imprint>
                            <publisher>Cnobloch</publisher>
                            <pubPlace>Lipsiae</pubPlace>
                            <biblScope unit="vol">1</biblScope>
                            <biblScope unit="pp" from="1" to="39">1-39</biblScope>
                            <date>1821</date>
                        </imprint>
                    </monogr>
                    <ref target="https://catalog.hathitrust.org/Record/009723957">HathiTrust</ref>
                </biblStruct>
            </sourceDesc>
        </fileDesc>
        <encodingDesc>
            <p>The following text is encoded in accordance with EpiDoc standards and with the
                CTS/CITE Architecture.</p>
            <refsDecl n="CTS">
                <cRefPattern matchPattern="(.+)" n="chapter" replacementPattern="#xpath(/tei:TEI/tei:text/tei:body/tei:div/tei:div[@n='$1'])"/>
            </refsDecl>
        </encodingDesc>
        <profileDesc>
            <langUsage>
                <language ident="greek">Greek</language>
            </langUsage>
        </profileDesc>
    </teiHeader>
    <text>
        <body>

            <div type="edition" xml:lang="grc" n="urn:cts:greekLit:tlg0057.tlg001.1st1K-grc1">
                <pb n="1"/>

                <div type="textpart" subtype="chapter" n="1">
                    <head>ΓΑΛΗΝΟΥ ΠΑΡΑΦΡΑΣΤΟΥ <lb/>ΤΟΥ ΜΗΝΟΔΟΤΟΥ <lb/>ΠΡΟΤΡΕΠΤΙΚΟΣ ΛΟΓΟΣ ΕΠΙ ΤΑΣ
                        <lb/>ΤΕΧΝΑΣ.</head>
                    <p>Εἰ μὲν μηδόλως λόγου μέτεστι τοῖς ἀλόγοις <lb/>ὀνομαζομένοις ζώοις, ἄδηλόν
                        ἐστι. ἴσως γὰρ εἰ καὶ μὴ <lb/>τοῦ κατὰ τὴν φωνὴν, ὃν καὶ προφορικὸν
                        ὀνομάζουσιν, <lb/>ἀλλὰ τοῦ γε κατὰ τὴν ψυχὴν, ὃν ἐνδιάθετον καλοῦσι,
                        <lb/>μετέχει πάντα, τὰ μὲν μᾶλλον, τὰ δὲ ἦττον. Ὅτι μέντοι <pb n="2"/>
                        πλεῖστον ὅσον αὐτῶν διενηνόχασιν οἱ ἄνθρωποι, πρόδηλον <lb/>ἡμῖν ἐστιν,
                        ὁρῶσι τό τε πλῆθος τῶν τεχνῶν, ὧν <lb/>μεταχειρίζεται τὸ ζῶον τοῦτο, καὶ ὅτι
                        μόνος ἄνθρωπος <lb/>ἐπιστήμης ἐπιδεκτικὸς, ἣν ἂν ἐθελήσῃ, τέχνην μανθάνει.
                        <lb/>Τὰ μὲν γὰρ ἄλλα ζῷα σχεδὸν ἄτεχνα πάντ’ ἐστὶ <lb/>πλὴν ὀλίγων δὴ τινῶν
                        ἐν αὐτοῖς· ἀλλὰ καὶ ταῦτα φύσει <lb/>μᾶλλον, ἢ προαιρέσει τεχνῶν εὐτύχηκεν.
                        Ὁ δ’ ἄνθρωπος <lb/>οὔτε τινός τῶν παρ’ ἐκείνοις ἀμελέτητος· ἀλλὰ καὶ
                        <lb/>τὴν ὑφαντικὴν ἐμιμήσατο τὰς ἀράχνας, καὶ πλάττει, καθάπερ <lb/>αἱ
                        μέλισσαι, καὶ τοῦ νεῖν οὐκ ἀνάσκητός ἐστι, <lb/>καίτοι πεζὸς ὤν· ἀλλὰ καὶ
                        τῶν θείων τεχνῶν οὐκ ἀπολείπεται, <lb/>ζηλῶν μὲν Ἀσκληπιοῦ τέχνην ἰατρικὴν,
                        ζηλῶν δ’ <lb/>Ἀπόλλωνος αὐτήν γε ταύτην, καὶ τὰς ἄλλας ἁπάσας, ἃς <lb/>ἔχει,
                        τοξικὴν, μουσικὴν, μαντικήν· ἔτι τε τῶν Μουσῶν τὴν <lb/>ἑκάστης ἰδίαν. Οὐδὲ
                        γὰρ γεωμετρίας, οὐδ’ ἀστρονομίας <lb/>ἀφίσταται, ἀλλὰ καὶ τὰ τῆς γῆς νέρθεν,
                        καὶ τὰ ὕπερθε <lb/>τοῦ οὐρανοῦ, κατὰ Πίνδαρον, ἐπισκοπεῖ. ἐξεπορίσατο δὲ <pb n="3"/> ὑπὸ φιλοπονίας καὶ τὸ μέγιστον τῶν θείων ἀγαθῶν, φιλοσοφίαν.
                        <lb/>Δαὶ ταῦτα τοίνυν, κᾂν λόγου μέτεστι τοῖς ἄλλοις <lb/>ζώοις, κατ’ ἐξοχὴν
                        αὐτῶν καὶ ὁ ἄνθρωπος μόνος ὀνομάζεται <lb/>λογικός. </p>
                </div>
                <div type="textpart" subtype="chapter" n="2">
                    <p>
                        <milestone unit="ed2page" n="4"/>Πῶς οὖν οὐκ αἰσχρὸν, ᾧ μόνῳ τῶν ἐν
                        <lb/>ἡμῖν κοινωνοῦμεν θεοῖς, τούτου μὲν ἀμελεῖν, ἐσπευκέναι δὲ <lb/>περί τι
                        τῶν ἄλλων, τέχνης μὲν ἀναλήψεως καταφρονοῦντα, <lb/>τύχῃ δ’ ἑαυτὸν
                        ἐπιτρέποντα; ἧς τὴν μοχθηρίαν ἐμφανίσαι <lb/>βουληθέντες οἱ παλαιοὶ,
                        γράφοντες καὶ πλάττοντες αὐτὴν, <lb/>οὐ μόνον ἐν εἴδει γυναικὸς ἠρκέσθησαν·
                        (καίτοι τοῦθ’ ἱκανὸν <lb/>ἦν ἀνοίας σύμβολον) ἀλλὰ καὶ πηδάλιον ἔδοσαν ἐν
                        χεροῖν <lb/>ἔχειν αὐτῇ, καὶ τοῖν ποδοῖν ὑπέθεσαν βάσιν σφαιρικὴν,
                        <lb/>ἐστέρησαν δὲ καὶ τοῖν ὀφθαλμοῖν· ἐνδεικνύμενοι διὰ τούτων <lb/>ἁπάντων
                        τὸ τῆς τύχης ἄστατον. Ὥσπερ οὖν ἐν νηῒ <lb/>χειμαζομένῃ σφοδρῶς, ὡς
                        ἐπικλύζεσθαί τε τοῖς κύμασι, καὶ <lb/>κινδυνεύειν βυθισθῆναι, μοχθηρῶς ἄν
                        τις πράξειεν, ἐπιτρέψας <lb/>τὰ πηδάλια κυβερνήτῃ τυφλῷ· κατὰ τὸν αὐτὸν,
                        οἶμαι, <lb/>τρόπον κᾀν τῷ βίῳ, μειζόνων ναυαγίων περὶ πολλοὺς <pb n="4"/>
                        οἴκους γιγνομένων, ἢ περὶ τὰ σκάφη κατὰ θάλατταν, οὐκ <lb/>ὀρθῶς
                        γιγνώσκοντος ἐστὶν, ἐπιτρέπειν ἑαυτὸν ἐν τοιαύταις <lb/>περιστάσεσι
                        πραγμάτων τυφλῇ δαίμονι, μήδ’ αὐτῇ βεβαίως <lb/>ἐστηριγμένῃ. Ἔμπληκτός τε
                        γάρ ἐστι καὶ ἄνους εἰς τοσοῦτον, <lb/>ὡς πολλάκις τοὺς ἀξιολόγους ἄνδρας
                        παρερχομένη, πλουτίζειν <lb/>τοὺς ἀναξίους· οὐδὲ τούτους βεβαίως, ἀλλ’ ὅσον
                        <lb/>πάλιν αὐτῶν ἀφαιρεῖσθαι τὰ δοθέντα. Ταύτῃ τῇ δαίμονι <lb/>πλῆθος ἀνδρῶν
                        ἀμαθῶν οὐκ ὀλίγον ἕπεται, μηδέποτ’ ἐν τῷ <lb/>αὐτῷ μενούσῃ διὰ τὸ τῆς βάσεως
                        εὐμετακύλιστον, ἥτις αὐτὴν <lb/>ἄγει καὶ φέρει καὶ κατὰ κρημνῶν ἐνίοτε καὶ
                        θαλάττης. <lb/>Ἔνθα συναπόλλυνται μὲν ἀλλήλοις, ἑπόμενοι πάντες αὐτῇ·
                        <lb/>μόνη δ’ ἀβλαβὴς ἐκείνη διεξέρχεται, καταγελῶσα τῶν ὀλοφυρομένων
                        <lb/>καὶ καλούντων αὐτὴν, ὅτ’ οὐδὲν ὄφελος. Τὰ <lb/>μὲν δὴ τῆς τύχης ἔργα
                        τοιαῦτα. </p>
                </div>
                <div type="textpart" subtype="chapter" n="3">
                    <p>Τὸν δ’ Ἑρμῆν, ἅτε λόγου μὲν ὄντα δεσπότην, <lb/>ἐργάτην δὲ τέχνης ἁπάσης,
                        θέασαι πάλιν, ὅπως ἐξ <pb n="5"/> ὑπεναντίου τῇ τύχῃ κεκοσμήκασι πάλιν οἱ
                        γράφοντές τε καὶ <lb/>πλάττοντες. Νεανίσκος ἐστὶν ὡραῖος, οὐκ ἐπίκτητον,
                        οὐδὲ <lb/>κομμωτικὸν ἔχων κάλλος, ἀλλ’ εὐθὺς ὥστε συνεμφαίνεσθαι <lb/>τὴν
                        τῆς ψυχῆς ἀρετὴν δι’ αὐτοῦ. ἔστι δὲ φαιδρὸς μὲν τὰς <lb/>ὄψεις, δέδορκε δὲ
                        δριμὺ, καὶ ἡ βάσις τὸ πάντων σχημάτων <lb/>ἑδραιότατόν τε καὶ
                        ἀμεταπτωτότατον ἔχει, τὸν κύβον. ἔσθ’ <lb/>ὅτε δὲ καὶ αὐτὸν τὸν θεὸν τούτῳ
                        τῷ σχήματι κοσμοῦσιν. <lb/>Ἴδοις δ’ ἂν τοὺς θιασώτας αὐτοῦ φαιδροὺς μὲν
                        ὁμοίως τῷ <lb/>καθηγουμένῳ θεῷ, μεμφομένους δ’ οὐδέποτε αὐτὸν, ὥσπερ <lb/>οἱ
                        τὴν τύχην, οὐδ’ ἀπολειπομένους πότ’, οὐδὲ χωριζομένους· <lb/>ἀλλ’ ἑπομένους
                        τε καὶ διὰ παντὸς ἀπολαύοντας τῆς προνοίας <lb/>αὐτοῦ. </p>
                </div>
                <div type="textpart" subtype="chapter" n="4">
                    <p>Τοὺς δέ γε τῆς τύχης συνεπομένους ἅπαντας <lb/>μὲν ἀργοὺς θεάσῃ καὶ τεχνῶν
                        ἀμαθεῖς· ὀχουμένους δ’ ἐπ’ <lb/>ἐλπίδων ἀεὶ, καὶ θεούσῃ τῇ δαίμονι
                        συνθέοντας· ἐνίους <lb/>μὲν ἐγγὺς, ἐνίους δὲ <milestone unit="ed2page" n="5"/>ποῤῥωτέρω, τινὰς δὲ καὶ τῆς χειρὸς <lb/>αὐτῆς ἐξημμένους. Ἐν τούτοις ἅπασι
                        καὶ τὸν Κροῖσον ﻿<pb n="6"/> ἐκεῖνον τὸν Λυδὸν ὄψει, καὶ τὸν Πολυκράτην τὸν
                        Σάμιον, <lb/>καὶ ἴσως θαυμάσεις, τῷ μὲν τὸν Πακτωλὸν ἰδὼν ῥέοντα
                        <lb/>χρυσὸν, τῷ δὲ καὶ τοὺς θαλαττίους ὑπηρετοῦντας ἰχθῦς. <lb/>Μετὰ τούτων
                        δὲ καὶ Κῦρον θεάσῃ, καὶ Πρίαμον καὶ Διονύσιον. <lb/>Ἀλλὰ καὶ τούτων ὀλίγον
                        ὕστερον ὄψει Πολυκράτην <lb/>μὲν ἀνεσταυρωμένον, ὑπὸ Κύρῳ δὲ Κροῖσον, αὐτὸν
                        δὲ τὸν <lb/>Κῦρον ὑπ’ ἄλλοις. Ὄψει δὲ καὶ Πρίαμον καθειργμένον καὶ
                        <lb/>Διονύσιον ἐν Κορίνθῳ. Εἰ δὲ καὶ τοὺς ἄλλους ἐπισκέψαιο <lb/>τοὺς
                        ἀπωτέρω μὲν αὐτὴν θέουσαν διώκοντας, οὐ μὴν τυχόντας <lb/>γε, μισήσεις ὅλως
                        τὸν χορόν. εἰσὶ γὰρ ἐνταῦθα καὶ <lb/>δημαγωγοὶ πολλοὶ, καὶ ἑταῖραι καὶ
                        πόρνοι καὶ προδόται <lb/>φίλων· εἰσὶ δὲ καὶ φονεῖς καὶ τυμβωρύχοι, καὶ
                        ἅρπαγες· <lb/>πολλοὶ δὲ μηδὲ τῶν θεῶν αὐτῶν πεφεισμένοι, ἀλλὰ καὶ
                        <lb/>τούτων ἱερὰ συλήσαντες. </p>
                </div>
                <div type="textpart" subtype="chapter" n="5">
                    <p>Ὁ δὲ ἕτερος τῶν χορῶν, πάντες μὲν κόσμιοι <lb/>καὶ τεχνῶν ἐργάται. οὐ θέουσι
                        δὲ, οὐδὲ βοῶσιν, οὐδ’ ἀλλήλοις <pb n="7"/> μάχονται· ἀλλ’ ἐν μέσοις μὲν
                        αὐτοῖς ὁ θεὸς, ἀμφ’ <lb/>αὐτὸν δὲ ἅπαντες ἐν τάξει κεκόσμηνται, χώραν
                        ἕκαστος, <lb/>ἣν ἐκεῖνος ἔδωκεν, οὐκ ἀπολιπόντες. Οἱ μὲν ἔγγιστα τῷ
                        <lb/>θεῷ, καὶ περὶ αὐτὸν ἐν κύκλῳ κεκοσμημένοι, γεωμέτραι καὶ
                        <lb/>ἀριθμητικοὶ καὶ φιλόσοφοί τε καὶ ἰατροὶ καὶ ἀστρονόμοι καὶ
                        <lb/>γραμματικοί. Τούτων δ’ ἐφεξῆς ὁ δεύτερος, ζωγράφοι, <lb/>πλάσται,
                        γραμματισταὶ, τέκτονές τε καὶ ἀρχιτέκτονες, καὶ <lb/>λιθογλύφοι, καὶ μετ’
                        αὐτοὺς δὲ ἡ τρίτη τάξις, αἱ λοιπαὶ <lb/>τέχναι πᾶσαι, κατὰ μέρη μὲν οὕτω
                        κεκόσμηται· πάντες δὲ <lb/>πρὸς τὸν θεὸν ἀποβλέπουσι, κοινῷ τῷ παρ’ αὐτοῦ
                        προστάγματι <lb/>πειθόμενοι. Θεάση δὲ κᾀνταῦθα πολλοὺς μετ’ αὐτοῦ <lb/>τοῦ
                        θεοῦ, τετάρτην δέ τινα τάξιν ἀπὸ τῶν ἄλλων ἔκκριτον, <lb/>οὐχ οἷοί τινες
                        ἦσαν οἱ μετὰ τῆς τύχης. οὐ γὰρ <lb/>ἀξιώμασι πολιτικοῖς, οὐδὲ γένους
                        ὑπεροχαῖς, οὐδὲ πλούτῳ <lb/>
                        <milestone unit="ed1page" n="2"/>τοὺς ἀρίστους ὁ θεὸς οὗτος εἴθισται
                        κρίνειν· ἀλλὰ <lb/>τοὺς καλῶς μὲν βιοῦντας, ἐν δὲ ταῖς ἑαυτῶν τέχναις
                        πρωτεύοντας, <lb/>ἑπομένους δὲ τοῖς προστάγμασιν αὐτοῦ καὶ νομίμως <lb/>τὰς
                        τέχνας ἐργαζομένους τιμᾷ τε καὶ πρὸ τῶν ἄλλων <pb n="8"/> ἄγει, περὶ αὑτὸν
                        ἔχων ἀεί. Τοῦτον, οἶμαι, τὸν χορὸν <lb/>νοήσας, ὁποῖός ἐστιν, οὐ μόνον
                        ζηλώσεις, ἀλλὰ καὶ προσκυνήσεις. <lb/>Σωκράτης ἐστὶν ἐν αὐτῷ καὶ Ὅμηρος, καὶ
                        Ἱπποκράτης <lb/>καὶ Πλάτων, καὶ οἱ τούτων ἐρασταὶ, οὓς ἴσα καὶ <lb/>τοῖς
                        θεοῖς σέβομεν, οἶον ὕπαρχοί τινες καὶ ὑπηρέται τοῦ <lb/>θεοῦ. Τῶν δ’ ἄλλων
                        ἁπάντων οὐκ ἔστιν ὅστις ἠμελήθη <lb/>ποτὲ πρὸς αὐτοῦ. οὐ μόνον γὰρ τῶν
                        παρόντων πεφρόντικεν, <lb/>ἀλλὰ καὶ πλέουσι σύμπλους ἐστὶ καὶ ναυαγούντων
                        οὐκ <lb/>ἀπολείπεται. Ἀρίστιππος γοῦν ἐπειδή ποτε πλέων, τοῦ σκάφους
                        <lb/>ἀπολομένου, ἐπὶ τὰς Συρακουσίων ἠϊόνας ἐξεβράσθη, <lb/>πρῶτον μὲν
                        ἐθάῤῥησε θεασάμενος ἐπὶ τῆς ψάμμου διάγραμμα <lb/>γεωμετρικόν· ἐλογίσατο γὰρ
                        εἰς Ἕλληνάς τε καὶ σοφοὺς ἄνδρας, <lb/>οὐκ εἰς βαρβάρους ἥκειν. Ἔπειτα
                        παραγενόμενος εἰς <lb/>τὸ Συρακουσίων γυμνάσιον καὶ ταυτὶ τὰ ἔπη
                        φθεγξάμενος,</p>
                    <lg>
                        <l>
                            <milestone unit="ed2page" n="6"/>Τίς τὸν πλανήτην Οἰδίπουν καθ’
                            ἡμέραν</l>
                        <l>Τὴν νῦν σπανιστοῖς δέξεται δωρήμασι;</l>
                    </lg>
                    <p>προσιόντας τέ τινας ἔσχεν αὐτῷ καὶ γνωρίζοντας ὅστις εἵη, <pb n="9"/> καὶ
                        πάντων, ὧν ἐδεῖτο, μεταδιδόντας εὐθέως. Ὡς δ’ εἰς <lb/>Κυρήνην, αὐτοῦ τὴν
                        πατρίδα, μέλλοντές τινες πλεῖν ἐπυνθάνοντο, <lb/>μή τι τοῖς οἰκείοις
                        ἐπιστέλλει, κελεύειν αὐτοῖς <lb/>ἔφη ταῦτα κτᾶσθαι τὰ κτήματα, ἃ καὶ
                        ναυαγήσαντι <lb/>συνεκκολυμβήσει. </p>
                </div>
                <div type="textpart" subtype="chapter" n="6">
                    <p>Πολλοὶ δὲ τῶν κακοδαιμόνων καὶ πάντα πρὸς <lb/>τὸν πλοῦτον ἀποβλεπόντων, ἐν
                        τοιαύταις πραγμάτων περιστάσεσι <lb/>γενόμενοι, χρυσὸν ἢ ἄργυρον ἐξαψάμενοί
                        τε καὶ περιθέμενοι <lb/>τῷ σώματι, προσαπώλεσαν αὐτοῖς καὶ τὴν ψυχὴν,
                        <lb/>οὐδὲ τοῦτο δυνάμενοι συνιδεῖν, ὅτι καὶ τῶν ἀλόγων ζώων <lb/>αὐτοὶ
                        πρῶτοι τὰ ταῖς τέχναις κεκοσμημένα μᾶλλον ἀσπάζονται. <lb/>Καὶ γὰρ τοὺς
                        πολεμικοὺς ἵππους καὶ τοὺς θηρατικοὺς <lb/>κύνας πρὸ τῶν ἄλλων τιμῶσι, καὶ
                        τοὺς μὲν οἰκέτας ἐκδιδάσκονται <lb/>τέχνας, πάμπολυ πολλάκις εἰς αὐτοὺς
                        ἀργύριον <lb/>ἀναλίσκοντες· ἑαυτῶν δ’ ἀμελοῦσι. Καίτοι οὐκ αἰσχρὸν τὸν
                        <lb/>οἰκέτην μὲν ἐνίοτε δραχμῶν εἶναι μυρίων ἄξιον, αὐτὸν δὲ <lb/>τὸν
                        δεσπότην αὐτοῦ μηδὲ μιᾶς; καὶ τί λέγω μιᾶς; οὐδ’ ἂν <pb n="10"/> προῖκά τις
                        τὸν τοιοῦτον λάβοι. Μή ποτε αὑτοὺς μόνους <lb/>ἠτιμήκασιν ἐκ πάντων μηδεμίαν
                        ἐκμαθόντες τέχνην; Ὅταν <lb/>γὰρ καὶ τὰ ἄλογα τῶν ζώων ἐν τεχνικοῖς
                        ἐπιτηδεύμασι παιδεύωσι, <lb/>καὶ οἰκέτην ἀργὸν καὶ ἄτεχνον οὐδενὸς ἄξιον
                        εἶναι <lb/>νομίζωσιν· ἐπιμελῶνται δὲ καὶ τῶν χωρίων, καὶ τῶν ἄλλων
                        <lb/>κτημάτων, ὅπως ἕκαστον εἰς δύναμιν ὅτι βέλτιστον ᾖ· μόνων <lb/>δ’
                        ἑαυτῶν ἀμελῶσι, μηδ’ εἰ ψυχὴν ἔχουσι γιγνώσκοντες, <lb/>εὔδηλον, ὅτι τοῖς
                        ἀποβλήτοις τῶν οἰκετῶν ἐοίκασιν. <lb/>ὥστε τὶς ἐπιστὰς ἀνδρὶ τοιούτῳ
                        προσηκόντως ἂν εἴποι πρὸς <lb/>αὐτόν· ὦ ἄνθρωπε, οἰκία μὲν σοὶ εὖ ἔχει, καὶ
                        τὰ ἀνδράποδα <lb/>πάντα, καὶ ἵπποι δὴ καὶ κύνες, καὶ χωρία, καὶ ὅσα
                        <lb/>κέκτησαι διάκειται καλῶς· αὐτὸν δὲ σὲ οὐκ ἀγαθὴ κομιδὴ <lb/>ἔχει. Καλῶς
                        οὖν καὶ ὁ Δημοσθένης, καὶ ὁ Διογένης, ὁ <lb/>μὲν, χρυσᾶ πρόβατα καλῶν τοὺς
                        πλουσίους καὶ ἀπαιδεύτους· <lb/>ὁ δὲ, ταῖς ἐπὶ τῶν κρημνῶν συκαῖς ἀπεικάζων
                        αὐτούς. <lb/>ἐκείνων τε γὰρ τὸν καρπὸν οὐκ ἀνθρώπους, ἀλλὰ κόρακας <lb/>ἢ
                        κολοιοὺς ἐσθίειν, τούτων τε τὰ χρήματα μηδὲν ὄφελος ﻿<pb n="11"/> εἶναι τοῖς
                        ἀστείοις, δαπανᾶσθαι δ’ ὑπὸ τῶν κολάκων, οἵτινες, <lb/>ἐὰν οὕτως τύχῃ,
                        πάντων αὐτοῖς ἀναλωθέντων, ἀπαντῶντες <lb/>παρέρχονται, μὴ γνωρίζειν
                        προσποιούμενοι. Ὅθεν <lb/>οὐδ’ ὁ ταῖς κρήναις τοὺς τοιούτους εἰκάσας ἄμουσός
                        τις <lb/>ἦν. καὶ γάρ τοι καὶ οἱ ἀπὸ τῶν κρηνῶν ὑδρευόμενοι πρόσθεν,
                        <lb/>ἐπειδὰν μηκέτ’ ἔχωσιν ὕδωρ, ἀνασυράμενοι προσουροῦσι. <lb/>καὶ ἔστιν
                        εὔλογον, τοὺς διὰ μηδὲν ἀλλ’ ἢ τὰ χρήματα <lb/>περιβλέπτους, ἅμα τῷ
                        στερηθῆναι τούτων, εὐθὺς καὶ <lb/>τῶν ἄλλων, ἃ διὰ ταῦτ’ εἶχον, ἐστερῆσθαι.
                        Τί γὰρ ἂν καὶ <lb/>πάθοιεν, ἴδιον μὲν οὐδὲν ἀγαθὸν κεκτημένοι, ἀεὶ δ’ ἐπ’
                        <lb/>ἀλλοτρίοις καὶ τοῖς παρὰ τῆς τύχης ἐπαιρόμενοι; </p>
                </div>
                <div type="textpart" subtype="chapter" n="7">
                    <p>
                        <milestone unit="ed2page" n="7"/>Τοιοῦτοι δέ τινές εἰσι καὶ οἱ τὴν εὐγένειαν
                        <lb/>προβαλλόμενοι καὶ φρονοῦντες ἐπ’ αὐτῇ μέγα. Καὶ <lb/>γὰρ καὶ οὗτοι
                        σπάνιοι τῶν ἰδίων ἀγαθῶν ἐπὶ τὸ γένος <lb/>ἥκουσιν· οὐδὲ τοσοῦτον
                        γιγνώσκοντες, ὅτι ἄρα ἡ εὐγένεια <lb/>αὕτη, ἐφ’ ᾗ σεμνύνονται, τοῖς κατὰ
                        πόλιν νομίσμασιν <pb n="12"/> ἔοικεν, ἃ παρὰ τοῖς θεμένοις ἰσχύοντα, παρ’
                        ἄλλοις ἐστὶ <lb/>κίβδηλα.</p>
                    <lg>
                        <l>Οὐδ’ εὐγένειά σ’ ᾖρεν εἰς ὕψος μέγα;</l>
                        <l>Κακὸν τὸ μὴ ἔχειν, τὸ γένος οὐκ ἔβοσκέ με.</l>
                    </lg>
                    <p>καλὸς οὖν, ᾗ φησιν ὁ Πλάτων, θησαυρὸς αἱ τῶν πατέρων <lb/>ἀρεταὶ, κάλλιον δ’
                        ἀντιθεῖναι δύνασθαι τὸν τοῦ Σθενέλου <lb/>λόγον·</p>
                    <l>Ἡμεῖς τῶν πατέρων μέγ’ ἀμείνονες εὐχόμεθ’ εἶναι.</l>
                    <p>Ταύτην γὰρ μόνην ἔχοιμεν ἂν, εἰ δή τις ἐστὶν εὐγενείας <lb/>χρεία, πρὸς
                        οἰκεῖον παράδειγμα τὸν ζῆλον ἡμῖν γίγνεσθαι· <lb/>ὡς εἴγε καταπολὺ τῆς τῶν
                        προγόνων ἀρετῆς ἀπολειπόμεθα, <lb/>λύπη μὲν ἂν εἴη κᾀκείνοις, εἴ τις αὐτοῖς
                        ἐστιν αἴσθησις· <lb/>αἰσχύνη δ’ ἡμῖν αὐτοῖς τοσῷδε μείζων, ὅσῳ καὶ τὸ γένος
                        <lb/>περιφανέστατον. Οἱ μὲν γὰρ ἀμαθεῖς, παντάπασιν ἄσημοι <lb/>τῷ γένει,
                        τοῦτο γοῦν αὐτοὶ κερδαίνουσι, τὸ μὴ γινώσκεσθαι <lb/>τοῖς πολλοῖς, ὁποῖοί
                        τινές εἰσιν. Ὅσοις δὲ τὸ λαμπρὸν καὶ <lb/>διάσημον τοῦ γένους οὐδὲ τοῦ
                        λαθεῖν ἐξουσίαν δίδωσι, τί <pb n="13"/> ἄλλο ἢ περιφανέστερον οὗτοι
                        δυστυχοῦσι; καὶ μέν γε καὶ <lb/>καταγινώσκονται μᾶλλον οἱ ἀνάξιοι τοῦ
                        γένους. ὥστ’ εἰ καί <lb/>τις ἠλίθιος ὢν ὑπομιμνήσκοι τὸ λαμπρὸν τοῦ γένους,
                        ἀσυγγνωστότερον <lb/>ἑαυτῷ τὸ κακὸν ἀποφαίνει. οὐ γὰρ ὁμοίως <lb/>ἐξετάζομέν
                        τε καὶ βασανίζομεν τοὺς ἐπιτυχόντας ἀνθρώπους <lb/>τοῖς ἐκ γένους λαμπροῦ·
                        ἀλλὰ τοὺς μὲν, κᾂν μέτριοί τινες <lb/>ὦσιν, ἀποδεχόμεθα, τῇ δυσγενείᾳ τῆς
                        ἐνδείας τὴν αἰτίαν <lb/>ἀναφέροντες· τοὺς δὲ, εἰ μηδὲν τῶν προγόνων ἄξιον
                        ἔχοιεν. <lb/>οὐδέπω θαυμάζομεν, ἂν καὶ τῶν ἄλλων ἁπάντων πολὺ διαφέρωσιν.
                        <lb/>ὥστ’ εἴ τις εὖ φρονεῖ, τέχνης ἀσκήσει προσίτω, δι’ ἣν, <lb/>κᾂν εὐγενὴς
                        ᾖ, τοῦ γένους οὐκ ἀνάξιος φανεῖται· κᾂν μὴ τοιοῦτος <lb/>ὑπάρχῃ, τὸ γένος
                        αὐτὸς ἐπικοσμήσει, μιμησάμενος τὸν <lb/>παλαιὸν ἐκεῖνον Θεμιστοκλέα, ὃς
                        ὀνειδιζόμενος ἐπὶ τῷ γένει, <lb/>Ἀλλ’ ἐγὼ τοῖς ἀπ’ ἐμαυτοῦ, ἔφη, τοῦ γένους
                        ἄρξω, καὶ τὸ <lb/>ἐμὸν ἀπ’ ἐμοῦ γένος ἄρξεται· τὸ δὲ σὸν εἰς σὲ τελευτήσει.
                        <lb/>Ὁρᾷς, ὡς οὐδὲν κωλύει τὸν Σκύθην Ἀνάχαρσιν καὶ θαυμάζεσθαί <pb n="14"/>
                        τε καὶ σοφὸν ὀνομάζεσθαι, καίτοι βάρβαρος ἦν τὸ <lb/>γένος. οὗτός ποτε πρὸς
                        τινὸς ὀνειδιζόμενος, ὅτι βάρβαρος <lb/>εἴη καὶ Σκύθης. Ἐμοὶ μὲν ἡ πατρὶς
                        ὄνειδος, σὺ δὲ τῇ <lb/>πατρίδι· πάνυ καλῶς ἐπιπλήξας τῷ μηδενὸς ἀξίῳ λόγου,
                        <lb/>μόνον δ’ ἐπὶ τῇ πατρίδι σεμνυνομένῳ. Εἰ γὰρ ἐπιστήσαις <lb/>τοῖς
                        πράγμασι τὸν νοῦν, οὐ διὰ τὰς πόλεις εὕροις ἂν ἐν <lb/>δόξῃ τοὺς πολίτας
                        γιγνομένους· ἀλλ’ αὐτὸ δὴ τοὐναντίον, <lb/>διὰ τοὺς ἀγαθοὺς ἄνδρας ἐν ταῖς
                        τέχναις καὶ τὰς πατρίδας <lb/>αὐτῶν μνημονευομένας. Τίς γὰρ ἦν Σταγείρων
                        λόγος, <lb/>εἰ μὴ δι’ Ἀριστοτέλην; τίς δ’ ἂν Σόλων, εἰ μὴ δι’ Ἄρατόν <lb/>τε
                        καὶ Χρύσιππον; ὅπου καὶ τῶν Ἀθηνῶν αὐτῶν μέχρι <lb/>πόῤῥω τοὔνομα
                        πεφοίτηκεν, οὐ διὰ τὴν τῆς γῆς ἀρετὴν, <lb/>λεπτόγεως γὰρ, ἀλλὰ διὰ τοὺς ἐν
                        αὐτῇ φύντας, οἳ <lb/>πλεῖστοί τε καὶ ἄριστοι γενόμενοι, μετέδοσάν τι καὶ τῇ
                            <lb/>πα<milestone unit="ed1page" n="3"/>τρίδι τοῦ σφετέρου κλέους.
                        Μάθοις δ’ ἂν ἐναργέστατα <lb/>τὸ τοιοῦτον ἀληθὲς ὂν, εἰ τὸν Ὑπέρβολον ἢ <lb/>
                        <milestone unit="ed2page" n="8"/>τὸν Κλέωνα λογίσαιο τοσοῦτον ἀπὸ τῶν Ἀθηνῶν
                        κερδήσαντας, <pb n="15"/> ὅσον ἄν τις εἰς περιφάνειαν κακῶν
                        <lb/>ἐπικτήσαιτο.</p>
                    <l>Ἦν ὅτε σύας βοιώτιον ἔθνος ἔνεπον,</l>
                    <p>ὁ Πίνδαρος φησί. καὶ πάλιν ὁ αὐτός·</p>
                    <lg>
                        <l>Εἰ ἐκφεύγομεν βοιωτίαν</l>
                        <l>Σῦν.</l>
                    </lg>
                    <p>ἀξιῶν, ὅλου σχεδὸν ἔθνους τὸν ἐπ’ ἀμαθίᾳ ψόγον ἀπολύεσθαι <lb/>διὰ τὴν ἑαυτοῦ
                        μουσικήν. </p>
                </div>
                <div type="textpart" subtype="chapter" n="8">
                    <p>Ἐπαινέσῃ δ’ ἄν τις καὶ τὸν Ἀθήνῃσι νομοθέτην, <lb/>ὃς τὸν μὴ διδάξαντα τέχνην
                        ἐκώλυε πρὸς τοῦ παιδὸς <lb/>τρέφεσθαι. τέχνης ἁπάσης κατ’ ἐκεῖνον μάλιστα
                        τὸν <lb/>χρόνον ἀσκουμένης, ἡνίχ’ ὡραιότατα φαίνηται τὰ σώματα, <lb/>πολλοῖς
                        συνέβη περιβλέπτοις διὰ κάλλος γεγενημένοις ἀμελῆσαι <lb/>τῆς ἑαυτῶν ψυχῆς,
                        εἶθ’ ὕστερον, ὅτ’ οὐδὲν ὄφελος, <lb/>λέγειν·</p>
                    <lg>
                        <l>Εἴθ’ ὤφελεν τὸ κάλλος, ὅ με διώλεσε,</l>
                        <l>Κακῶς ὀλέσθαι.</l>
                    </lg> <pb n="16"/>
                    <p>Τηνικαῦτα δ’ αὐτοὺς καὶ τὸ τοῦ Σόλωνος εἰσέρχεται, <lb/>σκοπεῖσθαι κελεύοντος
                        ἐν τοῖς μάλιστα τὸ τέλος τοῦ βίου. <lb/>εἶτα καὶ τῷ γήρᾳ λοιδοροῦνται, δέον
                        ἑαυτοῖς· καὶ τὸν Εὐριπίδην <lb/>ἐπαινοῦσι λέγοντα·</p>
                    <lg>
                        <l>οὐ γάρ ἐστιν ἀσφαλὲς</l>
                        <l>Περαιτέρω τὸ κάλλος ἢ μέσῳ λαβεῖν.</l>
                    </lg>
                    <p>Ἄμεινον οὖν ἐστὶν ἐγνωκότας τὴν μὲν τῶν μειρακίων <lb/>ὥραν τοῖς ἠρινοῖς
                        ἄνθεσιν ἐοικυῖαν, ὀλιγοχρόνιόν τε τὴν <lb/>τέρψιν ἔχουσαν, ἐπαινεῖν τε τὴν
                        Λεσβίαν λέγουσαν·</p>
                    <lg>
                        <l>Ὁ μὲν γὰρ καλὸς ὅσον ἰδεῖν πέλεται·</l>
                        <l>Ὁ δὲ κᾄγαθος αὐτίκα καὶ καλὸς ἔσται.</l>
                    </lg>
                    <p>πείθεσθαι δὲ καὶ Σόλωνι τὴν αὐτὴν γνώμην ἐνδεικνυμένῳ· <lb/>τὸ δὲ γῆρας
                        καθάπερ χαλεπὸν ἐφεδρεύοντα χειμῶνα, δεόμενον <lb/>οὐχ ὑποδημάτων μόνον καὶ
                        ἐσθῆτος, ἀλλὰ καὶ οἰκήσεως ἐπιτηδείας <lb/>καὶ μυρίων ἄλλων, παρασκευάζεσθαι
                        πρὸς αὐτὸ, καθάπερ <lb/>ἀγαθὸν κυβερνήτην ἐκ πολλοῦ πρὸς χειμῶνα. Μοχθηρὸν
                        γὰρ τὸ</p>
                    <l>ῥεχθὲν δέ τε νήπιος ἔγνω.</l>
                    <pb n="17"/>
                    <p>Πρὸς τί γὰρ ἂν καὶ φαίη τις εἶναι χρήσιμον ἀνάσκητον νέου <lb/>κάλλος; ἆρά γ’
                        εἰς πόλεμον; καὶ μὴν οὐκ ἀστόχως τις <lb/>ἐπιφωνήσειε τοῖς τοιούτοις·</p>
                    <lg>
                        <l>Ἀλλὰ σύ γ’ ἱμερόεντα μετέρχεο ἔργα γάμοιο.</l>
                        <l>Ἀλλ’ εἰς οἶκον ἰοῦσα τὰ σαυτῆς ἔργα κόμιζε.</l>
                    </lg>
                    <p>καὶ γὰρ ὁ Νιρεὺς</p>
                    <lg>
                        <l>κάλλιστος μὲν ἀνὴρ ὑπὸ Ἴλιον ἦλθεν,</l>
                        <l>Ἀλλ’ ἀλαπαδνὸς ἔην.</l>
                    </lg>
                    <p>καὶ διὰ τοῦθ’ ἅπαξ αὐτοῦ μόνον ἐμνημόνευσεν Ὅμηρος ἐν <lb/>νεῶν καταλόγῳ,
                        πρὸς ἐπίδειξιν, ἐμοὶ δοκεῖ, τῆς τῶν καλλίστων <lb/>ἀνδρῶν ἀχρηστίας, ὅταν
                        αὐτοῖς ὑπάρχῃ μηδὲν ἄλλο <lb/>τῶν εἰς τὸν βίον χρησίμων. Οὐδὲ μὴν εἰς πόρον
                        χρημάτων, <lb/>εἴ τινες τῶν κακοδαιμόνων λέγειν τολμῶσι, τὸ κάλλος ἐστὶ
                        <lb/>χρήσιμον. Ὁ μὲν γὰρ ἐλευθέριός τε καὶ ἔνδοξος καὶ βέβαιος
                        <lb/>χρηματισμὸς ἀπὸ τέχνης γίγνεσθαι πέφυκεν· ὁ δ’ <lb/>ἀπὸ σώματος καὶ
                        κάλλους αἰσχρός ἐστι, καὶ διὰ παντὸς ἐπονείδιστος. <lb/>Χρὴ τοίνυν τὸν νέον,
                        πειθόμενον τῷ παλαιῷ <pb n="18"/> παραγγέλματι, τὴν ἑαυτοῦ μορφὴν ἐν
                        κατόπτρῳ θεα<milestone unit="ed2page" n="9"/>σάμενον, <lb/>εἰ μὲν καλὸς εἴη
                        τὴν ὄψιν, ἀσκῆσαι, τοιαύτην εἶναι <lb/>καὶ τὴν ψυχὴν, ἄτοπον ἡγησάμενον ἐν
                        καλῷ σώματι ψυχὴν <lb/>αἰσχρὰν οἰκεῖν· εἰ δ’ αἰσχρὸς αὑτῷ φαίνοιτο τὴν τοῦ
                        σώματος <lb/>ἰδέαν εἶναι, τοσῷδε μᾶλλον ἐπιμεληθῆναι τῆς ψυχῆς <lb/>ἵν’ ἔχῃ
                        λέγειν τὸ Ὁμηρικόν·</p>
                    <lg>
                        <l>Ἄλλος μὲν γάρ τ’ εἶδος ἀκιδνότερος πέλει ἀνήρ·</l>
                        <l>Ἀλλὰ θεὸς μορφὴν ἔπεσι στέφει· οἱ δέ τ’ ἐς αὐτὸν</l>
                        <l>Τερπόμενοι λεύσσουσιν· ὁ δ’ ἀσφαλέως ἀγορεύει</l>
                        <l>Αἰδοῖ μειλιχίῃ, μετὰ δὲ πρέπει ἀγρομένοισιν·</l>
                        <l>Ἐρχόμενον δ’ ἀνὰ ἄστυ, θεὸν ὣς, εἰσορόωσιν.</l>
                    </lg>
                    <p>Ἐξ ἁπάντων τοίνυν τῶν εἰρημένων τοῖς γε μὴ παντάπασιν <lb/>ἀνοήτοις ἐναργῶς
                        φαίνεται, μήτ’ ἐπὶ γένους λαμπρότητι, <lb/>μήτ’ ἐπὶ πλούτῳ τε καὶ κάλλει
                        θαῤῥήσαντα καταφρονῆσαι <lb/>τέχνης ἀσκήσεως. αὐτάρκη μὲν οὖν καὶ ταῦτα.
                        Κάλλιον δ’ <lb/>ἴσως προσθεῖναι καὶ τὸ τοῦ Διογένους, οἶον ἀγαθόν τινα
                        <lb/>ἐπῳδόν. Ὃς ἑστιώμενος παρά τινι τῶν μὲν ἑαυτοῦ πάντων <pb n="19"/>
                        ἀκριβῶς προνενοημένῳ, μόνου δ’ ἑαυτοῦ παντάπασιν ἠμεληκότι,
                        <lb/>χρεμψάμενος, ὡς πτύσων, εἶτ’ ἐν κύκλῳ περισκοπήσας, <lb/>εἰς οὐδὲν μὲν
                        τῶν πέριξ ἔπτυσε, αὐτῷ δὲ μόνῳ <lb/>προσέπτυσε τῷ δεσπότῃ τῆς οἰκίας.
                        ἀγανακτοῦντος δ’ αὐτοῦ <lb/>καὶ τὴν αἰτίαν ἐρωτῶντος· Οὐδὲν, ἔφησεν, ὁρᾷν,
                        οὕτως <lb/>ἠμελημένον τῶν κατὰ τὴν οἰκίαν, ὡς ἐκεῖνον. τοὺς γὰρ <lb/>τοίχους
                        ἅπαντας ἀξιολόγοις γραφαῖς κεκοσμῆσθαι, τὸ δ’ <lb/>ἔδαφος ἐκ ψήφων πολυτελῶν
                        συγκεῖσθαι, θεῶν εἰκόνας ἔχον <lb/>ἐξ αὐτῶν διατετυπωμένας, ἅπαντα τὰ σκεύη
                        λαμπρὰ καὶ <lb/>καθαρὰ, καὶ τὴν στρωμνὴν καὶ τὰς κλίνας εἰς κάλλος
                        ἐξησκῆσθαι· <lb/>μόνον δ’ ἐκεῖνον ὁρᾷν ἠμελημένον· εἰθίσθαι δ’ <lb/>ἅπασιν
                        ἀνθρώποις εἰς τοὺς ἀτιμοτάτους τῶν παρόντων τόπων <lb/>ἀποπτύειν. Μὴ τοίνυν
                        ἐάσῃς, ὦ μειράκιον, ἄξιον τοῦ <lb/>προσπτύεσθαι γενέσθαι σεαυτὸν, μήδ’ ἂν
                        ἅπαντά σοι <lb/>τἄλλα κάλλιστα διακεῖσθαι δοκῇ. σπάνιον μὲν γάρ ἐστι καὶ
                        <lb/>τὸ τυχεῖν αὐτῶν ὁμοῦ πάντων, ὡς εὐγενῆ τε καὶ πλούσιον <pb n="20"/>
                        εἶναι καὶ καλὸν ἅμα τὸν αὐτόν· εἰ δ’ ἄρα καὶ συνέλθοι <lb/>ποτὲ, δεινὸν ἂν
                        εἴη μόνον ἐν ἅπασι τοῖς ὑπάρχουσιν ἑαυτὸν <lb/>κατάπτυστον εἶναι. </p>
                </div>
                <div type="textpart" subtype="chapter" n="9">
                    <p>Ἄγετ’ οὖν, ὦ παῖδες, ὁπόσοι τῶν ἐμῶν <lb/>ἀκηκοότες λόγων, ἐπὶ τέχνης μάθησιν
                        ὥρμησθε, μή τις <lb/>ὑμᾶς ἀπατεὼν καὶ γόης ἀνὴρ παρακρουσάμενός ποτε,
                        ματαιοτεχνίαν <lb/>διδάξηται, γιγνώσκοντας, ὡς ὁπόσοις τῶν ἐπιτηδευμάτων
                        <lb/>οὐκ ἐστὶ τὸ τέλος βιωφελὲς, ταῦτ’ οὐκ εἰσὶ <lb/>τέχναι. Καὶ περὶ μὲν
                        τῶν ἄλλων ὑμᾶς καὶ πάνυ πέποιθα <lb/>γιγνώσκειν, ὅτι μηδὲν τούτων ἐστὶ
                        τέχνη, οἶον τό τε πεττευριπτεῖν <lb/>καὶ βαδίζειν ἐπὶ σχοινίων λεπτῶν, ἐν
                        κύκλῳ τε <lb/>περιδινεῖσθαι μὴ σκοτούμενον, οἷα τά τε Μυρμηκίδου τοῦ
                        <lb/>Ἀθηναίου καὶ Καλλικράτους τοῦ Λακεδαιμονίου. Τὸ δὲ τῶν <lb/>ἀθλητῶν
                        ἐπιτήδευμα μόνον ὑποπτεύω, μήποτ’ ἄρα τοῦτο <lb/>καὶ ῥώμην σώματος
                        ἐπαγγελλόμενον, καὶ τὴν παρὰ τοῖς <lb/>πολλοῖς δόξαν ἐπαγόμενον, δημοσίᾳ
                        παρὰ τοῖς πατράσι τετιμημένον <lb/>ἡμερησίαις ἀργυρίου δόσεσι, καὶ ὅλως ἴσα
                        τοῖς ἀριστεῦσι ﻿<pb n="21"/>
                        <milestone unit="ed2page" n="10"/>τετιμημένον, ἐξαπατήσῃ τινὰ τῶν νέων, ὡς
                        <lb/>προκριθῆναι τινὸς τέχνης. Ὅθεν ἄμεινον προδιασκέψασθαι <lb/>περὶ αὐτοῦ·
                        εὐεξαπάτητος γὰρ ἕκαστος ἐν οἷς ἐστιν ἀπρόσκεπτος. <lb/>Τὸ δὴ τῶν ἀνθρώπων
                        γένος, ὦ παῖδες, ἐπικοινωνεῖ <lb/>τοῖς θεοῖς τε καὶ τοῖς ἀλόγοις ζώοις· τοῖς
                        μὲν καθ’ <lb/>ὅσον λογικόν ἐστι, τοῖς δὲ καθ’ ὅσον θνητόν. Βέλτιον οὖν
                        <lb/>ἐστὶ τῆς πρὸς τὰ κρείττονα κοινωνίας αἰσθανόμενον, ἐπιμελήσασθαι
                        <lb/>παιδείας, ἧς τυχόντες μὲν, τὸ μέγιστον τῶν ἀγαθῶν <lb/>ἕξομεν·
                        ἀποτυχόντες δὲ, οὐκ αἰσχυνούμεθα τῶν ἀχρήστων <lb/>ζώων ἐλαττούμενοι.
                        Σώματος δ’ ἄσκησις ἀθλητικὴ, <lb/>ἀποτυγχανομένη μὲν αἰσχίστη,
                        ἐπιτυγχανομένη δὲ, τῶν ἀλόγων <lb/>ζώων οὐδέπω κρείττων· τίς γὰρ λεόντων ἢ
                        ἐλεφάντων <lb/>ἀλκιμώτερος; τίς δ’ ὠκύτερος λαγωοῦ; Τίς δ’ οὐκ οἶδεν, ὡς
                        <lb/>καὶ τοὺς θεοὺς δι’ οὐδὲν ἄλλ’ ἢ διὰ τὰς τέχνας ἐπαινουμένους; <lb/>ὡς
                        καὶ τῶν ἀνθρώπων τοὺς ἀρίστους θείας ἀξιωθῆναι <pb n="22"/> τιμῆς, οὐχ ὅτι
                        καλῶς ἔδραμον ἐν τοῖς ἀγῶσιν, ἢ δίσκον <lb/>ἔῤῥιψαν, ἢ διεπάλαισαν, ἀλλὰ διὰ
                        τὴν <milestone unit="ed1page" n="4"/>ἀπὸ τῶν τεχνῶν <lb/>εὐεργεσίαν.
                        Ἀσκληπιός γέ τοι καὶ Διόνυσος, εἴτ’ ἄνθρωποι <lb/>πρότερον ἤστην, εἴτ’
                        ἀρχῆθεν θεοὶ, τιμῶν ἀξιοῦνται μεγίστων, <lb/>ὁ μὲν διὰ τὴν ἰατρικὴν, ὁ δ’,
                        ὅτι τὴν περὶ τὰς ἀμπέλους <lb/>ἡμᾶς τέχνην ἐδίδαξεν. Εἰ δ’ οὐκ ἐθέλεις ἐμοὶ
                        πείθεσθαι, <lb/>τόν γε θεὸν αἰδέσθητι τὸν Πύθιον. οὗτός ἐστιν <lb/>ὁ καὶ τὸν
                        Σωκράτην εἰπὼν ἀνδρῶν ἁπάντων σοφώτατον εἶναι, <lb/>καὶ τῷ Λυκούργῳ
                        προσφωνήσας, ᾧδ’ εἶπεν·</p>
                    <lg>
                        <l>Ἥκεις, ὦ Λυκόεργε, ἐμὸν ποτὶ πίονα νηόν.</l>
                        <l>Δίζω, ἢ σὲ θεὸν μαντεύσοιμαι, ἢ ἄνθρωπον.</l>
                        <l>Ἀλλ’ ἔτι καὶ μᾶλλον θεὸν ἔλπομαι, ὦ Λυκόεργε.</l>
                    </lg>
                    <p>Ὁ δὲ αὐτὸς οὗτος θεὸς καὶ τὸν Ἀρχίλοχον τεθνεῶτα φαίνεται <lb/>τιμῶν οὐ τὰ
                        μέτρια. τὸν γοῦν φονέα, βουλόμενον εἰσελθεῖν <lb/>εἰς τὸν νεὼν αὐτοῦ,
                        διεκώλυσεν εἰπών·</p>
                    <l>Μουσάων θεράποντα κατέκτανες, ἔξιθι νηοῦ.</l>
                </div>
                <pb n="23"/>

                <div type="textpart" subtype="chapter" n="10">
                    <p>Λέγε δή μοι καὶ σὺ τὰς τῶν ἀθλητῶν προσαγορεύσεις· <lb/>ἀλλ’ οὐκ ἐρεῖς, ὅτι
                        μηδ’ ἔχεις εἰπεῖν, εἰ μή <lb/>τι τοῦ μάρτυρος, ὡς οὐκ ἀξιόχρεω, κατέγνωκας·
                        ἐμφαίνειν <lb/>γὰρ ἔοικάς τι τοιοῦτον, ὅταν ἐπὶ τοὺς πολλοὺς τὸν λόγον
                        <lb/>ἄγης μάρτυρας, καὶ τὸν παρὰ τούτων ἔπαινον προχειρίζῃ. <lb/>Καίτοι οὔτε
                        νοσῶν, εὖ οἷδ’, ὅτι τοῖς πολλοῖς ἂν ἐπιτρέψαις <lb/>σαυτὸν, ἀλλ’ ὀλίγοις δή
                        τισιν ἐξ ἁπάντων, καὶ τούτοις τοῖς <lb/>ἰατρικωτάτοις· οὐδ’ ἂν πλέων ἅπασι
                        τοῖς συμπλέουσιν, ἀλλ’ <lb/>ἑνὶ τῷ κυβερνήτῃ· ἤδη δὲ κᾀπὶ τῶν σμικροτάτων,
                        τέκτονι <lb/>μὲν, τεκταινόμενος, ὑποδημάτων δὲ χρῄζων τῷ σκυτοτόμῳ. <lb/>Πῶς
                        ἂν οὖν, ἔνθα περὶ πρωτείων ὁ ἀγών ἐστι, σαυτῷ δίδως <lb/>τῆς κρίσεως τὴν
                        ἐξουσίαν, ἀφελόμενος αὐτὴν τῶν σοφωτέρων, <lb/>ἢ κατὰ σαυτόν. παρίημι γὰρ τό
                        γε νῦν εἶναι μεμνῆσθαι <lb/>τῶν θεῶν. ἄκουσον οὖν, ὅπως Εὐριπίδης φρονεῖ
                        περὶ τῶν <lb/>ἀθλητῶν.</p>
                    <lg>
                        <l>Κακῶν γὰρ ὄντων μυρίων καθ’ Ἑλλάδα,</l>
                        <l>Οὐδὲν κάκιόν ἐστιν ἀθλητῶν γένους,</l>

                        <pb n="24"/>

                        <l>Οἳ πρῶτα μὲν ζῇν οὐδὲ μανθάνουσιν εὖ,</l>
                        <l>Οὐδ’ ἂν δύναιντο· πῶς γὰρ, ὅστις ἔστ’ ἀνὴρ</l>
                        <l>
                            <milestone unit="ed2page" n="11"/>Γνάθου τε δοῦλος, νηδύος θ’
                            ἡττημένος,</l>
                        <l>Κτήσαιτ’ ἂν ὄλβον εἰς ὑπεκτροφὴν πατρός;</l>
                        <l>Οὐδ’ αὖ πένεσθαι κᾀξυπηρετεῖν τύχαις</l>
                        <l>Οἷοί τ’· ἔθη γὰρ οὐκ ἐθισθέντες καλὰ,</l>
                        <l>Σκληρῶς μεταλλάσσουσιν εἰς τἀμήχανον.</l>
                    </lg>
                    <p>Ὅτι δὲ καὶ τῶν ἐπιτηδευομένων αὐτοῖς ἕκαστον ἄχρηστόν <lb/>ἐστιν, ἄκουε
                        πάλιν, εἴπερ θέλεις, ἅ φησι·</p>
                    <lg>
                        <l>Τίς γὰρ παλαίσας εὖ. τίς ὠκύπους ἀνὴρ,</l>
                        <l>Ἢ δίσκον ἄρας, ἢ γνάθον πλήξας καλῶς,</l>
                        <l>Πόλει πατρῴᾳ στέφανον ἤρκεσεν λαβών;</l>
                    </lg>
                    <p>Εἰ δὲ καὶ τούτων ἔτι λεπτομερέστερον ἀκούειν ἐθέλεις, <lb/>ἄκουε πάλιν, ἅ
                        φησι·</p>
                    <lg>
                        <l>Πότερα μαχοῦνται πολεμίοισιν, ἐν χεροῖν</l>
                        <l>Δίσκους ἔχοντες, ἢ δι’ ἀσπίδων ποσὶ</l>
                        <l>Θέοντες, ἐκβαλοῦσι πολεμίους πάτρας;</l>

                        <pb n="25"/>

                        <l>Οὐδεὶς σιδήρου ταῦτα μωραίνει πέλας.</l>
                    </lg>
                    <p>Πότερον οὖν Εὐριπίδου μὲν καὶ τῶν τοιούτων καταγνῶμεν, <lb/>τοῖς δὲ
                        φιλοσόφοις ἐπιτρέψομεν τὴν κρίσιν; ἀλλὰ καὶ πρὸς <lb/>τούτων ἁπάντων, ὥσπερ
                        ἐξ ἑνὸς στόματος, ὡμολόγηται, <lb/>φαῦλον εἶναι τὸ ἐπιτήδευμα. Οὐδὲ μὴν οὐδὲ
                        τῶν ἰατρῶν <lb/>τὶς ἐπῄνεσεν αὐτό. Πρῶτον μὲν τοῦ Ἱπποκράτους ἀκούσῃ
                        <lb/>λέγοντος· Διάθεσις ἀθλητικὴ οὐ φύσει, ἕξις ὑγιεινὴ κρείσσων·
                        <lb/>ἔπειτα δὲ καὶ τῶν ἄλλων ἁπάντων τῶν μετ’ αὐτὸν <lb/>ἀρίστων ἰατρῶν.
                        Ὅλως μὲν οὖν ἐπὶ μάρτυρος οὐκ ἐβουλόμην <lb/>κρίνεσθαι· ῥητορικὸν γὰρ τὸ
                        τοιοῦτον μᾶλλον ἢ τιμῶντος <lb/>ἀλήθειαν ἀνδρός· ὅμως δ’ ἐπειδὴ τινὲς ἐπὶ
                        τὸν <lb/>τῶν πολλῶν ἔπαινον καταφεύγουσι καὶ τὴν παρὰ τούτων <lb/>κενὴν
                        δόξαν, ἀφέντες αὐτὸ τὸ ἐπιτήδευμα γυμνὸν τῶν <lb/>ἔξωθεν σκοπεῖν, ἠναγκάσθην
                        κᾀν τούτοις προχειρίζεσθαι <lb/>τοὺς μάρτυρας, ἵν’, ὅτι μηδ’ ἐνταῦθα πλέον
                        ἔχουσί τι, <lb/>γιγνώσκωσιν. Ὅθεν δὲ τὸ τῆς Φρύνης εὔκαιρον ἤδη μοι ﻿<pb n="26"/> διηγήσασθαι. αὕτη ποτ’ ἐν συμποσίῳ, παιδιᾶς τοιαύτης γενομένης,
                        <lb/>ὡς ἕκαστον ἐν μέρει προστάξαι τοῖς συμπόταις, ἃ <lb/>βούλοιτο,
                        θεασαμένη παρούσας γυναῖκας ἀγχούσῃ τε καὶ <lb/>ψιμμυθίῳ καὶ φύκει
                        κεκαλλωπισμένας, ἐκέλευσεν, ὕδατος <lb/>κομισθέντος, ἀρυσαμένας ταῖς χερσὶ,
                        προσενεγκεῖν ἅπαξ <lb/>αὐτῷ τῷ προσώπῳ, καὶ μετὰ τοῦτο εὐθέως ἀπομάξασθαι
                        <lb/>σινδονίῳ, καὶ αὐτὴ πρώτη τοῦτ’ ἔπραξε· ταῖς μὲν οὖν ἄλλαις <lb/>ἁπάσαις
                        σπίλου τὸ πρόσωπον ἐπληρώθη, καὶ ἦν ὁμοιοτάτας <lb/>ἰδεῖν τοῖς
                        μορμολυκείοις· αὐτὴ δὲ καλλίων ἐφάνη· <lb/>μόνη γὰρ ἦν ἀκαλλώπιστός τε καὶ
                        αὐτοφυῶς καλὴ, μηδεμιᾶς <lb/>πανουργίας κομμωτικῆς δεομένη. Ὥσπερ οὖν τὸ
                        ἀληθινὸν κάλλος <lb/>ἀκριβῶς ἐξετάζεται μόνον αὐτὸ καθ’ ἑαυτὸ, τῶν ἔξωθεν
                        <lb/>αὐτῷ προσιόντων ἁπάντων γυμνωθὲν, οὕτω καὶ τὴν ἀθλητικὴν
                        <lb/>ἐπιτήδευσιν ἐξετάζεσθαι προσήκει μόνην, εἴ τι φαίνοιτο <lb/>ἔχειν
                        χρήσιμον, ἢ κοινῇ ταῖς πόλεσιν, ἢ ἰδίᾳ τοῖς <lb/>μεταχειριζομένοις αὐτήν.
                    </p>
                </div>
                <div type="textpart" subtype="chapter" n="11">
                    <p>Ἀγαθῶν οὖν τῶν ἐν τῇ φύσει τῶν μὲν περὶ <pb n="27"/> ψυχὴν ὄντων, τῶν δὲ περὶ
                        σῶμα, τῶν δ’ ἐκτὸς, καὶ παρὰ <lb/>ταῦτα οὐδενὸς ἄλλου γένους ἀγαθῶν
                        ἐπινοουμένου· ὅτι μὲν <lb/>τῶν ψυχικῶν ἀγαθῶν οὐδ’ ὄναρ ποτὲ μετειλήφασιν οἱ
                        <lb/>ἀθλοῦντες, εὔδηλον παντί. τὴν ἀρχὴν γὰρ οὐδ’ εἰ ψυχὴν <lb/>
                        <milestone unit="ed2page" n="12"/>ἔχουσι γιγνώσκουσι, τοσοῦτον ἀποδέουσι τοῦ
                        λογικὴν <lb/>αὐτὴν ἐπίστασθαι. Σαρκῶν γὰρ ἀεὶ καὶ αἵματος ἀθροίζοντες
                        <lb/>πλῆθος, ὡς ἐν βορβόρῳ πολλῷ τὴν ψυχὴν ἑαυτῶν <lb/>ἔχουσι κατεσβεσμένην,
                        οὐδὲν ἀκριβὲς νοῆσαι δυναμένην, <lb/>ἀλλ’ ἄνουν, ὁμοίως τοῖς ἀλόγοις ζώοις.
                        Ἴσως δ’ ἀμφισβητήσειαν, <lb/>ὡς τῶν περὶ τὸ σῶμα τινὸς ἀγαθῶν ἐπήβολοι.
                        <lb/>πότερον οὖν τῆς τιμιωτάτης ὑγιείας ἀμφισβητήσουσιν; ἀλλ’ <lb/>οὐδένας
                        ἄλλους ἂν εὕροις ἐν σφαλερωτέρᾳ διαθέσει σώματος, <lb/>εἴπερ Ἱπποκράτει δεῖ
                        πιστεύειν εἰπόντι· Τὴν καὶ ἐπ’ ἄκρον <lb/>εὐεξίαν σφαλερὰν ὑπάρχειν, ἣν
                        μεταδιώκουσιν οὗτοι· καὶ <lb/>δὴ καὶ ὅτι ἄσκησις μὲν ὑγιείης, ἀκορίη τροφῆς,
                        ἀοκνίη πόνων, <lb/>Ἱπποκράτει καλῶς εἰρημένον, ἐπαινεῖται πρὸς ἁπάντων. <pb n="28"/> Οἱ δὲ τοὐναντίον ἐπιτηδεύουσιν, ὑπερπονοῦντές τε καὶ
                        <lb/>ὑπερπιπλάμενοι, καὶ ὅλως τὸν τοῦ παλαιοῦ λόγον, ὡς κορυβαντιῶντες,
                        <lb/>κατεγνωκότες. Ὁ μὲν γὰρ ὑγιεινὴν δίαιταν <lb/>ὑποτιθέμενος ἔλεγε·
                        Πόνοι, σιτία, ποτὰ, ὕπνοι, ἀφροδίσια, <lb/>πάντα μέτρια. Οἱ δὲ τὰ γυμνάσια
                        πέρα τοῦ <lb/>προσήκοντος ἑκάστης ἡμέρας διαπονοῦσι, τροφάς τε προσφέρονται
                        <lb/>σὺν ἀνάγκῃ πολλάκις ἄχρι μέσων νυκτῶν ἐκτείνοντες <lb/>τὴν ἐδωδήν· ὡς
                        προσηκόντως ἄν τινα ἐπ’ αὐτῶν <lb/>εἰπεῖν·</p>
                    <lg>
                        <l>Ἄλλοι μέν ῥα θεοί τε καὶ ἀνέρες ἱπποκορυσταὶ</l>
                        <l>Εὗδον παννύχιοι, μαλακῷ δεδμημένοι ὕπνῳ·</l>
                        <l>Ἀλλ’ οὐκ ἀθλητὰς κακοδαίμονας ὕπνος ἔμαρπτεν.</l>
                    </lg>
                    <p>
                        <milestone unit="ed1page" n="5"/>Ἀνάλογον τοίνυν τούτοις καὶ ἡ τῶν ὕπνων
                        αὐτοῖς ἔχει <lb/>συμμετρία. ἡνίκα γὰρ οἱ κατὰ φύσιν βιοῦντες ἀπὸ τῶν ἔργων
                        <lb/>ἥκουσιν ἐδεσμάτων δεόμενοι, τηνικαῦθ’ οὗτοι διανίστανται <lb/>τῶν
                        ὕπνων. ὥστε ἐοικέναι τὸν βίον αὐτῶν ὑῶν <lb/>διαγωγῇ· πλήν γε ὅσον οἱ μὲν
                        ὗες οὐχ ὑπερπονοῦσιν, οὐδὲ <pb n="29"/> πρὸς ἀνάγκην ἐσθίουσιν· οἱ δὲ καὶ
                        ταῦτα πάσχουσι καὶ <lb/>ῥοδοδάφναις ἐνίοτε τὰ νῶτα διακναίονται. Ὁ μὲν οὖν
                        παλαιὸς <lb/>Ἱπποκράτης, πρὸς οἷς εἶπεν ἔμπροσθεν, ἔτι καὶ ταῦτα <lb/>φησί·
                        Τὸ κατὰ πολὺ καὶ ἐξαπίνης πληροῦν ἢ κενοῦν, ἢ <lb/>θερμαίνειν, ἢ ψύχειν, ἢ
                        ἄλλως ὁπωσοῦν τὸ σῶμα κινεῖν, <lb/>σφαλερόν. πᾶν γὰρ, φησὶ, τὸ πολὺ τῇ φύσει
                        πολέμιον. <lb/>Οἱ δ’ οὔτε τούτων ἐπαΐουσιν, οὔτε τῶν ἄλλων, ὅσα, καλῶς
                        <lb/>εἰπόντος ἐκείνου, παραβαίνουσιν· ἀλλὰ πάντ’ ἐξ ὑπεναντίου <lb/>τοῖς
                        ὑγιεινοῖς παραγγέλμασιν ἐπιτηδεύουσιν. καὶ <lb/>διὰ τοῦτ’ ἂν ἔγωγε φαίην,
                        ἄσκησιν οὐχ ὑγιείας, ἀλλὰ νόσου <lb/>μᾶλλον εἶναι τὸ ἐπιτήδευμα. Τοῦτο δ’
                        οἶμαι καὶ αὐτὸν <lb/>τὸν Ἱπποκράτην φρονεῖν, ἐπειδὰν λέγῃ· Διάθεσις ἀθλητικὴ
                        <lb/>οὐ φύσει, ἕξις ὑγιεινὴ κρείσσων. Οὐ γὰρ μόνον τοῦ κατὰ <lb/>φύσιν
                        ἐστερῆσθαι τὸ ἐπιτήδευμα δι’ ὧν εἶπε ἐδήλωσεν· <lb/>ἀλλ’ οὐδ’ ἕξιν ὠνόμασε
                        τὴν διάθεσιν αὐτῶν, ἀφαιρούμενος <lb/>καὶ τῆς προσηγορίας αὐτῶν, ᾗ
                        προσαγορεύουσι ἅπαντες οἱ <lb/>παλαιοὶ τοὺς ὄντως ὑγιαίνοντας. ἡ μὲν γὰρ
                        ἕξις ἔμμονός <pb n="30"/> τις καὶ δυσαλλοίωτος διάθεσις· ἡ δὲ τῶν ἀθλητῶν
                        ἐπ’ <lb/>ἄκρον εὐεξία σφαλερά τε καὶ εὐμετάπτωτος. οὔτε γὰρ <lb/>πρόσθεσιν
                        ἔτι διὰ τὴν ἀκρότητα χωρεῖ, καὶ τὸ μὴ δύνασθαι <lb/>μένειν ἐπὶ ταὐτοῦ, μηδ’
                        ἀτρεμεῖν, λοιπὴν ἔχει τὴν <lb/>ἐπὶ τὸ χεῖρον ὁδόν. Οὕτως μὲν ἀθλοῦσιν αὐτοῖς
                        διάκειται <lb/>τὸ σῶμα· καταλύσασι δὲ πολὺ δή τι χεῖρον. Ἔνιοι μὲν <lb/>γὰρ
                        μετ’ ὀλίγον ἀποθνήσκουσιν· ἔνιοι δ’ ἐπὶ πλέον ἥκουσιν <lb/>ἡλικίας, ἀλλ’
                        οὐδ’ αὐτοὶ γηρῶσιν, οὐδὲ, <milestone unit="ed2page" n="13"/>κᾂν ἐφίκωνται
                        <lb/>ποτὲ εἰς τοῦτο, τῶν Ὁμηρικῶν οὐδὲν ἀπολείπονται <lb/>Λιτῶν,</p>
                    <l>Χωλοί τε ῥυσοί τε παραβλῶπές τ’ ὀφθαλμὼ</l>
                    <p>ἀποτελούμενοι. Ὡς γὰρ τὰ διασεισθέντα τῶν τειχῶν ἀπὸ <lb/>μηχανημάτων ἑτοίμως
                        ὑπὸ τῆς τυχούσης διαλύεται βλάβης, <lb/>οὔτε σεισμὸν, οὔτ’ ἄλλην τινὰ
                        βραχυτέραν δυνάμενα φέρειν <lb/>περίστασιν· οὕτω καὶ τὰ τῶν ἀθλητῶν σώματα
                        σαθρὰ καὶ <lb/>ἀσθενῆ ταῖς κατὰ τὴν ἐπιτήδευσιν γεγονότα πληγαῖς, ἕτοιμα
                            ﻿<pb n="31"/> πρὸς τὸ πάσχειν ἐστὶν ἐπὶ ταῖς τυχούσαις προφάσεσιν.
                        <lb/>Οἱ μὲν γὰρ ὀφθαλμοὶ περιωρυγμένοι πολλάκις, ὅτ’ ἡ δύναμις <lb/>οὐκέτ’
                        ἀντέχει, πληροῦνται ῥευμάτων· οἱ δ’ ὀδόντες, <lb/>ἅτε διασεσεισμένοι
                        πολλάκις, ἐπιλειπούσης ἐν τῷ χρόνῳ τῆς <lb/>δυνάμεως αὐτῶν, ἑτοίμως
                        ἐκπίπτουσι· τὰ δὲ λυγισθέντα <lb/>τῶν ἄρθρων ἀσθενῆ πρὸς πᾶσαν τὴν ἔξωθεν
                        βίαν γίνεται, <lb/>καὶ πᾶν ῥῆγμα καὶ σπάσμα ῥᾳδίως κινεῖται. Σωματικῆς
                        <lb/>μὲν οὖν ὑγιείας ἕνεκα φανερὸν, ὡς οὐδὲν ἄλλο γένος ἀθλιώτερόν <lb/>ἐστι
                        τῶν ἀθλητῶν. ὥστ’ εἰκότως ἄν τις εἴποι εὐφυῶς <lb/>ὀνομάζεσθαι, τῶν ἀθλητῶν
                        προσαγορευθέντων, ἢ ἀπὸ τοῦ <lb/>ἀθλητοῦ τὴν προσηγορίαν τῶν ἀθλίων
                        ἐσχηκότων, ἢ κοινῶς <lb/>ἀμφοτέρων καθάπερ ἀπὸ πηγῆς μιᾶς τῆς ἀθλιότητος
                        <lb/>ὠνομασμένων. </p>
                </div>
                <div type="textpart" subtype="chapter" n="12">
                    <p>Ἀλλ’ ἐπειδὴ καὶ περὶ τοῦ μεγίστου τῶν σωματικῶν <lb/>ἀγαθῶν, τῆς ὑγιείας,
                        ἐσκέμμεθα, μεταβῶμεν ἐπὶ <lb/>τὰ λοιπά. Τὰ μὲν δὴ περὶ κάλλους οὕτως αὐτοῖς
                        ἔχει, ὡς <lb/>μὴ μόνον ὠφελεῖσθαί τι πρὸς τῆς ἀθλήσεως τὴν φύσιν· <pb n="32"/> ἀλλὰ καὶ πολλοὺς αὐτῶν πάνυ συμμέτρως ἔχοντας τῶν μελῶν <lb/>οἱ γυμνασταὶ
                        παραλαβόντες, ὑπερπιάναντές τε καὶ <lb/>διασάξαντες αἵματί τε καὶ σαρξὶν,
                        εἰς τοὐναντίον ἤγαγον. <lb/>Ἐνίων δὲ καὶ τὰ πρόσωπα παντάπασιν ἄμορφα καὶ
                        δυσειδῆ <lb/>κατέστησαν καὶ μάλιστα τῶν παγκράτιον ἢ πυγμὴν ἀσκησάντων.
                        <lb/>Ὅταν δὲ καὶ τῶν μελῶν τι τελέως ἀποκλάσωσιν, <lb/>ἢ διαστρέψωσιν, ἢ
                        τοὺς ὀφθαλμοὺς ἐκκόψωσι, τότ’, οἶμαι, <lb/>τότε καὶ μάλιστα τὸ τῆς
                        ἐπιτηδεύσεως αὐτῶν ἀποτελούμενον <lb/>κάλλος ἐναργῶς ὁρᾶσθαι. Ταῦτα μὲν οὖν
                        αὐτοῖς ὑγιαίνουσιν <lb/>εἰς κάλλος εὐτύχηται· καταλύσασι δὲ καὶ τὰ λοιπὰ τῶν
                        <lb/>τοῦ σώματος αἰσθητηρίων προσαπόλλυται, καὶ πάνθ’, ὡς ἔφην, <lb/>τὰ μέλη
                        διαστρεφόμενα παντοίας ἀμορφίας αἴτια γίνεται. </p>
                </div>
                <div type="textpart" subtype="chapter" n="13">
                    <p>Ἀλλ’ ἴσως τῶν εἰρημένων οὐδενὸς, ἰσχύος δ’ <lb/>ἀντιποιήσονται, τοῦτο γὰρ, εὖ
                        οἶδα, ἓν φήσουσιν ἰσχυρότατον <lb/>πάντων εἶναι. Ποίας, ὦ πρὸς θεῶν, ἰσχύος
                        καὶ ποῦ <lb/>χρησίμης; πότερον τῆς εἰς τὰ γεωργικὰ τῶν ἔργων; πάνυ <pb n="33"/> μὲν οὖν καλῶς ἢ σκάπτειν, ἢ θερίζειν, ἢ ἀροῦν, ἤ τι τῶν
                        <lb/>ἄλλων τῶν κατὰ γεωργίαν δύνανται. Ἀλλ’ ἴσως εἰς τὰ πολεμικά; <lb/>τὸν
                        Εὐριπίδην αὖθίς μοι κάλει, ὅστις αὐτοὺς <lb/>ὑμνήσει λέγων·</p>
                    <lg>
                        <l>Πότερα μαχοῦνται πολεμίοισιν, ἐν χεροῖν</l>
                        <l>Δίσκους ἔχοντες;</l>
                    </lg>
                    <p>
                        <milestone unit="ed2page" n="14"/>τῷ γὰρ ὄντι</p>
                    <l>Οὐδεὶς σιδήρου ταῦτα μωραίνει πέλας.</l>
                    <p>Ἀλλὰ πρὸς κρύος καὶ θάλπος ἰσχυροὶ, αὐτοῦ γε τοῦ Ἡρακλέους <lb/>ζηλωταὶ, ὡς
                        ἑνὶ καὶ χειμῶνι καὶ θέρει σκέπεσθαι <lb/>δέρματι, ὡς ἀνυπόδετοι διατελεῖν,
                        ὑπαίθριοι κοιμᾶσθαι, <lb/>χαμευνεῖν; ἐν ἅπασι γὰρ τούτοις τῶν νεογνῶν παίδων
                        εἰσὶν <lb/>ἀσθενέστεροι. Ἐν τίνι τοίνυν ἔτι τὴν ἰσχὺν ἐπιδείξονται; <lb/>ἢ
                        ἐπὶ τίνι μέγα φρονήσουσιν; οὐ γὰρ δή που ὅτι τοὺς σκυτοτόμους, <lb/>ἢ
                        τέκτονας, ἢ τοὺς οἰκοδόμους οἷοί τ’ εἰσὶ καταβάλλειν <lb/>ἐν παλαίστρᾳ τε
                        καὶ σταδίῳ. Τάχ’ οὖν ἐπὶ τῷ <lb/>δι’ ὅλης ἡμέρας κονίεσθαι δικαιοῦσιν· ἀλλὰ
                        τοῦτό γε καὶ <pb n="34"/> τοῖς ὄρτυξι καὶ τοῖς πέρδιξιν ὑπάρχει. καὶ εἴπερ
                        ἐπὶ τούτῳ <lb/>μέγα χρὴ φρονεῖν, ἐπὶ τῷ δι’ ὅλης ἡμέρας βορβόρῳ λούεσθαι.
                        <lb/>Ἀλλὰ νὴ Δία τῶν ἱερουργημένων ἕνα ταύρων ἀναθέμενος <lb/>τοῖς ὤμοις ὁ
                        Μίλων ἐκεῖνος ὁ Κροτωνιάτης διεκόμισέ ποτε <lb/>τὸ στάδιον. ὦ τῆς
                        ὑπερβαλλούσης ἀνοίας, ὡς μηδὲ τοῦτο <lb/>γιγνώσκειν, ὅτι πρὸ βραχέος τὸ αὐτὸ
                        τοῦτο σῶμα, τοῦ <lb/>ταύρου ζῶντος, ἐβάσταζεν ἡ ψυχὴ τοῦ ζώου, καὶ
                        <lb/>πολλῷ γ’ ἀκοπώτερον ἢ ὁ Μίλων ἦγε, καὶ θεῖν ἐδύνατο <lb/>βαστάζουσα·
                        ἀλλ’ ὅμως οὐδενὸς ἦν ἀξία παραπλησίως τῇ <lb/>Μίλωνος. Ἐδήλωσε δὲ καὶ ἡ
                        τελευτὴ τἀνδρὸς, ὅπως ἦν <lb/>ἀνόητος, ὅς γε θεασάμενός ποτε νεανίσκον
                        σχίζοντα κατὰ <lb/>μῆκος ξύλα ἐνθέσει σφηνῶν, ἐκεῖνον μὲν ἀπώθησε
                        καταγελάσας, <lb/>αὐτὸς δὲ διὰ τῶν ἑαυτοῦ χειρῶν μόνων ἐτόλμησε <lb/>διασπᾷν
                        αὐτό· κᾄπειθ’ ὅσον εἶχεν ἰσχύος εὐθὺς ἐν τῇ <lb/>πρώτῃ προσβολῇ πληρώσας,
                        διέστησε μὲν ἑκατέρωσε τὰ <lb/>μέρη τοῦ ξύλου· τῶν σφηνῶν δ’ ἐκπεσόντων ἐν
                        τῷδε, τὸ <lb/>λοιπὸν τοῦ ξύλου μέρος ἀδυνατῶν διαστῆσαι, μέχρι πολλοῦ
                        <lb/>μὲν ἀντεῖχεν, ὕστερον δὲ νικηθεὶς, οὐκ ἔφθασε κομίσασθαι <pb n="35"/>
                        τὰς χεῖρας, ἀλλ’ ὑπὸ τῶν μερῶν τοῦ ξύλου συνελθόντων <lb/>ἀλλήλοις
                        καταλειφθεῖσαι, συνετρίβησαν μὲν αὗται πρῶται, <lb/>θανάτου δ’ οἰκτροῦ τῷ
                        Μίλωνι κατέστησαν αἴτιαι. Πάνυ <lb/>γοῦν ὤνησεν αὐτὸν εἰς τὸ μηδὲν παθεῖν ὁ
                        νεκρὸς ταῦρος ἐν <lb/>τῷ σταδίῳ βασταχθείς; ἢ τὸ κοινὸν τῶν Ἑλλήνων ἔσωσεν
                        <lb/>ἂν, ἡνίκα πρὸς τὸν βάρβαρον ἐπολέμουν, ἡ τοιαύτη τοῦ <lb/>Μίλωνος
                        ἐνέργεια περὶ τὸν ταῦρον, ἀλλ’ οὐχ ἡ Θεμιστοκλέους <lb/>σοφία, πρῶτον μὲν
                        ὑποκριναμένου καλῶς τὸν χρησμὸν, <lb/>εἶτα στρατηγήσαντος ὡς ἐχρῆν;</p>
                    <lg>
                        <l>Σοφὸν γὰρ ἓν βούλευμα πολλὰς χεῖρας νικᾷ·</l>
                        <l>Σὺν ὅπλοις δ’ ἀμαθία χεῖρον ἢ κακόν.</l>
                    </lg>
                    <p>Ὅτι μὲν εἰς οὐδὲν τῶν κατὰ τὸν βίον ἔργων χρήσιμος ἡ τῶν <lb/>ἀθλητῶν
                        ἄσκησις, εὖ οἶδ’ ὅτι σαφὲς ἤδη γέγονεν· ὅτι δὲ <lb/>καὶ ἐν ἑαυτοῖς, οἷς
                            <milestone unit="ed1page" n="6"/>ἀσκοῦσιν, οὐδενός εἰσιν ἄξιοι λόγου,
                        <lb/>μάθοιτ’ ἂν, εἰ διηγησαίμην ὑμῖν τὸν μῦθον ἐκεῖνον, <lb/>ὃν τῶν οὐκ
                        ἀμούσων ἀνδρῶν τις ἐντείνας ἔπεσι διεσκεύασεν. ﻿<pb n="36"/> ἔστι δὲ οὗτος·
                        Εἰ Διὸς γνώμῃ πᾶσι τοῖς ζώοις ὁμόνοια καὶ <lb/>κοινωνία γένοιτο πρὸς τὸν
                        βίον, ὡς τὸν ἐν Ὀλυμπία κήρυκα <lb/>μὴ μόνον ἀνθρώπους τοὺς ἀγωνιουμένους
                        καλεῖν, ἀλλὰ <lb/>καὶ πᾶσιν ἐπιτρέπειν τοῖς ζώοις εἰς τὸ στάδιον ἥκειν ἓν,
                        <lb/>οὐδένα ἂν ἄνθρωπον οἶμαι στεφθήσεσθαι. Ἐν μὲν γὰρ <lb/>δολιχῷ
                        ὑπέρτατος, φησὶν, ὁ ἵππος ἔσται·</p>
                    <lg>
                        <l>Τὸ στάδιον δὲ λαγωὸς ἀποίσεται· ἐν δὲ διαύλῳ</l>
                        <l>Δορκὰς ἀριστεύσει· μερόπων δ’ ἐναρίθμιος οὐδεὶς</l>
                        <l>Ἐν ποσίν. ὦ κοῦφοι ἀσκητῆρες, ἄθλιοι ἄνδρες.</l>
                    </lg>
                    <p>Ἀλλ’ οὐδὲ τῶν ἀφ’ Ἡρακλέους τὶς ἐλέφαντος ἢ λέοντος <lb/>ἰσχυρότερος ἂν
                        φανείη. Οἶμαι δ’, ὅτι καὶ ταῦρος πυγμῇ <lb/>στεφθήσεται. καὶ <milestone unit="ed2page" n="15"/>ὄνος, φησὶ, λὰξ ὅτι εἰ βούλεται <lb/>ἐρίσας,
                        αὐτὸν τὸν στέφανον οἴσεται. Αὐτὰρ ἐν ἱστορίῃ πολυπείρῳ <lb/>γράψεται ὄνος,
                        ὅτι παγκράτιον νίκησέ ποτε ἄνδρας. <lb/>εἰκοστὴ δὲ καὶ πρώτη Ὀλυμπιὰς ἦν,
                        ὅτ’ ἐνίκα ὀγκητής. <pb n="37"/> Πάνυ χαριέντως οὗτος ὁ μῦθος ἐπιδείκνυσι τὴν
                        ἀθλητικὴν <lb/>ἰσχὺν οὐ τῶν ἀνθρωπίνων οὖσαν ἀσκημάτων. καίτοι γ’ εἰ
                        <lb/>μηδὲν ἰσχύϊ πρωτεύουσι τῶν ζώων οἱ ἀθληταὶ, τίνος ἂν ἔτι <lb/>τῶν ἄλλων
                        ἐπήβολοι γενηθεῖεν ἀγαθῶν; </p>
                </div>
                <div type="textpart" subtype="chapter" n="14">
                    <p>Εἰ δὲ καὶ τὴν ἡδονὴν σώματός τις ἀγαθὸν <lb/>εἶναι φαίη, οὐδὲ ταύτης αὐτῆς
                        αὐτοῖς μέτεστι, οὔτ’ οὖν <lb/>ἀθλοῦσιν οὔτε καταλύσασιν, εἴγε παρὰ μὲν τὸν
                        τῆς ἀθλήσεως <lb/>χρόνον ἐν πόνοις τε καὶ ταλαιπωρίαις εἰσὶν, οὐ
                        γυμναζόμενοι <lb/>μόνον, ἀλλὰ καὶ πρὸς ἀνάγκην ἐσθίοντες· ἡνίκα δὲ <lb/>καὶ
                        καταλύσαντες τύχοιεν, ἀνάπηροι τὰ πλεῖστα μέρη τοῦ <lb/>σώματος γίνονται.
                        Τάχ’ οὖν ἐπὶ τῷ χρήματα πάντων ἀθροίζειν <lb/>πλεῖστα σεμνύνονται; καὶ μὴν
                        ἐστὶν ὑμῖν θεάσασθαι <lb/>πάντας αὐτοὺς ὀφείλοντας, οὐ μόνον ἐκεῖνον τὸν
                        χρόνον, <lb/>καθ’ ὃν ἀθλοῦσιν, ἀλλὰ καὶ καταλύσαντας τὴν ἄσκησιν, <lb/>οὐδ’
                        ἂν εὕροις ἀθλητὴν οὐδενὸς πλουσιώτερον ἑνὸς τῶν <lb/>ἐπιτυχόντων οἰκονόμων
                        ἀνδρὸς πλουσίου. ἔστι δὲ οὐδ’ αὐτὸ <pb n="38"/> τὸ πλουτεῖν ἐξ ἐπιτηδεύματος
                        ἀξιόλογον ἁπλῶς, ἀλλὰ τὸ <lb/>τοιαύτην ἐπίστασθαι τέχνην, ἣ καὶ ναυαγήσασι
                        συνεκκολυμβήσει, <lb/>ὅπερ οὔτε τοῖς διοικοῦσι τὰ τῶν πλουσίων, οὔτε τοῖς
                        <lb/>τελώναις ἢ τοῖς ἐμπόροις ὑπάρχει. καίτοι πλουτοῦσιν ἐξ
                        <lb/>ἐπιτηδευμάτων οὗτοι μάλιστα, ἀλλ’ ἐὰν ἀπολέσωσι τὰ χρήματα,
                        <lb/>συναπολλύουσιν αὐτοῖς καὶ τὰς πράξεις, ἀφορμῆς μέν <lb/>τινος χρημάτων
                        εἰς αὐτὰς δεόμενοι, τῷ δὲ οὐκ ἔχειν ταύτην <lb/>ἄρξασθαι τῆς ἀρχαίας πράξεως
                        ἀδυνατοῦντες. οὐδὲ γὰρ <lb/>δανείζει τις αὐτοῖς χωρὶς ἐνεχύρων ἢ ὑποθηκῶν.
                        ὥστε εἰ <lb/>καὶ πρὸς χρηματισμὸν ἀσφαλῆ τε καὶ οὐκ ἄδοξον ἀξιοῖ τις
                        <lb/>ἡμᾶς παρεσκευάσθαι, τέχνην ἀσκητέον ἐστὶ διὰ παντὸς τοῦ <lb/>βίου καὶ
                        παραμένουσαν. Ἀλλὰ διττῆς οὔσης διαφορᾶς τῆς <lb/>πρώτης ἐν ταῖς τέχναις·
                        ἔνιαι μὲν γὰρ αὐτῶν λογικαί τ’ εἰσὶ <lb/>καὶ σεμναὶ, τινὲς δ’ εὐκαταφρόνητοι
                        καὶ διὰ τῶν τοῦ σώματος <lb/>πόνων, ἃς δὴ βαναύσους τε καὶ χειρωνακτικὰς
                        ὀνομάζουσιν· <lb/>ἄμεινον ἂν εἴη τοῦ προτέρου γένους τῶν τεχνῶν μετέρχεσθαί
                        <lb/>τινα. τὸ γάρ τοι δεύτερον γένος αὐτῶν ἀπολείπειν <pb n="39"/> εἴωθε
                        γηρῶντας τοὺς τεχνίτας εἰσὶ δὲ ἐκ τοῦ προτέρου <lb/>γένους ἰατρική τε καὶ
                        ῥητορικὴ καὶ μουσικὴ, γεωμετρία τε <lb/>καὶ ἀριθμητικὴ, καὶ λογιστικὴ, καὶ
                        ἀστρονομία, καὶ γραμματικὴ, <lb/>καὶ νομική. πρόσθες δ’, εἰ βούλει, ταύταις
                        πλαστικήν <lb/>τε καὶ γραφικήν· εἰ γὰρ καὶ διὰ τῶν χειρῶν ἐνεργοῦσιν,
                        <lb/>ἀλλ’ οὐκ ἰσχύος νεανικῆς δεῖται τὸ ἔργον αὐτῶν. Ἐκ τούτων <lb/>οὖν τινὰ
                        τῶν τεχνῶν ἀναλαμβάνειν τε καὶ ἀσκεῖν χρὴ <lb/>τὸν νέον, ὅτῳ μὴ παντάπασιν ἡ
                        ψυχὴ βοσκηματώδης ἐστί· <lb/>καὶ μᾶλλόν γε τὴν ἀρίστην ἐν ταύταις, ἥτις, ὡς
                        ἡμεῖς φαμὲν, <lb/>ἐστὶν ἰατρική· τοῦτο δ’ αὐτὸ δεικτέον ἐφεξῆς. </p>
                </div>
            </div>
        </body>
    </text>
</TEI>
