<?xml version="1.0" encoding="UTF-8"?>
<?xml-model href="http://www.stoa.org/epidoc/schema/latest/tei-epidoc.rng" schematypens="http://relaxng.org/ns/structure/1.0"?>
<TEI xmlns="http://www.tei-c.org/ns/1.0">
	<teiHeader>
		<fileDesc>
			<titleStmt><title>Protrepticus</title>
				<author>Galen</author>
				<editor>Georg Kaibel</editor>
				<funder>Andrew W. Mellon Foundation</funder>
				<respStmt>
          <resp>Published original versions of the electronic texts</resp>
          <orgName ref="http://www.graeco-arabic-studies.org/">A Digital Corpus for Graeco-Arabic Studies, funded by the Andrew W. Mellon Foundation</orgName>
          <persName>Mark Schiefsky, Harvard University</persName>
          <persName>Gregory R. Crane, Universität Leipzig</persName>
          <persName>Uwe Vagelpohl, University of Warwick</persName>
        </respStmt>
        <respStmt>
          <resp>Keyboarding</resp>
          <orgName xml:id="DDD">Digital Divide Data</orgName>
        </respStmt>
        <respStmt>
          <resp>Editor-in-Chief, Perseus Digital Library</resp>
          <persName>Gregory R. Crane</persName>
        </respStmt>
        <respStmt>
          <resp>Project Manager (University of Leipzig), 2016 - present</resp>
          <persName>Matt Munson</persName>
        </respStmt>
        <respStmt>
          <resp>Project Assistant (University of Leipzig), 2015 - present</resp>
          <persName>Annette Geßner</persName>
        </respStmt>
        <respStmt>
          <resp>Lead Developer (University of Leipzig)</resp>
          <persName>Thibault Clérice</persName>
        </respStmt>
        <respStmt>
          <resp>Technical Advisor</resp>
          <persName>Bruce Robertson</persName>
        </respStmt>
      </titleStmt>
      <publicationStmt>
				<authority>A Digital Corpus for Graeco-Arabic Studies, funded by the Andrew W. Mellon
					Foundation</authority>
				<publisher>University of Leipzig</publisher>
				<pubPlace>Germany</pubPlace>
				<idno type="filename">tlg0057.tlg001.1st1K-grc2.xml</idno>
				<availability>
					<licence target="https://creativecommons.org/licenses/by-sa/4.0/">Available under a
						Creative Commons Attribution-ShareAlike 4.0 International License</licence>
				</availability>
				<date>2016</date>
			</publicationStmt>
			<sourceDesc>
				<biblStruct>
					<monogr>
						<title>Claudii Galeni Protreptici quae supersunt</title>
						<author>Galen</author>
						<editor>Georg Kaibel</editor>
						<imprint>
							<publisher>Weidmann</publisher>
							<pubPlace>Berlin</pubPlace>
							<biblScope unit="pp" from="1" to="22">1-22</biblScope>
							<date>1894</date>
						</imprint>
					</monogr>
					<ref target="https://catalog.hathitrust.org/Record/009723957">HathiTrust</ref>
				</biblStruct>
			</sourceDesc>
		</fileDesc>
		<encodingDesc>
			<p>The following text is encoded in accordance with EpiDoc standards and with the CTS/CITE
				Architecture.</p>
			<refsDecl n="CTS">
				<cRefPattern matchPattern="(.+)" n="chapter" replacementPattern="#xpath(/tei:TEI/tei:text/tei:body/tei:div/tei:div[@n='$1'])"/>
			</refsDecl>
		</encodingDesc>
		<profileDesc>
			<langUsage>
				<language ident="greek">Greek</language>
			</langUsage>
		</profileDesc>
	</teiHeader>
	<text>
		<body>

			<div type="edition" xml:lang="grc" n="urn:cts:greekLit:tlg0057.tlg001.1st1K-grc2">
				<pb n="1"/>

				<div type="textpart" subtype="chapter" n="1">
					<head>ΓΑΛΠΝΟΥ <lb/>ΠΡΟΤΡΕΠΤΙΚΟΣ ΕΠ ΙΑΤΡΙΚΗΝ.</head>
					<p>
						<milestone unit="ed1folio" n="1r"/>Εἰ μὲν μηδ’ ὅλως λόγου μέτεστι τοῖς ἀλόγοις
						<lb/>ὀνομαζομένοις ζῴοις ἄδηλόν ἐστιν. ἴσως γὰρ εἰ καὶ μὴ <lb/>τοῦ κατὰ τὴν φωνήν, ὃν
						καὶ προφορικὸν ὀνομάζουσιν, <lb/>ἀλλὰ τοῦ γε 〈κατὰ〉 τὴν ψυχήν, ὃν ἐνδιάθετον καλοῦσι, <lb/>
						<milestone unit="lineno" n="5"/>μετέχει πάντα, τὰ μὲν μᾶλλον τὰ δ’ ἧττον. ὅτι μέντοι
						<lb/>πλεῖστον ὅσον αὐτῶν διενηνόχασιν οἱ ἄνθρωποι, πρόδηλον <lb/>ἡμῖν ἐστιν ὁρῶσι τό τε
						πλῆθος τῶν τεχνῶν ὧν μεταχειρίζεται <lb/>τὸ ζῷον τοῦτο καὶ ὅτι μόνος ἅνθρωπος ἐπιστήμης
						<lb/>ἐπιδεκτικὸς ἣν ἂν ἐθελήσῃ τέχνην μανθάνει. τὰ μὲν <lb/>
						<milestone unit="lineno" n="10"/>γὰρ ἄλλα ζῷα σχεδὸν ἄτεχνα πάντ’ ἐστι πλὴν ὀλίγων δή
						<lb/>τινων ἐν ὀλίγοις· ἀλλὰ καὶ ταῦτα φύσει μᾶλλον ἢ προαιρέσει <lb/>τεχνῶν εὐτύχηκεν· ὁ
						δ’ ἄνθρωπος οὔτε τινὸς τῶν <lb/>παρ’ ἐκείνοις ἀμελέτητος, 〈ὃς〉 [ἀλλὰ] καὶ τὴν ὑφαντικὴν
						<lb/>ἐμιμήσατο τὰς ἀράχνας καὶ πλάττει καθάπερ αἱ μέλισσαι <lb/>
						<milestone unit="lineno" n="15"/>καὶ τοῦ νεῖν οὐκ ἀνάσκητός ἐστι καίτοι πεζὸς ὤν, ἀλλὰ
						<lb/>καὶ τῶν θείων τεχνῶν οὐκ ἀπολείπεται, ζηλῶν μὲν τὴν <lb/>Ἀσκληπιοῦ τέχνην ἰατρικήν,
						ζηλῶν δ’ Ἀπόλλωνος αὐτήν <lb/>τε ταύτην καὶ τὰς ἄλλας ἁπάσας ἃς ἔχει, τοξικὴν μουσικὴν
						<lb/>μαντικήν, ἔτι τε τῶν Μουσῶν τὴν ἑκάστης ἰδίαν. <pb n="2"/> οὐδὲ γὰρ γεωμετρίας οὐδ’
						ἀστρονομίας ἀφίσταται, ἀλλὰ <lb/>καὶ τὰ τῆς γῆς νέρθεν καὶ τὰ ὕπερθε τοῦ οὐρανοῦ κατὰ
						<lb/>Πίνδαρον ἐπισκοπεῖ. ἐξεπορίσατο δ’ ὑπὸ <lb/>φιλοπονίας καὶ τὸ μέγιστον τῶν θείων
						ἀγαθῶν φιλοσοφίαν. <lb/>
						<milestone unit="lineno" n="5"/>διὰ ταῦτα τοίνυν κἂν 〈εἰ〉 λόγου μέτεστι τοῖς <lb/>ἄλλοις
						ζῴοις, κατ’ ἐξοχὴν αὐτῶν [καὶ] ὁ ἄνθρωπος μόνος <lb/>ὀνομάζεται λογικός. </p>
				</div>
				<div type="textpart" subtype="chapter" n="2">
					<p>πῶς οὖν οὐκ αἰσχρόν, ᾧ μόνῳ τῶν ἐν ἡμῖν κοινωνοῦμεν <lb/>θεοῖς, τούτου μὲν ἀμελεῖν,
						ἐσπουδακέναι δὲ περί <lb/>
						<milestone unit="lineno" n="10"/>τι τῶν ἄλλων, τέχνης μὲν ἀναλήψεως καταφρονοῦντα,
						<lb/>Τύχῃ δ’ ἑαυτὸν ἐπιτρέποντα· ἧς τὴν μοχθηρίαν ἐμφανίσαι <lb/>βουληθέντες οἱ παλαιοὶ
						γράφοντες καὶ πλάττοντες <lb/>αὐτὴν οὐ μόνον ἐν εἴδει γυναικὸς ἠρκέσθησαν (καίτοι
						<lb/>〈καὶ〉 τοῦθ’ ἱκανὸν ἦν ἀνοίας σύμβολον) ἀλλὰ καὶ πηδάλιον <lb/>
						<milestone unit="lineno" n="15"/>ἔδοσαν ἐν χεροῖν ἔχειν αὐτῇ καὶ τοῖν ποδοῖν
						<lb/>ὑπέθεσαν βάσιν σφαιρικήν, ἐστέρησαν δὲ καὶ τοῖν <lb/>ὀφθαλμοῖν, ἐνδεικνύμενοι διὰ
						τούτων ἁπάντων τὸ τῆς <lb/>τύχης ἄστατον. ὥσπερ οὗν ἐν νηὶ χειμαζομένῃ σφοδρῶς, <lb/>ὡς
						ἐπικλύζεσθαί τε τοῖς κύμασι καὶ κινδυνεύειν βυθισθῆναι, <lb/>
						<milestone unit="lineno" n="20"/>μοχθηρῶς ἄν τις πράξειεν ἐπιτρέψας τὰ πηδάλια
						<lb/>κυβερνήτῃ τυφλῷ, κατὰ τὸν αὐτὸν οἶμαι τρόπον κἀν τῷ <lb/>βίῳ, μειζόνων ναυαγιῶν
						περὶ πολλοὺς οἴκους γιγνομένων <lb/>ἢ περὶ τὰ σκάφη κατὰ θάλατταν, οὐκ ὀρθῶς
						γιγνώσκοντός <lb/>ἐστιν ἐπιτρέπειν ἑαυτὸν ἐν τοιαύταις περιστάσεσι <lb/>
						<milestone unit="lineno" n="25"/>πραγμάτων τυφλῇ δαίμονι μηδ’ αὐτῇ βεβαίως ἐστηριγμένῃ.
						<lb/>ἔμπληκτός τε γάρ ἐστι καὶ ἄνους εἰς τοσοῦτον ὡς <lb/>πολλάκις τοὺς ἀξιολόγους
						ἄνδρας παρερχομένη πλουτίζειν <lb/>τοὺς ἀναξίους, οὐδὲ τούτους βεβαίως ἀλλ’ ὡς ἂν ἔδωκεν
						<lb/>οὕτως πάλιν ἀφαιρεῖσθαι τὰ δοθέντα. ταύτῃ τῇ δαίμονι <lb/>
						<milestone unit="lineno" n="30"/>πλῆθος ἀνδρῶν ἀμαθῶν οὐκ ὀλίγον ἕπεται μηδέποτ’ <lb/>ἐν
						ταὐτῷ μενούσῃ διὰ τὸ τῆς βάσεως εὐμετακύλιστον, <pb n="3"/> ἥτις αὐτὴν ἄγει καὶ φέρει
						καὶ κατὰ κρημνῶν ἐνίοτε καὶ <lb/>θαλάττης· ἔνθα συναπόλλυνται μὲν ἀλλήλοις ἑπόμενοι
						<lb/>πάντες αὐτῇ, μόνη δ’ ἀβλαβὴς ἐκείνη διεξέρχεται καταγελῶσα <lb/>τῶν ὀλοφυρομένων τε
						καὶ ἐγκαλούντων αὐτῇ ὅτ’ <lb/>
						<milestone unit="lineno" n="5"/>οὐδὲν ὄφελος. </p>
				</div>
				<div type="textpart" subtype="chapter" n="3">
					<p>τὰ μὲν δὴ τῆς Τύχης ἔργα τοιαῦτα· τὸν δ’ <lb/>Ἑρμῆν ἅτε λόγου μὲν ὄντα δεσπότην εὑρετὴν
						δὲ τέχνης <lb/>ἁπάσης θέασαι πάλιν ὅπως ἐξ ὑπεναντίου τῇ Τύχῃ <lb/>κεκοσμήκασιν 〈οἱ〉
						παλαιοὶ γράφοντές τε καὶ πλάττοντες. <lb/>
						<milestone unit="lineno" n="10"/>νεανίσκος ἐστὶν ὡραῖος, οὐκ ἐπίκτητον οὐδὲ κομμωτικὸν
						<lb/>ἔχων κάλλος, ἀλλ’ εὐθὺς ὥστε συνεμφαίνεσθαι τὴν <lb/>τῆς ψυχῆς ἀρετὴν δι’ αὐτοῦ.
						ἐστὶ δὲ φαιδρὸς μὲν τὰς <lb/>ὄψεις, δέδορκε δὲ δριμύ, καὶ ἡ βάσις τὸ πάντων σχημάτων
						<lb/>ἑδραιότατόν τε καὶ ἀμεταπτωτότατον ἔχει τὸν <lb/>
						<milestone unit="lineno" n="15"/>κύβον. ἔσθ’ ὅτε δὲ καὶ αὐτὸν τὸν θεὸν τούτῳ τῷ
						<lb/>σχήματι κοσμοῦσιν. ἴδοις δ’ ἂν τοὺς θιασώτας αὐτοῦ <lb/>φαιδροὺς μὲν ὁμοίως τῷ
						καθηγουμένῳ θεῷ, μεμφομένους <lb/>δ’ οὐδέποτ’ αὐτὸν ὥσπερ οἱ τὴν Τύχην, οὐδ’
						ἀπολειπομένους <lb/>ποτ’ οὐδὲ χωριζομένους, ἀλλ’ ἑπομένους τε καὶ <lb/>
						<milestone unit="lineno" n="20"/>διὰ παντὸς ἀπολαύοντας τῆς προνοίας αὐτοῦ. </p>
				</div>
				<div type="textpart" subtype="chapter" n="4">
					<p>τοὺς δέ γε τῇ Τύχῃ συνεπομένους ἅπαντας μὲν <lb/>ἀργοὺς θεάσῃ καὶ τεχνῶν ἀμαθεῖς,
						ὀχουμένους δ’ ἐπ’ <lb/>ἐλπίδων ἀεὶ καὶ θεούσῃ τῇ δαίμονι συνθέοντας, ἐνίους <lb/>μὲν
						ἐγγὺς ἐνίους δὲ πορρωτέρω, τινὰς δὲ καὶ τῆς χειρὸς <lb/>
						<milestone unit="lineno" n="25"/>αὐτῆς ἐξημμένους. ἐν τούτοις ἅπασι καὶ τὸν Κροῖσον
						<lb/>ἐκεῖνον τὸν Λυδὸν ὄψει καὶ τὸν Πολυκράτην τὸν Σάμιον, <lb/>καὶ ἴσως θαυμάσεις τῷ
						μὲν τὸν Πακτωλὸν ἰδὼν ῥέοντα <lb/>χρυσόν, τῷ δὲ καὶ τοὺς θαλαττίους ὑπηρετοῦντας ἰχθῦς.
							<pb n="4"/> μετὰ τούτων δὲ καὶ Κῦρον θεάσῃ καὶ Πρίαμον καὶ <lb/>Διονύσιον. ἀλλὰ τούτων
						αὐτῶν ὀλίγον ὕστερον ὄψει <lb/>Πολυκράτην μὲν ἀνεσταυρωμένον, ὑπὸ Κύρῳ δὲ Κροῖσον,
						<lb/>αὐτὸν δὲ τὸν Κῦρον ὑπ’ ἄλλοις. ὄψει δὲ καὶ Πρίαμον <lb/>
						<milestone unit="lineno" n="5"/>καθῃρημένον καὶ Διονύσιον ἐν Κορίνθῳ. εἰ δὲ καὶ τοὺς
						<lb/>ἄλλους ἐπισκέψαιο τοὺς ἀπωτέρω μὲν αὐτὴν θέουσαν <lb/>διώκοντας, οὐ μὴν τυχόντας
						γε, μισήσεις ὅλον τὸν χορόν· <lb/>εἰσὶ 〈μὲν〉 γὰρ ἐνταῦθα καὶ δημαγωγοὶ πολλοὶ καὶ
						ἑταῖραι <lb/>καὶ πόρνοι καὶ προδόται φίλων, εἰσὶ δὲ καὶ φονεῖς καὶ <lb/>
						<milestone unit="lineno" n="10"/>τυμβωρύχοι καὶ ἅρπαγες πολλοί, 〈οἳ〉 δὲ μηδὲ τῶν θεῶν
						<lb/>αὐτῶν πεφεισμένοι, ἀλλὰ καὶ τούτων 〈τὰ〉 ἱερὰ συλήσαντες. </p>
				</div>
				<div type="textpart" subtype="chapter" n="5">
					<p>ὁ δ’ ἕτερος τῶν χορῶν πάντες μὲν κόσμιοι καὶ <lb/>τεχνῶν ἐργάται, οὐ θέουσι δὲ οὐδὲ
						βοῶσιν οὐδ’ ἀλλήλοις <lb/>μάχονται· ἀλλ’ ἐν μέσοις μὲν αὐτοῖς ὁ θεός, ἀμφ’ αὐτὸν <lb/>
						<milestone unit="lineno" n="15"/>δ’ ἅπαντες ἐν τάξει κεκόσμηνται, χώραν ἕκαστος ἣν
						<lb/>ἐκεῖνος ἔδωκεν οὐκ ἀπολείποντες· οἱ μὲν ἔγγιστα τῷ <lb/>θεῷ καὶ περὶ αὐτὸν ἐν κύκλῳ
						κεκοσμημένοι γεωμέτραι <lb/>καὶ ἀριθμητικοὶ καὶ φιλόσοφοι καὶ ἰατροὶ καὶ ἀστρονόμοι
						<lb/>καὶ γραμματικοί, τούτων δ’ ἐφεξῆς [ὁ δεύτερος χορὸς] <lb/>
						<milestone unit="lineno" n="20"/>ζωγράφοι πλάσται γραμματισταί, τέκτονές τε καὶ
						ἀρχιτέκτονες <lb/>καὶ λιθογλύφοι, καὶ μετ’ αὐτοὺς δ’ ἡ τρίτη <lb/>τάξις, αἱ λοιπαὶ
						τέχναι πᾶσαι. κατὰ μέρη μὲν οὕτω <lb/>κεκόσμηνται· πάντες δὲ πρὸς τὸν θεὸν ἀποβλέπουσι
						<lb/>κοινῷ τῷ παρ’ αὐτοῦ προστάγματι πειθόμενοι. θεάσῃ <lb/>
						<milestone unit="lineno" n="25"/>δὲ κἀνταῦθα πολλοὺς μετ’ αὐτοῦ τοῦ θεοῦ, τετάρτην δή
						<lb/>τινα τάξιν ἀπὸ τῶν ἄλλων ἔκκριτον, οὐχ οἷοί τινες ἦσαν <lb/>οἱ μετὰ τῆς Τύχης· οὐ
						γὰρ ἀξιώμασι πολιτικοῖς οὐδὲ <lb/>γένους ὑπεροχαῖς οὐδὲ πλούτῳ τοὺς ἀρίστους ὁ θεὸς
						<lb/>οὗτος εἴθισται κρίνειν, <milestone unit="ed1folio" n="1v"/> ἀλλὰ τοὺς καλῶς μὲν
						βιοῦντας, <lb/>
						<milestone unit="lineno" n="30"/>ἐν δὲ ταῖς ἑαυτῶν τέχναις πρωτεύοντας, ἑπομένους δὲ
						<lb/>τοῖς προστάγμασιν αὐτοῦ καὶ νομίμως τὰς τέχνας ἐργαζομένους <pb n="5"/> τιμᾷ τε καὶ
						πρὸ τῶν ἄλλων ἄγει, περὶ αὑτὸν <lb/>ἔχων ἀεί. τοῦτον οἶμαι τὸν χορὸν νοήσας ὁποῖός ἐστιν
						<lb/>οὐ μόνον ζηλώσεις ἀλλὰ καὶ προσκυνήσεις. Σωκράτης <lb/>ἔστιν ἐν αὐτῷ καὶ Ὅμηρος καὶ
						Ἱπποκράτης καὶ Πλάτων <lb/>
						<milestone unit="lineno" n="5"/>καὶ οἱ τούτων ἐρασταί, οὓς ἴσα καὶ τοῖς θεοῖς σέβομεν,
						<lb/>οἷον ὕπαρχοί τινες καὶ ὑπηρέται τοῦ θεοῦ. 〈καὶ〉 τῶν <lb/>δ’ ἄλλων ἁπάντων οὐκ ἔστιν
						ὅστις ἠμελήθη ποτὲ πρὸς <lb/>αὐτοῦ· οὐ μόνον γὰρ [τῶν] παρόντων πεφρόντικεν ἀλλὰ
						<lb/>καὶ πλέουσι σύμπλους ἐστὶ καὶ ναυαγούντων οὐκ ἀπολείπεται. <lb/>
						<milestone unit="lineno" n="10"/>Ἀρίστιππος γοῦν ἐπειδή ποτε πλέων τοῦ <lb/>σκάφους
						ἀπολομένου ἐπὶ τὰς Συρακοσίων ᾐόνας ἐξεβράσθη, <lb/>πρῶτον μὲν ἐθάρρησε θεασάμενος ἐπὶ
						τῆς ψάμμου διάγραμμα <lb/>γεωμετρικόν· ἐλογίσατο γὰρ εἰς Ἕλληνάς τε καὶ <lb/>σοφοὺς
						ἄνδρας, οὐκ εἰς βαρβάρους ἥκειν. ἔπειτα παραγενόμενος <lb/>
						<milestone unit="lineno" n="15"/>εἰς τὸ Συρακοσίων γυμνάσιον καὶ ταυτὶ τὰ <lb/>ἔπη
						φθεγξάμενος ‘τίς τὸν πλανήτην Οἰδίπουν καθ’ ἡμέραν <lb/>τὴν νῦν σπανιστοῖς δέξεται
						δωρήμασι’ <lb/>προσιόντας τέ τινας ἔσχεν αὑτῷ καὶ γνωρίζοντας ὅστις <lb/>εἴη καὶ πάντων
						ὧν ἐδεῖτο μεταδιδόντας εὐθέως. ὡς δ’ <lb/>
						<milestone unit="lineno" n="20"/>εἰς Κυρήνην αὐτοῦ τὴν πατρίδα μέλλοντές τινες πλεῖν
						<lb/>ἐπυνθάνοντο, μή τι τοῖς οἰκείοις ἐπιστέλλει, κελεύειν <lb/>αὐτοὺς ἔφη ταῦτα κτᾶσθαι
						τὰ κτήματα ἃ καὶ ναυαγήσαντι συνεκκολυμβήσει. </p>
				</div>
				<div type="textpart" subtype="chapter" n="6">
					<p>πολλοὶ δὲ τῶν κακοδαιμόνων καὶ πάντα πρὸς <lb/>
						<milestone unit="lineno" n="25"/>τὸν πλοῦτον ἀποβλεπόντων ἐν τοιαύταις πραγμάτων
						περιστάσεσι <lb/>γενόμενοι χρυσὸν ἢ ἄργυρον ἐξαψάμενοί τε καὶ <lb/>περιθέμενοι τῷ σώματι
						προσαπώλεσαν αὐτοῖς καὶ τὴν <lb/>ψυχήν, οὐδὲ τοῦτο δυνάμενοι συνιδεῖν ὅτι καὶ τῶν ἀλόγων
						<lb/>ζῴων αὐτοὶ πρῶτοι τὰ ταῖς τέχναις κεκοσμημένα μᾶλλον <lb/>
						<milestone unit="lineno" n="30"/>ἀσπάζονται. καὶ γὰρ τοὺς πολεμικοὺς ἵππους καὶ τοὺς
						<lb/>θηρατικοὺς κύνας πρὸ τῶν ἄλλων τιμῶσι καὶ τοὺς μὲν <lb/>οἰκέτας ἐκδιδάσκονται
						τέχνας, πάμπολυ πολλάκις εἰς ﻿<pb n="6"/> αὐτοὺς ἀργύριον ἀναλίσκοντες, ἑαυτῶν δ’
						ἀμελοῦσι. <lb/>καίτοι 〈γ’〉 οὐκ αἰσχρὸν τὸν οἰκέτην μὲν ἐνίοτε δραχμῶν <lb/>εἶναι μυρίων
						ἄξιον, αὐτὸν δὲ τὸν δεσπότην αὐτοῦ μηδὲ <lb/>μιᾶς; καὶ τί λέγω μιᾶς· οὐδ’ ἂν προῖκά τις
						τὸν τοιοῦτον <lb/>
						<milestone unit="lineno" n="5"/>λάβοι. μήποθ’ ἑαυτοὺς μόνους ἠτιμάκασιν ἐκ πάντων
						<lb/>μηδεμίαν ἐκμαθόντες τέχνην; ὅταν γὰρ καὶ τὰ ἄλογα <lb/>τῶν ζῴων ἐν τεχνικοῖς
						ἐπιτηδεύμασι παιδεύωσι καὶ οἰκέτην <lb/>ἀργὸν καὶ ἄτεχνον οὐδενὸς ἄξιον νομίζωσι,
						ἐπιμελῶνται <lb/>δὲ καὶ τῶν χωρίων καὶ τῶν ἄλλων κτημάτων <lb/>
						<milestone unit="lineno" n="10"/>ὅπως ἕκαστον εἰς δύναμιν ὅτι βέλτιστον ᾖ, μόνων δ’
						<lb/>ἑαυτῶν ἀμελῶσι, μηδ’ εἰ ψυχὴν ἔχουσι γιγνώσκοντες, <lb/>εὔδηλον ὅτι τοῖς ἀποβλήτοις
						τῶν οἰκετῶν ἐοίκασιν. ὥστε <lb/>τις ἐπιστὰς ἀνδρὶ τοιούτῳ προσηκόντως ἂν εἴποι πρὸς
						<lb/>αὐτὸν ‘ὦ ἄνθρωπε, οἰκία μέν σοι [εὖ ἔχει] καὶ τἀνδράποδα <lb/>
						<milestone unit="lineno" n="15"/>πάντα καὶ ἵπποι δὴ καὶ κύνες καὶ χωρία καὶ ὅσα
						<lb/>κέκτησαι διάκειται καλῶς· αὐτὸν δὲ σὲ οὐκ ἀγαθὴ κομιδὴ <lb/>ἔχει’. καλῶς οὖν καὶ ὁ
						Ἀντισθένης καὶ ὁ <lb/>Διογένης, ὃ μὲν χρυσᾶ πρόβατα καλῶν τοὺς πλουσίους <lb/>καὶ
						ἀπαιδεύτους, ὃ δὲ ταῖς ἐπὶ τῶν κρημνῶν συκαῖς <lb/>
						<milestone unit="lineno" n="20"/>ἀπεικάζων αὐτούς· ἐκείνων τε γὰρ τὸν καρπὸν οὐκ
						ἀνθρώπους <lb/>ἀλλὰ κόρακας ἢ κολοιοὺς ἐσθίειν, τούτων τε <lb/>τὰ χρήματα μηδὲν μὲν
						ὄφελος εἶναι τοῖς ἀστείοις, δαπανᾶσθαι <lb/>δ’ ὑπὸ τῶν κολάκων, οἵτινες ἐὰν οὕτως τύχῃ
						<lb/>πάντων αὐτοῖς ἀναλωθέντων ἀπαντῶντες παρέρχονται <lb/>
						<milestone unit="lineno" n="25"/>μὴ γνωρίζειν προσποιούμενοι. ὅθεν οὐδ’ ὁ ταῖς κρήναις
						<lb/>τοὺς τοιούτους εἰκάσας ἄμουσός τις ἦν· καὶ γάρ τοι καὶ <lb/>οἱ ἀπὸ τῶν κρηνῶν
						ὑδρευόμενοι πρόσθεν, ἐπειδὰν μηκέτ’ <lb/>ἔχωσιν ὕδωρ ἀνασυράμενοι προσουροῦσι. καὶ ἐστὶν
						εὔλογον <lb/>τοὺς διὰ μηδὲν ἄλλ’ ἢ τὰ χρήματα περιβλέπτους <lb/>
						<milestone unit="lineno" n="30"/>ἅμα τῷ στερηθῆναι τούτων εὐθὺς καὶ τῶν ἄλλων ἃ διὰ
						<lb/>ταῦτ’ εἶχον ἐστερῆσθαι. τί γὰρ ἂν καὶ πάθοιεν, ἴδιον <pb n="7"/> μὲν οὐδὲν ἀγαθὸν
						κεκτημένοι, ἀεὶ δ’ ἐπ’ ἀλλοτρίοις [καὶ] <lb/>τοῖς παρὰ τῆς Τύχης ἐπαιρόμενοι. </p>
				</div>
				<div type="textpart" subtype="chapter" n="7">
					<p>τοιοῦτοι δέ τινές εἰσι καὶ οἱ τὴν εὐγένειαν <lb/>προβαλλόμενοι καὶ φρονοῦντες ἐπ’ αὐτῇ
						μέγα· καὶ γὰρ <lb/>
						<milestone unit="lineno" n="5"/>καὶ οὗτοι σπάνει τῶν ἰδίων ἀγαθῶν ἐπὶ τὸ γένος ἥκουσιν,
						<lb/>οὐδὲ τοσοῦτον γιγνώσκοντες ὅτι ἡ ἄρα εὐγένεια αὕτη ἐφ’ <lb/>ᾗ σεμνύνονται τοῖς κατὰ
						πόλιν νομίσμασιν ἔοικεν, ἃ <lb/>παρὰ τοῖς θεμένοις ἰσχύοντα παρ’ ἄλλοις ἐστὶ κίβδηλα·
						<lb/>— οὐδ’ ηὑγένεια σ’ ἦρεν εἰς ὕψος μέγα; <lb/>
						<milestone unit="lineno" n="10"/>— κακὸν τὸ μὴ ἔχειν· τὸ γένος οὐκ ἔβοσκέ με. <lb/>καλὸς
						οὖν, [ἧ] φησὶν ὁ Πλάτων, θησαυρὸς <lb/>αἱ τῶν πατέρων ἀρεταί· κάλλιον δ’ ἀντιθεῖναι
						δύνασθαι <lb/>τὸν τοῦ Σθενέλου λόγον ‘ἡμεῖς τοι πατέρων <lb/>μέγ’ ἀμείνονες εὐχόμεθ’
						εἶναι’. ταύτην γὰρ μόνην ἔχοιμεν <lb/>
						<milestone unit="lineno" n="15"/>ἄν, εἰ δή τίς ἐστιν εὐγενείας χρεία, πρὸς οἰκεῖον
						<lb/>παράδειγμα τὸν ζῆλον ἡμῖν γίγνεσθαι· ὡς εἴ γε κατὰ <lb/>πολὺ τῆς τῶν προγόνων
						ἀρετῆς ἀπολειπόμεθα, λύπη <lb/>μὲν ἂν εἴη κἀκείνοις, εἴ τις αὐτοῖς ἐστιν αἴσθησις,
						<lb/>αἰσχύνη δ’ ἡμῖν αὐτοῖς τοσῷδε μείζων ὅσῳ καὶ τὸ <lb/>
						<milestone unit="lineno" n="20"/>γένος περιφανέστερον. οἱ μὲν γὰρ <lb/>[ἀμαθεῖς]
						παντάπασιν ἄσημοι τῷ γένει τοῦτο γοῦν αὐτὸ <lb/>κερδαίνουσι τὸ μὴ γιγνώσκεσθαι τοῖς
						πολλοῖς ὁποῖοί <lb/>τινές εἰσιν· ὅσοις δὲ τὸ λαμπρὸν καὶ διάσημον τοῦ <lb/>γένους οὐδὲ
						τοῦ λαθεῖν ἐξουσίαν δίδωσι, τί ἄλλο ἢ <lb/>
						<milestone unit="lineno" n="25"/>περιφανέστερον οὗτοι δυστυχοῦσιν; καὶ μὲν δὴ καὶ
						<lb/>καταγιγνώσκονται μᾶλλον οἱ ἀνάξιοι τοῦ γένους, ὥστ’ <lb/>εἰ καί τις ἠλίθιος ὢν
						ὑπομιμνῄσκοι τὸ λαμπρὸν τοῦ <lb/>γένους, ἀσυγγνωστότερον ἑαυτῷ τὸ κακὸν ἀποφαίνει. οὐ
						<lb/>γὰρ ὁμοίως ἐξετάζομέν τε καὶ βασανίζομεν τοὺς ἐπιτυχόντας <pb n="8"/> ἀνθρώπους
						τοῖς ἐκ γένους λαμπροῦ, ἀλλὰ τοὺς <lb/>μέν, κἂν μέτριοί τινες ὦσιν, ἀποδεχόμεθα τῇ
						δυσγενείᾳ <lb/>τῆς ἐνδείας τὴν αἰτίαν ἀναφέροντες, τοὺς δ’ εἰ μηδὲν <lb/>τῶν προγόνων
						ἄξιον ἔχοιεν οὐδέπω θαυμάζομεν, ἂν καὶ <lb/>
						<milestone unit="lineno" n="5"/>τῶν ἄλλων ἁπάντων πολὺ διαφέρωσιν. ὥστ’ εἴ τις εὗ
						<lb/>φρονεῖ, τέχνης ἀσκήσει προσίτω, δι’ ἣν κἂν εὐγενὴς ᾗ <lb/>τοῦ γένους οὐκ ἀνάξιος
						φανεῖται, κἂν μὴ τοιοῦτος ὑπάρχῃ <lb/>τὸ γένος αὐτὸς ἐπικοσμήσει, μιμησάμενος τὸν
						παλαιὸν <lb/>ἐκεῖνον Θεμιστοκλέα, ὃς ὀνειδιζόμενος ἐπὶ τῷ γένει ‘ἀλλ’ <lb/>
						<milestone unit="lineno" n="10"/>ἐγὼ τοῖς ἀπ’ ἐμαυτοῦ, ἔφη, τοῦ γένους ἄρξω, καὶ τὸ
						<lb/>μὲν ἐμὸν ἀπ’ ἐμοῦ γένος ἄρξεται, τὸ δὲ σὸν εἰς σὲ τελευτήσει’. <lb/>ὁρᾷς ὡς οὐδὲν
						κωλύει τὸν Σκύθην Ἀνάχαρσιν <lb/>καὶ θαυμάζεσθαί τε καὶ σοφὸν ὀνομάζεσθαι· καίτοι
						<lb/>βάρβαρος ἦν τὸ γένος. οὗτός ποτε πρός τινος ὀνειδιζόμενος <lb/>
						<milestone unit="lineno" n="15"/>ὅτι βάρβαρος εἴη καὶ Σκύθης ‘ἐμοὶ μέν, 〈εἶπεν〉, <lb/>ἡ
						πατρὶς ὄνειδος, σὺ δὲ τῇ πατρίδι’, πάνυ καλῶς ἐπιπλήξας <lb/>τῷ μηδενὸς ἀξίῳ λόγου,
						μόνον δ’ ἐπὶ τῇ πατρίδι <lb/>σεμνυνομένῳ. εἰ γὰρ ἐπιστήσαις τοῖς πράγμασι τὸν <lb/>νοῦν,
						οὐ διὰ τὰς πόλεις εὕροις ἂν ἐν δόξῃ τοὺς πολίτας <lb/>
						<milestone unit="lineno" n="20"/>γιγνομένους, ἀλλ’ αὐτὸ δὴ τοὐναντίον διὰ τοὺς ἀγαθοὺς
						<lb/>ἄνδρας [ἐν ταῖς τέχναις] καὶ τὰς πατρίδας αὐτῶν μνημονευομένας. <lb/>τίς γὰρ 〈ἂν〉
						ἦν Σταγίρων λόγος, εἰ μὴ δι’ <lb/>Ἀριστοτέλην, τίς δ’ ἂν Σόλων, εἰ μὴ δι’ Ἄρατόν τε καὶ
						<lb/>Χρύσιππον· ὅπου καὶ τῶν Ἀθηνῶν αὐτῶν μέχρι πόρρω <lb/>
						<milestone unit="lineno" n="25"/>τοὔνομα πεφοίτηκεν οὐ διὰ <milestone unit="ed1folio" n="2r"/> τὴν τῆς γῆς ἀρετήν — λεπτόγεως <lb/>γάρ — ἀλλὰ διὰ τοὺς ἐν αὐτῇ <lb/>φύντας,
						οἳ πλεῖστοί τε καὶ ἄριστοι γενόμενοι μετέδοσάν <lb/>τι καὶ τῇ πατρίδι τοῦ σφετέρου
						κλέους. μάθοις δ’ ἂν <lb/>ἐναργέστατα τὸ τοιοῦτον ἀληθὲς ὄν, εἰ τὸν Ὑπέρβολον <lb/>
						<milestone unit="lineno" n="30"/>ἢ τὸν Κλέωνα λογίσαιο, τοσοῦτον ἀπὸ τῶν Ἀθηνῶν
						<lb/>κερδήσαντας ὅσον ἄν τις εἰς περιφάνειαν κακὸς ὢν ἐπικτήσαιτο. <pb n="9"/> ‘ἦν ὅτε
						σύας Βοιώτιον ἔθνος ἔνεπον’ ὁ Πίνδαρός <lb/>φησι, καὶ πάλιν ὁ αὐτὸς ‘εἰ φεύγομεν
						<lb/>Βοιωτίαν ὗν’, ἀξιῶν ὅλου σχεδὸν ἔθνους τὸν ἐπ’ <lb/>ἀμαθείᾳ ψόγον ἀπολύεσθαι διὰ
						τὴν ἑαυτοῦ μουσικήν. </p>
				</div>
				<div type="textpart" subtype="chapter" n="8">
					<lb/>
					<milestone unit="lineno" n="5"/>
					<p>ἐπαινέσειε δ’ ἄν τις καὶ τὸν Ἀθήνησι νομοθέτην, <lb/>ὃς τὸν μὴ διδάξαντα τέχνην ἐκώλυε
						πρὸς τοῦ <lb/>παιδὸς τρέφεσθαι. τέχνης 〈γὰρ〉 ἁπάσης κατ’ ἐκεῖνον <lb/>μάλιστα τὸν χρόνον
						ἀσκουμένης ἡνίχ’ ὡραιότατα φαίνεται <lb/>τὰ σώματα, πολλοῖς συνέβη περιβλέπτοις διὰ
						κάλλος <lb/>
						<milestone unit="lineno" n="10"/>γεγενημένοις ἀμελῆσαι τῆς ἑαυτῶν ψυχῆς, εἶθ’ ὕστερον
						<lb/>ὅτ’ οὐδὲν ὄφελος λέγειν ‘εἴθ’ ὤφελεν τὸ κάλλος, ὅ με <lb/>διώλεσε, κακῶς ὀλέσθαι’.
						τηνικαῦτα δ’ <lb/>αὐτοὺς καὶ τὸ τοῦ Σόλωνος εἰσέρχεται σκοπεῖσθαι κελεύοντος <lb/>ἐν
						τοῖς μάλιστα τὸ τέλος τοῦ βίου. εἶτα καὶ <lb/>
						<milestone unit="lineno" n="15"/>τῷ γήρᾳ λοιδοροῦνται, δέον ἑαυτοῖς, καὶ τὸν Εὐριπίδην
						<lb/>ἐπαινοῦσι λέγοντα οὐκ ἀσφαλὲς εἶναι περαιτέρω <lb/>τὸ κάλλος ἢ μέσον λαβεῖν.
						ἄμεινον οὖν ἐστιν <lb/>ἐγνωκότας τὴν μὲν τῶν μειρακίων ὥραν τοῖς ἠρινοῖς <lb/>ἄνθεσιν
						ἐοικυῖαν ὀλιγοχρόνιόν τε τὴν τέρψιν ἔχουσαν <lb/>
						<milestone unit="lineno" n="20"/>ἐπαινεῖν 〈ἐκεῖνόν〉 τε καὶ τὴν Λεσβίαν <lb/>λέγουσαν ‘ὁ
						μὲν γὰρ καλὸς ὅσσον ἰδεῖν πέλεται <lb/>〈καλός〉, ὁ δὲ κἀγαθὸς αὐτίκα καὶ καλὸς ἔσται’,
						πείθεσθαι <lb/>δὲ καὶ Σόλωνι τὴν αὐτὴν γνώμην ἐνδεικνυμένῳ, <lb/>τὸ δὲ γῆρας καθάπερ
						χαλεπὸν ἐφεδρεύοντα χειμῶνα, <lb/>
						<milestone unit="lineno" n="25"/>δεόμενον οὐχ ὑποδημάτων μόνον καὶ ἐσθῆτος ἀλλὰ καὶ
						<lb/>οἰκήσεως ἐπιτηδείας καὶ μυρίων ἄλλων, παρασκευάζεσθαι <lb/>πρὸς αὐτὸ καθάπερ ἀγαθὸν
						κυβερνήτην ἐκ πολλοῦ πρὸς <lb/>χειμῶνα· μοχθηρὸν γὰρ τὸ ‘ῥεχθέν δέ τε νήπιος ἔγνω’.
						<lb/>πρὸς τί γὰρ ἂν καὶ φαίη τις εἶναι χρήσιμον <pb n="10"/> ἀνάσκητον νέου κάλλος; ἆρά
						γ’ εἰς πόλεμον; καὶ μὴν <lb/>οὐκ 〈ἂν〉 ἀστόχως τις ἐπιφωνήσειε τοῖς τοιούτοις ‘ἀλλὰ
						<lb/>σύγ’ ἱμερόεντα μετέρχεο ἔργα γάμοιο’ 〈ἢ〉 ‘ἀλλ’ <lb/>εἰς οἶκον ἰοῦσα τὰ σ’ αὐτῆς
						ἔργα κόμιζε’. καὶ <lb/>
						<milestone unit="lineno" n="5"/>γὰρ ὁ Νιρεὺς ‘κάλλιστος μὲν ἀνὴρ ὑπὸ Ἴλιον <lb/>ἦλθεν,
						ἀλλ’ ἀλαπαδνὸς ἔην’, καὶ διὰ τοῦθ’ ἅπαξ αὐτοῦ <lb/>μόνον ἐμνημόνευσεν Ὅμηρος ἐν νεῶν
						καταλόγῳ πρὸς ἐπίδειξιν, <lb/>ἐμοὶ δοκεῖ, τῆς τῶν καλλίστων ἀνδρῶν ἀχρηστίας, <lb/>ὅταν
						αὐτοῖς ὑπάρχῃ μηδὲν ἄλλο τῶν εἰς τὸν βίον χρησίμων. <lb/>
						<milestone unit="lineno" n="10"/>οὐδὲ μὴν εἰς πόρον χρημάτων, εἴ τινες τῶν
						<lb/>κακοδαιμόνων λέγειν τολμῶσι, τὸ κάλλος ἐστὶ χρήσιμον. <lb/>ὁ μὲν γὰρ ἐλευθέριός τε
						καὶ ἔνδοξος καὶ βέβαιος χρηματισμὸς <lb/>ἀπὸ τέχνης γίγνεσθαι πέφυκεν, ὁ δ’ ἀπὸ
						<lb/>σώματος καὶ κάλλους αἰσχρός ἐστι καὶ διὰ παντὸς <lb/>
						<milestone unit="lineno" n="15"/>ἐπονείδιστος. χρὴ τοίνυν τὸν νέον πειθόμενον τῷ
						<lb/>παλαιῷ παραγγέλματι τὴν <lb/>ἑαυτοῦ μορφὴν ἐν κατόπτρῳ θεασάμενον, εἰ μὲν καλὸς
						<lb/>εἴη τὴν ὄψιν, ἀσκῆσαι τοιαύτην εἶναι καὶ τὴν ψυχήν, <lb/>ἄτοπον ἡγησάμενον ἐν καλῷ
						σώματι ψυχὴν αἰσχρὰν οἰκεῖν, <lb/>
						<milestone unit="lineno" n="20"/>εἰ δ’ αἰσχρὸς αὑτῷ φαίνοιτο τὴν τοῦ σώματος ἰδέαν
						<lb/>εἶναι, τοσῷδε μᾶλλον ἐπιμεληθῆναι τῆς ψυχῆς, ἵν’ ἔχῃ <lb/>λέγειν τὸ Ὁμηρικόν ‘ἄλλος
						δ’ αὖτ’ εἶδος ἀκιδνότερος <lb/>πέλει ἀνήρ· ἀλλὰ θεὸς μορφὴν ἔπεσι στέφει, οἳ <lb/>δέ τ’
						ἐς αὐτὸν τερπόμενοι λεύσσουσιν· ὃ δ’ ἀσφαλέως <lb/>
						<milestone unit="lineno" n="25"/>ἀγορεύει αἰδοῖ μειλιχίῃ, μετὰ δὲ πρέπει ἀγρομένοισιν·
						<lb/>ἐρχόμενον δ’ ἀνὰ ἄστυ θεὸν ὣς εἰσορόωσιν’.</p>
					<p>ἐξ ἁπάντων τοίνυν τῶν εἰρημένων τοῖς γε μὴ παντάπασιν <lb/>ἀνοήτοις ἐναργῶς φαίνεται
						μήτ’ ἐπὶ γένους <lb/>λαμπρότητι μήτ’ ἐπὶ πλούτῳ τε καὶ κάλλει θαρρήσαντας <lb/>
						<milestone unit="lineno" n="30"/>καταφρονῆσαι τέχνης ἀσκήσεως. αὐτάρκη μὲν οὖν καὶ
						<lb/>ταῦτα· κάλλιον δ’ ἴσως προσθεῖναι καὶ τὸ τοῦ Διογένους ﻿<pb n="11"/> οἷον ἀγαθόν
						τινα ἐπῳδόν. ὃς ἑστιώμενος παρά τινι τῶν <lb/>μὲν ἑαυτοῦ πάντων ἀκριβῶς προνενοημένῳ,
						μόνου δ’ <lb/>ἑαυτοῦ παντάπασιν ἠμεληκότι, χρεμψάμενος ὡς πτύσων <lb/>εἶτ’ ἐν κύκλῳ
						περισκοπήσας εἰς οὐδὲν μὲν τῶν πέριξ <lb/>
						<milestone unit="lineno" n="5"/>ἔπτυσεν, αὐτῷ δὲ μόνῳ προσέπτυσε τῷ δεσπότῃ τῆς
						<lb/>οἰκίας. ἀγανακτοῦντος δ’ αὐτοῦ καὶ τὴν αἰτίαν ἐρωτῶντος <lb/>οὐδὲν ἔφησεν ὁρᾶν
						οὕτως ἠμελημένον τῶν κατὰ τὴν <lb/>οἰκίαν ὡς ἐκεῖνον. τοὺς γὰρ τοίχους ἅπαντας
						ἀξιολόγοις <lb/>γραφαῖς κεκοσμῆσθαι, τὸ δ’ ἔδαφος ἐκ ψήφων πολυτελῶν <lb/>
						<milestone unit="lineno" n="10"/>συγκεῖσθαι θεῶν εἰκόνας ἔχον [ἐξ αὐτῶν] διατετυπωμένας,
						<lb/>ἅπαντά 〈τε〉 τὰ σκεύη λαμπρὰ καὶ καθαρὰ <lb/>καὶ τὴν στρωμνὴν καὶ τὰς κλίνας εἰς
						κάλλος ἐξησκῆσθαι, <lb/>μόνον δ’ ἐκεῖνον ὁρᾶν ἠμελημένον. εἴθισται δ’ ἅπασιν
						<lb/>ἀνθρώποις εἰς τοὺς ἀτιμοτάτους τῶν παρόντων τόπων <lb/>
						<milestone unit="lineno" n="15"/>ἀποπτύειν. μὴ τοίνυν ἐάσῃς, ὦ μειράκιον, ἄξιον τοῦ
						<lb/>προσπτύεσθαι γενέσθαι σεαυτόν, μηδ’ ἂν ἅπαντά σοι <lb/>τἄλλα κάλλιστα διακεῖσθαι
						δοκῇ. σπάνιον μὲν γάρ ἐστι <lb/>καὶ τὸ τυχεῖν αὐτῶν ὁμοῦ πάντων, ὡς εὐγενῆ τε καὶ
						<lb/>πλούσιον εἶναι καὶ καλὸν ἅμα τὸν αὐτόν. εἰ δ’ ἄρα καὶ <lb/>
						<milestone unit="lineno" n="20"/>συνέλοι ποτέ, δεινὸν ἂν εἴη μόνον ἐν ἅπασι τοῖς
						ὑπάρχουσιν <lb/>αὐτὸν κατάπτυστον εἶναι. </p>
				</div>
				<div type="textpart" subtype="chapter" n="9">
					<p>ἄγετ’ οὖν, ὦ παῖδες, ὁπόσοι τῶν ἐμῶν ἀκηκοότες <lb/>λόγων ἐπὶ τέχνης μάθησιν ὥρμησθε·
						μή τις ὑμᾶς <lb/>ἀπατεὼν καὶ γόης ἀνὴρ παρακρουσάμενός ποτε ματαιοτεχνίαν <lb/>
						<milestone unit="lineno" n="25"/>ἢ κακοτεχνίαν ἐκδιδάξηται, γιγνώσκοντας ὡς <lb/>ὁπόσοις
						τῶν ἐπιτηδευμάτων οὔκ ἐστι τὸ τέλος βιωφελές, <lb/>ταῦτ’ οὐκ εἰσὶ τέχναι. καὶ περὶ μὲν
						τῶν ἄλλων ὑμᾶς <lb/>καὶ πάνυ πέποιθα γιγνώσκειν ὅτι μηδὲν τούτων ἐστὶ <lb/>τέχνη, οἷον
						τό τε πετευρίζειν καὶ βαδίζειν ἐπὶ σχοινίων <lb/>
						<milestone unit="lineno" n="30"/>λεπτῶν ἐν κύκλῳ τε περιδινεῖσθαι μὴ σκοτούμενον... <pb n="12"/> οἷα τὰ Μυρμηκίδου τοῦ Ἀθηναίου καὶ Καλλικράτους τοῦ <lb/>Λακεδαιμονίου. τὸ δὲ
						τῶν ἀθλητῶν ἐπιτήδευμα μόνον <lb/>ὑποπτεύω, μή ποτ’ ἄρα τοῦτο καὶ ῥώμην σώματος
						ἐπαγγελλόμενον <lb/>καὶ τὴν παρὰ τοῖς πολλοῖς δόξαν ἐπαγόμενον, <lb/>
						<milestone unit="lineno" n="5"/>δημοσίᾳ παρὰ τοῖς πατράσι [τετιμημένον] ἡμερησίαις
						<lb/>ἀργυρίου δόσεσιν καὶ ὅλως ἴσα τοῖς ἀριστεῦσι <lb/>τετιμημένον, ἐξαπατήσῃ τινὰ τῶν
						νέων ὡς προκριθῆναί <lb/>τινος τέχνης. ὅθεν ἄμεινον προδιασκέψασθαι περὶ <lb/>αὐτοῦ·
						εὐεξαπάτητος γὰρ ἕκαστος ἐν οἷς ἐστιν <lb/>
						<milestone unit="lineno" n="10"/>ἀπρόσκεπτος.</p>
					<p>τὸ δὴ τῶν ἀνθρώπων γένος, ὦ παῖδες, ἐπικοινωνεῖ <lb/>θεοῖς τε καὶ τοῖς ἀλόγοις ζῴοις,
						τοῖς μὲν καθ’ ὅσον <lb/>λογικόν ἐστι, τοῖς δὲ καθ’ ὅσον θνητόν. βέλτιον οὖν <lb/>ἐστι
						τῆς πρὸς τὰ κρείττονα κοινωνίας αἰσθανόμενον <lb/>
						<milestone unit="lineno" n="15"/>ἐπιμελήσασθαι παιδείας, ἧς τυχόντες μὲν τὸ μέγιστον
						<lb/>τῶν ἀγαθῶν ἕξομεν, ἀποτυχόντες δ’ οὐκ αἰσχυνούμεθα <lb/>τῶν χειρίστων ζῴων
						ἐλαττούμενοι. σώματος δ’ ἄσκησις <lb/>ἀθλητικὴ ἀποτυγχανομένη μὲν αἰσχίστη,
						ἐπιτυγχανομένη <lb/>δὲ τῶν ἀλόγων ζῴων οὐδέπω κρείττων. τίς γὰρ λεόντων <lb/>
						<milestone unit="lineno" n="20"/>ἢ ἐλεφάντων ἀλκιμώτερος, τίς δ’ ὠκύτερος λαγωοῦ; τίς
						<lb/>δ’ οὐκ οἶδεν, ὡς καὶ τοὺς θεοὺς δι’ οὐδὲν ἄλλ’ ἢ διὰ <lb/>τὰς τέχνας ἐπαινοῦμεν,
						οὕτως καὶ τῶν ἀνθρώπων τοὺς <lb/>ἀρίστους θείας ἀξιωθῆναι τιμῆς, οὐχ ὅτι καλῶς ἔδραμον
						<lb/>ἐν τοῖς ἀγῶσιν ἢ δίσκον ἔρριψαν ἢ διεπάλαισαν, ἀλλὰ <lb/>
						<milestone unit="lineno" n="25"/>διὰ τὴν ἀπὸ τῶν τεχνῶν εὐεργεσίαν. Ἀσκληπιός γέ τοι
						<lb/>καὶ Διόνυσος, εἴτ’ ἄνθρωποι πρότερον ἤστην <milestone unit="ed1folio" n="2v"/> εἴτ’
						ἀρχῆθεν <lb/>θεοί, τιμῶν ἀξιοῦνται μεγίστων, ὃ μὲν διὰ τὴν <lb/>ἰατρικήν, ὃ δ’ ὅτι τὴν
						περὶ τὰς ἀμπέλους ἠμᾶς τέχνην <lb/>ἐδίδαξεν. εἰ δ’ οὐκ ἐθέλεις ἐμοὶ πείθεσθαι, τόν γε <lb/>
						<milestone unit="lineno" n="30"/>θεὸν αἰδέσθητι τὸν Πύθιον· οὗτός ἐστιν ὁ καὶ τὸν
						<lb/>Σωκράτην εἰπὼν ἀνδρῶν ἁπάντων σοφώτατον εἶναι, καὶ <lb/>τῷ Λυκούργῳ προσφωνήσας ὧδ’
						εἶπεν·</p>

					<pb n="13"/>

					<lg>
						<l>ἥκεις, ὦ Λυκόοργε, ἐμὸν ποτὶ πίονα νηὸν</l>
						<lb/>
						<l>Ζηνὶ φίλος καὶ πᾶσιν Ὀλύμπια δώματ’ ἔχουσι.</l>
						<lb/>
						<l>δίζω ἤ σε θεὸν μαντεύσομαι ἢ ἄνθρωπον,</l>
						<lb/>
						<l>ἀλλ’ ἔτι καὶ μᾶλλον θεὸν ἔλπομαι, ὦ Λυκόοργε.</l>
					</lg>
					<lb/>
					<milestone unit="lineno" n="5"/>
					<p>ὁ δ’ αὐτὸς οὗτος θεὸς καὶ τὸν Ἀρχίλοχον τεθνεῶτα <lb/>φαίνεται τιμῶν οὐ τὰ μέτρια· τὸν
						γοῦν φονέα βουλόμενον <lb/>εἰσελθεῖν εἰς τὸν νεὼν αὐτοῦ διεκώλυσεν εἰπών <lb/>‘Μουσάων
						θεράποντα κατέκτανες· ἔξιθι νηοῦ’. </p>
				</div>
				<div type="textpart" subtype="chapter" n="10">
					<p>λέγε δή μοι καὶ σὺ τὰς τῶν ἀθλητῶν προσαγορεύσεις. <lb/>
						<milestone unit="lineno" n="10"/>ἀλλ’ οὐκ ἐρεῖς ὅτι μηδ’ ἔχεις εἰπεῖν, εἰ μή <lb/>τι τοῦ
						μάρτυρος ὡς οὐκ ἀξιόχρεω κατέγνωκας· ἐμφαίνειν <lb/>γὰρ ἔοικάς τι τοιοῦτον, ὅταν ἐπὶ
						τοὺς πολλοὺς τὸν λόγον <lb/>ἄγῃς μάρτυρας καὶ τὸν παρὰ τούτων ἔπαινον προχειρίζῃ.
						<lb/>καίτοι 〈γ’〉 οὔτε νοσῶν εὖ οἶδ’ ὅτι τοῖς πολλοῖς ἂν <lb/>
						<milestone unit="lineno" n="15"/>ἐπιτρέψαις αὑτὸν ἀλλ’ ὀλίγοις δή τισιν ἐξ ἁπάντων καὶ
						<lb/>τούτων τοῖς ἰατρικωτάτοις, οὔτ’ ἂν πλέων ἅπασι τοῖς <lb/>συμπλέουσιν ἀλλ’ ἑνὶ τῷ
						κυβερνήτῃ, ἤδη δὲ ἐπὶ τῶν <lb/>σμικροτάτων τέκτονι μὲν τεκταινόμενος, ὑποδημάτων δὲ
						<lb/>χρῄζων τῷ σκυτοτόμῳ. πῶς ἂν οὖν ἔνθα περὶ πρωτείων <lb/>
						<milestone unit="lineno" n="20"/>ὁ ἀγών ἐστι, σαυτῷ διδοίης τῆς κρίσεως τὴν ἐξουσίαν,
						<lb/>ἀφελόμενος αὐτὴν τῶν σοφωτέρων ἢ κατὰ σαυτόν; παρίημι <lb/>γὰρ τό γε νῦν εἶναι
						μεμνῆσθαι τῶν θεῶν. ἄκουσον οὖν <lb/>ὅπως Εὐριπίδης φρονεῖ περὶ τῶν ἀθλητῶν·</p>
					<lb/>
					<lg>
						<l>κακῶν γὰρ ὄντων μυρίων καθ’ Ἑλλάδα</l>
						<lb/>
						<milestone unit="lineno" n="25"/>
						<l>οὐδὲν κάκιον ἔστιν ἀθλητῶν γένους·</l>
						<lb/>
						<l>οἳ πρῶτον οἰκεῖν οὔτε μανθάνουσιν εὖ</l>
						<lb/>
						<l>οὔτ’ ἂν δύναιντο. πῶς γὰρ ὅστις ἔστ’ ἀνὴρ</l>
						<lb/>
						<milestone unit="lineno" n="5"/>
						<l>γνάθου τε δοῦλος νηδύος θ’ ἡττημένος,</l>
						<lb/>
						<l>κτήσαιτ’ ἂν ὄλβον εἰς ὑπεκτροφὴν πάτρας;</l>
						<lb/>
						<milestone unit="lineno" n="30"/>
						<l>οὐδ’ αὖ πένεσθαι κἀξυπηρετεῖν τύχαις</l>

						<pb n="14"/>

						<l>〈οἷοί τ’〉· ἔθη γὰρ οὐκ ἐθισθέντες καλὰ</l>
						<lb/>
						<l>σκληρῶς μεταλλάσσουσιν εἰς τἀμήχανον.</l>
					</lg>
					<p>ὅτι δὲ καὶ τῶν ἐπιτηδευομένων αὐτοῖς ἕκαστον ἄχρηστόν <lb/>ἐστιν, ἄκουε πάλιν εἴπερ
						ἐθέλεις ἅ φησιν·</p>
					<lb/>
					<milestone unit="lineno" n="5"/>
					<lg>
						<l>τίς γὰρ παλαίσας εὖ, τίς ὠκύπους ἀνὴρ</l>
						<lb/>
						<l>ἢ δίσκον ἄρας ἤ γνάθον πλήξας καλῶς</l>
						<lb/>
						<l>πόλει πατρῴᾳ στέφανον ἤρκεσεν λαβών;</l>
					</lg>
					<p>εἰ δὲ καὶ τούτων ἔτι λεπτομερέστερον ἀκούειν ἐθέλεις, <lb/>ἄκουε πάλιν ἅ φησι·</p>
					<lb/>
					<milestone unit="lineno" n="5"/>
					<lg>
						<l>πότερα μαχοῦνται πολεμίοισιν ἐν χεροῖν</l>
						<lb/>
						<l>δίσκους ἔχοντες ἢ δι’ ἀσπίδων ποσὶ</l>
						<lb/>
						<l>θέοντες ἐκβαλοῦσι πολεμίους πάτρας;</l>
						<lb/>
						<l>οὐδεὶς σιδήρου ταῦτα μωραίνει πέλας.</l>
					</lg>
					<p>πότερον οὖν Εὐριπίδου μὲν καὶ τῶν τοιούτων καταγνῶμεν, <lb/>
						<milestone unit="lineno" n="15"/>τοῖς δὲ φιλοσόφοις ἐπιτρέψωμεν τὴν κρίσιν; ἀλλὰ καὶ
						<lb/>πρὸς τούτων ἁπάντων ὥσπερ ἐξ ἑνὸς στόματος ὡμολόγηται <lb/>φαῦλον εἶναι τὸ
						ἐπιτήδευμα. οὐδὲ μὴν οὐδὲ τῶν <lb/>ἰατρῶν τις ἐπῄνεσεν αὐτό· πρῶτον μὲν γὰρ Ἱπποκράτους
						<lb/>ἀκούσῃ λέγοντος ‘διάθεσις ἀθλητικὴ οὐ φύσεις, ἕξις <lb/>
						<milestone unit="lineno" n="20"/>ὑγιεινὴ κρείσσων’, ἔπειτα δὲ καὶ τῶν <lb/>ἄλλων ἁπάντων
						τῶν μετ’ αὐτὸν ἀρίστων ἰατρῶν. ὅλως <lb/>μὲν οὖν ἐπὶ μάρτυρος οὐκ ἐβουλόμην κρίνεσθαι·
						ῥητορικὸν <lb/>γὰρ τὸ τοιοῦτον μᾶλλον ἢ τιμῶντος ἀλήθειαν ἀνδρός· <lb/>ὅμως δ’ ἐπειδή
						τινες ἐπὶ τὸν τῶν πολλῶν ἔπαινον καταφεύγουσι <lb/>
						<milestone unit="lineno" n="25"/>καὶ τὴν παρὰ τούτων κενὴν δόξαν, ἀφέντες <lb/>αὐτὸ 〈τὸ〉
						ἐπιτήδευμα γυμνὸν τῶν ἔξωθεν σκοπεῖν, <lb/>ἠναγκάσθην κἀγὼ τούτους προχειρίσασθαι τοὺς
						μάρτυρας, <lb/>ἵν’ ὅτι μηδ’ ἐνταῦθα πλέον ἔχουσί τι γιγνώσκωσιν. ὅθεν <lb/>οὐδὲ τὸ τῆς
						Φρύνης ἄκαιρον ἤδη μοι διηγήσασθαι. αὕτη <lb/>
						<milestone unit="lineno" n="30"/>ποτ’ ἐν συμποσίῳ, παιδιᾶς τοιαύτης γενομένης ὡς ἕκαστον
							<pb n="15"/> ἐν μέρει προστάξαι τοῖς συμπόταις ὃ βούλοιτο, θεασαμένη <lb/>παρούσας
						γυναῖκας ἀγχούσῃ τε καὶ ψιμυθίῳ καὶ <lb/>φύκει κεκαλλωπισμένας ἐκέλευσεν ὕδατος
						κομισθέντος <lb/>ἀρυσαμένας ταῖς χερσὶ προσενεγκεῖν ἁπάσας τῷ προσώπῳ <lb/>
						<milestone unit="lineno" n="5"/>καὶ μετὰ τοῦτο εὐθέως ἀπομάξασθαι σινδονίῳ, καὶ αὐτὴ
						<lb/>πρώτη τοῦτ’ ἔπραξε. ταῖς μὲν οὖν ἄλλαις ἁπάσαις σπίλου <lb/>τὸ πρόσωπον ἐπληρώθη,
						καὶ ἦν ὁμοιότατα ἰδεῖν τοῖς <lb/>μορμολυκείοις, αὐτὴ δὲ 〈καὶ〉 καλλίων ἐφάνη· μόνη γὰρ
						<lb/>ἦν ἀκαλλώπιστός τε καὶ αὐτοφυῶς καλή, μηδεμιᾶς πανουργίας <lb/>
						<milestone unit="lineno" n="10"/>κομμωτικῆς δεομένη. ὥσπερ οὖν τὸ ἀληθινὸν <lb/>κάλλος
						ἀκριβῶς ἐξετάζεται μόνον αὐτὸ καθ’ ἑαυτὸ τῶν <lb/>ἔξωθεν αὐτῷ προσόντων ἁπάντων
						γυμνωθέν, οὕτω καὶ <lb/>τὴν ἀθλητικὴν ἐπιτήδευσιν ἐξετάζεσθαι προσήκει μόνην, <lb/>εἴ τι
						φαίνοιτ’ ἔχειν χρήσιμον ἢ κοινῇ ταῖς πόλεσιν ἢ <lb/>
						<milestone unit="lineno" n="15"/>ἰδίᾳ τοῖς μεταχειριζομένοις αὐτήν. </p>
				</div>
				<div type="textpart" subtype="chapter" n="11">
					<p>ἀγαθῶν οὖν τῶν ἐν τῇ φύσει τῶν μὲν περὶ <lb/>ψυχὴν ὄντων τῶν δὲ περὶ σῶμα τῶν δ’ ἐκτός,
						καὶ παρὰ <lb/>ταῦτ’ οὐδενὸς ἄλλου γένους ἀγαθῶν ἐπινοουμένου, ὅτι <lb/>μὲν τῶν ψυχικῶν
						ἀγαθῶν οὐδ’ ὄναρ ποτὲ μετειλήφασιν <lb/>
						<milestone unit="lineno" n="20"/>οἱ ἀθλοῦντες εὔδηλον παντί. τὴν ἀρχὴν γὰρ οὐδ’ εἰ
						<lb/>ψυχὴν ἔχουσι γιγνώσκουσι· τοσοῦτον ἀποδέουσι τοῦ <lb/>λογικὴν αὐτὴν ἐπίστασθαι.
						σαρκῶν γὰρ ἀεὶ καὶ αἵματος <lb/>ἀθροίζοντες πλῆθος ὡς ἐν βορβόρῳ πολλῷ τὴν ψυχὴν
						<lb/>ἑαυτῶν ἔχουσι κατεσβεσμένην, οὐδὲν ἀκριβὲς νοῆσαι <lb/>
						<milestone unit="lineno" n="25"/>δυναμένην ἀλλ’ ἄνουν ὁμοίως τοῖς ἀλόγοις ζῴοις. ἴσως
						<lb/>δ’ 〈ἂν〉 ἀμφισβητήσειαν ὡς τῶν περὶ τὸ σῶμά τινος <lb/>ἀγαθῶν ἐπήβολοι. πότερον οὖν
						τῆς τιμιωτάτης ὑγιείας <lb/>ἀμφισβητήσουσιν; ἀλλ’ οὐδένας ἄλλους ἂν εὕροις ἐν
						<lb/>σφαλερωτέρᾳ διαθέσει σώματος, εἴπερ Ἱπποκράτει δεῖ <lb/>
						<milestone unit="lineno" n="30"/>πιστεύειν εἰπόντι τὴν καὶ ἐπ’ ﻿<pb n="16"/> ἄκρον
						εὐεξίαν σφαλερὰν ὑπάρχειν, ἣν μεταδιώκουσιν <lb/>οὗτοι. καὶ δὴ καὶ τὸ ‘ἄσκησις [μὲν]
						ὑγιείης, ἀκορίη <lb/>τροφῆς, ἀοκνίη πόνων’ Ἱπποκράτει καλῶς εἰρημένον <lb/>ἐπαινεῖται
						πρὸς ἁπάντων. οἳ δὲ <lb/>
						<milestone unit="lineno" n="5"/>τοὐναντίον ἐπιτηδεύουσιν, ὑπερπονοῦντές τε καὶ
						ὑπερπιπλάμενοι <lb/>καὶ ὅλως τὸν τοῦ παλαιοῦ λόγον ὡς κορυβαντιῶντος <lb/>κατεγνωκότες.
						ὃ μὲν γὰρ ὑγιεινὴν δίαιταν <lb/>ὑποτιθέμενος ἔλεγε ‘πόνοι σιτία <lb/>ποτὰ ὕπνοι
						ἀφροδίσια, πάντα μέτρια’, οἳ δὲ τὰ γυμνάσια <lb/>
						<milestone unit="lineno" n="10"/>πέρα τοῦ προσήκοντος ἑκάστης ἡμέρας διαπονοῦσι τροφάς
						<lb/>τε προσφέρονται σὺν ἀνάγκῃ, πολλάκις ἄχρι μέσων <lb/>νυκτῶν ἐκτείνοντες τὴν ἐδωδήν,
						ὡς προσηκόντως ἄν τιν’ <lb/>ἐπ’ αὐτῶν εἰπεῖν ‘ἄλλοι μέν ῥα θεοί τε καὶ <lb/>ἀνέρες
						ἱπποκορυσταὶ εὗδον παννύχιοι μαλακῷ δεδμημένοι <lb/>
						<milestone unit="lineno" n="15"/>ὕπνῳ· ἀλλ’ οὐκ ἀθλητὰς κακοδαίμονας ὕπνος ἔμαρπτεν.’
						<lb/>ἀνὰ λόγον τοίνυν τούτοις καὶ ἡ τῶν ὕπνων αὐτοῖς ἔχει <lb/>συμμετρία. ἡνίκα γὰρ οἱ
						κατὰ φύσιν βιοῦντες ἀπὸ τῶν <lb/>ἔργων ἥκουσιν ἐδεσμάτων δεόμενοι, τηνικαῦθ’ οὗτοι
						διανίστανται <lb/>τῶν ὕπνων, ὥστ’ ἐοικέναι τὸν βίον αὐτῶν <lb/>
						<milestone unit="lineno" n="20"/>ὑῶν διαγωγῇ· <milestone unit="ed1folio" n="3r"/> πλήν
						γ’ ὅσον οἱ μὲν ὕες οὐχ ὑπερπονοῦσιν <lb/>οὐδὲ πρὸς ἀνάγκην ἐσθίουσιν, οἳ δὲ καὶ ταῦτα
						πάσχουσι <lb/>καὶ ῥοδοδάφναις ἐνίοτε τὰ νῶτα διακναίονται. ὁ μὲν <lb/>οὖν παλαιὸς
						Ἱπποκράτης πρὸς οἷς εἶπον ἔμπροσθεν ἔτι <lb/>καὶ ταῦτά φησι ‘τὸ κατὰ πολὺ <lb/>
						<milestone unit="lineno" n="25"/>καὶ ἐξαπίνης πληροῦν ἢ κενοῦν ἢ θερμαίνειν ἤ ψύχειν
						<lb/>ἢ ἄλλως ὁπωσοῦν τὸ σῶμα κινεῖν σφαλερόν’. ‘πᾶν γάρ, <lb/>φησί, τὸ πολὺ τῇ φύσει
						πολέμιον.’ οἳ δ’ οὔτε τούτων <lb/>ἐπαίουσιν οὔτε τῶν ἄλλων ὅσα καλῶς εἰπόντος ἐκείνου
						<lb/>παραβαίνουσιν, ἀλλὰ πάντ’ ἐξ ὑπεναντίου τοῖς ὑγιεινοῖς <pb n="17"/> παραγγέλμασιν
						ἐπιτηδεύουσιν. καὶ διὰ τοῦτ’ ἂν ἔγωγε <lb/>φαίην ἄσκησιν οὐχ ὑγιείας ἀλλὰ νόσου μᾶλλον
						εἶναι τὸ <lb/>ἐπιτήδευμα. τοῦτο δ’ οἶμαι καὶ αὐτὸν τὸν Ἱπποκράτην <lb/>φρονεῖν ἐπειδὰν
						λέγῃ ‘διάθεσις ἀθλητικὴ <lb/>
						<milestone unit="lineno" n="5"/>οὐ φύσει, ἕξις ὑγιεινὴ κρείσσων’. οὐ γὰρ μόνον <lb/>τοῦ
						κατὰ φύσιν ἐστερῆσθαι τὸ ἐπιτήδευμα δι’ ὧν εἶπεν <lb/>ἐδήλωσεν, ἀλλ’ οὐδ’ ἕξιν ὠνόμασε
						τὴν διάθεσιν αὐτῶν, <lb/>ἀφαιρούμενος καὶ τῆς προσηγορίας αὐτοὺς ᾗ προσαγορεύουσιν
						<lb/>ἅπαντες οἱ παλαιοὶ τοὺς ὄντως ὑγιαίνοντας. ἡ <lb/>
						<milestone unit="lineno" n="10"/>μὲν γὰρ ἕξις ἔμμονός τίς ἐστι καὶ δυσαλλοίωτος
						διάθεσις, <lb/>ἡ δὲ τῶν ἀθλητῶν ἐπ’ ἄκρον εὐεξία σφαλερά τε καὶ <lb/>εὐμετάπτωτος. οὔτε
						γὰρ πρόσθεσιν ἔτι διὰ τὴν ἀκρότητα <lb/>χωρεῖ καὶ τῷ μὴ δύνασθαι μένειν ἐπὶ ταὐτοῦ μηδ’
						<lb/>ἀτρεμεῖν λοιπὴν ἔχει τὴν ἐπὶ τὸ χεῖρον ὁδόν. οὕτως μὲν <lb/>
						<milestone unit="lineno" n="15"/>ἀθλοῦσιν αὐτοῖς διάκειται τὸ σῶμα, καταλύσασι δὲ πολὺ
						<lb/>δή τι χεῖρον. ἔνιοι μὲν γὰρ μετ’ ὀλίγον ἀποθνῄσκουσιν, <lb/>ἔνιοι δ’ ἐπὶ πλέον
						〈μὲν〉 ἥκουσιν ἡλικίας, ἀλλ’ οὐδ’ <lb/>αὐτοὶ γηρῶσιν οὐδὲ κἂν ἀφίκωνταί ποτ’ εἰς τοῦτο,
						τῶν <lb/>Ὁμηρικῶν οὐδὲν ἀπολείπονται Λιτῶν, ‘χωλοί τε ῥυσοί <lb/>
						<milestone unit="lineno" n="20"/>τε παραβλῶπές τ’ ὀφθαλμώ’ ἀποτελούμενοι. ὡς <lb/>γὰρ τὰ
						διασεισθέντα τῶν τειχῶν ἀπὸ μηχανημάτων <lb/>ἑτοίμως ὑπὸ τῆς τυχούσης διαλύεται βλάβης,
						οὔτε σεισμὸν <lb/>οὔτ’ ἄλλην τινὰ βραχυτέραν δυνάμενα φέρειν περίστασιν, <lb/>οὕτω καὶ
						τὰ τῶν ἀθλητῶν σώματα σαθρὰ καὶ <lb/>
						<milestone unit="lineno" n="25"/>ἀσθενῆ ταῖς κατὰ τὴν ἐπιτήδευσιν γεγονότα πληγαῖς
						<lb/>ἕτοιμα πρὸς τὸ πάσχειν ἐστὶν ἐπὶ ταῖς τυχούσαις προφάσεσιν. <lb/>οἱ μὲν γὰρ
						ὀφθαλμοὶ περιορωρυγμένοι πολλάκις <lb/>ὅθ’ ἡ δύναμις οὐκέτ’ ἀντέχει πληροῦνται ῥευμάτων,
						οἱ <lb/>δ’ ὀδόντες ἅτε διασεσεισμένοι πολλάκις ἐπιλειπούσης ἐν <lb/>
						<milestone unit="lineno" n="30"/>τῷ χρόνῳ τῆς δυνάμεως αὐτοὺς ἑτοίμως ἐκπίπτουσι, τὰ
						<lb/>δὲ λυγισθέντα τῶν ἄρθρων ἀσθενῆ πρὸς πᾶσαν τὴν <lb/>ἔξωθεν βίαν γίγνεται, καὶ πᾶν
						ῥῆγμα καὶ σπάσμα ῥᾳδίως <pb n="18"/> κινεῖται. σωματικῆς μὲν οὖν ὑγιείας ἕνεκα φανερὸν
						ὡς <lb/>οὐδὲν ἄλλο γένος ἀθλιώτερόν ἐστι τῶν ἀθλητῶν. ὥστ’ <lb/>εἰκότως ἄν τις εἴποι
						συγγενῶς ὀνομάζεσθαι, 〈ἢ ἀπὸ τοῦ <lb/>ἀθλίου〉 τῶν ἀθλητῶν προσαγορευθέντων ἢ ἀπὸ τοῦ <lb/>
						<milestone unit="lineno" n="5"/>ἀθλητοῦ τὴν προσηγορίαν τῶν ἀθλίων ἐσχηκότων ἢ κοινῶς
						<lb/>ἀμφοτέρων καθάπερ ἀπὸ πηγῆς μιᾶς τῆς ἀθλιότητος <lb/>ὠνομασμένων. </p>
				</div>
				<div type="textpart" subtype="chapter" n="12">
					<p>ἀλλ’ ἐπειδὴ καὶ περὶ τοῦ μεγίστου τῶν σωματικῶν <lb/>ἀγαθῶν τῆς ὑγιείας ἐσκέμμεθα,
						μεταβῶμεν ἐπὶ τὰ <lb/>
						<milestone unit="lineno" n="10"/>λοιπά. τὰ μὲν δὴ περὶ κάλλους οὕτως αὐτοῖς ἔχει, ὡς
						<lb/>μὴ μόνον ὠφελεῖσθαί τι πρὸς τῆς ἀθλήσεως τὴν φύσιν, <lb/>ἀλλὰ καὶ πολλοὺς αὐτῶν
						πάνυ συμμέτρως ἔχοντας τῶν <lb/>μελῶν οἱ γυμνασταὶ παραλαβόντες, ὑπερπιάναντές τε καὶ
						<lb/>διασάξαντες αἵματί τε καὶ σαρξίν, εἰς τοὐναντίον ἤγαγον. <lb/>
						<milestone unit="lineno" n="15"/>ἐνίων δὲ καὶ τὰ πρόσωπα παντάπασιν ἄμορφα καὶ δυσειδῆ
						<lb/>κατέστησαν καὶ μάλιστα τῶν παγκράτιον ἢ πυγμὴν <lb/>ἀσκησάντων. ὅταν δὲ καὶ τῶν
						μελῶν 〈τι〉 τελέως ἀποκλάσωσιν <lb/>ἢ διαστρέψωσιν ἢ τοὺς ὀφθαλμοὺς ἐκκόψωσι, <lb/>τότ’
						οἶμαι τότε καὶ μάλιστα τὸ 〈διὰ〉 τῆς ἐπιτηδεύσεως <lb/>
						<milestone unit="lineno" n="20"/>αὐτῶν ἀποτελούμενον κάλλος ἐναργῶς ὁρᾶσθαι. ταῦτα
						<lb/>μὲν οὖν αὐτοῖς ὑγιαίνουσιν εἰς κάλλος εὐτύχηται, καταλύσασι <lb/>δὲ καὶ τὰ λοιπὰ
						〈τῶν〉 τοῦ σώματος αἰσθητηρίων <lb/>προσαπόλλυται καὶ πάνθ’ ὡς εἰπεῖν τὰ μέλη
						διαστρεφόμενα <lb/>παντοίας ἀμορφίας αἴτια γίγνεται. </p>
				</div>
				<div type="textpart" subtype="chapter" n="13">
					<p>
						<milestone unit="lineno" n="25"/>ἀλλ’ ἴσως τῶν 〈μὲν〉 εἰρημένων οὐδενός, ἰσχύος <lb/>〈δ’〉
						ἀντιποιήσονται· τοῦτο γὰρ εὖ οἶδ’ ὅτι φήσουσιν, <lb/>ἰσχυρότατοι πάντων εἶναι. ποίας, ὦ
						πρὸς θεῶν, ἰσχύος <lb/>καὶ ποῦ χρησίμης; πότερον τῆς εἰς τὰ γεωργικὰ τῶν <pb n="19"/>
						ἔργων; πάνυ μὲν οὖν καλῶς ἢ σκάπτειν ἢ θερίζειν ἢ <lb/>ἀροῦν 〈ἤ〉 τι τῶν ἄλλων τῶν κατὰ
						γεωργίαν δύνανται. <lb/>ἀλλ’ ἴσως 〈τῆς〉 εἰς τὰ πολεμικά; τὸν Εὐριπίδην αὖθίς <lb/>μοι
						κάλει, ὅστις αὐτοὺς ὑμνήσει λέγων ‘πότερα <lb/>
						<milestone unit="lineno" n="5"/>μαχοῦνται πολεμίοισιν, ἐν χεροῖν δίσκους ἔχοντες;’ τῷ
						<lb/>γὰρ ὄντι ‘οὐδεὶς σιδήρου ταῦτα μωραίνει πέλας’. ἀλλὰ <lb/>πρὸς κρύος καὶ θάλπος
						ἰσχυροί; αὐτοῦ γε τοῦ Ἡρακλέους <lb/>ζηλωταί, ὡς ἑνὶ καὶ χειμῶνι καὶ θέρει σκέπεσθαι
						δέρματι, <lb/>ὡς ἀνυπόδετοι διατελεῖν, ὑπαίθριοι κοιμᾶσθαι, <lb/>
						<milestone unit="lineno" n="10"/>χαμευνεῖν· ἐν ἅπασι γὰρ τούτοις τῶν νεογνῶν παίδων
						<lb/>εἰσὶν ἀσθενέστεροι. ἐν τίνι τοίνυν ἔτι τὴν ἰσχὺν ἐπιδείξονται <lb/>ἢ ἐπὶ τίνι μέγα
						φρονήσουσιν; οὐ γὰρ δήπου <lb/>[ὅτι ἐπὶ] τῷ τοὺς σκυτοτόμους ἢ 〈τοὺς〉 τέκτονας ἢ τοὺς
						<lb/>οἰκοδόμους οἷοί τ’ εἶναι καταβάλλειν ἐν παλαίστρᾳ τε <lb/>
						<milestone unit="lineno" n="15"/>καὶ σταδίῳ; τάχ’ οὖν ἐπὶ τῷ δι’ ὅλης ἡμέρας κονίεσθαι
						<lb/>〈θαυμάζεσθαι〉 δικαιοῦσιν· ἀλλὰ τοῦτό γε καὶ τοῖς <lb/>ὄρτυξι καὶ τοῖς πέρδιξιν
						ὑπάρχει, καὶ εἴπερ ἐπὶ τούτῳ, <lb/>μέγα χρὴ φρονεῖν 〈καὶ〉 ἐπὶ τῷ δι’ ὅλης ἡμέρας βορβόρῳ
						<lb/>λούεσθαι. ἀλλὰ νὴ Δία τῶν ἱερουργημένων ἕνα ταύρων <lb/>
						<milestone unit="lineno" n="20"/>ἀναθέμενος τοῖς ὤμοις ὁ Μίλων ἐκεῖνος ὁ Κροτωνιάτης
						<lb/>διεκόμισέ ποτε τὸ στάδιον. ὦ τῆς ὑπερβαλλούσης ἀνοίας, <lb/>ὡς μηδὲ τοῦτο
						γιγνώσκειν ὅτι πρὸ βραχέος τὸ βαρύτατον <lb/>τοῦτο σῶμα τοῦ ταύρου ζῶντος ἐβάσταζεν ἡ
						ψυχὴ τοῦ <lb/>ζῴου, καὶ πολλῷ γ’ ἀκοπώτερον ἢ ὁ Μίλων, ἥ γε καὶ <lb/>
						<milestone unit="lineno" n="25"/>θεῖν ἠδύνατο βαστάζουσα· ἀλλ’ ὅμως οὐδενὸς ἦν ἀξία,
						<lb/>παραπλησίως τῇ Μίλωνος. ἐδήλωσε δὲ καὶ ἡ τελευτὴ <lb/>τἀνδρὸς ὅπως ἦν ἀνόητος· ὅς
						γε θεασάμενός ποτε νεανίσκον <lb/>σχίζοντα κατὰ μῆκος ξύλον ἐνθέσει σφηνῶν, <pb n="20"/>
						ἐκεῖνον μὲν ἀπέστησε καταγελάσας, αὐτὸς δὲ διὰ τῶν <lb/>ἑαυτοῦ χειρῶν μόνων ἐτόλμησε
						διασπᾶν αὐτό. κἄπειθ’ <lb/>ὅσον εἶχεν ἰσχύος εὐθὺς ἐν τῇ πρώτῃ προσβολῇ πληρώσας
						<lb/>διέστησε μὲν ἑκατέρωσε τὰ μέρη τοῦ ξύλου, τῶν σφηνῶν <lb/>
						<milestone unit="lineno" n="5"/>δ’ ἐκπεσόντων ἐν τῷδε τὸ λοιπὸν τοῦ ξύλου μέρος ἀδυνατῶν
						<lb/>διαστῆσαι μέχρι πολλοῦ μὲν ἀντεῖχεν, ὕστερον δὲ <lb/>νικηθεὶς οὐκ ἔφθασε κομίσασθαι
						τὰς χεῖρας, ἀλλ’ ὑπὸ <lb/>τῶν μερῶν τοῦ ξύλου συνελθόντων ἀλλήλοις καταληφθεῖσαι
						<lb/>συνετρίβησαν μὲν αὗται πρῶται, θανάτου δ’ οἰκτροῦ τῷ <lb/>
						<milestone unit="lineno" n="10"/>Μίλωνι κατέστησαν αἴτιαι. πάνυ μὲν οὖν ὤνησεν αὐτὸν
						<lb/>εἰς τὸ μηδὲν παθεῖν ὁ νεκρὸς ταῦρος ἐν τῷ σταδίῳ <lb/>βασταχθείς· ἢ τὸ κοινὸν τῶν
						Ἑλλήνων ἔσωσεν ἄν, ἡνίκα <lb/>πρὸς τὸν βάρβαρον ἐπολέμουν, ἡ τοιαύτη τοῦ Μίλωνος
						<lb/>ἐνέργεια [περὶ τὸν ταῦρον], ἀλλ’ οὐχ ἡ Θεμιστοκλέους <lb/>
						<milestone unit="lineno" n="15"/>σοφία πρῶτον μὲν ὑποκριναμένου καλῶς τὸν χρησμόν,
						<lb/>εἶτα στρατηγήσαντος ὡς ἐχρῆν; ‘σοφὸν γὰρ ἓν βούλευμα <lb/>〈τὰς〉 πολλὰς χέρας νικᾷ,
						σὺν ὅπλοις δ’ ἀμαθία χεῖρον <lb/>κακόν.</p>
					<p>ὅτι μὲν εἰς οὐδὲν τῶν κατὰ τὸν βίον ἔργων χρήσιμος <lb/>
						<milestone unit="lineno" n="20"/>ἡ τῶν ἀθλητῶν ἄσκησις, εὖ οἶδ’ ὅτι σαφὲς ἤδη γέγονεν·
						<lb/>ὅτι δὲ καὶ ἐν αὐτοῖς οἷς ἀσκοῦσιν οὐδενός εἰσιν ἄξιοι <lb/>λόγου μάθοιτ’ ἄν, εἰ
						διηγησαίμην ὑμῖν τὸν μῦθον ἐκεῖνον, <lb/>ὃν τῶν οὐκ ἀμούσων ἀνδρῶν τις ἐντείνας ἔπεσι
						<lb/>διεσκεύασεν. ἐστὶ δὲ οὗτος. <milestone unit="ed1folio" n="3v"/> εἰ Λιὸς γνώμῃ πᾶσι
						τοῖς <lb/>
						<milestone unit="lineno" n="25"/>ζῴοις ὁμόνοια καὶ κοινωνία γένοιτο πρὸς τὸν βίον, ὡς
						<lb/>τὸν ἐν Ὀλυμπίᾳ κήρυκα μὴ μόνον ἀνθρώπους τοὺς <lb/>ἀγωνιουμένους καλεῖν, ἀλλὰ καὶ
						πᾶσιν ἐπιτρέπειν τοῖς <lb/>ζῴοις εἰς τὸ στάδιον ἥκειν [ἓν], οὐδένα ἂν ἄνθρωπον
						<lb/>οἶμαι στεφθήσεσθαι. ‘ἐν μὲν γὰρ δολιχῷ ὑπέρτατος, <lb/>
						<milestone unit="lineno" n="30"/>φησίν, ὁ ἵππος ἔσται, τὸ στάδιον δὲ λαγωὸς ἀποίσεται,
							﻿<pb n="21"/> ἐν δὲ διαύλῳ δορκὰς ἀριστεύσει. μερόπων δ’ ἐναρίθμιος <lb/>οὐδεὶς ἐν
						ποσίν, ὦ κοῦφοι ἀσκήτορες, ἄθλιοι ἄνδρες.’ <lb/>ἀλλ’ οὐδὲ τῶν ἀφ’ Ἡρακλέους τις
						ἐλέφαντος ἢ λέοντος <lb/>ἰσχυρότερος ἂν φανείη. οἶμαι δ’ ὅτι καὶ ταῦρος πυγμῇ <lb/>
						<milestone unit="lineno" n="5"/>στεφθήσεται. ‘καὶ ὄνος, φησί, λὰξ ὅτι εἰ βούλεται ἐρίσας
						<lb/>αὐτὸς τὸν στέφανον οἴσεται. αὐτὰρ ἐν ἱστορίῃ πολυπείρῳ <lb/>γράψεται ὄνος, ὅτι
						παγκράτιον νίκησέ ποτ’ ἄνδρα <lb/>(εἰκοστὴ δὲ καὶ πρώτη ὀλυμπιὰς ἦν ὅτ’ ἐνίκα)
						Ὀγκηστής.’</p>
					<p>πάνυ χαριέντως οὗτος ὁ μῦθος ἐπιδείκνυσι τὴν <lb/>
						<milestone unit="lineno" n="10"/>ἀθλητικὴν ἰσχὺν οὐ τῶν ἀνθρωπίνων οὖσαν ἀσκημάτων·
						<lb/>καίτοι γ’ εἰ μηδ’ ἐν ἰσχύι πρωτεύουσι τῶν ζῴων οἱ <lb/>ἀθληταί, τίνος ἂν ἔτι τῶν
						ἄλλων ἐπήβολοι γενηθεῖεν ἀγαθῶν; </p>
				</div>
				<div type="textpart" subtype="chapter" n="14">
					<p>εἰ δὲ καὶ τὴν ἡδονὴν σώματός τις ἀγαθὸν εἶναι <lb/>
						<milestone unit="lineno" n="15"/>φαίη, οὐδ’ αὐτῆς ταύτης αὐτοῖς μέτεστιν οὔτ’ οὖν
						ἀθλοῦσιν <lb/>οὔτε καταλύσασιν· εἴ γε παρὰ μὲν τὸν τῆς ἀθλήσεως <lb/>χρόνον ἐν πόνοις τε
						καὶ ταλαιπωρίαις εἰσίν, οὐ γυμναζόμενοι <lb/>μόνον ἀλλὰ καὶ πρὸς ἀνάγκην ἐσθίοντες,
						ἡνίκα δὲ <lb/>καὶ καταλύσαντες τύχοιεν, ἀνάπηροι τὰ πλεῖστα μέρη <lb/>
						<milestone unit="lineno" n="20"/>τοῦ σώματος γίγνονται.</p>
					<p>τάχ’ οὖν ἐπὶ τῷ χρήματα πάντων ἀθροίζειν πλεῖστα <lb/>σεμνύνονται· καὶ μὴν ἔστιν ὑμῖν
						θεάσασθαι πάντας <lb/>αὐτοὺς ὀφείλοντας οὐ μόνον ἐκεῖνον τὸν χρόνον καθ’ ὃν
						<lb/>ἀθλοῦσιν ἀλλὰ καὶ καταλύσαντας τὴν ἄσκησιν, οὐδ’ ἂν <lb/>
						<milestone unit="lineno" n="25"/>εὕροις ἀθλητὴν οὐδένα πλουσιώτερον ἑνὸς τῶν ἐπιτυχόντων
						<lb/>οἰκονόμων ἀνδρὸς πλουσίου. ἐστὶ δ’ οὐδ’ αὐτὸ τὸ <lb/>πλουτεῖν ἐξ ἐπιτηδεύματος
						ἀξιόλογον ἁπλῶς, ἀλλὰ τὸ <lb/>τοιαύτην ἐπίστασθαι τέχνην ἣ καὶ ναυαγήσασι
						συνεκκολυμβήσει· <pb n="22"/> ὅπερ οὔτε τοῖς διοικοῦσι τὰ τῶν πλουσίων <lb/>οὔτε τοῖς
						τελώναις ἢ τοῖς ἐμπόροις ὑπάρχει. καίτοι <lb/>πλουτοῦσιν ἐξ ἐπιτηδευμάτων οὗτοι μάλιστα,
						ἀλλ’ ἐὰν <lb/>ἀπολέσωσι τὰ χρήματα, συναπολλύουσιν αὐτοῖς καὶ τὰς <lb/>
						<milestone unit="lineno" n="5"/>πράξεις, ἀφορμῆς μέν τινος χρημάτων εἰς αὐτὰς δεόμενοι,
						<lb/>τῷ δ’ οὐκ ἔχειν ταύτην ἄρξασθαι τῆς ἀρχαίας <lb/>πράξεως ἀδυνατοῦντες· οὐδὲ γὰρ
						δανείζει τις αὐτοῖς <lb/>χωρὶς ἐνεχύρων ἢ ὑποθηκῶν.</p>
					<p>ὥστ’ εἰ καὶ πρὸς χρηματισμὸν ἀσφαλῆ τε καὶ οὐκ <lb/>
						<milestone unit="lineno" n="10"/>ἄδοξον ἀξιοῖ τις ὑμᾶς παρεσκευάσθαι, τέχνην ἀσκητέον
						<lb/>ἐστὶ διὰ παντὸς τοῦ βίου καὶ παραμενοῦσαν. ἀλλὰ <lb/>διττῆς οὔσης διαφορᾶς τῆς
						πρώτης ἐν ταῖς τέχναις (ἔνιαι <lb/>μὲν γὰρ αὐτῶν λογικαί τ’ εἰσὶ καὶ σεμναί, τινὲς δ’
						εὐκαταφρόνητοι <lb/>καὶ διὰ τῶν τοῦ σώματος πόνων, ἃς δὴ <lb/>
						<milestone unit="lineno" n="15"/>βαναύσους τε καὶ χειρωνακτικὰς ὀνομάζουσιν), ἄμεινον
						<lb/>ἂν εἴη τοῦ προτέρου γένους τῶν τεχνῶν μετέρχεσθαί τινα. <lb/>τὸ γάρ τοι δεύτερον
						γένος αὐτῶν ἐπιλείπειν εἴωθε <lb/>γηρῶντας τοὺς τεχνίτας. εἰσὶ δ’ ἐκ τοῦ προτέρου γένους
						<lb/>ἰατρική τε καὶ ῥητορικὴ καὶ μουσική, γεωμετρία τε καὶ <lb/>
						<milestone unit="lineno" n="20"/>ἀριθμητικὴ καὶ λογιστική, καὶ ἀστρονομία καὶ γραμματικὴ
						<lb/>καὶ νομική· πρόσθες δ’ εἰ βούλει ταύταις πλαστικήν <lb/>τε καὶ γραφικήν· εἰ γὰρ καὶ
						διὰ τῶν χειρῶν <lb/>ἐνεργοῦσιν, ἀλλ’ οὐκ ἰσχύος νεανικῆς δεῖται τὸ ἔργον <lb/>αὐτῶν. ἐκ
						τούτων οὗν τινα τῶν τεχνῶν ἀναλαμβάνειν <lb/>
						<milestone unit="lineno" n="25"/>τε καὶ ἀσκεῖν χρὴ τὸν νέον, ὅτῳ μὴ παντάπασιν ἡ ψυχὴ
						<lb/>βοσκηματώδης ἐστί, καὶ μᾶλλόν γε τὴν ἀρίστην ἐν ταύταις, <lb/>ἥτις ὡς ἡμεῖς φαμεν
						ἐστὶν ἰατρική. τοῦτο δ’ αὐτὸ <lb/>δεικτέον ἐφεξῆς. </p>
				</div>
			</div>
		</body>
	</text>
</TEI>
