﻿<?xml version="1.0" encoding="UTF-8"?>
<?oxygen RNGSchema="http://www.stoa.org/epidoc/schema/latest/tei-epidoc.rng" type="xml"?>
<TEI xmlns="http://www.tei-c.org/ns/1.0">
<teiHeader>
<fileDesc>
<titleStmt>
<title>Definitiones</title>
<editor>John Burnet</editor>
 <author>Plato</author>
<sponsor>Harvard College Library</sponsor>
<funder></funder>
<principal>Gregory Crane</principal>
<principal></principal>
<meeting/>
 <respStmt>
  <persName xml:id="DDD">Digital Divide Data</persName>
  <resp>Corrected and encoded the text</resp>
 </respStmt>
 <respStmt>
  <persName>RHEA LESAGE</persName>
  <resp>Librarian for Hellenic Studies and Coordinator for the Classics
   Collection Development</resp>
 </respStmt>
 <respStmt>
  <persName>Matt Munson</persName>
  <resp>Project Manager (University of Leipzig), 2016 - present</resp>
 </respStmt>
 <respStmt>
  <persName>Annette Gessner</persName>
  <resp>Project Assistant (University of Leipzig) 2015 - present</resp>
 </respStmt>
 <respStmt>
  <persName>Thibault Clérice</persName>
  <resp>Lead Developer (University of Leipzig)</resp>
 </respStmt>
 <respStmt>
  <persName>Bruce Robertson</persName>
  <resp>Technical Advisor</resp>
 </respStmt>
</titleStmt>
<publicationStmt>
<authority>Harvard College Library</authority>
 <idno type="filename">tlg0059.tlg037.First1K-grc1.xml</idno>
<availability>
 <p>Available under a Creative Commons Attribution-ShareAlike 4.0 International
 License</p>
</availability>
<date>2016</date>
<publisher>Harvard College Library</publisher>
<pubPlace>United States</pubPlace>
</publicationStmt>
<sourceDesc>
<listBibl xml:lang="lat">
 <biblStruct>
 <monogr>
  <title>Platonis Opera</title>
  <editor>
	<persName>
	 <name xml:lang="lat">Iohannes Burnet</name>
	</persName>
  </editor>
  <author ref="urn:cts:greekLit:tlg0059">Plato</author>
  <imprint>
	<publisher>Oxonii</publisher>
	<pubPlace>E Typographeo Clarendoniano</pubPlace>
	<date>1907</date>
  </imprint>
  <biblScope unit="volume">5</biblScope>
 </monogr>
  <ref target="https://archive.org/details/p2operarecognovitb05platuoft">Internet Archive</ref>
 </biblStruct>
</listBibl>
</sourceDesc>
</fileDesc>
<encodingDesc>
<p>Text encoded in accordance with the latest EpiDoc standards (January 2014)</p>
 <refsDecl n="CTS">
  <cRefPattern n="work" matchPattern="(\w+)" replacementPattern="#xpath(/tei:TEI/tei:text/tei:body/tei:div/tei:div[@n='$1'])"/>
 </refsDecl>
</encodingDesc>
<profileDesc>
<langUsage>
<language ident="grc">Greek</language>
<language ident="lat">Latin</language>
</langUsage>
</profileDesc>
<revisionDesc>
<change/>
</revisionDesc>
</teiHeader>
<text>
	<body>
		
	 <div type="edition" xml:lang="grc" n="urn:cts:greekLit:tlg0059.tlg037.First1K-grc1">
<div type="textpart" subtype="work" n="1">
<head>ΟΡΟΙ</head>
<note type="marginal">St. III p. 411</note>
<p>Ἀίδιον τὸ κατὰ πάντα χρόνον καὶ πρότερον ὂν καὶ νῦν μὴ <note type="marginal">a</note>
ἐφθαρμένον.</p>
<p>Θεὸς ζῷον ἀθάνατον, αὔταρκες πρὸς εὐδαιμονίαν· οὐσία
ἀίδιος, τῆς τἀγαθοῦ φύσεως αἰτία.</p>
<p>Γένεσις κίνησις εἰς οὐσίαν· μετάληψις οὐσίας· πόρευσις <lb n="5"/>
εἰς τὸ εἶναι.</p>
<p>Ἥλιος πῦρ οὐράνιον· ὃ μόνον ἀπʼ ἠοῦς μέχρι δείλης τοῖς
αὐτοῖς ἔστιν ὁραθῆναι ἄστρον ἡμεροφανές· ζῷον ἀίδιον <note type="marginal">b</note>
ἔμψυχον τὸ μέγιστον.</p>
<p>Χρόνος ἡλίου κίνησις, μέτρον φορᾶς.</p>
<p>Ἡμέρα ἡλίου πορεία ἀπʼ ἀνατολῶν ἐπὶ δυσμάς· φῶς
τοὐναντίον νυκτί. </p><lb n="5"/>
<p>Ἕως ἡμέρας ἀρχή· τὸ πρῶτον φῶς ἀπὸ τοῦ ἡλίου.
Μεσημβρία χρόνος ἐν ᾧ τῶν σωμάτων αἱ σκιαὶ ἐλαχίστου
μήκους κοινωνοῦσιν.</p>
<p>Δείλη ἡμέρας τελευτή.</p>
<p>Νὺξ σκότος τοὐναντίον ἡμέρᾳ· ἡλίου στέρησις. </p><lb n="10"/>
<p>Τύχη φορὰ ἐξ ἀδήλου εἰς ἄδηλον, καὶ ἡ ἐκ τοῦ αὐτομάτου
αἰτία δαιμονίας πράξεως.</p>
<p>Γῆρας φθίσις ἐμψύχου ὑπὸ χρόνου γιγνομένη. </p><note type="marginal">c</note>
<p>Πνεῦμα κίνησις ἀέρος περὶ τὴν γῆν.
Ἀὴρ στοιχεῖον οὖ πᾶσαι αἱ κατὰ τόπον κινήσεις κατὰ
φύσιν εἰσίν.</p>
<note type="footnote">b 2 ἔμφυχον τὸ μέγιστον scr. recc.: ἔμψυχον· ἄστρον ἡμεροφανές, τὸ
μέγιστον in marg. A3 : ἡμεροφανὲς δὲ ἄστρον A b 3 κίνησις A :
κίνησις κύκλον ὀπαρτίζουσα al. b 4 ἐπὶ A O : εἰς O2 (s. v.)
b 11 ἡ ἐκ (ἐκ s. v.) A3 : ἡ A</note>

<pb n="411c"/>
<lb n="5"/><p> Οὐρανὸς σῶμα περιέχον πάντα τὰ αἰσθητὰ πλὴν αὐτοῦ τοῦ
ἀνωτάτου ἀέρος.</p>
<p>Ψυχὴ τὸ αὑτὸ κινοῦν· αἰτία κινήσεως ζωτικῆς ζῷων.</p>
<p>Δύναμις τὸ καθʼ αὑτὸ ποιητικόν.</p>
<p>Ὄψις ἕξις διακριτικὴ σωμάτων.</p>
<lb n="10"/><p> Ὀστοῦν μυελὸς ὑπὸ θερμοῦ παγείς.</p>
<p>Στοιχεῖον τὸ συνάγον καὶ διαλύον τὰ σύνθετα.</p>
<note type="marginal">d</note><p> Ἀρετὴ διάθεσις ἡ βελτίστη· ἕξις θνητοῦ ζῴου καθʼ αὑτὴν
ἐπαινετή· ἕξις καθʼ ἣν τὸ ἔχον ἀγαθὸν λέγεται· κοινωνία
νόμων δικαία· διάθεσις, καθʼ ἣν τὸ ἔχον διακείμενον τελείως
σπουδαῖον λέγεται· ἕξις ποιητικὴ εὐνομίας.</p>
<lb n="5"/><p> Φρόνησις δύναμις ποιητικὴ καθʼ αὑτὴν τῆς ἀνθρώπου
εὐδαιμονίας· ἐπιστήμη ἀγαθῶν καὶ κακῶν· διάθεσις καθʼ ἣν
κρίνομεν τί πρακτέον καὶ τί οὐ πρακτέον.</p>
<p>Δικαιοσύνη ὁμόνοια τῆς ψυχῆς πρὸς αὑτήν, καὶ εὐταξία
<note type="marginal">e</note> τῶν τῆς ψυχῆς μερῶν πρὸς ἄλληλά τε καὶ περὶ ἄλληλα·
ἕξις διανεμητικὴ τοῦ κατʼ ἀξίαν ἑκάστῳ· ἕξις καθʼ ἣν ὁ
ἔχων προαιρετικός ἐστιν τῶν φαινομένων αὐτῷ δικαίων· ἕξις
ἐν βίῳ νόμου ὑπήκοος· ἰσότης κοινωνική· ἕξις ὑπηρετικὴ
<lb n="5"/> νόμων.</p>
<p>Σωφροσύνη μετριότης τῆς ψυχῆς περὶ τὰς ἐν αὐτῇ κατὰ
φύσιν γιγνομένας ἐπιθυμίας τε καὶ ἡδονάς· εὐαρμοστία καὶ
εὐταξία ψυχῆς πρὸς τὰς κατὰ φύσιν ἡδονὰς καὶ λύπας·
συμφωνία ψυχῆς πρὸς τὸ ἄρχειν καὶ ἄρχεσθαι· αὐτοπραγία
<lb n="10"/> κατὰ φύσιν· εὐταξία ψυχῆς· λογιστικὴ ὁμιλία ψυχῆς περὶ
<note type="marginal">412</note> καλῶν καὶ αἰσχρῶν· ἕξις καθʼ ἣν ὁ ἔχων αἱρετικός ἐστι καὶ
εὐλαβητικὸς ὧν χρή.</p>
<p>Ἀνδρεία ἕξις ψυχῆς ἀκίνητος ὑπὸ φόβου· θάρσος πολε-
μικόν· ἐπιστήμη τῶν κατὰ πόλεμον πραγμάτων· ἐγκράτεια
<lb n="5"/> ψυχῆς πρὸς τὰ φοβερὰ καὶ δεινά· τόλμα ὑπηρετικὴ φρονή-
<note type="footnote">c 6 ἀνωτάτω al. c 7 αὑτὸ A: αὐτὸ ἑαυτὸ vulg. d 1 ἡ] ἢ A
d 3 νόμων … d 4 εὐνομίας in marg. A3: νόμων· δικαία A ἔχον om.
vulg. e 5 νόμων A: ὀρθῶν νόμον vulg. e 9 αὐτοπραγία …
a 2 ὧν χρή in marg. A3: om. A</note>

<pb n="412a"/>
σεως· εὐθαρσία ἐπὶ θανάτου προσδοκίᾳ· ἕξις διαφυλακτικὴ
λογισμῶν ὀρθῶν ἐν κινδύνοις· ῥώμη πρὸς κίνδυνον ἀντίρροπος·
ῥώμη καρτερικὴ πρὸς ἀρετήν· ἠρεμία ψυχῆς περὶ τὰ δεινὰ
καὶ θαρσαλέα κατὰ τὸν ὀρθὸν λόγον φαινόμενα· σωτηρία
δογμάτων ἀδήλων περὶ τὰ δεινὰ καὶ ἐμπειρία πολέμου· ἕξις <note type="marginal">b</note>
ἐμμενητικὴ νόμου.</p>
<p>Ἐγκράτεια δύναμις ὑπομενητικὴ λύπης· ἀκολούθησις τῷ
ὀρθῷ λογισμῷ· δύναμις ἀνυπέρβλητος τοῦ ὑποληφθέντος
ὀρθῷ λογισμῷ.</p><lb n="5"/>
<p>Αὐτάρκεια τελειότης κτήσεως ἀγαθῶν· ἕξις καθʼ ἣν οἱ
ἔχοντες αὐτοὶ αὑτῶν ἄρχουσιν.</p>
<p>Ἐπιείκεια δικαίων καὶ συμφερόντων ἐλάττωσις· μετριότης
ἐν συμβολαίοις· εὐταξία ψυχῆς λογιστικῆς πρὸς τὰ καλὰ
καὶ αἰσχρά.</p><lb n="10"/>
<p>Καρτερία ὑπομονὴ λύπης ἕνεκα τοῦ καλοῦ· ὑπομονὴ πόνων <note type="marginal">c</note>
ἕνεκα τοῦ καλοῦ.</p>
<p>Θάρσος ἀπροσδοκία κακοῦ· ἀνεκπληξία διὰ κακοῦ παρου-
σίαν.</p>
<p>Ἀλυπία ἕξις καθʼ ἣν ἀνέμπτωτοί ἐσμεν εἰς λύπας. <lb n="5"/>
Φιλοπονία ἕξις ἀποτελεστικὴ οὗ ἂν προέληται· καρτερία
ἑκούσιος· ἕξις ἀδιάβλητος πρὸς πόνον.</p>
<p>Αἰδὼς τολμήσεως ὑποχώρησις ἑκουσία δικαίως καὶ πρὸς τὸ
βέλτιστον φανέν· καταλαβὴ ἑκουσία τοῦ βελτίστου· εὐλάβεια
ὀρθοῦ ψόγου.</p><lb n="10"/>
<p>Ἐλευθερία ἡγεμονία βίου· αὐτοκράτεια ἐπὶ παντί· ἐξουσία <note type="marginal">d</note>
τοῦ καθʼ ἑαυτὸν ἐν βίῳ· ἀφειδία ἐν χρήσει καὶ ἐν κτήσει
οὐσίας.</p>
<p>Ἐλευθεριότης ἕξις πρὸς τὸ χρηματίζεσθαι ὡς δεῖ· πρόσ-
θεσις καὶ κτῆσις οὐσίας ὡς χρή. </p><lb n="5"/>
<note type="footnote">a 7 λογισμῶν] διαλογισμῶν A a 8 ἠρεμία ... b 2 νόμου in marg.
A3: om. A b 3 ἀκολούθησις A O2 (η et ι s. v.): ἀκολουθούσης Z O
b 4 ἀνυπέρβλητος O2 (λη s. v.): ἀνυπέρβατος A O b 9 λογιστικῆς]
λογιστικὴ scr. recc. c 1 ὑπομονὴ ... c 2 καλοῦ in marg. A1 :
om. A c 9 καταλαβὴ ... c 10 ψόγου in marg. A2: om. A
d 4 ἕζις ... d 5 χρή in marg. A3: om. A</note>

<pb n="412d"/>
<p>Πρᾳότης κατάστασις κινήσεως τῆς ὑπʼ ὀργῆς· κρᾶσις
ψυχῆς σύμμετρος.</p>
<p>Κοσμιότης ὕπειξις ἑκουσία πρὸς τὸ φανὲν βέλτιστον·
εὐταξία περὶ κίνησιν σώματος.</p>
<lb n="10"/><p> Εὐδαιμονία ἀγαθὸν ἐκ πάντων ἀγαθῶν συγκείμενον· δύ-
ναμις αὐτάρκης πρὸς τὸ εὖ ζῆν· τελειότης κατʼ ἀρετήν·
<note type="marginal">e</note> ὠφελία αὐτάρκης ζῴου.</p>
<p>Μεγαλοπρέπεια ἀξίωσις κατὰ λογισμὸν ὀρθὸν τὸν σεμνό-
τατον.</p>
<p>Ἀγχίνοια εὐφυία ψυχῆς, καθʼ ἣν ὁ ἔχων στοχαστικός
<lb n="5"/> ἐστιν ἑκάστῳ τοῦ δέοντος· ὀξύτης νοῦ.</p>
<p>Χρηστότης ἤθους ἀπλαστία μετʼ εὐλογιστίας· ἤθους
σπουδαιότης.</p>
<p>Καλοκαγαθία ἕξις προαιρετικὴ τῶν βελτίστων.</p>
<p>Μεγαλοψυχία χρῆσις τοῖς συμβαίνουσιν ἀστεία· μεγα-
<lb n="10"/> λοπρέπεια ψυχῆς μετὰ λόγου.</p>
<p>Φιλανθρωπία ἕξις εὐάγωγος ἤθους πρὸς ἀνθρώπου φιλίαν·
ἕξις εὐεργετικὴ ἀνθρώπων· χάριτος σχέσις· μνήμη μετʼ
εὐεργεσίας.</p>
<p>Εὐσέβεια δικαιοσύνη περὶ θεούς· δύναμις θεραπευτικὴ
<note type="marginal">413</note> θεῶν ἑκούσιος· περὶ θεῶν τιμῆς ὑπόληψις ὀρθή· ἐπιστήμη
τῆς περὶ θεῶν τιμῆς.</p>
<p>Ἀγαθὸν τὸ αὑτοῦ ἕνεκεν.</p>
<p>Ἀφοβία ἕξις καθʼ ἣν ἀνέμπτωτοί ἐσμεν εἰς φόβους.</p>
<lb n="5"/><p> Ἀπάθεια ἕξις καθʼ ἣν ἀνέμπτωτοί ἐσμεν εἰς πάθη.</p>
<p>Εἰρήνη ἡσυχία ἐπʼ ἔχθρας πολεμικάς.</p>
<p>Ῥᾳθυμία ῥᾳστώνη ψυχῆς· ἀπάθεια τοῦ θυμοειδοῦς.</p>
<p>Δεινότης διάθεσις καθʼ ἣν ὁ ἔχων στοχαστικός ἐστιν τοῦ
ἰδίου τέλους.</p>
<lb n="10"/><p> Φιλία ὁμόνοια ὑπὲρ καλῶν καὶ δικαίων· προαίρεσις βίου
<note type="footnote">d 8 ἑκουσία A O et α s. v. Z : ἑκούσιος Z O2 (ος s. v.) d 9 κίνησιν
O2 (ιν s. v.) : κινήσεως A Z O e 12 χάριτος ... e 13 εὐεργεσίας in
marg. A3 : om. A a 2 θεῶν A O : θεοῦ Z O2 (οῦ s. v.) a 5 ἀπά-
θεια in marg. A3: om. A ἐσμὲν O2: om. A O a 10 ὑπὲρ A2 C2
(ὲρ s. v.) : ὑπὶ A O</note>

<pb n="413a"/>
τοῦ αὐτοῦ· ὁμοδοξία περὶ προαιρέσεως καὶ πράξεως· ὁμόνοια
περὶ βίον· κοινωνία μετʼ εὐνοίας· κοινωνία τοῦ εὖ ποιῆσαι <note type="marginal">b</note>
καὶ παθεῖν.</p>
<p>Εὐγένεια ἀρετὴ εὐγενοῦς ἤθους· εὐαγωγία ψυχῆς πρὸς
λόγους ἢ πράξεις.</p>
<p>Αἵρεσις δοκιμασία ὀρθή.</p><lb n="5"/>
<p>Εὔνοια [αἵρεσις] ἀνθρώπου πρὸς ἄνθρωπον ἀσπασμός.</p>
<p>Οἰκειότης ταὐτοῦ γένους κοινωνία.</p>
<p>Ὁμόνοια κοινωνία τῶν ὄντων ἁπάντων· συμφωνία νοημά-
των καὶ ὑπολημμάτων.</p>
<p>Ἀγάπησις ἀπόδεξις παντελής.</p><lb n="10"/>
<p>Πολιτικὴ ἐπιστήμη καλῶν καὶ συμφερόντων· ἐπιστήμη
ποιητικὴ δικαιοσύνης ἐν πόλει.</p>
<p>Ἑταιρία φιλία κατὰ συνήθειαν ἐν τοῖς καθʼ ἡλικίαν <note type="marginal">c</note>
γεγενημένοις.</p>
<p>Εὐβουλία ἀρετὴ λογισμοῦ σύμφυτος.</p>
<p>Πίστις ὑπόληψις ὀρθὴ τοῦ οὕτως ἔχειν ὡς αὐτῷ φαίνεται·
βεβαιότης ἤθους.</p><lb n="5"/>
<p>Ἀλήθεια ἕξις ἐν καταφάσει καὶ ἀποφάσει· ἐπιστήμη
ἀληθῶν.</p>
<p>Βούλησις ἕφεσις μετὰ λόγου ὀρθοῦ· ὄρεξις εὔλογος· ὄρεξις
μετὰ λόγου κατὰ φύσιν.</p>
<p>Συμβούλευσις παραίνεσις ἑτέρῳ ὑπὲρ πράξεως, τίνα δεῖ <lb n="10"/>
τρόπον πράττειν.</p>
<p>Εὐκαιρία χρόνου ἐπίτευξις, ἐν ᾧ χρὴ παθεῖν τι ἢ ποιῆσαι.</p>
<p>Εὐλάβεια φυλακὴ κακοῦ· ἐπιμέλεια φυλακῆς.</p><note type="marginal">d</note>
<p>Τάξις ἐργασίας ὁμοιότης τῶν πρὸς ἄλληλα πάντων ὄντων·
συμμετρία κοινωνίας· αἰτία τῶν πρὸς ἄλληλα πάντων ὄντων
συμμετρίας [πρὸς τὸ μαθεῖν].</p>
<note type="footnote">b 1 βίον κοινωνία A O : βίου κοινωνίαν O b 3 εὐγένεια in
marg. γρ. A3: εὔνοια A εὐγενοῦς in marg. A3: om. A b 4 ἢ
A O : καὶ O2 (s. v.) b 6 αἵρεσις secl. Schneider ἀνθρώπου
O2: ἀνθρώπῳ A O ἀσπασμός] ἀσπασμῷ A Z O b 10 ἀπόδεξις
A2 (ε s. v.): ἀπόδειξις A c 1 ἑταιρεία A (sed ι s. v. A2) c 3 ἀρε-
τῆς λογισμὸς fecit A2 (σ s. v. bis) O2 c 10 ὑπὲρ A O : πρὸ s. v. A2O2
d 4 συμμετρίας scripsi : συμμετρία πρὸς τὸ μαθεῖν libri (cf. d 5)
</note>

<pb n="413d"/>
<lb n="5"/> <p>Πρόσεξις συντονία ψυχῆς πρὸς τὸ καταμαθεῖν.</p>
<p>Εὐφυία τάχος μαθήσεως· γέννησις φυτῶν ἀγαθή· ἀρετὴ
ἐν φύσει.</p>
<p>Εὐμάθεια εὐφυία ψυχῆς πρὸς τάχος μαθήσεως.</p>
<p>Νόμος ἀπόφασις κυρία περὶ ἀμφισβητουμένου πράγματος.</p>
<lb n="10"/><p> Δίκη ἀμφισβήτησις περὶ τοῦ ἀδικεῖν ἣ μή.</p>
<note type="marginal">e</note><p> Εὐνομία πειθαρχία νόμων σπουδαίων.</p>
<p>Εὐφροσύνη ἐπὶ τοῖς τοῦ σώφρονος ἔργοις χαρά.</p>
<p>Τιμὴ δόσις ἀγαθῶν ἐν ταῖς διʼ ἀρετὴν πράξεσιν διδομένων·
ἀξίωμα ἀπʼ ἀρετῆς· σχῆμα σεμνότητος· τήρησις ἀξιώματος.</p>
<lb n="5"/><p> Προθυμία ἐμφανισμὸς προαιρέσεως πρακτικῆς.</p>
<p>Χάρις εὐεργεσία ἑκούσιος· ἀπόδοσις ἀγαθοῦ ὑπουργίας ἐν
καιρῷ.</p>
<p>Ὁμόνοια ὁμοδοξία ἀρχόντων καὶ ἀρχομένων ὡς δεῖ ἄρχειν
καὶ ἄρχεσθαι.</p>
<lb n="10"/><p> Πολιτεία κοινωνία πλήθους ἀνθρώπων αὐτάρκης πρὸς
εὐδαιμονίαν· κοινωνία πλήθους ἔννομος.</p>
<note type="marginal">414</note><p> Πρόνοια παρασκευὴ πρὸς μέλλοντά τινα.</p>
<p>Βουλὴ σκέψις περὶ τῶν μελλόντων πῶς συμφέρει.</p>
<p>Νίκη δύναμις κρατητικὴ περὶ ἀγωνίαν.</p>
<p>Εὐπορία εὐκρίνεια κρατητικὴ τοῦ λεγομένου.</p>
<lb n="5"/><p> Δωρεὰ ἀλλαγὴ χάριτος.</p>
<p>Καιρὸς χρόνου ἀκμὴ πρὸς τὸ συμφέρον· χρόνος ἀγαθοῦ
τινος συνεργός.</p>
<p>Μνήμη διάθεσις ψυχῆς φυλακτικὴ τῆς ἐν αὐτῇ ὑπαρχούσης
ἀληθείας.</p>
<lb n="10"/><p> Ἔννοια συντονία διανοίας.</p>
<p>Νόησις ἀρχὴ ἐπιστήμης.</p>
<p>Ἁγνεία εὐλάβεια τῶν πρὸς τοὺς θεοὺς ἁμαρτημάτων· τῆς
<note type="marginal">b</note> θεοῦ τιμῆς κατὰ φύσιν θεραπεία.</p>
<p>Μαντεία ἐπιστήμη προδηλωτικὴ πράξεως ἄνευ ἀποδείξεως.</p>
<note type="footnote">d 6 φυτῶν A O: φύσεως O2 d 9 νόμος scripsi : δίκη libri
d 10 δίκη scripsi: νόμος libri e 6 ὑπουργία al. a 4 λεγομένου
A Z O : λογιζομένου in marg. Z O b 1 θεραπεία] θεραπείας A Z O
</note>

<pb n="414b"/>
<p>Μαντικὴ ἐπιστήμη θεωρητικὴ τοῦ ὄντος καὶ μέλλοντος
ζῴῳ θνητῷ.</p>
<p>Σοφία ἐπιστήμη ἀνυπόθετος· ἐπιστήμη τῶν ἀεὶ ὄντων· <lb n="5"/>
ἐπιστήμη θεωρητικὴ τῆς τῶν ὄντων αἰτίας.</p>
<p>Φιλοσοφία τῆς τῶν ὄντων ἀεὶ ἐπιστήμης ὄρεξις· ἕξις
θεωρητικὴ τοῦ ἀληθοῦς, πῶς ἀληθές· ἐπιμέλεια ψυχῆς μετὰ
λόγου ὀρθοῦ.</p>
<p>Ἐπιστήμη ὑπόληψις ψυχῆς ἀμετάπτωτος ὑπὸ λόγου· <lb n="10"/>
δύναμις ὑποληπτική τινος ἢ τινῶν ἀμετάπτωτος ὑπὸ λόγου· <note type="marginal">c</note>
λόγος ἀληθὴς ἐπὶ διανοίᾳ ἀμετάπτωτος.</p>
<p>Δόξα ὑπόληψις μεταπειστὸς ὑπὸ λόγου· λογιστικὴ φορά·
διάνοια ἐμπίπτουσα εἰς ψεῦδος καὶ ἀληθὲς ὑπὸ λόγου.</p>
<p>Αἴσθησις ψυχῆς φορά· νοῦ κίνησις· ψυχῆς διὰ σώματος <lb n="5"/>
εἰσάγγελσις εἰς ὥρος ἀνθρώπων, ἀφʼ ἦς γίγνεται ψυχῆς
ἄλογος δύναμις γνωριστικὴ διὰ σώματος.</p>
<p>Ἕξις διάθεσις ψυχῆς καθʼ ἣν ποιοί τινες λεγόμεθα.</p>
<p>Φωνὴ ῥεῦμα διὰ στόματος ἀπὸ διανοίας.</p><note type="marginal">d</note>
<p>Λόγος φωνὴ ἐγγράμματος, φραστικὴ ἑκάστου τῶν ὄντων·
διάλεκτος συνθετὴ ἐξ ὀνομάτων καὶ ῥημάτων ἄνευ μέλους.</p>
<p>Ὄνομα διάλεκτος ἀσύνθετος ἑρμηνευτικὴ τοῦ τε κατὰ
τῆς οὐσίας κατηγορουμένου καὶ παντὸς τοῦ μὴ καθʼ ἑαυτοῦ <lb n="5"/>
λεγομένου.</p>
<p>Διάλεκτος φωνὴ ἀνθρώπου ἐγγράμματος· καὶ σημεῖόν τι
κοινὸν ἑρμηνευτικὸν ἄνευ μέλους.</p>
<p>Συλλαβὴ ἀνθρωπίνης φωνῆς ἄρθρον ἐγγράμματον.</p>
<p>Ὅρος λόγος ἐκ διαφορᾶς καὶ γένους συγκείμενος.</p> <lb n="10"/>
<p>Τεκμήριον ἀπόδειξις ἀφανοῦς.</p><note type="marginal">e</note>
<p>Ἀπόδειξις λόγος συλλογιστικὸς ἀληθής· λόγος ἐμφανι-
στικὸς διὰ προγιγνωσκομένων.</p>
<note type="footnote">b 8 ἀληθοῦς A2 O2 (οῦς s. v.) : ἀληθῶς A O c 1 τινος A : περί
τινος A3 (περί s. v.) c 2 ἐπὶ re vera A c 3 μεταπειστὸς]
μεταπιστὸς A O: μετὰ πίστεως O2 et in marg. γρ. A3 c 6 εἰς A2
(s. v.) O2: om. A O d 3 συνθετὴ A O: σύνθετος O2 (ος s. v.)
d 10 συγκείμενος in marg. A3: om. A</note>

<pb n="414e"/>
<p>Στοιχεῖον φωνῆς φωνὴ ἀσύνθετος, αἰτία ταῖς ἄλλαις
<lb n="5"/> φωναῖς τοῦ φωνὰς εἶναι.</p>
<p>Ὠφέλιμον τὸ αἴτιον τοῦ εὖ πάσχειν· τὸ αἴτιον ἀγαθοῦ.</p>
<p>Συμφέρον τὸ εἰς ἀγαθὸν φέρον.</p>
<p>[Καλὸν τὸ ἀγαθόν.]</p>
<p>Ἀγαθὸν τὸ αἴτιον σωτηρίας τοῖς οὖσιν· τὸ αἴτιον παντὸς
<lb n="10"/> τοῦ πρὸς αὑτό, ἀφʼ οὗ συμβαίνει ἃ χρὴ αἱρεῖσθαι.</p>
<p>Σῶφρον τὸ κόσμιον τῆς ψυχῆς.</p>
<p>Δίκαιον νόμου τάγμα ποιητικὸν δικαιοσύνης.</p>
<note type="marginal">415</note><p> Ἑκούσιον τὸ αὐτοῦ προσαγωγόν· τὸ καθʼ αὑτὸ αἱρετὸν
κατὰ διάνοιαν ἀποτελούμενον.</p>
<p>Ἐλεύθερον τὸ ἄρχον αὑτοῦ.</p>
<p>Μέτριον τὸ μέσον ὑπερβολῆς καὶ ἐλλείψεως καὶ κατὰ
<lb n="5"/> τέχνην ἀρκοῦν.</p>
<p>Μέτρον τὸ μέσον ὑπερβολῆς καὶ ἐλλείψεως.</p>
<p>Ἆθλον ἀρετῆς γέρας τὸ ἑαυτοῦ ἕνεκα αἱρετόν.</p>
<p>Ἀθανασία οὐσία ἔμψυχος καὶ ἀίδιος μονή.</p>
<p>Ὅσιον θεράπευμα θεοῦ ἀρεστὸν θεῷ.</p>
<lb n="10"/><p> Ἑορτὴ χρόνος ἱερὸς κατὰ νόμους.</p>
<p>Ἄνθρωπος ζῷον ἄπτερον, δίπουν, πλατυώνυχον· ὃ μόνον
τῶν ὄντων ἐπιστήμης τῆς κατὰ λόγους δεκτικόν ἐστιν.</p>
<note type="marginal">b</note><p> Θυσία θεῷ δόμα θύματος.</p>
<p>Εὐχὴ αἴτησις ἀνθρώποις ἀγαθῶν ἢ δοκούντων παρὰ θεῶν.</p>
<p>Βασιλεὺς ἄρχων κατὰ νόμους ἀνυπεύθυνος· πολιτικῆς
κατασκευῆς ἄρχων.</p>
<lb n="5"/><p> Ἀρχὴ ἐπιμέλεια τοῦ παντός.</p>
<p>Ἐξουσία ἐπιτροπὴ νόμου.</p>
<p>Νομοθέτης ποιητὴς νόμων καθʼ οὓς δεῖ πολιτεύεσθαι.</p>
<note type="footnote">e 8 καλὸν τὸ ἀγαθόν in marg. O2 : om. A O e 12 δικαιοσύνῃ A
a 1 αὑτοῦ] αὐτὸ A a 2 κατὰ . .. ἀποτελούμενον om. A a 6 τὸ
O2 : om. A O a 7 ἀλλαχοῦ· ἇθλον ἀρετῆς. εἶτα γέρας τὸ ἑαυτοῦ
ἕνεκα αἱρετόν in marg. Z O a 8 ἔμψυχος O2 : ἐμψύχου A O
a 9 θεοῦ A O2 (οῦ s. v.) : θεῶν Z O b 2 θεῶν O2: θεοῖς A O
b 3 ἀλλαχοῦ· πολιτικῆς κατασκευῆς ἄρχοντα. εἶτα· ἄρχων· ἐπιμέλεια
τοῦ παντός in marg. Z b 7 νόμων Z O2 (ν et μ s. v.): λόγων A O
</note>

<pb n="414b"/>
<p>Νόμος δόγμα πλήθους πολιτικὸν οὐκ εἴς τινα χρόνον
ἀφωρισμένον.</p>
<p>Ὑπόθεσις ἀρχὴ ἀναπόδεικτος· συγκεφαλαίωσις λόγου. </p><lb n="10"/>
<p>Ψήφισμα δόγμα πολιτικὸν εἴς τινα χρόνον ἀφωρισμένον.</p>
<p>Πολιτικὸς ἐπιστήμων πόλεως κατασκευῆς.</p><note type="marginal">c</note>
<p>Πόλις οἴκησις πλήθους ἀνθρώπων κοινοῖς δόγμασιν χρω-
μένων· πλῆθος ἀνθρώπων ὑπὸ νόμον τὸν αὐτὸν ὄντων.</p>
<p>Πόλεως ἀρετὴ κατάστασις ὀρθῆς πολιτείας.</p>
<p>Πολεμικὴ ἐμπειρία πολέμου. </p><lb n="5"/>
<p>Συμμαχία κοινωνία πολέμου.</p>
<p>Σωτηρία περιποίησις ἀβλαβής.</p>
<p>Τύραννος ἄρχων πόλεως κατὰ τὴν ἑαυτοῦ διάνοιαν.</p>
<p>Σοφιστὴς νέων πλουσίων ἐνδόξων ἔμμισθος θηρευτής.</p>
<p>Πλοῦτος κτῆσις σύμμετρος πρὸς εὐδαιμονίαν· περιουσία <note type="marginal">d</note>
χρημάτων εἰς εὐδαιμονίαν συντεινόντων.</p>
<p>Παρακαταθήκη δόμα μετὰ πίστεως.</p>
<p>Κάθαρσις ἀπόκρισις χειρόνων ἀπὸ βελτιόνων.</p>
<p>Νικᾶν κρατεῖν διαφερόμενον. </p><lb n="5"/>
<p>Ἀγαθὸς ἄνθρωπος ὁ τοιοῦτος οἷος ἀνθρώπῳ τἀγαθὰ
ἐπιτελεῖν.</p>
<p>Σώφρων ὁ μετρίας ἐπιθυμίας ἔχων.</p>
<p>Ἐγκρατὴς ὁ κρατῶν ἀντιτεινόντων τῶν τῆς ψυχῆς μορίων
τῷ ὀρθῷ λογισμῷ. </p><lb n="10"/>
<p>Σπουδαῖος ὁ τελείως ἀγαθός· ὁ ἔχων τὴν αὑτοῦ ἀρετήν.</p>
<p>Σύννοια διάνοια μετὰ λύπης ἄνευ λόγου.</p><note type="marginal">e</note>
<p>Δυσμαθία βραδυτὴς ἐν μαθήσει.</p>
<p>Δεσποτεία ἀρχὴ ἀνυπεύθυνος δικαία.</p>
<p>Ἀφιλοσοφία ἕξις καθʼ ἣν ὁ ἔχων μισολόγος ἐστίν.</p>
<p>Φόβος ἔκπληξις ψυχῆς ἐπὶ κακοῦ προσδοκίᾳ. </p><lb n="5"/>
<p>Θυμὸς ὁρμὴ βίαιος ἄνευ λογισμοῦ †νοῦς τάξεως† ψυχῆς
ἀλογίστου.</p>
<p>Ἔκπληξις φόβος ἐπὶ προσδοκίᾳ κακοῦ.</p>
<note type="footnote">e 6 νοῦς τάξεως] an προστάξεως e 8 ἔκπληξις . . . κακοῦ in
marg. A3: ἐκπ A (in fine pag.)</note>

<pb n="415e"/>
<p>Κολακεία ὁμιλία ἡ πρὸς ἡδονὴν ἄνευ τοῦ βελτίστου· ἕξις
<lb n="10"/> ὁμιλητικὴ πρὸς ἡδονὴν ὑπερβάλλουσα τὸ μέτριον.</p>
<p>Ὀργὴ παράκλησις τοῦ θυμικοῦ εἰς τὸ τιμωρεῖσθαι.</p>
<p>Ὕβρις ἀδικία πρὸς ἀτιμίαν φέρουσα.</p>
<note type="marginal">416</note><p> Ἀκρασία ἕξις βιαστικὴ παρὰ τὸν ὀρθὸν λογισμὸν πρὸς τὰ
δοκοῦντα ἡδέα εἶναι.</p>
<p>Ὄκνος φυγὴ πόνων· δειλία ἀντιληπτικὴ ὁρμῆς.</p>
<p>Ἀρχὴ πρώτη τοῦ εἶναι αἰτία.</p>
<lb n="5"/><p> Διαβολὴ διάστασις φίλων λόγῳ.</p>
<p>Καιρὸς ἐν ᾧ ἕκαστον ἐπιτήδειον παθεῖν ἢ ποιῆσαι.</p>
<p>Ἀδικία ἕξις ὑπεροπτικὴ νόμων.</p>
<p>Ἔνδεια ἐλάττωσις τῶν ἀγαθῶν.</p>
<p>Αἰσχύνη φόβος ἐπὶ προσδοκίᾳ ἀδοξίας.</p>
<lb n="10"/><p> Ἀλαζονεία ἕξις προσποιητικὴ ἀγαθοῦ ἢ ἀγαθῶν τῶν μὴ
ὑπαρχόντων.</p>
<p>Ἁμαρτία πρᾶξις παρὰ τὸν ὀρθὸν λογισμόν.</p>
<p>Φθόνος λύπη ἐπὶ φίλων ἀγαθοῖς ἢ οὖσιν ἢ γεγενημένοις.</p>
<p>Ἀναισχυντία ἕξις ψυχῆς ὑπομενητικὴ ἀδοξίας ἕνεκα
<lb n="15"/> κέρδους.</p>
<p>Θρασύτης ὑπερβολὴ θράσους πρὸς φόβους οὓς μὴ δεῖ.</p>
<p>Φιλοτιμία ἕξις ψυχῆς προετικὴ πάσης δαπάνης ἄνευ
λογισμοῦ.</p>
<p>Κακοφυΐα κακία ἐν φύσει καὶ ἁμαρτία τοῦ κατὰ φύσιν·
<lb n="20"/> νόσος τοῦ κατὰ φύσιν.</p>
<p>Ἐλπὶς προσδοκία ἀγαθοῦ.</p>
<p>Μανία ἕξις φθαρτικὴ ἀληθοῦς ὑπολήψεως.</p>
<p>Λαλιὰ ἀκρασία λόγου ἄλογος.</p>
<p>Ἐναντιότης τῶν ὑπὸ τὸ αὐτὸ γένος κατά τινα διαφορὰν
<lb n="25"/> πιπτόντων ἡ πλείστη διάστασις.</p>
<p>Ἀκούσιον τὸ παρὰ διάνοιαν ἀποτελούμενον.</p>
<p>Παιδεία δύναμις θεραπευτικὴ ψυχῆς.</p>
<note type="footnote">a 3 δειλία ἀντιληπτικὴ ὁρμῆς et ἀρχή transposui : πόνων ἀρχή (ἀρχῆς
O2) et δειλία . . . αἰτία coniungunt libri a 16 θάρσους fecit a
a 17 προε τικὴ A: προεκτικὴ ZO a 23 ἄλογος ZO2: ἄλαλος AO</note>

<pb n="416a"/>
<p>Παίδευσις παιδείας παράδοσις.</p>
<p>Νομοθετικὴ ἐπιστήμη ποιητικὴ πόλεως ἀγαθῆς.</p>
<p>Νουθέτησις λόγος ἐπιτιμητικὸς ἀπὸ γνώμης· λόγος <lb n="30"/>
ὁμαρτίας ἀποτροπῆς ἔνεκεν.</p>
<p>Βοήθεια κακοῦ κώλυσις ὄντος ἢ γινομένου.</p>
<p>Κόλασις ψυχῆς θεραπεία ἐπὶ ἁμαρτήματι γενομένῳ.</p>
<p>Δύναμις ὑπεροχὴ ἐν πράξει ἢ ἐν λόγῳ· ἕξις καθʼ ἣν τὸ
ἔχον δυνατόν ἐστιν· ἰσχὺς κατὰ φύσιν.</p><lb n="35"/>
<p>Σῴζειν τὸ περιποιεῖν ἀβλαβῆ.</p>
<note type="footnote">a 28 παίδευσις . . . a 29 νομοθετικὴ in marg. A3: om. A
a 29 ἀγαθῆς Z O2 (γ s. v.): ἀπαθής AO: εὐπαγής vulg.</note>
</div>


</div>
</body>
</text>
</TEI>
