<?xml version="1.0" encoding="UTF-8"?>
<ti:work xmlns:ti="http://chs.harvard.edu/xmlns/cts" groupUrn="urn:cts:greekLit:tlg0006" projid="greekLit:tlg017" urn="urn:cts:greekLit:tlg0006.tlg017" xml:lang="grc">
      
   <ti:title xml:lang="eng">Bacchae</ti:title>
    
    <ti:edition urn="urn:cts:greekLit:tlg0006.tlg017.perseus-grc2" workUrn="urn:cts:greekLit:tlg0006.tlg017" xml:lang="grc">
        <ti:label xml:lang="eng">Bacchae</ti:label>
        <ti:description xml:lang="eng">Euripides, creator; Euripidis Fabulae Tomus III; Murray, Gilbert, 1866-1957, editor. Oxford: Clarendon Press, 1913.</ti:description>
    </ti:edition>
      
   <ti:translation projid="greekLit:perseus-eng1" urn="urn:cts:greekLit:tlg0006.tlg017.perseus-eng1" xml:lang="eng" workUrn="urn:cts:greekLit:tlg0006.tlg017">
        
      <ti:label xml:lang="eng">Bacchae</ti:label>
        
      <ti:description xml:lang="eng">Perseus:bib:oclc,7742603, Euripides. The Tragedies of Euripides,
          translated by T. A. Buckley. Bacchae. London. Henry G. Bohn. 1850.</ti:description>
        
      <ti:memberof collection="Perseus:collection:Greco-Roman"/>
      
   </ti:translation>
    
</ti:work>