<ti:work xmlns:ti="http://chs.harvard.edu/xmlns/cts" groupUrn="urn:cts:greekLit:tlg0544" xml:lang="grc" urn="urn:cts:greekLit:tlg0544.tlg001">
  <ti:title xml:lang="lat">Pyrrhoniae Hypotyposes</ti:title>
<ti:edition urn="urn:cts:greekLit:tlg0544.tlg001.opp-lat1" workUrn="urn:cts:greekLit:tlg0544.tlg001">
  <ti:label xml:lang="lat">Pyrrhoniae Hypotyposes</ti:label>
  <ti:description xml:lang="lat">Sextus Empiricus, Pyrrhoniae Hypotyposes</ti:description>
</ti:edition>
  <ti:edition urn="urn:cts:greekLit:tlg0544.tlg001.opp-grc1" workUrn="urn:cts:greekLit:tlg0544.tlg001">
  <ti:label xml:lang="lat">Pyrrhoniae Hypotyposes</ti:label>
    <ti:description xml:lang="lat">Sextus Empiricus, Pyrrhoniae Hypotyposes</ti:description>
  </ti:edition>
</ti:work>
