<?xml version="1.0" encoding="UTF-8"?>
<?xml-model href="http://www.stoa.org/epidoc/schema/latest/tei-epidoc.rng" schematypens="http://relaxng.org/ns/structure/1.0"?>
<TEI xmlns="http://www.tei-c.org/ns/1.0">
  <teiHeader>
    <fileDesc>
<titleStmt><title>Pyrrhoniae hypotyposes</title>
  <author>Sextus Empiricus</author>
<editor>Hermann Mutschmann</editor>
<sponsor>University of Leipzig</sponsor>
<funder>European Social Fund Saxony</funder>
<principal>Gregory Crane</principal>
<principal>Monica Berti</principal>
<meeting/>
<respStmt>
          <persName>Gregory R. Crane</persName>
          <resp>Editor-in-Chief, Perseus Digital Library</resp>
        </respStmt>
        <respStmt>
          <persName xml:id="DDD">Digital Divide Data</persName>
          <resp>Corrected and encoded the text</resp>
        </respStmt>
        <respStmt>
          <persName>Matt Munson</persName>
          <resp>Project Manager (University of Leipzig), 2016 - present</resp>
        </respStmt>
        <respStmt>
          <persName>Annette Geßner</persName>
          <resp>Project Assistant (University of Leipzig), 2015 - present</resp>
        </respStmt>
        <respStmt>
          <persName>Thibault Clérice</persName>
          <resp>Lead Developer (University of Leipzig)</resp>
        </respStmt>
        <respStmt>
          <persName>Bruce Robertson</persName>
          <resp>Technical Advisor</resp>
        </respStmt>
        <respStmt>
          <persName>Greta Franzini</persName>
          <resp>Project Manager (University of Leipzig), 2013-2014</resp>
        </respStmt>
        <respStmt>
          <persName>Frederik Baumgardt</persName>
          <resp>Technical Manager (University of Leipzig), 2013-2015</resp>
        </respStmt>
        <respStmt>
          <persName>Simona Stoyanova</persName>
          <resp>Project Manager (University of Leipzig), 2015</resp>
          <resp>Project Assistant (University of Leipzig), 2013-2014</resp>
        </respStmt>
      </titleStmt>
      <publicationStmt>
<authority>University of Leipzig</authority>
<idno type="filename">TO BE ADDED BY LEIPZIG</idno>
<availability>
<p>Available under a Creative Commons Attribution-ShareAlike 4.0 International
License</p>
</availability>
<date>2014</date>
<publisher>University of Leipzig</publisher>
<pubPlace>Germany</pubPlace>
</publicationStmt>
<sourceDesc>
<listBibl xml:lang="lat">
<biblStruct>
<monogr>
<title>Sexti Empiricii Opera</title>
<editor>
<persName>
<name xml:lang="lat">Hermannus Mutschmann</name>
</persName>
</editor>
<author ref="urn:cts:greekLit:tlg0544">Sextus Empiricus</author>
<imprint>
<publisher>In Aedibus B.G. Teubneri</publisher>
<pubPlace>Lipsiae</pubPlace>
<date>1912</date>
</imprint>
<biblScope unit="volume">vol. i.</biblScope>
</monogr>
  <ref target="https://archive.org/details/rsoperarecensuit01sextuoft">Internet Archive</ref>
</biblStruct>
</listBibl>
</sourceDesc>
</fileDesc>
<encodingDesc>
<p>Text encoded in accordance with the latest EpiDoc standards (January 2014)</p>
  <refsDecl n="CTS">
    <cRefPattern n="section" matchPattern="(.+).(.+)" replacementPattern="#xpath(/tei:TEI/tei:text/tei:body/tei:div/tei:div[@n='$1']/tei:div[@n='$2'])"/>
    <cRefPattern n="book" matchPattern="(.+)" replacementPattern="#xpath(/tei:TEI/tei:text/tei:body/tei:div/tei:div[@n='$1'])"/>
      </refsDecl>
    </encodingDesc>
<profileDesc>
<langUsage>
<language ident="lat">Latin</language>
</langUsage>
</profileDesc>
<revisionDesc>
<change who="Jack Duff" when="2016-06-20">Added correct division according to excerpt, corrected punctuation, removed grc tag, added ref, changed pb to n.</change>
</revisionDesc>
</teiHeader>
  <text>
    <body><div type="edition" n="urn:cts:greekLit:tlg0544.tlg001.opp-lat1">
      <div type="textpart" subtype="book" n="3">
  <div type="textpart" subtype="section" n="30">
    
<pb n="v.1.p.209"/>
<head>Specimen Translationis latinae.</head>
<p>(III 30—36. p. 141—143 huiusce editionis.)</p>
<milestone unit="altnumbering" n="1. 119 r. col. 1"/>
<p>De agenti quidem igitur causa tot · Nunc faciat dici
couipendiose autem et de principiis que materialia
vocantur dicendum est quod enim ipsa sunt inconprehensibilia
facile est considerare ex dissonantia facta de hiis
  <lb n="5"/> a dogmaticis pherecides quidem igitur syrus terram dixit 
esse principium omnium · thales autem millesius aquam ·
anaximander autem auditor ipsius infinitum · anaximenes
 autem et diogenes apolloniates aerem ypasinus  <milestone unit="altnumbering" n="d. 119 r. col. 2"/> autem
metapontinus ignem exenophanes autem colophonius terram
  <lb n="10"/> et aquam oenopides autem chius ignem et aerem · ypporeginus 
ignem et aquam onoma certus autem in orficis
ignem et aquam et terram qui autem circa empedoclem
et stoicos ignem &lt;m&gt; aquam terram de materia
aquam terram] quidem a quibusdam sine qualitate monstruosa
  <lb n="15"/> dicta [a] quam nec ipsi apprehendere affirmant 
quid oportet et dicere qui vero circa aristotelem perypateticum
ignem aerem aquam terram circulariter motum
corpus · democritus autem et epicurus · attoma · anaxagoras
autem clazomenius similium partes diodorus autem
  <lb n="20"/> cui cognomen saturnius minima et indivisibilia corpora · 
eractides autem ponticus et asclepiades bithinensis inequales
magnitudines pictagorici autem numeros · mathematici
autem terminos corporum st&lt;r&gt; ato autem
qualitates · tanta igitur et ad huc pluri dissonantia facta

<pb n="v.1.p.210"/>
de materialibus principiis ab eis aut omnibus concedemus
positis dissensionibus et aliis etiam aut quibusdam set
omnibus quidem non est possibile · Non enim poterimus
et hiis qui sunt circa asclepiadem concedere frangibilia
<lb n="5"/> esse elementa dicentibus et talia ex hiis qui circa democritum
attoma ipsa esse dicentibus et non qualificata ex
hiis que circa &lt;ag&gt; omnem sensibilem qualitatem
in omiomeriis relinquentibus si autem aliquam opinionem
ab aliis proponemus aut [em] simpliciter et sine demonstratione
<lb n="10"/> preferamus · aut cum demonstratione sine quidem
igitur demonstratione manifestum est quia veram oportet
demonstrationem esse vera aut &lt;m&gt; non utique <milestone unit="altnumbering" n="fol.119 col 1"/>  dabitur 
non iudicata iudicio vero · verum autem iudicium esse
ostenditur per demonstrationem iudicatam. Si quid &lt;em&gt;
<lb n="15"/> ut demonstrationem quidem que prefert aliquam opinionem
vera esse demonstretur · oportet iudicium ipsius demonstratum
esse · ut autem iudicium demonstretur oportet
demonstrationem eius preferre qui per se invicem invenitur
modus qui non dimittet procedere rationem demonstratione
<lb n="20"/> quidem semper iudicio indigente demonstrato.
iudicio autem demonstratione iudicata · Si autem semper
iudicium iudicio iudicare et demonstrationem demonstratione
demonstrare voluerit aliquis in infinitum eicietur.
Si enim neque omnibus de elementis opinionibus possumus
<lb n="25"/> concedere neque alicui harum desistere convenit
de hiis.</p>
<note type="footnote">1 concediemus Τ 24 epimonibus Τ</note>
</div>
</div>
</div>

</body>
  </text>
</TEI>
