<ti:work xmlns:ti="http://chs.harvard.edu/xmlns/cts" groupUrn="urn:cts:greekLit:tlg0062" xml:lang="grc" urn="urn:cts:greekLit:tlg0062.tlg026">
  <ti:title xml:lang="lat">Bis accusatus sive tribunalia</ti:title>
  <ti:edition urn="urn:cts:greekLit:tlg0062.tlg026.1st1K-grc1" workUrn="urn:cts:greekLit:tlg0062.tlg026">
    <ti:label xml:lang="lat">Bis accusatus sive tribunalia</ti:label>
    <ti:description xml:lang="lat">Lucianus, Bis accusatus sive tribunalia, Harmon, Harvard, 1960</ti:description>
  </ti:edition>
</ti:work>
