﻿<?xml version="1.0" encoding="UTF-8"?>
<?xml-model href="http://www.stoa.org/epidoc/schema/latest/tei-epidoc.rng" schematypens="http://relaxng.org/ns/structure/1.0"?>
<TEI xmlns="http://www.tei-c.org/ns/1.0">
 <teiHeader>
  <fileDesc>
   <titleStmt>
    <title>Bis accusatus sive tribunalia</title>
    <author>Lucianus Samosatenus</author>
    <editor>A. M. Harmon</editor>
    <funder>Harvard Library Arcadia Fund</funder>
    <principal>Gregory Crane</principal>
    <respStmt>
     <persName xml:id="DDD">Digital Divide Data</persName>
     <resp>Corrected and encoded the text</resp>
    </respStmt>
    <respStmt>
     <persName>Gregory Crane</persName>
     <resp>Editor-in-Chief, Perseus Digital Library</resp>
    </respStmt>
    <respStmt>
     <persName>Matt Munson</persName>
     <resp>Project Manager (University of Leipzig), 2016 - present</resp>
    </respStmt>
    <respStmt>
     <persName>Annette Geßner</persName>
     <resp>Project Assistant (University of Leipzig) 2015 - present</resp>
    </respStmt>
    <respStmt>
     <persName>Thibault Clérice</persName>
     <resp>Lead Developer (University of Leipzig)</resp>
    </respStmt>
    <respStmt>
     <persName>Bruce Robertson</persName>
     <resp>Technical Advisor</resp>
    </respStmt>
   </titleStmt>
   <publicationStmt>
    <authority>Harvard College Library</authority>
    <idno type="filename">tlg0062.tlg026.1st1K-grc1.xml</idno>
    <availability>
     <p>Available under a Creative Commons Attribution-ShareAlike 4.0 International License</p>
    </availability>
    <date>2016</date>
    <publisher>Harvard College Library</publisher>
    <pubPlace>United States</pubPlace>
   </publicationStmt>
   <sourceDesc>
    <listBibl>
     <biblStruct>
      <monogr>
       <title>Lucian</title>
       <editor>
        <persName>
         <name>A. M. Harmon</name>
        </persName>
       </editor>
       <author ref="urn:cts:greekLit:tlg0062">Lucianus Samosatenus</author>
       <imprint>
        <publisher>Harvard University Press</publisher>
        <pubPlace>Cambridge, Mass</pubPlace>
        <date>1960</date>
       </imprint>
       <biblScope unit="volume">3</biblScope>
      </monogr>
      <ref target="https://archive.org/details/lucianhar03luciuoft">The Internet Archive</ref>
     </biblStruct>
    </listBibl>
   </sourceDesc>
  </fileDesc>
  <encodingDesc>
   <p>Text encoded in accordance with the latest EpiDoc standards (January 2014)</p>
   <refsDecl n="CTS">
    <cRefPattern matchPattern="(.+)" n="section" replacementPattern="#xpath(/tei:TEI/tei:text/tei:body/tei:div/tei:div[@n='$1'])"/>
   </refsDecl>
  </encodingDesc>
  <profileDesc>
   <langUsage>
    <language ident="grc">Greek</language>
   </langUsage>
  </profileDesc>
  <revisionDesc>
   <change/>
  </revisionDesc>
 </teiHeader>
<text>
<body>
 <div type="edition" xml:lang="grc" n="urn:cts:greekLit:tlg0062.tlg026.1st1K-grc1">
<pb n="84"/>
<head>ΔΙΣ ΚΑΤΗΓΟΡΟΥΜΕΝΟΣ1</head>

<div type="textpart"  subtype="section"  n="1">
<sp>
<speaker>ΖΕΥΣ</speaker>
<p>1 Ἀλλ᾿  ἐπιτριβεῖεν ὁπόσοι τῶν φιλοσόφων
παρὰ μόνοις τὴν εὐδαιμονίαν φασὶν εἶναι τοῖς
θεοῖς. εἰ γοῦν ᾔδεσαν ὁπόσα τῶν ἀνθρώπων ἕνεκα
πάσχομεν, οὐκ ἂν ἡμᾶς τοῦ νέκταρος ἢ τῆς
ἀμβροσίας ἐμακάριζον Ὁμήρῳ πιστεύσαντες
ἀνδρὶ τυφλῷ καὶ γόητι, μάκαρας ἡμᾶς καλοῦντι
καὶ τὰ ἐν οὐρανῷ διηγουμένῳ, ὃς οὐδὲ τὰ ἐν τῇ
γῇ καθορᾶν ἐδύνατο. αὐτίκα γέ τοι ὁ μὲν Ἥλιος
οὑτοσὶ ζευξάμενος τὸ ἅρμα πανήμερος τὸν οὐρανὸν
περιπολεῖ πῦρ ἐνδεδυκὼς καὶ τῶν ἀκτίνων
ἀποστίλβων, οὐδʼ ὅσον κνήσασθαι τὸ οὖς, φασί,
σχολὴν ἄγων· ἢν γάρ τι κἂν ὀλίγον ἐπιρραθυμησας
λάθῃ, ἀφηνιάσαντες οἱ ἵπποι καὶ τῆς ὁδοῦ
παρατραπομενοι κατέφλεξαν τὰ πάντα. ἡ Σελήνη
δὲ ἄγρυπνος καὶ αὐτὴ περίεισιν φαίνουσα
τοῖς κωμάζουσιν καὶ τοῖς ἀωρὶ ἀπὸ τῶν δείπνων
ἐπανιοῦσιν. ὁ Ἀπόλλων τε αὖ πολυπράγμονα τὴν
τέχνην ἐπανελόμενος ὀλίγου δεῖν τὰ ὦτα ἐκκεκώφηται
πρὸς τῶν ἐνοχλούντων κατὰ χρείαν τῆς
μαντικῆς, καὶ ἄρτι μὲν αὐτῷ ἐν Δελφοῖς ἀναγκαῖον
εἶναι, μετʼ ὀλίγον δὲ εἰς Κολοφῶνα θεῖ,
κἀκεῖθεν εἰς Ξάνθον μεταβαίνει καὶ δρομαῖος
<note type="footnote">Available in photographs: Γ, UPN.</note>
<note type="footnote">1 ΔΙΣ ΚΑΤΗΓΟΡΟΥΜΕΝΟΣ Η ΔΙΚΑΣΤΗΡΙΑ β.</note>

<pb n="86"/>
αὖθις εἰς Δῆλον ἢ εἰς Βραγχίδας· καὶ ὅλως ἔνθα
ἂν ἡ πρόμαντις πιοῦσα τοῦ ἱεροῦ νάματος καὶ
μασησαμένη τῆς δάφνης καὶ τὸν τρίποδα διασείσασα
κελεύῃ παρεῖναι, ἄοκνον χρὴ αὐτίκα
μάλα παρεστάναι συνείροντα τοὺς χρησμοὺς ἢ
οἴχεσθαί οἱ τὴν δόξαν τῆς τέχνης. ἐῶ γὰρ
λέγειν ὁπόσα ἐπὶ πείρᾳ τῆς μαντικῆς ἐπιτεχνῶνται
αὐτῷ ἄρνεια κρέα καὶ χελώνας εἰς τὸ αὐτὸ
ἕψοντες, ὥστε εἰ μὴ τὴν ῥῖνα ὀξὺς ἦν, κἂν
ἀπῆλθεν αὐτοῦ ὁ Λυδὸς καταγελῶν. ὁ μὲν γὰρ
Ἀσκληπιὸς ὑπὸ τῶν νοσούντων ἐνοχλούμενος
“ὁρῇ τε δεινὰ θιγγάνει τε ἀηδέων ἐπʼ ἀλλοτρίῃσί
τε συμφορῇσιν ἰδίας καρποῦται λύπας.” τί γὰρ
ἂν ἢ<note type="footnote" n="1"></note> τοὺς Ἀνέμους φυτουργοῦντας λέγοιμι καὶ
παραπέμποντας τὰ πλοῖα καὶ τοῖς λικμῶσιν
ἐπιπνέοντας, ἢ τὸν Ὕπνον ἐπὶ πάντας πετόμενον,
ἢ τὸν Ὄνειρον μετὰ τοῦ Ὕπνου διανυκτερεύοντα
καὶ ὑποφητεύοντα αὐτῷ; πάντα γὰρ ταῦτα ὑπὸ
φιλανθρωπίας οἱ θεοὶ πονοῦσιν, πρὸς τὸν ἐπὶ τῆς
γῆς βίον ἕκαστος<note type="footnote" n="2"></note> συντελοῦντες.</p>
</sp>
</div>

<div type="textpart"  subtype="section"  n="2">
<p>2 Καίτοι τὰ μὲν τῶν ἄλλων μέτρια· ἐγὼ δὲ αὐτὸς
ὁ πάντων βασιλεὺς καὶ πατὴρ ὅσας μὲν ἀηδίας
ἀνέχομαι, ὅσα δὲ πράγματα ἔχω πρὸς τοσαύτας
φροντίδας διῃρημένος· ᾦ πρῶτα μὲν τὰ τῶν
ἄλλων θεῶν ἔργα ἐπισκοπεῖν ἀναγκαῖον ὁπόσοι
τι ἡμῖν συνδιαπράττουσι τῆς ἀρχῆς, ὡς μὴ βλακεύωσιν
ἐν αὐτοῖς, ἔπειτα δὲ καὶ αὐτῷ μυρία
ἄττα πράττειν καὶ σχεδὸν ἀνέφικτα ὑπὸ λεπτότητος·
οὐ γὰρ μόνον τὰ κεφάλαια ταῦτα τῆς
<note type="footnote">1 ἢ C. F. Hermann (and Ψ ?): εἰ γUN.</note>
<note type="footnote">2 ἔκαστος Cobet (ἕκαστός τι) : ἕκαστοι β, ἑκάστοις γ.</note>

<pb n="88"/>
διοικήσεως, ὑετοὺς καὶ χαλάζας καὶ πνεύματα
καὶ ἀστραπὰς αὐτὸς οἰκονομησάμενος καὶ διατάξας
πέπαυμαι τῶν ἐπὶ μέρους φροντίδων ἀπηλλαγμένος,
ἀλλά με δεῖ καὶ ταῦτα μὲν ποιεῖν
ἀποβλέπειν δὲ κατὰ τὸν αὐτὸν χρόνον ἁπανταχόσε
καὶ πάντα ἐπισκοπεῖν ὥσπερ τὸν ἐν τῇ Νεμέᾳ
βουκόλον, τοὺς κλέπτοντας, τοὺς ἐπιορκοῦντας,
τοὺς θύοντας, εἴ τις ἔσπεισε, πόθεν ἡ κνῖσα καὶ
ὁ καπνὸς ἀνέρχεται, τίς νοσῶν ἢ πλέων ἐκάλεσεν,
καὶ τὸ πάντων ἐπιπονώτατον, ὑφʼ ἕνα καιρὸν ἕν
τε Ὀλυμπίᾳ τῇ ἑκατόμβῃ παρεῖναι καὶ ἐν Βαβυλῶνι
τοὺς πολεμοῦντας ἐπισκοπεῖν καὶ ἐν
Γέταις χαλαζᾶν καὶ ἐν Αἰθίοψιν εὐωχεῖσθαι.</p>
<p>Τὸ δὲ μεμψίμοιρον οὐδὲ οὕτω διαφυγεῖν ῥᾴδιον,
ἀλλὰ πολλάκις οἱ μὲν ἄλλοι θεοί τε καὶ ἀνέρες
ἱπποκορυσταὶ εὕδουσι παννύχιοι, τὸν Δία δὲ ἐμὲ
οὐκ ἔχει νήδυμος ὕπνος· ἢν γάρ τί που καὶ
μικρὸν ἐπινυστάσωμεν, ἀληθὴς εὐθὺς ὁ Ἐπίκουρος,
ἀπρονοήτους ἡμᾶς ἀποφαίνων τῶν ἐπὶ γῆς
πραγμάτων. καὶ ὁ κίνδυνος οὐκ εὐκαταφρόνητος
εἰ ταῦτα οἱ ἄνθρωποι πιστεύσουσιν αὐτῷ, ἀλλʼ
ἀστεφάνωτοι μὲν ἡμῖν οἱ ναοὶ ἔσονται, ἀκνίσωτοι
δὲ αἱ ἀγυιαί, ἄσπονδοι δὲ οἱ κρατῆρες, ψυχροὶ δὲ
οἱ βωμοί, καὶ ὅλως ἄθυτα καὶ ἀκαλλιέρητα
πάντα καὶ ὁ λιμὸς πολύς. τοιγαροῦν ὥσπερ οἱ
κυβερνῆται ὑψηλὸς μόνος ἐπὶ τῆς πρύμνης
ἕστηκα τὸ πηδάλιον ἔχων ἐν ταῖν χεροῖν, καὶ οἱ
μὲν ἐπιβάται μεθύοντες εἰ τύχοι ἐγκαθεύδουσιν,
<note type="footnote">1 πάντα Guyet: not in MSS.</note>

<pb n="90"/>
ἐγὼ δὲ ἄγρυπνος καὶ ἄσιτος ὑπὲρ ἁπάντων
“μερμηρίζω κατὰ φρένα καὶ κατὰ θυμὸν μόνῳ
τῷ δεσπότης εἶναι δοκεῖν τετιμημένος.</p>
</div>

<div type="textpart"  subtype="section"  n="3">
<p>3 ὥστε
ἡδέως ἂν ἐροίμην τοὺς φιλοσόφους, οἳ μόνους
τοὺς θεοὺς εὐδαιμονίζουσιν, πότε καὶ σχολάζειν
ἡμᾶς τῷ νέκταρι καὶ τῇ ἀμβροσίᾳ νομίζουσι μυρία
ὅσα ἔχοντας πράγματα.</p>
<p>Ἰδού γέ τοι ὑπʼ ἀσχολίας τοσαύτας ἑώλους
δίκας φυλάττομεν ἀποκειμένας ὑπʼ εὐρῶτος ἤδη
καὶ ἀραχνίων διεφθαρμένας, καὶ μάλιστα ὁπόσαι
ταῖς ἐπιστήμαις καὶ τέχναις πρὸς ἀνθρώπους
τινὰς συνεστᾶσιν, πάνυ παλαιὰς ἐνίας αὐτῶν,
οἱ δὲ κεκράγασιν ἁπανταχόθεν καὶ ἀγανακτοῦσιν
καὶ τὴν δίκην ἐπιβοῶνται κἀμὲ τῆς βραδυτῆτος
αἰτιῶνται, ἀγνοοῦντες ὡς οὐκ ὀλιγωρίᾳ τὰς κρίσεις
ὑπερημέρους συνέβη γενέσθαι, ἀλλʼ ὑπὸ τῆς
εὐδαιμονίας ᾖ συνεῖναι ἡμᾶς ὑπολαμβάνουσιν.
τοῦτο γὰρ τὴν ἀσχολίαν καλοῦσιν.</p>
</div>

<div type="textpart"  subtype="section"  n="4">
<sp>
<speaker>ΕΡΜΗΣ</speaker>
<p>4 Καὐτός, ὦ Ζεῦ, πολλὰ τοιαῦτα ἐπὶ τῆς γῆς
ἀκούων δυσχεραινόντων λέγειν πρὸς σὲ οὐκ ἐτόλμων.
ἐπεὶ δὲ σὺ περὶ τούτων τοὺς λόγους ἐνέβαλες,
καὶ δὴ λέγω. πάνυ ἀγανακτοῦσιν, ὦ
πάτερ, καὶ σχετλιάζουσιν καὶ εἰς τὸ φανερὸν μὲν
οὐ τολμῶσι λέγειν, ὑποτονθορύζουσι δὲ συγκεκυφότες
αἰτιώμενοι τὸν χρόνον· οὓς ἔδει πάλαι
τὰ καθʼ αὐτοὺς εἰδότας στέργειν ἕκαστον τοῖς
δεδικασμένοις.</p>
</sp>

<sp>
<speaker>ΖΕΥΣ</speaker>
<p>Τί οὖν, ὦ Ἑρμῆ. δοκεῖ; προτίθεμεν αὐτοῖς
ἀγορὰν δικῶν, ἢ θέλεις εἰς νέωτα παραγγελοῦμεν;</p>
</sp>


<pb n="92"/>
<sp>
<speaker>ΕΡΜΗΣ</speaker>
<p>Οὐ μὲν οὖν, ἀλλὰ ἤδη προθῶμεν.</p>
</sp>

<sp>
<speaker>ΖΕΥΣ</speaker>
<p>Οὕτω ποίει· σὺ μὲν κήρυττε καταπτάμενος ὅτι
ἀγορὰ δικῶν ἔσται κατὰ τάδε. πάντας ὁπόσοι
τὰς γραφὰς ἀπενηνόχασιν, ἥκειν τήμερον εἰς
Ἄρειον πάγον, ἐκεῖ δὲ τὴν μὲν Δίκην ἀποκληροῦν
σφίσι τὰ δικαστήρια κατὰ λόγον τῶν τιμημάτων
ἐξ ἀπάντων Ἀθηναίων· εἰ δέ τις ἄδικον
οἴοιτο γεγενῆσθαι τὴν κρίσιν, ἐξεῖναι ἐφέντι ἐπʼ
ἐμὲ δικάζεσθαι ἐξ ὑπαρχῆς. ὡς εἰ μηδὲ τὸ παράπαν
ἐδεδίκαστο. σὺ δὲ, ᾦ θύγατερ, καθεζομένη
παρὰ τὰς σεμνὰς θεὰς ἀποκλήρου τὰς δίκας καὶ
ἐπισκόπει τοὺς δικάζοντας.</p>
</sp>
</div>

<div type="textpart"  subtype="section"  n="5">
<sp>
<speaker>ΔΙΚΗ</speaker>
<p>5 Αὖθις εἰς τὴν γῆν, ἵνʼ ἐξελαυνομένη πρὸς αὐτῶν
δραπετεύω πάλιν ἐκ τοῦ βίου τὴν Ἀδικίαν ἐπιγελῶσαν
οὐ φέρουσα;</p>
</sp>

<sp>
<speaker>ΖΕΥΣ</speaker>
<p>Χρηστὰ ἐλπίζειν σε δεῖ· πάντως γὰρ ἤδη
πεπείκασιν αὐτοὺς οἱ φιλόσοφοι σὲ τῆς Ἀδικίας
προτιμᾶν, καὶ μάλιστα ὁ τοῦ Σωφρονίσκου τὸ
δίκαιον ὑπερεπαινέσας καὶ ἀγαθῶν τὸ μέγιστον
ἀποφήνας.</p>
</sp>

<sp>
<speaker>ΔΙΚΗ</speaker>
<p>Πάνυ γοῦν ὃν φὴς αὐτὸν ἐκεῖνον ὤνησαν οἱ
περὶ ἐμοῦ λόγοι, ὃς παραδοθεὶς τοῖς ἕνδεκα καὶ
εἰς τὸ δεσμωτήριον ἐμπεσὼν ἔπιεν ἄθλιος τοῦ
κωνείου, μηδὲ τὸν ἀλεκτρυόνα τῷ Ἀσκληπιῷ

<pb n="94"/>
ἀποδεδωκώς· παρὰ τοσοῦτον ὑπερέσχον οἱ κατήγοροι
τἀναντία περὶ τῆς Ἀδικίας φιλοσοφοῦντες.</p>
</sp>
</div>

<div type="textpart"  subtype="section"  n="6">
<sp>
<speaker>ΖΕΥΣ</speaker>
<p>6 Ξένα ἔτι τοῖς πολλοῖς τὰ τῆς φιλοσοφίας ἦν
τότε, καὶ ὀλίγοι ἦσαν οἱ φιλοσοφοῦντες, ὥστε
εἰκότως εἰς τὸν Ἄνυτον καὶ Μέλητον ἔρρεπεν τὰ
δικαστήρια. τὸ δὲ νῦν εἶναι, οὐχ ὁρᾶς ὅσοι τρίβωνες
καὶ βακτηρίαι καὶ πῆραι; καὶ ἀπανταχοῦ
πώγων βαθὺς καὶ βιβλίον ἐν τῇ ἀριστερᾷ, καὶ
πάντες ὑπὲρ σοῦ φιλοσοφοῦσι, μεστοὶ δὲ οἱ περίπατοι
κατὰ ἴλας καὶ φάλαγγας ἀλλήλοις ἀπαντώντων,
καὶ οὐδεὶς ὅστις οὐ τρόφιμος τῆς ἀρετῆς
εἶναι δοκεῖν βούλεται. πολλοὶ γοῦν τὰς τέχνας
ἀφέντες ἃς εἶχον τέως, ἐπὶ τὴν πήραν ᾄξαντες
καὶ τὸ τριβώνιον, καὶ τὸ σῶμα πρὸς τὸν ἥλιον εἰς
τὸ Αἰθιοπικὸν ἐπιχράναντες αὐτοσχέδιοι φιλόσοφοι
ἐκ σκυτοτόμων ἢ τεκτόνων περινοστοῦσι
σὲ καὶ τὴν σὴν ἀρετὴν ἐπαινοῦντες. ὥστε κατὰ
τὴν παροιμίαν, θᾶττον ἄν τις ἐν πλοίῳ πεσὼν
διαμάρτοι ξύλου ἢ ἔνθα ἂν ἀπίδῃ ὁ ὀφθαλμός,
ἀπορήσει φιλοσόφου.</p>
</sp>
</div>

<div type="textpart"  subtype="section"  n="7">
<sp>
<speaker>ΔΙΚΗ</speaker>
<p>7 Καὶ μὴν οὗτοί με, ὦ Ζεῦ, δεδίττονται πρὸς
ἀλλήλους ἐρίζοντες καὶ ἀγνωμονοῦντες ἐν αὐτοῖς
οἷς περὶ ἐμοῦ διεξέρχονται. φασὶ δὲ καὶ τοὺς
πλείστους αὐτῶν ἐν μὲν τοῖς λόγοις προσποιεῖσθαί
με, ἐπὶ δὲ τῶν πραγμάτων μηδὲ τὸ παράπαν
εἰς τὴν οἰκίαν παραδέχεσθαι, ἀλλὰ δήλους εἶναι
ἀποκλείσοντας ἢν ἀφίκωμαί ποτε αὐτοῖς ἐπὶ τὰς
θύρας· πάλαι γὰρ τὴν Ἀδικίαν προεπεξενῶσθαι
αὐτοῖς.</p>
</sp>

<pb n="96"/>
<sp>
<speaker>ΖΕΥΣ</speaker>
<p>Οὐ πάντες, ὦ θύγατερ, μοχθηροί εἰσιν· ἱκανὸν
δὲ κἂν ἐνίοις τισὶν χρηστοῖς ἐντύχῃς. ἀλλʼ ἄπιτε
ἤδη, ὡς κἂν ὀλίγαι τήμερον ἐκδικασθῶσιν.</p>
</sp>
</div>

<div type="textpart"  subtype="section"  n="8">
<sp>
<speaker>ΕΡΜΗΣ</speaker>
<p>8 Προΐωμεν, ὦ Δίκη, ταύτῃ εὐθὺ τοῦ Σουνίου
μικρὸν ὑπὸ τὸν Ὑμηττὸν ἐπὶ τὰ λαιὰ τῆς Πάρνηθος,
ἔνθα αἱ δύο ἐπεῖναι ἄκραι· σὺ γὰρ ἔοικας
ἐκλελῆσθαι πάλαι τὴν ὁδόν. ἀλλὰ τί δακρύεις
καὶ σχετλιάζεις; μὴ δέδιθι· οὐκίθʼ ὅμοια τὰ ἐν
τῷ βίῳ· τεθνᾶσιν ἐκεῖνοι πάντες οἱ Σκείρωνες καὶ
Πιτυοκάμπται καὶ Βουσίριδες καὶ Φαλάριδες οὓς
ἐδεδίεις τότε, νυνὶ δὲ Σοφία καὶ Ἀκαδήμεια καὶ
Στοὰ κατέχουσι πάντα καὶ πανταχοῦ σε ζητοῦσιν
καὶ περὶ σοῦ διαλέγονται, κεχηνότες εἴ ποθεν εἰς
αὐτοὺς καταπτοῖο πάλιν.</p>
</sp>

<sp>
<speaker>ΔΙΚΗ</speaker>
<p>Σὺ γοῦν μοι τἀληθές, ὦ Ἐρμῇ, ἂν εἴποις μόνος,
ἄτε συνὼν αὐτοῖς τὰ πολλὰ καὶ συνδιατρίβων ἔν
τε γυμνασίοις καὶ ἐν τῇ ἀγορᾷ—καὶ ἀγοραῖος γὰρ
εἶ καὶ ἐν ταῖς ἐκκλησίαις κηρύττεις —ὁποῖοι γεγένηνται
καὶ εἰ δυνατή μοι παρ᾿ αὐτοῖς ἡ μονή.</p>
</sp>

<sp>
<speaker>ΕΡΜΗΣ</speaker>
<p>Nὴ Δία, ἀδικοίην γὰρ ἂν πρὸς ἀδελφήν σε
οὖσαν μὴ λέγων. οὐκ ὀλίγα πρὸς τῆς φιλοσοφίας
<note type="footnote">1 Lycabettus and the Acropolis. The promontory of
Sunium is the most conspicuous landmark because Hermes</note>

<pb n="98"/>
ὠφέληνται οἱ πολλοὶ αὐτῶν· καὶ γὰρ εἰ μηδὲν
ἄλλο, αἰδοῖ γοῦν τοῦ σχήματος μετριώτερα διαμαρτάνουσιν.
πλὴν ἀλλὰ καὶ μοχθηροῖς τισιν
ἐντεύξῃ αὐτῶν—χρὴ γάρ, οἶμαι, τἀληθῆ λέγειν—
ἐνίοις δὲ ἡμισόφοις καὶ ἡμιφαύλοις. ἐπεὶ γὰρ
αὐτοὺς μετέβαπτεν ἡ σοφία παραλαβοῦσα, ὁπόσοι
μὲν εἰς κόρον ἔπιον τῆς βαφῆς. χρηστοὶ ἀκριβῶς
ἀπετελέσθησαν ἀμιγεῖς ἑτέρων χρωμάτων, καὶ
πρός γε τὴν σὴν ὑποδοχὴν οὗτοι ἑτοιμότατοι·
ὅσοι δὲ ὑπὸ τοῦ πάλαι ῥύπου μὴ εἰς βάθος παρεδέξαντο
ὁπόσον δευσοποιὸν τοῦ φαρμάκου, τῶν
ἄλλων ἀμείνους, ἀτελεῖς δὲ ὅμως καὶ μιξόλενκοι
καὶ κατεστιγμένοι καὶ παρδαλωτοὶ τὴν χρόαν.
εἰσὶ δʼ οἳ καὶ μόνον ψαύσαντες ἕκτοσθεν τοῦ
λέβητος ἄκρῳ τῷ δακτύλῳ καὶ ἐπιχρισάμενοι τῆς
ἀσβόλου ἱκανῶς οἴονται καὶ οὗτοι μεταβεβάφθαι.
σοὶ μέντοι δῆλον ὅτι μετὰ τῶν ἀρίστων ἡ διατριβὴ
ἔσται.</p>
</sp>
</div>

<div type="textpart"  subtype="section"  n="9">
<p>9 Ἀλλὰ μεταξὺ λόγων ἤδη πλησιάζομεν τῇ
Ἀττικῇ· ὥστε τὸ μὲν Σούνιον ἐν δεξιᾷ καταλείπωμεν,
εἰς δὲ τὴν ἀκρόπολιν ἀπονεύωμεν ἤδη. καὶ
ἐπείπερ καταβεβήκαμεν, αὐτὴ μὲν ἐνταῦθά που
ἐπὶ τοῦ πάγου κάθησο εἰς τὴν πνύκα ὁρῶσα καὶ
περιμένουσα ἔστʼ ἂν κηρύξω τὰ παρὰ τοῦ Διός,
ἐγὼ δὲ εἰς τὴν ἀκρόπολιν ἀναβὰς ῥᾷον οὕτως
ἅπαντας ἐκ τοῦ ἐπηκόου προσκαλέσομαι.</p>

<sp>
<speaker>ΔΙΚΗ</speaker>
<p>Μὴ πρότερον ἀπέλθῃς, ὦ Ἑρμῆ. πρὶν εἰπεῖν
ὅστις οὗτος ὁ προσιών ἐστιν, ὁ κερασφόρος, ὁ τὴν
σύριγγα, ὁ λάσιος ἐκ τοῖν σκελοῖν.</p>
</sp>

<pb n="100"/>
<sp>
<speaker>ΕΡΜΗΣ</speaker>
<p>Τί φής; ἀγνοεῖς τὸν Πᾶνα, τῶν Διονύσου θεραπόντων
τὸν βακχικώτατον; οὗτος ᾤκει μὲν τὸ
πρόσθεν ἀνὰ τὸ Παρθένιον, ὑπὸ δὲ τὸν Δάτιδος
ἐπίπλουν καὶ τὴν Μαραθῶνάδε τῶν βαρβάρων
ἀπόβασιν ἧκεν ἄπλητος τοῖς Ἀθηναίοις σύμμαχος.
καὶ τὸ ἀπʼ ἐκείνου τὴν ὑπὸ τῇ ἀκροπόλει σπήλυγγα
ταύτην ἀπολαβόμενος οἰκεῖ μικρὸν ὑπὲρ τοῦ
Πελασγικοῦ εἰς τὸ μετοίκιον συντελῶν. καὶ νῦν
ὡς τὸ εἰκὸς ἰδὼν ἡμᾶς ἐκ γειτόνων πρόσεισι δεξιωσόμενος.</p>
</sp>
</div>

<div type="textpart"  subtype="section"  n="10">
<sp>
<speaker>ΠΑΝ</speaker>
<p>10 Χαίρετε, ὦ Ἑρμῆ καὶ Δίκη.</p>
</sp>

<sp>
<speaker>ΕΡΜΗΣ</speaker>
<p>Καὶ σύ γε, ὦ Πάν, μουσικώτατε καὶ πηδητικώτατε
Σατύρων ἀπάντων, Ἀθήνησι δὲ καὶ
πολεμικώτατε.</p>
</sp>

<sp>
<speaker>ΠΑΝ</speaker>
<p>Τίς δὲ ὑμᾶς, ὦ Ἑρμῆ. χρεία δεῦρο ἤγαγεν;</p>
</sp>

<sp>
<speaker>ΕΡΜΗΣ</speaker>
<p>Αὕτη σοι διηγήσεται τὰ πάντα· ἐγὼ δὲ ἐπὶ τὴν
ἀκρόπολιν ἄπειμι<note type="footnote" n="1"></note> καὶ τὸ κήρυγμα.</p>
</sp>

<sp>
<speaker>ΔΙΚΗ</speaker>
<p>Ὁ Ζεύς, ὦ Πάν, κατέπεμψέ με ἀποκληρώσουσαν
τὰς δίκας. σοὶ δὲ πῶς τὰ ἐν Ἀθήναις ἔχει;</p>
</sp>

<sp>
<speaker>ΠΑΝ</speaker>
<p>Τὸ μὲν ὅλον οὐ κατʼ ἀξίαν πράττω παῤ αὐτοῖς,
ἀλλὰ πολὺ καταδεέστερον τῆς ἐλπίδος, καὶ ταῦτα
<note type="footnote">1 ἄπειμι N: not in other MSS. Probably a conjecture,
and more than one word may have been lost.</note>

<pb n="102"/>
τηλικοῦτον ἀπωσάμενος κυδοιμὸν τὸν ἐκ τῶν
βαρβάρων. ὅμως δὲ δὶς ἢ τρὶς τοῦ ἔτους ἀνιόντες
ἐπιλεξάμενοι τράγον ἔνορχην θύουσί μοι πολλῆς
τῆς κινάβρας ἀπόζοντα, εἶτʼ εὐωχοῦνται τὰ κρέα,
ποιησάμενοί με τῆς εὐφροσύνης μάρτυρα καὶ ψιλῷ
τιμήσαντες τῷ κρότῳ. πλὴν ἀλλʼ ἔχει τινά μοι
ψυχαγωγίαν ὁ γέλως αὐτῶν καὶ ἡ παιδιά.</p>
</sp>
</div>

<div type="textpart"  subtype="section"  n="11">
<sp>
<speaker>ΔΙΚΗ</speaker>
<p>11 Τὰ δʼ ἄλλα, ὦ Πάν, ἀμείνους πρὸς ἀρετὴν
ἐγένοντο ὑπὸ τῶν φιλοσόφων;</p>
</sp>

<sp>
<speaker>ΠΑΝ</speaker>
<p>Τίνας λέγεις τοὺς φιλοσόφους; ἆῤ ἐκείνους
τοὺς κατηφεῖς, τοὺς συνάμα πολλούς, τοὺς τὸ
γένειον ὁμοίους ἐμοί, τοὺς λάλους;</p>
</sp>

<sp>
<speaker>ΔΙΚΗ</speaker>
<p>Καὶ μάλα.</p>
</sp>

<sp>
<speaker>ΠΑΝ</speaker>
<p>Οὐκ οἶδα ὅλως ὅ τι καὶ λέγουσιν οὐδὲ συνίημι
τὴν σοφίαν αὐτῶν· ὄρειος γὰρ ἔγωγε καὶ τὰ
κομψὰ ταῦτα ῥημάτια καὶ ἀστικὰ οὐ μεμάθηκα,
ὦ Δίκη. πόθεν γὰρ ἐν Ἀρκαδίᾳ σοφιστὴς ἡ
φιλόσοφος; μέχρι τοῦ πλαγίου καλάμου καὶ τῆς
σύριγγος ἐγὼ σοφός, τὰ δʼ ἄλλα αἰπόλος καὶ
χορευτὴς καὶ πολεμιστής, ἢν δέῃ. πλὴν ἀλλʼ
ἀκούω γε αὐτῶν ἀεὶ κεκραγότων καὶ ἀρετήν τινα
καὶ ἰδέας καὶ φύσιν καὶ ἀσώματα διεξιόντων,
ἄγνωστα ἐμοὶ καὶ ξένα ὀνόματα. καὶ τὰ πρῶτα
μὲν εἰρηνικῶς ἐνάρχονται τῶν πρὸς ἀλλήλους
λόγων, προιούσης δὲ τῆς συνουσίας ἐπιτείνουσι
τὸ φθέγμα μέχρι πρὸς τὸ ὄρθιον, ὥστε ὑπερδιατεινομένων
καὶ ἅμα λέγειν ἐθελόντων τό τε πρόσωπον

<pb n="104"/>
ἐρυθριᾷ καὶ ὁ τράχηλος οἰδεῖ καὶ αἰ φλέβες
ἐξανίστανται ὥσπερ τῶν αὐλητῶν ὁπόταν εἰς
στενὸν τὸν αὐλὸν ἐμπνεῖν βιάζωνται. διαταράξαντες
γοῦν τοὺς λόγους καὶ τὸ ἐξ ἀρχῆς ἐπισκοπούμενον
συγχέαντες ἀπίασι λοιδορησάμενοι
ἀλλήλοις οἱ πολλοί, τὸν ἱδρῶτα ἐκ τοῦ μετώπου
ἀγκύλῳ τῷ δακτύλῳ ἀποξυόμενοι, καὶ οὗτος κρατεῖν
ἔδοξεν ὃς ἂν μεγαλοφωνότερος αὐτῶν ᾖ καὶ
θρασύτερος καὶ διαλυομένων ἀπέλθῃ ὕστερος.
πλὴν ἀλλʼ ὅ γε λεὼς ὁ πολὺς τεθήπασιν αὐτούς,
καὶ μάλιστα ὁπόσους μηδὲν τῶν ἀναγκαιοτέρων
ἀσχολεῖ, καὶ παρεστᾶσι πρὸς τὸ θράσος καὶ τὴν
βοὴν κεκηλημένοι. ἐμοὶ μὲν οὖν ἀλαζόνες τινὲς
ἐδόκουν ἀπὸ τούτων καὶ ἠνιώμην ἐπὶ τῇ τοῦ
πώγωνος ὁμοιότητι. εἰ δέ γε δημωφελές τι ἐνῆν
τῇ βοῇ αὐτῶν καί τι ἀγαθὸν ἐκ τῶν ῥημάτων
ἐκείνων ἀνεφύετο αὐτοῖς, οὐκ ἂν εἰπεῖν ἔχοιμι.
πλὴν ἀλλʼ εἴ γε δεῖ μηδὲν ὑποστειλάμενον τἀληθὲς
διηγήσασθαι—οἰκῶ γὰρ ἐπὶ σκοπῆς, ὡς ὁρᾷς—
πολλοὺς αὐτῶν πολλάκις ἤδη ἐθεασάμην περὶ
δείλην ὀψίαν—</p>
</sp>
</div>

<div type="textpart"  subtype="section"  n="12">
<sp>
<speaker>ΔΙΚΗ</speaker>
<p>12 Ἐπίσχες, ὦ Πάν. οὐχ ὁ Ἑρμῆς σοι κηρύττειν
ἔδοξεν;</p>
</sp>

<sp>
<speaker>ΠΑΝ</speaker>
<p>Πάνυ μὲν οὖν.</p>
</sp>

<sp>
<speaker>ΕΡΜΗΣ</speaker>
<p>Ἀκούετε λεῴ,<note type="footnote" n="1"></note> ἀγορὰν δικῶν ἀγαθῇ τύχῃ
καταστησόμεθα τήμερον Ἐλαφηβολιῶνος ἑβδόμῃ
ἱσταμένου. ὁπόσοι γραφὰς ἀπήνεγκαν, ἥκειν εἰς
Ἄρειον πάγον, ἔνθα ἡ Δίκη ἀποκληρώσει τὰ
<note type="footnote">1 λεῴ Dindorf, Cοbet: λεώς MSS.</note>

<pb n="106"/>
δικαστήρια καὶ αὐτὴ παρέσται τοῖς δικάζουσιν·
οἱ δικασταὶ ἐξ ἀπάντων Ἀθηναίων· ὁ μισθὸς
τριώβολον ἑκάστης δίκης· ἀριθμὸς τῶν δικαστῶν
κατὰ λόγον τοῦ ἐγκλήματος. ὁπέσοι δὲ ἀποθέμενοι
γραφὴν πρὶν εἰσελθεῖν ἀπέθανον, καὶ τούτους
ὁ Αἰακὸς ἀναπεμψάτω. ἢν δέ τις ἄδικα
δεδικάσθαι οἴηται, ἐφέσιμον ἀγωνιεῖται τὴν δίκην·
ἡ δὲ ἔφεσις ἐπὶ τὸν Δία.</p>
</sp>

<sp>
<speaker>ΠΑΝ</speaker>
<p>Βαβαὶ τοῦ θορύβου· ἡλίκον, ὦ Δίκη, ἀνεβόησαν,
ὡς δὲ καὶ σπουδῇ συνθέουσιν ἕλκοντες ἀλλήλους
πρὸς τὸ ἄναντες εὐθὺ τοῦ Ἀρείου πάγου.
καὶ ὁ Ἑρμῆς δὲ ἤδη πάρεστιν. ὥστε ὑμεῖς μὲν
ἀμφὶ τὰς δίκας ἔχετε καὶ ἀποκληροῦτε καὶ διακρίνατε
ὥσπερ ὑμίν νόμος, ἐγὼ δὲ ἐπὶ τὸ σπήλαιον
ἀπελθὼν συρίξομαί τι μέλος τῶν ἐρωτικῶν ᾧ τὴν
Ἠχὼ εἴωθα ἐπικερτομεῖν· ἀκροάσεων δὲ καὶ λόγων
τῶν δικανικῶν ἅλις ἔχει μοι ὁσημέραι τῶν ἐν
Ἀρείῳ πάγῳ δικαζομένων ἀκούοντι.</p>
</sp>
</div>

<div type="textpart"  subtype="section"  n="13">
<sp>
<speaker>ΕΡΜΗΣ</speaker>
<p>13 Ἄγε, ὦ Δίκη, προσκαλῶμεν.</p>
</sp>

<sp>
<speaker>ΔΙΚΗ</speaker>
<p>Εὖ λέγεις. ἀθρόοι γοῦν, ὡς ὁρᾶς, προσίασι
θορυβοῦντες, ὥσπερ οἱ σφῆκες περιβομβοῦντες
τὴν ἄκραν.</p>
</sp>

<sp>
<speaker>ΑΘΗΝΑΙΟΣ</speaker>
<p>Εἴληφά σε, ὦ κατάρατε.</p>
</sp>

<sp>
<speaker>ΑΛΛΟΣ</speaker>
<p>Συκοφαντεῖς.</p>
</sp>

<sp>
<speaker>ΑΛΛΟΣ</speaker>
<p>Δώσεις ποτὲ ἤδη τὴν δίκην.</p>
</sp>

<pb n="108"/>
<sp>
<speaker>ΑΛΛΟΣ</speaker>
<p>Ἐξελέγξω σε δεινὰ εἰργασμένον.</p>
</sp>

<sp>
<speaker>ΑΛΛΟΣ</speaker>
<p>Ἐμοὶ πρώτῳ ἀποκλήρωσον.</p>
</sp>

<sp>
<speaker>ΑΛΛΟΣ</speaker>
<p>Ἕπου, μιαρέ, πρὸς τὸ δικαστήριον.</p>
</sp>

<sp>
<speaker>ΑΛΛΟΣ</speaker>
<p>Μὴ ἄγχε με.</p>
</sp>

<sp>
<speaker>ΔΙΚΗ</speaker>
<p>Οἶσθα ὃ δράσωμεν, ὦ Ἑρμῆ; τὰς μὲν ἄλλας
δίκας εἰς τὴν αὔριον ὑπερβαλώμεθα, τήμερον δὲ
κληρῶμεν τὰς τοιαύτας ὁπόσαι τέχναις ἢ βίοις ἢ
ἐπιστήμαις πρὸς ἄνδρας εἰσὶν ἐπηγγελμέναι. καί
μοι ταύτας ἀνάδος τῶν γραφῶν.</p>
</sp>

<sp>
<speaker>ΕΡΜΗΣ</speaker>
<p>Μέθη κατὰ τῆς Ἀκαδημείας περὶ Πολέμωνος
ἀνδραποδισμοῦ.</p>
</sp>

<sp>
<speaker>ΔΙΚΗ</speaker>
<p>Ἑπτὰ κλήρωσον.</p>
</sp>

<sp>
<speaker>ΕΡΜΗΣ</speaker>
<p>Ἡ Στοὰ κατὰ τῆς Ἡδονῆς ἀδικίας, ὅτι τὸν
ἐραστὴν αὐτῆς Διονύσιον ἀπεβουκόλησεν.</p>
</sp>

<sp>
<speaker>ΔΙΚΗ</speaker>
<p>Πέντε ἱκανοί.</p>
</sp>

<pb n="110"/>
<sp>
<speaker>ΕΡΜΗΣ</speaker>
<p>Περὶ Ἀριστίππου Τρυφὴ πρὸς Ἀρετήν.</p>
</sp>

<sp>
<speaker>ΔΙΚΗ</speaker>
<p>Πέντε καὶ τούτοις δικασάτωσαν.</p>
</sp>

<sp>
<speaker>ΕΡΜΗΣ</speaker>
<p>Ἀργυραμοιβικὴ δρασμοῦ Διογένει.</p>
</sp>

<sp>
<speaker>ΔΙΚΗ</speaker>
<p>Τρεῖς ἀποκλήρου μόνους.</p>
</sp>

<sp>
<speaker>ΕΡΜΗΣ</speaker>
<p>Γραφικὴ κατὰ Πύρρωνος λιποταξίου.</p>
</sp>

<sp>
<speaker>ΔΙΚΗ</speaker>
<p>Ἐννέα κρινάτωσαν.</p>
</sp>
</div>

<div type="textpart"  subtype="section"  n="14">
<sp>
<speaker>ΕΡΜΗΣ</speaker>
<p>14 Βούλει καὶ ταύτας ἀποκληρῶμεν, ὦ Δίκη, τὰς
δύο, τὰς πρῴην ἀπενηνεγμένας κατὰ τοῦ ῥήτορος;</p>
</sp>

<sp>
<speaker>ΔΙΚΗ</speaker>
<p>Τὰς παλαιὰς πρότερον διανύσωμεν· αὗται δὲ
εἰς ὕστερον δεδικάσονται.</p>
</sp>

<sp>
<speaker>ΕΡΜΗΣ</speaker>
<p>Καὶ μὴν ὅμοιαί γε καὶ αὗται καὶ τὸ ἔγκλημα,
εἰ καὶ νεαρόν, ἀλλὰ παραπλήσιον τοῖς προαποκεκληρωμένοις·
ὥστε ἐν τούτοις δικασθῆναι ἄξιον.</p>
<note type="footnote">1 Follower of Socrates ; later, founder of the Cyrenaic
School.</note>
<note type="footnote">2 Diogenes the Cynic was son and partner of the banker
Hicesias in Sinope. They were caught making counterfeit</note>
</sp>

<pb n="112"/>
<sp>
<speaker>ΔΙΚΗ</speaker>
<p>Ἔοικας, ὦ Ἑρμῆ, χαριζομένῳ τὴν δέησιν.
ἀποκληρῶμεν δʼ ὅμως, εἰ δοκεῖ, πλὴν ἀλλὰ ταύτας
μόνας· ἱκαναὶ γὰρ αἱ ἀποκεκληρωμέναι. δὸς τὰς
γραφάς.</p>
</sp>

<sp>
<speaker>ΕΡΜΗΣ</speaker>
<p>Ῥητορικὴ κακώσεως τῷ Σύρῳ· Διάλογος τῷ
αὐτῷ ὕβρεως.</p>
</sp>

<sp>
<speaker>ΔΙΚΗ</speaker>
<p>Τίς δὲ οὗτός ἐστιν; οὐ γὰρ ἐγγέγραπται τοὔνομα.</p>
</sp>

<sp>
<speaker>ΕΡΜΗΣ</speaker>
<p>Οὕτως ἀποκλήρου, τῷ ῥήτορι τῷ Σύρῳ· κωλύσει
γὰρ οὐδὲν καὶ ἄνευ τοῦ ὀνόματος.</p>
</sp>

<sp>
<speaker>ΔΙΚΗ</speaker>
<p>Ἰδοῦ, καὶ τὰς ὑπερορίους ἤδη Ἀθήνησιν ἐν
Ἀρείῳ πάγῳ ἀποκληρώσομεν, ἂς ὑπὲρ τὸν Εὐφράτην
καλῶς εἶχε δεδικάσθαι; πλὴν ἀλλὰ κλήρου
ἕνδεκα τοὺς αὐτοὺς ἑκατέρᾳ τῶν δικῶν.</p>
</sp>

<sp>
<speaker>ΕΡΜΗΣ</speaker>
<p>Εὖ γε, ὦ Δίκη, φείδῃ μὴ πολὺ ἀναλίσκεσθαι
τὸ δικαστικόν.</p>
</sp>
</div>

<div type="textpart"  subtype="section"  n="15">
<sp>
<speaker>ΔΙΚΗ</speaker>
<p>15 Οἱ πρῶτοι καθιζέτωσαν τῇ Ἀκαδημείᾳ καὶ τῇ
Μέθῃ· σὺ δὲ τὸ ὕδωρ ἔγχει. προτέρα δὲ σὺ λέγε
ἡ Μέθη. τί σιγᾷ καὶ διανεύει; μάθε, ὦ Ἑρμῆ,
προσελθών.</p>
</sp>

<sp>
<speaker>ΕΡΜΗΣ</speaker>
<p>“Οὐ δύναμαι,” φησί, “ τὸν ἀγῶνα εἰπεῖν ὑπὸ
τοῦ ἀκράτου τὴν γλῶτταν πεπεδημένη, μὴ γέλωτα

<pb n="114"/>
ὄφλω ἐν τῷ δικαστηρίῳ.' μόλις δὲ καὶ ἕστηκεν,<note type="footnote" n="1"></note>
ὡς ὁρᾶς.</p>
</sp>

<sp>
<speaker>ΔΙΚΗ</speaker>
<p>Οὐκοῦν συνήγορον ἀναβιβασάσθω τῶν κοινῶν<note type="footnote" n="2"></note>
τούτων τινά· πολλοὶ γὰρ οἱ κἂν ἐπὶ τριωβόλῳ
διαρραγῆναι ἕτοιμοι.</p>
</sp>

<sp>
<speaker>ΕΡΜΗΣ</speaker>
<p>Ἀλλ᾿ οὐδὲ εἷς ἐθελήσει ἔν γε τῷ φανερῷ συναγορεῦσαι
Μέθῃ. πλὴν εὐγνώμονά γε ταῦτα ἔοικεν
ἀξιοῦν.</p>
</sp>

<sp>
<speaker>ΔΙΚΗ</speaker>
<p>Τὰ ποῖα;</p>
</sp>

<sp>
<speaker>ΕΡΜΗΣ</speaker>
<p>“Ἡ Ἀκαδήμεια πρὸς ἀμφοτέρους ἀεὶ παρεσκεύασται
τοὺς λόγους καὶ τοῦτʼ ἀσκεῖ τἀναντία
καλῶς δύνασθαι λέγειν. αὕτη τοίνυν,” φησίν,
“ ὑπὲρ ἐμοῦ πρότερον εἰπάτω, εἶτα ὕστερον ὑπὲρ
ἑαυτῆς ἐρεῖ.”</p>
</sp>

<sp>
<speaker>ΔΙΚΗ</speaker>
<p>Καινὰ μὲν ταῦτα, εἰπὲ δὲ ὅμως, ὦ Ἀκαδήμεια,
τὸν λόγον ἑκάτερον, ἐπεί σοι ῥᾴδιον.</p>
</sp>
</div>

<div type="textpart"  subtype="section"  n="16">
<sp>
<speaker>ΑΚΑΔΗΜΕΙΑ</speaker>
<p>16 Ἀκούετε, ὦ ἄνδρες δικασταί, πρότερα τὰ ὑπὲρ
τῆς Μέθης· ἐκείνης γὰρ τό γε νῦν ῥέον.</p>
<p>Ἠδίκηται ἡ ἀθλία τὰ μέγιστα ὑπὸ τῆς Ἀκαδημείας
ἐμοῦ, ἀνδράποδον ὃ μόνον εἶχεν εὔνουν καὶ
πιστὸν αὐτῇ, μηδὲν αίσχρὸν ὧν προστάξειεν
οἰόμενον, ἀφαιρεθεῖσα τὸν Πολέμωνα ἐκεῖνον, ὃς
μεθʼ ἡμέραν ἐκώμαζεν διὰ τῆς ἀγορᾶς μέσης,
ψαλτρίαν ἔχων καὶ κατᾳδόμενος ἔωθεν εἰς ἑσπέραν,
μεθύων ἀεὶ καὶ κραιπαλῶν καὶ τὴν κεφαλὴν τοῖς
<note type="footnote">1 ἕστηκα γ. 2δεινῶν β; cf. Jup. Trag. 29.</note>

<pb n="116"/>
στεφάνοις διηνθισμένος. καὶ ταῦτα ὅτι ἀληθῆ,
μάρτυρες Ἀθηναῖοι ἄπαντες, οἳ μηδὲ πώποτε
νήφοντα Πολέμωνα εἶδον. ἐπεὶ δὲ ὁ κακοδαίμων
ἐπὶ τὰς τῆς Ἀκαδημείας θύρας ἐκώμασεν, ὥσπερ
ἐπὶ πάντας εἰώθει, ἀνδραποδισαμένη αὐτὸν καὶ
ἀπὸ τῶν χειρῶν τῆς Μέθης ἁρπάσασα μετὰ βίας
καὶ πρὸς αὐτὴν ἀγαγοῦσα ὑδροποτεῖν τε κατηνάγκασεν
καὶ νήφειν μετεδίδαξεν καὶ τοὺς στεφάνους
περιέσπασεν καὶ δέον πίνειν κατακείμενον,
ῥημάτια σκολιά καὶ δύστηνα καὶ πολλῆς φροντίδος
ἀνάμεστα ἐπαίδευσεν· ὥστε ἀντὶ τοῦ τέως ἐπανθοῦντος
αὐτῷ ἐρυθήματος ὠχρὸς ὁ<note type="footnote" n="1"></note> ἄθλιος καὶ
ῥικνὸς τὸ σῶμα γεγένηται, καὶ τὰς ᾠδὰς ἁπάσας
ἀπομαθὼν ἄσιτος ἐνίοτε καὶ διψαλέος εἰς μέσην
ἑσπέραν κάθηται ληρῶν ὁποῖα πολλὰ ἡ Ἀκαδήμεια
ἐγὼ ληρεῖν διδάσκω. τὸ δὲ μέγιστον, ὅτι
καὶ λοιδορεῖται τῇ Μέθῃ πρὸς ἐμοῦ ἐπαρθεὶς καὶ
μυρία κακὰ διέξεισι περὶ αὐτῆς.</p>
<p>Εἴρηται σχεδὸν τὰ ὑπὲρ τῆς Μέθης. ἤδη καὶ
ὑπὲρ ἐμαυτῆς ἐρῶ, καὶ τὸ ἀπὸ τούτου ἐμοὶ ῥευσάτω.</p>
</sp>

<sp>
<speaker>ΔΙΚΗ</speaker>
<p>Τί ἄρα πρὸς ταῦτα ἐρεῖ; πλὴν ἀλλʼ ἔγχει τὸ
ἴσον ἐν τῷ μέρει.</p>
</sp>
</div>

<div type="textpart"  subtype="section"  n="17">
<sp>
<speaker>ΑΚΑΔΗΜΕΙΑ</speaker>
<p>17 Οὑτωσὶ μὲν ἀκοῦσαι πάνυ εὔλογα, ὦ ἄνδρες
δικασταί, ἡ συνήγορος εἴρηκεν ὑπὲρ τῆς Μέθης,
ἢν<note type="footnote" n="2"></note> δὲ κἀμοῦ μετʼ εὐνοίας ἀκούσητε, εἴσεσθε ὡς
οὐδὲν αὐτὴν ἠδίκηκα.</p>
<p>Τὸν γὰρ Πολέμωνα τοῦτον, ὅν φησιν ἑαυτῆς
οἰκέτην εἶναι, πεφυκότα οὐ φαύλως οὐδὲ κατὰ τὴν
<note type="footnote">1 ὁ du Soul; not in MSS. 2 ἢν Fritzsche: εἰ MSS.</note>

<pb n="118"/>
Μέθην, ἀλλʼ οἰκεῖον ἐμοὶ τὴν φύσιν, προαρπάσασα
νέον ἔτι καὶ ἁπαλὸν ὄντα συναγωνιζομένης τῆς
Ἡδονῆς, περ αὐτῇ τὰ πολλὰ ὑπουργεῖ, διέφθειρε
τὸν ἄθλιον τοῖς κώμοις καὶ ταῖς ἑταίραις παρασχοῦσα
ἔκδοτον, ὡς μηδὲ μικρὸν αὐτῷ τῆς αἰδοῦς
ὑπολείπεσθαι. καὶ ἅ γε ὑπὲρ ἑαυτῆς λέγεσθαι
μικρὸν ἔμπροσθεν ᾤετο, ταῦτα ὑπὲρ ἐμοῦ μᾶλλον
εἰρῆσθαι νομίσατε· περιῄει γὰρ ἕωθεν ὁ ἄθλιος
ἐστεφανωμένος, κραιπαλῶν, διὰ τῆς ἀγορᾶς μέσης
καταυλούμενος, οὐδέποτε νήφων, κωμάζων ἐπὶ
πάντας, ὕβρις τῶν προγόνων καὶ τῆς πόλεως
ὅλης καὶ γέλως τοῖς ξένοις.</p>
<p>Ἐπεὶ μέντοι γε παῤ ἐμὲ ἧκεν, ἐγὼ μὲν ἔτυχον,
ὥσπερ εἴωθα ποιεῖν, ἀναπεπταμένων τῶν θυρῶν
πρὸς τοὺς παρόντας τῶν ἑταίρων λόγους τινὰς
περὶ ἀρετῆς καὶ σωφροσύνης διεξιοῦσα· ὁ δὲ μετὰ
τοῦ αὐλοῦ καὶ τῶν στεφάνων ἐπιστὰς τὰ μὲν
πρῶτα ἐβόα καὶ συγχεῖν ἡμῶν ἐπειρᾶτο τὴν
συνουσίαν ἐπιταράξας τῇ βοῇ· ἐπεὶ δὲ οὐδὲν
ἡμεῖς ἐπεφροντίκειμεν αὐτοῦ, κατʼ ὀλίγον—οὐ γὰρ
τέλεον ἦν διάβροχος τῇ Μέθῃ—ἀνένηφε πρὸς τοὺς
λόγους καὶ ἀφῃρεῖτο τοὺς στεφάνους καὶ τὴν
αὐλητρίδα κατεσιώπα καὶ ἐπὶ τῇ πορφυρίδι ᾐσχύνετο,
καὶ ὥσπερ ἐξ ὕπνου βαθέος ἀνεγρόμενος
ἑαυτόν τε ἑώρα ὅπως διέκειτο καὶ τοῦ πάλαι βίου
κατεγίγνωσκεν. καὶ τὸ μὲν ἐρύθημα τὸ ἐκ τῆς
Μέθης ἀπήνθει καὶ ἠφανίζετο, ἠρυθρία δὲ κατʼ
αἰδῶ τῶν δρωμένων· καὶ τέλος ἀποδρὰς ὥσπερ
εἶχεν ηὐτομόλησεν παῤ ἐμέ, οὔτε ἐπικαλεσαμένης
οὔτε βιασαμένης, ὡς αὕτη<note type="footnote" n="1"></note> φησίν, ἐμοῦ, ἀλλʼ
ἑκὼν αὐτὸς ἀμείνω ταῦτα εἶναι ὑπολαμβάνων.</p>
<note type="footnote">1 αὕτη Fr.: αὐτή MSS.</note>

<pb n="120"/>
<p>Καί μοι ἤδη κάλει αὐτόν, ὅπως καταμάθητε ὃν
τρόπον διάκειται πρὸς ἐμοῦ. —τοῦτον, ὦ ἄνδρες
δικασταί, παραλαβοῦσα γελοίως ἔχοντα, μήτε
φωνὴν ἀφιέναι μήτε ἑστάναι ὑπὸ τοῦ ἀκράτου
δυνάμενον, ὑπέστρεψα καὶ ἀνένηψα καὶ ἀντὶ
ἀνδραπόδου κόσμιον ἄνδρα καὶ σώφρονα καὶ
πολλοῦ ἄξιον τοῖς Ἕλλησιν ἀπέδειξα· καί μοι
αὐτός τε χάριν οἶδεν ἐπὶ τούτοις καὶ οἱ προσήκοντες
ὑπὲρ αὐτοῦ.</p>
<p>Εἴρηκα· ὑμεῖς δὲ ἤδη σκοπεῖτε ποτέρᾳ ἡμῶν
ἄμεινον ἦν αὐτῷ συνεῖναι.</p>
</sp>
</div>

<div type="textpart"  subtype="section"  n="18">
<sp>
<speaker>ΔΙΚΗ</speaker>
<p>18 Ἄγε δή, μὴ μέλλετε, ψηφοφορήσατε, ἀνάστητε·
καὶ ἄλλοις χρὴ δικάζειν.</p>
</sp>

<sp>
<speaker>ΕΡΜΗΣ</speaker>
<p>Πάσαις ἡ Ἀκαδήμεια κρατεῖ πλὴν μιᾶς.</p>
</sp>
</div>

<div type="textpart"  subtype="section"  n="19">
<sp>
<speaker>ΔΙΚΗ</speaker>
<p>Παράδοξον οὐδέν, εἶναί τινα καὶ τῇ Μέθῃ
19 τιθέμενον. καθίσατε οἱ τῇ Στοᾷ πρὸς τὴν Ἡδονὴν
λαχόντες περὶ τοῦ ἐραστοῦ δικάζειν· ἐγκέχυται τὸ
ὕδωρ. ἡ κατάγραφος ἡ τὰ ποικίλα σὺ ἤδη λέγε.</p>
</sp>
</div>

<div type="textpart"  subtype="section"  n="20">
<sp>
<speaker>ΣΤΟΑ</speaker>
<p>20 Οὐκ ἀγνοῶ μέν, ὦ ἄνδρες δικασταί, ὡς πρὸς
εὐπρόσωπόν μοι τὴν ἀντίδικον ὁ λόγος ἔσται,
ἀλλὰ καὶ ὑμῶν τοὺς πολλοὺς ὁρῶ πρὸς μὲν ἐκείνην
ἀποβλέποντας καὶ μειδιῶντας πρὸς αὐτήν, ἐμοῦ
δὲ καταφρονοῦντας, ὅτι ἐν χρῇ κέκαρμαι καὶ
ἀρρενωπὸν βλέπω καὶ σκυθρωπὴ δοκῶ. ὅμως δέ,
<note type="footnote">1 An allusion to the famous frescoes of the Painted Porch ;
Polygnotus’ Takign of Troy, Theseus and the Amazons, and</note>

<pb n="122"/>
ἢν ἐθελήσητε ἀκοῦσαί μου λεγούσης, θαρρῶ πολὺ
δικαιότερα ταύτης ἐρεῖν.</p>
<p>Τοῦτο γάρ τοι καὶ τὸ παρὸν ἔγκλημά ἐστιν, ὅτι
οὕτως ἑταιρικῶς ἐσκευασμένη τῷ ἐπαγωγῷ τῆς
ὄψεως ἐραστὴν ἐμὸν ἄνδρα τότε σώφρονα τὸν
Διονύσιον φενακίσασα πρὸς ἑαυτὴν περιέσπασεν,
καὶ ἥν γε οἱ πρὸ ὑμῶν δίκην ἐδίκασαν τῇ Ἀκαδημείᾳ
καὶ τῇ Μέθῃ, ἀδελφὴ τῆς παρούσης δίκης
ἐστίν· ἐξετάζεται γὰρ ἐν τῷ παρόντι πότερα
χοίρων δίκην κάτω νενευκότας ἡδομένους χρὴ
βιοῦν μηδὲν μεγαλόφρον ἐπινοοῦντας ἢ ἐν δευτέρῳ
τοῦ καλῶς ἔχοντος ἡγησαμένους τὸ τερπνὸν ἐλευθέρους
ἐλευθέρως φιλοσοφεῖν, μήτε τὸ ἀλγεινὸν
ὡς ἄμαχον δεδιότας μήτε τὸ ἡδὺ ἀνδραποδωδῶς
προαιρουμένους καὶ τὴν εὐδαιμονίαν ζητοῦντας ἐν
τῷ μέλιτι καὶ ταῖς ἰσχάσιν. τὰ τοιαῦτα γὰρ
αὕτη δελέατα τοῖς ἀνοήτοις προτείνουσα καὶ
μορμολυττομένη τῷ πόνῳ προσάγεται αὐτῶν τοὺς
πολλούς, ἐν οἷς καὶ τὸν δείλαιον ἐκεῖνον ἀφηνιάσαι
ἡμῶν πεποίηκεν, νοσοῦντα τηρήσασα· οὐ γὰρ
ἄν ὑγιαίνων ποτὲ προσήκατο τοὺς παρὰ ταύτης
λόγους.</p>
<p>Καίτοι τί ἂν ἔγωγε ἀγανακτοίην κατʼ αὐτῆς,
ὅπου μηδὲ τῶν θεῶν φείδεται, ἀλλὰ τὴν ἐπιμέλειαν
αὐτῶν διαβάλλει; ὥστε εἰ σωφρονεῖτε, καὶ
ἀσεβείας ἂν δίκην λάβοιτε παῤ αὐτῆς. ἀκούω<note type="footnote" n="1"></note>
δὲ ἔγωγε ὡς οὐδὲ αὐτὴ παρεσκεύασται ποιήσασθαι
τοὺς λόγους, ἀλλὰ τὸν Ἐπίκουρον ἀναβιβάσεται
<note type="footnote">1 ἤκουον β.</note>
<note type="footnote">1 In this debate the word πόνος sometimes means “pain,”
as here, sometimes “toil,” and sometimes both ; thus</note>

<pb n="124"/>
συναγορεύσοντα· οὕτως ἐντρυφᾷ τῷ δικαστηρίῳ.
πλὴν ἀλλὰ ἐκεῖνά γε· αὐτὴν ἐρωτᾶτε, οἵους ἂν
οἴεται γενέσθαι τὸν Ἡρακλέα καὶ τὸν ὑμέτερον
Θησέα, εἰ προσθέντες<note type="footnote" n="1"></note> τῇ ἡδονῇ ἔφυγον τοὺς
πόνους· οὐδὲν γὰρ ἂν ἐκώλυεν μεστὴν ἀδικίας
εἶναι τὴν γῆν, ἐκείνων μὴ πονησάντων.</p>
<p>Ταῦτα εἶπον οὐ πάνυ τοῖς μακροῖς τῶν λόγων
χαίρουσα. εἰ δέ γε ἐθελήσειε κατὰ μικρὸν
ἀποκρίνασθαί μοι συνερωτωμένη, τάχιστα ἂν
γνωσθείη τὸ μηδὲν οὖσα. πλὴν ἀλλὰ ὑμεῖς γε
τοῦ ὅρκου μνημονεύσαντες ψηφίσασθε ἤδη τὰ
εὔορκα μὴ πιστεύσαντες Ἐπικούρῳ λέγοντι μηδὲν
ἐπισκοπεῖν τῶν παῤ ἡμῖν γιγνομένων τοὺς θεούς.</p>
</sp>

<sp>
<speaker>ΔΙΚΗ</speaker>
<p>Μετάστηθι. ὁ Ἐπίκουρος ὑπὲρ τῆς Ἡδονῆς
λέγε.</p>
</sp>
</div>

<div type="textpart"  subtype="section"  n="21">
<sp>
<speaker>ΕΠΙΚΟΥΡΟΣ</speaker>
<p>21 Οὐ μακρά, ὦ ἄνδρες δικασταί, πρὸς ὑμᾶς ἐρῶ·
δεῖ γὰρ οὐδὲ πολλῶν μοι τῶν λόγων.
Ἀλλ᾿ εἰ μὲν ἐπῳδαῖς τισιν ἢ φαρμάκοις ὅν φησιν
ἐραστὴν ἑαυτῆς ἡ Στοὰ τὸν Διονύσιον κατηνάγκασεν
ταύτης μὲν ἀπέχεσθαι, πρὸς ἑαυτὴν δὲ
ἀποβλέπειν ἡ Ἡδονή, φαρμακὶς ἂν εἰκότως ἔδοξεν
καὶ ἀδικεῖν ἐκέκριτο ἐπὶ τοὺς ἀλλοτρίους ἐραστὰς
μαγγανεύουσα. εἰ δέ τις ἐλεύθερος ἐν ἐλευθέρᾳ
τῇ πόλει, μὴ ἀπαγορευόντων τῶν νόμων, τὴν παρὰ
ταύτης ἀηδίαν μυσαχθεὶς καὶ ἥν φησι κεφάλαιον<note type="footnote" n="2"></note>
τῶν πόνων τὴν εὐδαιμονίαν παραγίγνεσθαι λῆρον
οἰηθείς, τοὺς μὲν ἀγκύλους ἐκείνους λόγους καὶ
λαβυρίνθοις ὁμοιους ἀπέφυγε, πρὸς δὲ τὴν Ἡδονὴν
ἄσμενος ἐδραπέτευσεν ὥσπερ δεσμά τινα διακόψας
<note type="footnote">1 πεισθέντες β. 2 φασιν ἐπὶ κεφαλαίῳ β.</note>

<pb n="126"/>
τὰς τῶν λόγων πλεκτάνας, ἀνθρώπινα καὶ οὐ
βλακώδη φρονήσας καὶ τὸν μὲν πόνον, ὅπερ ἐστί,
πονηρόν, ἡδεῖαν δὲ τὴν ἡδονὴν οἰηθείς, ἀποκλείειν
ἐχρῆν αὐτόν, ὥσπερ ἐκ ναυαγίου λιμένι προσνέοντα
καὶ γαλήνης ἐπιθυμοῦντα συνωθοῦντας ἐπὶ
κεφαλὴν εἰς τὸν πόνον, καὶ ἔκδοτον τὸν ἄθλιον
παρέχειν ταῖς ἀπορίαις, καὶ ταῦτα ὥσπερ ἱκέτην
ἐπὶ τὸν τοῦ Ἐλέου βωμὸν ἐπὶ τὴν Ἡδονὴν καταφεύγοντα,
ἵνα τὴν πολυθρύλητον ἀρετὴν δηλαδὴ
ἐπὶ τὸ ὄρθιον ἱδρῶτι πολλῷ ἀνελθὼν ἴδῃ κἆτα δι᾿ 
ὅλου πονήσας τοῦ βίου εὐδαιμονήσῃ μετὰ τὸν
βίον;</p>
<p>Καίτοι τίς ἂν κριτὴς δικαιότερος δόξειεν αὐτοῦ
ἐκείνου, ὃς τὰ παρὰ τῆς Στοᾶς εἰδώς, εἰ καί τις
ἄλλος, καὶ μόνον τέως τὸ καλὸν ἀγαθὸν οἰόμενος
εἶναι, μεταμαθὼν ὡς κακὸν ὁ πόνος ἦν, τὸ βέλτιον
ἐξ ἀμφοῖν δοκιμάσας εἴλετο; ἑώρα γάρ, οἶμαι,
τούτους περὶ τοῦ καρτερεῖν καὶ ἀνέχεσθαι τοὺς
πόνους πολλὰ διεξιόντας, ἰδίᾳ δὲ τὴν Ἡδονὴν
θεραπεύοντας, καὶ μέχρι τοῦ λόγου νεανιευομένους,
οἴκοι δὲ κατὰ τοὺς τῆς Ἡδονῆς νόμους βιοῦντας,
αἰσχυνομένους μὲν εἰ φανοῦνται χαλῶντες τοῦ
τόνου καὶ προδιδόντες τὸ δόγμα, πεπονθότας δὲ
ἀθλίους τὸ τοῦ Ταντάλου, καὶ ἔνθα ἂν λήσειν καὶ
ἀσφαλῶς παρανομήσειν ἐλπίσωσιν, χανδὸν ἐμπιμπλαμένους
τοῦ ἡδέος. εἰ γοῦν τις αὐτοῖς τὸν
τοῦ Γύγου δακτύλιον ἔδωκεν, ὡς περιθεμένους μὴ
ὁρᾶσθαι, ἢ τὴν τοῦ Ἄϊδος κυνῆν, εὖ οἶδʼ ὅτι μακρὰ

<pb n="128"/>
χαίρειν τοῖς πόνοις φράσαντες ἐπὶ τὴν Ἡδονὴν
ὠθοῦντο ἂν καὶ ἐμιμοῦντο ἅπαντες τὸν Διονύσιον,
ὃς μέχρι μὲν τῆς νόσου ἤλπιζεν ὠφελήσειν τι
αὐτὸν τοὺς περὶ τῆς καρτερίας λόγους· ἐπεὶ δὲ
ἤλγησεν καὶ ἐνόσησεν καὶ ὁ πόνος ἀληθέστερος
αὐτοῦ καθίκετο, ἰδὼν τὸ σῶμα τὸ ἑαυτοῦ ἀντιφιλοσοφοῦν
τῇ Στοᾷ καὶ τἀναντία δογματίζον, αὐτῷ
μᾶλλον ἢ τούτοις ἐπίστευσεν καὶ ἔγνω ἄνθρωπος
ὢν καὶ ἀνθρώπου σῶμα ἔχων, καὶ διετέλεσεν οὐχ
ὡς ἀνδριάντι αὐτῷ χρώμενος, εἰδὼς ὅτι ὃς ἂν
ἄλλως λέγῃ καὶ Ἡδονῆς κατηγορῇ.
<lg>
<l>λόγοισι χαίρει, τὸν δὲ νοῦν ἐκεῖσʼ ἔχει.</l>
</lg></p>
<p>Εἴρηκα· ὑμεῖς δʼ ἐπὶ τούτοις ψηφοφορήσατε.</p>
</sp>
</div>

<div type="textpart"  subtype="section"  n="22">
<sp>
<speaker>ΣΤΟΑ</speaker>
<p>22 Μηδαμπως, ἀλλʼ ὀλίγα μοι συνερωτῆσαι ἐπιτρέψατε.</p>
</sp>

<sp>
<speaker>ΕΠΙΚΟΥΡΟΣ</speaker>
<p>Ἐρώτησον· ἀποκρινοῦμαι γάρ.</p>
</sp>

<sp>
<speaker>ΣΤΟΑ</speaker>
<p>Κακὸν ἡγῇ τὸν πόνον;</p>
</sp>

<sp>
<speaker>ΕΠΙΚΟΥΡΟΣ</speaker>
<p>Ναί.</p>
</sp>

<sp>
<speaker>ΣΤΟΑ</speaker>
<p>Τὴν ἡδονὴν δὲ ἀγαθόν;</p>
</sp>

<sp>
<speaker>ΕΠΙΚΟΥΡΟΣ</speaker>
<p>Πάνυ μὲν οὖν.</p>
</sp>

<sp>
<speaker>ΣΟΤΑ</speaker>
<p>Τί δέ; οἶσθα τί διάφορον καὶ ἀδιάφορον καὶ
προηγμένον καὶ ἀποπροηγμένον;</p>
<note type="footnote">1 Euripides, Phoenissae 360.</note>
<note type="footnote">2 Stoic technical terms: see vol. ii, p, 488. Stoa intends</note>
</sp>

<pb n="130"/>
<sp>
<speaker>ΕΠΙΚΟΥΡΟΣ</speaker>
<p>Μάλιστα.</p>
</sp>

<sp>
<speaker>ΕΡΜΗΣ</speaker>
<p>Οὔ φασιν, ὦ Στοά, συνιέναι οἱ δικασταὶ τὰ
δισύλλαβα ταῦτα ἐρωτήματα· ὥστε ἡσυχίαν
ἄγετε. ψηφοφοροῦσι γάρ.</p>
</sp>

<sp>
<speaker>ΣΤΟΑ</speaker>
<p>Καὶ μὴν ἐκράτησα ἄν, εἰ συνηρώτησα ἐν τῷ
τρίτῳ τῶν ἀναποδείκτων σχήματι.</p>
</sp>

<sp>
<speaker>ΔΙΚΗ</speaker>
<p>Τίς ὑπερέσχεν;</p>
</sp>

<sp>
<speaker>ΕΡΜΣΗ</speaker>
<p>Πάσαις ἡ Ἡδονή.</p>
</sp>

<sp>
<speaker>ΣΤΟΑ</speaker>
<p>Ἐφίημι ἐπὶ τὸν Δία.</p>
</sp>

<sp>
<speaker>ΔΙΚΗ</speaker>
<p>Τύχῃ τῇ ἀγαθῇ. σὺ δὲ ἄλλους κάλει.</p>
</sp>
</div>

<div type="textpart"  subtype="section"  n="23">
<sp>
<speaker>ΕΡΜΗΣ</speaker>
<p>23 Περὶ Ἀριστίππου Ἀρετὴ καὶ Τρυφή, καὶ
Ἀρίστιππος δὲ αὐτὸς παρέστω.</p>
</sp>

<sp>
<speaker>ΑΡΕΤΗ</speaker>
<p>Προτέραν ἐμὲ χρὴ τὴν Ἀρετὴν λέγειν· ἐμὸς γάρ
ἐστιν Ἀρίστιππος, ὡς δηλοῦσιν οἱ λόγοι καὶ τὰ
ἔργα.</p>
</sp>

<sp>
<speaker>ΤΡΥΦΗ</speaker>
<p>Οὐ μὲν οὖν, ἀλλʼ ἐμὲ τὴν Τρυφήν· ἐμὸς γὰρ ὁ
ἀνήρ, ὡς ἔστιν ὁρᾶν ἀπὸ τῶν στεφάνων καὶ τῆς
πορφυρίδος καὶ τῶν μύρων.</p>
<note type="footnote">1 The five “indemonstrables” of Chrysippus, so called
because they are self-evident and require no proof, were all
hypothetical or disjunctive syllogisms ; examples are : (1)
“ if it is day, it is light ; it is light, ?? it is day” ; (2) “if it</note>
</sp>

<pb n="132"/>
<sp>
<speaker>ΔΙΚΗ</speaker>
<p>Μὴ φιλονεικεῖτε· ὑπερκείσεται γὰρ καὶ αὕτη
ἡ δίκη ἔστʼ ἂν ὁ Ζεὺς δικάσῃ περὶ τοῦ Διονυσίου·
παραπλήσιον γάρ τι καὶ τοῦτο ἔοικεν εἶναι. ὥστʼ
ἐὰν μὲν ἡ Ἡδονὴ κρατήσῃ, καὶ τὸν Ἀρίστιππον
ἕξει ἡ Τρυφή· νικώσης δὲ αὖ τῆς Στοᾶς, καὶ οὗτος
ἔσται τῆς Ἀρετῆς κεκριμένος. ὥστε ἄλλοι παρέστωσαν.
τὸ δεῖνα μέντοι, μὴ λαμβανέτωσαν
οὗτοι τὸ δικαστικόν· ἀδίκαστος γὰρ ἡ δίκη μεμένηκεν
αὐτοῖς.</p>
</sp>

<sp>
<speaker>ΕΡΜΗΣ</speaker>
<p>Μάτην οὖν ἀνεληλυθότες ὦσι γέροντες ἄνδρες
οὕτω μακρὰν τὴν ἀνάβασιν;</p>
</sp>

<sp>
<speaker>ΔΙΚΗ</speaker>
<p>Ἱκανόν, εἰ τριτημόριον λάβοιεν. ἄπιτε, μὴ
ἀγανακτεῖτε, αὖθις δικάσετε.</p>
</sp>
</div>

<div type="textpart"  subtype="section"  n="24">
<sp>
<speaker>ΕΡΜΗΣ</speaker>
<p>24 Διογένη Σινωπέα παρεῖναι καιρός, καὶ σὺ ἡ
Ἀργυραμοιβικὴ λέγε.</p>
</sp>

<sp>
<speaker>ΔΙΟΓΕΝΗΣ</speaker>
<p>Καὶ μὴν ἄν γε μὴ παύσηται ἐνοχλοῦσα, ὦ
Δίκη, οὐκέτι δρασμοῦ δικάσεταί μοι, ἀλλὰ πολλῶν
καὶ βαθέων τραυμάτων· ἐγὼ γὰρ αὐτίκα μάλα
πατάξας<note type="footnote" n="1"></note> τῷ φύλῳ—</p>
</sp>

<sp>
<speaker>ΔΙΚΗ</speaker>
<p>Τί τοῦτο; πέφευγεν ἡ Ἀργυραμοιβική, ὁ δὲ
διώκει ἐπηρμένος τὸ βάκτρον. οὐ μέτριόν τι
κακὸν ἡ ἀθλία ἔοικε λήψεσθαι. τὸν Πύρρωνα
κήρυττε.</p>
<note type="footnote">1 πατάξω γ.</note>
</sp>
</div>

<div type="textpart"  subtype="section"  n="25">
<pb n="134"/>
<sp>
<speaker>ΕΡΜΣΗ</speaker>
<p>25 Ἀλλ᾿ ἡ μὲν Γραφικὴ πάρεστιν, ὦ Δίκη, ὁ
Πύρρων δὲ οὐδὲ τὴν ἀρχὴν ἀνελήλυθεν, καὶ ἐῴκει
τοῦτο πράξειν.</p>
</sp>

<sp>
<speaker>ΔΙΚΗ</speaker>
<p>Διὰ τί, ὦ Ἑρμῆ;</p>
</sp>

<sp>
<speaker>ΕΡΜΗΣ</speaker>
<p>Ὅτι οὐδὲν ἡγεῖται κριτήριον ἀληθὲς εἶναι.</p>
</sp>

<sp>
<speaker>ΔΙΚΗ</speaker>
<p>Τοιγαροῦν ἐρήμην αὐτοῦ καταδικασάτωσαν.
τὸν λογογράφον ἤδη κάλει τὸν Σύρον. καίτοι
πρῴην ἀπηνέχθησαν κατʼ αὐτοῦ αἰ γραφαί, καὶ
οὐδὲν ἥπειγεν ἤδη κεκρίσθαι. πλὴν ἀλλʼ ἐπεὶ
ἔδοξεν, προτέραν εἰσάγαγε τῆς Ῥητορικῆς τὴν
δίκην. βαβαί, ὅσοι συνεληλύθασιν ἐπὶ τὴν
ἀκρόασιν.</p>
</sp>

<sp>
<speaker>ΕΡΜΣΗ</speaker>
<p>Εἰκότως, ὦ Δίκη· τό τε γὰρ μὴ ἕωλον εἶναι
τὴν κρίσιν, ἀλλὰ καινὴν καὶ ξένην,<note type="footnote" n="1"></note> χθές, ὥσπερ
ἔφης, ἐπηγγελμένην,<note type="footnote" n="2"></note> καὶ τὸ ἐλπίζειν ἀκούσεσθαι
Ῥητορικῆς μὲν καὶ Διαλόγου ἐν τῷ μέρει κατηγορούντων,
ἀπολογουμένου δὲ πρὸς ἀμφοτέρους τοῦ
Σύρου, τοῦτο πολλοὺς ἐπήγαγε τῷ δικαστηρίῳ.
πλὴν ἀλλὰ ἄρξαι ποτέ, ὦ Ῥητορική, τῶν λόγων.</p>
</sp>
</div>

<div type="textpart"  subtype="section"  n="26">
<sp>
<speaker>ΡΗΤΟΡΙΚΗ</speaker>
<p>26 Πρῶτον μέν, ὦ ἄνδρες Ἀθηναῖοι, τοῖς θεοῖς
εὔχομαι πᾶσι καὶ πάσαις, ὅσην εὔνοιαν ἔχουσα
διατελῶ τῇ τε πόλει καὶ πᾶσιν ὑμῖν, τοσαύτην
ὑπάρξαι μοι παῤ ὑμῶν εἰς τουτονὶ τὸν ἀγῶνα,
ἔπειθʼ ὅπερ ἐστι μάλιστα δίκαιον, τοῦτο παραστῆσαι
τοὺς θεοὺς ὑμῖν, τὸν μὲν ἀντίδικον σιωπᾶν
<note type="footnote">1 καὶ ξένην not in γ. 2 χθές—ἐπηγγελμένην not in β.</note>

<pb n="136"/>
κελεύειν, ἐμὲ δὲ ὡς προῄρημαι καὶ βεβούλημαι
τὴν κατηγορίαν ἐᾶσαι ποιήσασθαι. οὐχὶ δὲ ταὐτὰ
παρίσταταί μοι γιγνώσκειν ὅταν τε εἰς πέπονθα
ἀποβλέψω καὶ ὅταν εἰς τοὺς λόγους οὓς ἀκούω·
τοὺς μὲν γὰρ λόγους ὡς ὁμοιοτάτους τοῖς ἐμοῖς
οὗτος ἐρεῖ πρὸς ὑμᾶς, τὰ δὲ πράγματα εἰς τοῦτο
προήκοντα ὄψεσθε ὥστε ὅπως μὴ χεῖρόν τι πείσομαι
πρὸς αὐτοῦ σκέψασθαι δέον. ἀλλὰ γὰρ
ἵνα μὴ μακρὰ προοιμιάζωμαι τοῦ ὕδατος πάλαι
εἰκῆ ῥέοντος, ἄρξομαι τῆς κατηγορίας.</p>
</sp>
</div>

<div type="textpart"  subtype="section"  n="27">
<p>27 Ἐγὼ γάρ, ὦ ἄνδρες δικασταί, τουτονὶ κομιδῇ
μειράκιον ὄντα, βάρβαρον ἔτι τὴν φωνὴν καὶ
μονονουχὶ κάνδυν ἐνδεδυκότα εἰς τὸν Ἀσσύριον
τρόπον, περὶ τὴν Ἰωνίαν εὑροῦσα πλαζόμενον ἔτι
καὶ ὅ τι χρήσαιτο ἑαυτῷ οὐκ εἰδότα παραλαβοῦσα
ἐπαίδευσα. καὶ ἐπειδὴ ἐδόκει μοι εὐμαθὴς εἶναι
καὶ ἀτενὲς ὁρᾶν εἰς ἐμέ—ὑπέπτησσε γὰρ τότε καὶ
ἐθεράπευεν καὶ μόνην ἐθαύμαζεν —ἀπολιποῦσα
τοὺς ἄλλους ὁπόσοι ἐμνήστευόν με πλούσιοι καὶ
καλοὶ καὶ λαμπροὶ τὰ προγονικά, τῷ ἀχαρίστῳ
τούτῳ ἐμαυτὴν ἐνεγγύησα πένητι καὶ ἀφανεῖ καὶ
νέῳ προῖκα οὐ μικρὰν ἐπενεγκαμένη πολλοὺς καὶ
θαυμασίους λόγους. εἶτα ἀγαγοῦσα αὐτὸν εἰς
τοὺς φυλέτας τοὺς ἐμοὺς παρενέγραψα καὶ ἀστὸν
ἀπέφηνα, ὥστε τοὺς διαμαρτόντας<note type="footnote" n="1"></note> τῆς ἐγγύης
ἀποπνίγεσθαι, δόξαν δὲ αὐτῷ περινοστεῖν ἐπιδειξομένῳ
τοῦ γάμου τὴν εὐποτμίαν, οὐδὲ τότε
<note type="footnote">1 ἁματράνοντας γ.</note>

<pb n="138"/>
ἀπελείφθην, ἀλλὰπανταχοῦ ἑπομένη ἄνω  καὶ κάτω
περιηγόμην· καὶ κλεινὸν αὐτὸν καὶ ἀοίδιμον ἐποίουν
κατακοσμοῦσα καὶ περιστέλλουσα. καὶ τὰ μὲν
ἐπὶ τῆς Ἑλλάδος καὶ τῆς Ἰωνίας μέτρια, εἰς δὲ
τὴν Ἰταλίαν ἀποδημῆσαι θελήσαντι αὐτῷ τὸν
Ἰόνιον συνδιέπλευσα καὶ τὰ τελευταῖα μέχρι τῆς
Κελτικῆς συναπάρασα εὐπορεῖσθαι ἐποίησα.</p>
</div>

<div type="textpart"  subtype="section"  n="28">
<p>Καὶ μέχρι μὲν πολλοῦ πάντα μοι ἐπείθετο καὶ
συνῆν ἀεί, μηδεμίαν νύκτα γιγνόμενος ἀπόκοιτος
28 παῤ ἡμῶν. ἐπεὶ δὲ ἱκανῶς ἐπεσιτίσατο καὶ τὰ
πρὸς εὐδοξίαν εὖ ἔχειν αὐτῷ ὑπέλαβεν, τὰς ὀφρῦς
ἐπάρας καὶ μέγα φρονήσας ἐμοῦ μὲν ἠμέλησεν,
μᾶλλον δὲ τέλεον εἴασεν, αὐτὸς δὲ τὸν γενειήτην
ἐκεῖνον, τὸν ἀπὸ τοῦ σχήματος, τὸν Διάλογον,
Φιλοσοφίας υἱὸν εἶναι λεγόμενον, ὑπεραγαπήσας
μάλα ἐρωτικῶς πρεσβύτερον αὐτοῦ ὄντα, τούτῳ
σύνεστιν. καὶ οὐκ αἰσχύνεται τὴν μὲν ἐλευθερίαν
καὶ τὸ ἄνετον τῶν ἐν ἐμοὶ λόγων συντεμών, εἰς
μικρὰ δὲ καὶ κομματικὰ<note type="footnote" n="1"></note> ἐρωτήματα κατακλείσας
ἑαυτόν, καὶ ἀντὶ τοῦ λέγειν ὅ τι βούλεται μεγάλῃ
τῇ φωνῇ βραχεῖς τινας λόγους ἀναπλέκων καὶ
συλλαβίζων, ἀφʼ ὧν ἀθρόος μὲν ἔπαινος ἢ κρότος
πολὺς οὐκ ἂν ἀπαντήσειεν αὐτῷ, μειδίαμα δὲ
παρὰ τῶν ἀκουόντων καὶ τὸ ἐπισεῖσαι τὴν χεῖρα
ἐντὸς τῶν ὅρων καὶ μικρὰ ἐπινεῦσαι τῇ κεφαλῇ
καὶ ἐπιστενάξαι τοῖς λεγομένοις. τοιούτων ἠράσθη
ὁ γενναῖος ἐμοῦ καταφρονήσας. φασὶν δὲ αὐτὸν
μηδὲ πρὸς τὸν ἐρώμενον τοῦτον εἰρήνην ἄγειν,
ἀλλὰ ὅμοια<note type="footnote" n="2"></note> καὶ ἐκεῖνον ὑβρίζειν.</p>
<note type="footnote">1 κωμικά β.</note>
<note type="footnote">2 ὅμοια Fritzsche: οἷμαι MSS. (Fritzsche writes τὰ ὅμοια,
but the article is not necessary : Salt. 63.)</note>
</div>

<div type="textpart"  subtype="section"  n="29">
<pb n="140"/>
<p>29 Πῶς οὖν οὐκ ἀχάριστος οὗτος καὶ ἔνοχος τοῖς
περὶ τῆς κακώσεως νόμοις, ὃς τὴν μὲν νόμῳ
γαμετὴν παῤ ἧς τοσαῦτα εἴληφεν καὶ διʼ ἣν
ἔνδοξός ἐστιν οὕτως ἀτίμως ἀπέλιπεν, καινῶν δὲ
ὠρέχθη πραγμάτων, καὶ ταῦτα νῦν ὁπότε μόνην
ἐμὲ θαυμάζουσιν καὶ ἐπιγράφονται ἄπαντες προστάτιν
ἑαυτῶν; ἀλλʼ ἐγὼ μὲν ἀντέχω τοσούτων
μνηστευόντων, καὶ κόπτουσιν αὐτοῖς τὴν θύραν
καὶ τοὔνομα ἐπιβοωμένοις μεγάλῃ τῇ φωνῇ οὔτε
ἀνοίγειν οὔτε ὑπακούειν βούλομαι· ὁρῶ γὰρ αὐτοὺς
οὐδὲν πλέον τῆς βοῆς κομίζοντας. οὗτος δὲ οὐδὲ
οὕτως ἐπιστρέφεται πρὸς ἐμέ, ἀλλὰ πρὸς τὸν
ἐρώμενον βλέπει, τί, ὦ θεοί, χρηστὸν παῤ αὐτοῦ
λήψεσθαι προσδοκῶν, ὃν οἶδε τοῦ τρίβωνος οὐδὲν
πλέον ἔχοντα;</p>
<p>Εἴρηκα, ὦ ἄνδρες δικασταί, ὑμεῖς δέ, ἢν εἰς
τὸν ἐμὸν τρόπον τῶν λόγων ἀπολογεῖσθαι θέλῃ,
τοῦτο μὲν μὴ ἐπιτρέπετε,—ἄγνωμον γὰρ ἐπʼ ἐμὲ
τὴν ἐμὴν μάχαιραν ἀκονᾶν—κατὰ δὲ τὸν αὐτοῦ
ἐρώμενον τὸν Διάλογον οὕτως ἀπολογείσθω, ἢν
δύνηται.</p>

<sp>
<speaker>ΕΡΜΗΣ</speaker>
<p>Τοῦτο μὲν ἀπίθανον· οὐ γὰρ οἷόν τε, ὦ Ῥητορική,
μόνον αὐτὸν ἀπολογεῖσθαι κατὰ σχῆμα τοῦ
Διαλόγου, ἀλλὰ ῥῆσιν καὶ αὐτὸς εἰπάτω.</p>
</sp>
</div>

<div type="textpart"  subtype="section"  n="30">
<sp>
<speaker>ΣΥΡΟΣ</speaker>
<p>30 Ἐπεὶ καὶ τοῦτο, ὦ ἄνδρες δικασταί, ἡ ἀντίδικος
ἠγανάκτησεν, εἰ μακρῇ χρήσομαι τῷ λόγῳ, καὶ
ταῦτα τὸ δύνασθαι λέγειν παῤ ἐκείνης λαβών,
πολλὰ μὲν οὐκ ἐρῶ πρὸς ὑμᾶς, τὰ κεφάλαια δὲ
αὐτὰ ἀπολυσάμενος τῶν κατηγορηθέντων ὑμῖν
<note type="footnote">1 ἀπολυσάμενος Herwerden : ἐπιλυσάμενος MSS.</note>

<pb n="142"/>
ἀπολείψω σκοπεῖν περὶ ἀπάντων. πάντα γὰρ
ὁπόσα διηγήσατο περὶ ἐμοῦ ἀληθῇ ὄντα διηγήσατο·
καὶ γὰρ ἐπαίδευσεν καὶ συναπεδήμησεν
καὶ εἰς τοὺς Ἕλληνας ἐνέγραψεν, καὶ κατά γε
τοῦτο χάριν ἂν εἰδείην τῷ γάμῳ. δι᾿  ἃς δὲ αἰτίας
ἀπολιπὼν αὐτὴν ἐπὶ τουτονὶ τὸν Διάλογον ἐτραπόμην,
ἀκούσατε, ὦ ἄνδρες δικασταί, καί με μηδὲν
τοῦ χρησίμου ἕνεκα ψεύδεσθαι ὑπολάβητε.</p>
</sp>
</div>

<div type="textpart"  subtype="section"  n="31">
<p>31 Ἐγὼ γὰρ ὁρῶν ταύτην οὐκέτι σωφρονοῦσαν
οὐδὲ μένουσαν ἐπὶ τοῦ κοσ μίου σχήματος οἷόν
ποτε ἐσχηματισμένην αὐτὴν ὁ Παιανιεὺς ἐκεῖνος
ἠγάγετο, κοσ μονμένην δὲ καὶ τὰς τρίχας εὐθετίζουσαν
εἰς τὸ ἑταιρικὸν καὶ φυκίον ἐντριβομένην
καὶ τὠφθαλμὼ ὑπογραφομένην, ὑπώπτευον εὐθὺς
καὶ παρεφύλαττον ὅποι τὸν ὀφθαλμὸν φέρει. καὶ
τὰ μὲν ἄλλα ἐῶ· καθʼ ἑκάστην δὲ τὴν νύκτα ὁ μὲν
στενωπὸς ἡμῶν ἐνεπίμπλατο μεθυόντων ἐραστῶν
κωμαζόντων ἐπʼ αὐτὴν καὶ κοπτόντων τὴν θύραν,
ἐνίων δὲ καὶ εἰσβιάζεσθαι σὺν οὐδενὶ κόσμῳ
τολμώντων. αὐτὴ δὲ ἐγέλα καὶ ἥδετο τοῖς δρωμένοις
καὶ τὰ πολλὰ ἢ παρέκυπτεν ἀπὸ τοῦ
τέγους ᾀδόντων ἀκούουσα τραχείᾳ τῇ φωνῇ ᾠδάς
τινας ἐρωτικὰς ἢ καὶ παρανοίγουσα τὰς θυρίδας
ἐμὲ οἰομένη λανθάνειν ἠσέλγαινε καὶ ἐμοιχεύετο
πρὸς αὐτῶν. ὅπερ ἐγὼ μὴ φέρων γράψασθαι μὲν
αὐτὴν μοιχείας οὐκ ἐδοκίμαζον, ἐν γειτόνων δὲ
οἰκοῦντι τῷ Διαλόγῳ προσελθὼν ἠξίουν καταδεχθῆναι
ὑπʼ αὐτοῦ.</p>
</div>

<div type="textpart"  subtype="section"  n="32">
<p>32 Ταῦτά ἐστιν ἂ τὴν Ῥητορικὴν ἐγὼ μεγάλα
ἠδίκηκα. καίτοι εἰ καὶ μηδὲν αὐτῇ τοιοῦτο ἐπέπρακτο,
καλῶς εἶχέ μοι ἀνδρὶ ἤδη τετταράκοντα
ἔτη σχεδὸν γεγονότι θορύβων μὲν ἐκείνων καὶ

<pb n="144"/>
δικῶν ἀπηλλάχθαι καὶ τοὺς ἄνδρας τοὺς δικαστὰς
ἀτρεμεῖν ἐᾶν, τυράννων κατηγορίας καὶ ἀριστέων
ἐπαίνους ἐκφυγόντα, εἰς δὲ τὴν Ἀκαδήμειαν ἢ εἰς
τὸ Λύκειον ἐλθόντα τῷ βελτίστῳ τούτῳ Διαλόγῳ
συμπεριπατεῖν ἠρέμα διαλεγομένους, τῶν ἐπαίνων
καὶ κρότων οὐ δεομένους.</p>
<p>Πολλὰ ἔχων εἰπεῖν ἤδη παύσομαι. ὑμεῖς δὲ
εὔορκον τὴν ψῆφον ἐνέγκατε.</p>

<sp>
<speaker>ΔΙΚΗ</speaker>
<p>Τίς κρατεῖ;</p>
</sp>

<sp>
<speaker>ΕΡΜΗΣ</speaker>
<p>Πάσαις ὁ Σύρος πλὴν μιᾶς.</p>
</sp>
</div>

<div type="textpart"  subtype="section"  n="33">
<sp>
<speaker>ΔΙΚΗ</speaker>
<p>Ῥήτωρ τις ἔοικεν εἶναι ὁ τὴν ἐναντίαν θέμενος.
33 ὁ Διάλογος ἐπὶ τῶν αὐτῶν λέγε. ὑμεῖς δὲ περιμείνατε,
διπλάσιον ἀποισόμενοι τὸν μισθὸν ἐπʼ
ἀμφοτέραις ταῖς δίκαις.</p>
</sp>

<sp>
<speaker>ΔΙΑΛΟΓΟΣ</speaker>
<p>Ἐγὼ δέ, ὦ ἄνδρες δικασταί, μακροὺς μὲν ἀποτείνειν
τοὺς λόγους οὐκ ἂν ἐβουλόμην πρὸς ὑμᾶς,
ἀλλὰ κατὰ μικρὸν ὥσπερ εἴωθα. ὅμως δὲ ὡς
νόμος ἐν τοῖς δικαστηρίοις, οὕτω ποιήσομαι τὴν
κατηγορίαν ἰδιώτης παντάπασιν καὶ ἄτεχνος τῶν
τοιούτων ὤν· καί μοι τοῦτο ἔστω πρὸς ὑμᾶς τὸ
προοίμιον.</p>
<p>Ἃ δὲ ἠδίκημαι καὶ περιύβρισμαι πρὸς τούτου,
ταῦτά ἐστιν, ὅτι με σεμνὸν τέως ὄντα καὶ θεῶν τε
πέρι καὶ φύσεως καὶ τῆς τῶν ὅλων περιόδου σκοπούμενον,
ὑψηλὸν ἄνω που τῶν νεφῶν ἀεροβατοῦντα,

<pb n="146"/>
ἔνθα ὁ μέγας ἐν οὐρανῷ Ζεὺς πτηνὸν ἅρμα
ἐλαύνων φέρεται, κατασπάσας αὐτὸς ἤδη κατὰ τὴν
ἀψῖδα πετόμενον καὶ ἀναβαίνοντα ὑπὲρ τὰ νῶτα
τοῦ οὐρανοῦ καὶ τὰ πτερὰ συντρίψας ἰσοδίαιτον
τοῖς πολλοῖς ἐποίησεν, καὶ τὸ μὲν τραγικὸν ἐκεῖνο
καὶ σωφρονικὸν προσωπεῖον ἀφεῖλέ μου, κωμικὸν
δὲ καὶ σατυρικὸν ἄλλο ἐπέθηκέ μοι καὶ μικροῦ
δεῖν γελοῖον. εἶτά μοι εἰς τὸ αὐτὸ φέρων συγκαθεῖρξεν
τὸ σκῶμμα καὶ τὸν ἴαμβον καὶ κυνισμὸν
καὶ τὸν Εὔπολιν καὶ τὸν Ἀριστοφάνη, δεινοὺς
ἄνδρας ἐπικερτομῆσαι τὰ σεμνὰ καὶ χλευάσαι τὰ
ὀρθῶς ἔχοντα. τελευταῖον δὲ καὶ Μένιππόν τινα
τῶν παλαιῶν κυνῶν μάλα ὑλακτικὸν ὡς δοκεῖ
καὶ κάρχαρον ἀνορύξας, καὶ τοῦτον ἐπεισήγαγεν
μοι φοβερόν τινα ὡς ἀληθῶς κύνα καὶ τὸ δῆγμα
λαθραῖον, ὅσῳ καὶ γελῶν ἅμα ἔδακνεν.</p>
<p>Πῶς οὖν οὐ δεινὰ ὕβρισμαι μηκέτʼ ἐπὶ τοῦ
οἰκείου διακείμενος, ἀλλὰ κωμῳδῶν καὶ γελωτοποιῶν
καὶ ὑποθέσεις ἀλλοκότους ὑποκρινόμενος
αὐτῷ; τὸ γὰρ πάντων ἀτοπώτατον, κρᾶσίν τινα
παράδοξον κέκραμαι καὶ οὔτε πεζός εἰμι οὔτε
ἐπὶ τῶν μέτρων βέβηκα, ἀλλὰ ἱπποκενταύρου
δίκην σύνθετόν τι καὶ ξένον φάσμα τοῖς ἀκούουσι
δοκῶ.</p>
</sp>
</div>

<div type="textpart"  subtype="section"  n="34">
<sp>
<speaker>ΕΡΜΗΣ</speaker>
<p>34 Τί οὖν πρὸς ταῦτα ἐρεῖς, ὦ Σύρε;</p>
</sp>

<sp>
<speaker>ΣΥΡΟΣ</speaker>
<p>Ἀπροσδόκητον, ὦ ἄνδρες δικασταί, τὸν ἀγῶνα
τοῦτον ἀγωνίζομαι παῤ ὑμῖν· πάντα γοῦν μᾶλλον
<note type="footnote">1 ἐπὶ τοῦ οἰκείου σχήματος διαμένων β.</note>

<pb n="148"/>
ἂν ἤλπισα ἢ τὸν Διάλογον τοιαῦτα ἐρεῖν
περὶ ἐμοῦ, ὃν παραλαβὼν ἐγὼ σκυθρωπὸν ἔτι
τοῖς πολλοῖς δοκοῦντα καὶ ὑπὸ τῶν συνεχῶν ἐρωτήσεων
κατεσκληκότα, καὶ ταύτῃ αἰδέσιμον μὲν
εἶναι δοκοῦντα, οὐ πάντη δὲ ἡδὺν οὐδὲ τοῖς πλήθεσι
κεχαρισ μένον, πρῶτον μὲν αὐτὸν ἐπὶ γῆς
βαίνειν εἴθισα εἰς τὸν ἀνθρώπινον τοῦτον τρόπον,
μετὰ δὲ τὸν αὐχμὸν τὸν πολὺν ἀποπλύνας καὶ μειδιᾶν
καταναγκάσας ἡδίω τοῖς ὁρῶσι παρεσκεύασα,
ἐπὶ πᾶσι δὲ τὴν κωμῳδίαν αὐτῷ παρέζευξα, καὶ
κατὰ τοῦτο πολλήν οἱ μηχανώμενος τὴν εὔνοιαν
παρὰ τῶν ἀκουόντων, οἳ τέως τὰς ἀκάνθας τὰς ἐν
αὐτῷ δεδιότες ὥσπερ τὸν ἐχῖνον εἰς τὰς χεῖρας
λαβεῖν αὐτὸν ἐφυλάττοντο.</p>
<p>Ἀλλ᾿  ἐγὼ οἶδʼ ὅπερ μάλιστα λυπεῖ αὐτόν, ὅτι
μὴ τὰ γλίσχρα ἐκεῖνα καὶ λεπτὰ κάθημαι πρὸς
αὐτὸν σμικρολογούμενος, εἰ ἀθάνατος ἡ ψυχή,
καὶ πόσας κοτύλας ὁ θεὸς ὁπότε τὸν κόσμον
εἰργάσατο τῆς ἀμιγοῦς καὶ κατὰ ταὐτὰ ἐχούσης
οὐσίας ἐνέχεεν εἰς τὸν κρατῆρα ἐν ᾧ τὰ πάντα
ἐκεράννυτο, καὶ εἰ ἡ Ῥητορικὴ πολιτικῆς μορίου
εἴδωλον, κολακείας τὸ τέταρτον. χαίρει γὰρ οὐκ
οἶδ᾿  ὅπως τὰ τοιαῦτα λεπτολογῶν καθάπερ οἱ
τὴν ψώραν ἡδέως κνώμενοι, καὶ τὸ φρόντισμα
ἡδὺ αὐτῷ δοκεῖ καὶ μέγα φρονεῖ ἢν λέγηται ὡς οὐ
παντὸς ἀνδρός ἐστι συνιδεῖν ἃ περὶ τῶν ἰδεῶν
ὀξυδορκεῖ.</p>
<p>Ταῦτα δηλαδὴ καὶ παῤ ἐμοῦ ἀπαιτεῖ καὶ τὰ
πτερὰ ἐκεῖνα ζητεῖ καὶ ἄνω βλέπει τὰ πρὸ τοῖν

<pb n="150"/>
ποδοῖν οὐχ ὁρῶν. ἐπεὶ τῶν γε ἄλλων ἕνεκα οὐκ
ἂν οἶμαι μέμψαιτό μοι, ὡς θοἰμάτιον τοῦτο τὸ
Ἑλληνικὸν περισπάσας αὐτοῦ βαρβαρικόν τι
μετενέδυσα, καὶ ταῦτα βάρβαρος αὐτὸς εἶναι
δοκῶν· ἠδίκουν γὰρ ἂν τὰ τοιαῦτα εἰς αὐτὸν
παρανομῶν καὶ τὴν πάτριον ἐσθῆτα λωποδυτῶν.
Ἀπολελόγημαι ὡς δυνατὸν ἐμοί· ὑμεῖς δὲ
ὁμοίαν τῇ πάλαι τὴν ψῆφον ἐνέγκατε.</p>
</sp>
</div>

<div type="textpart"  subtype="section"  n="35">
<sp>
<speaker>ΕΡΜΗΣ</speaker>
<p>35 Βαβαί, δέκα ὅλαις κρατεῖς· ὁ γὰρ αὐτὸς ἐκεῖνος
ὁ πάλαι οὐδὲ νῦν ὁμόψηφός ἐστιν. ἀμέλει
τοῦτο ἔθος ἐστίν, καὶ πᾶσι τὴν τετρυπημένην
οὗτος φέρεν· καὶ μὴ παύσαιτο φθονῶν τοῖς ἀρίστοις.
ἀλλʼ ὑμεῖς μὲν ἄπιτε ἀγαθῇ τύχῃ, αὔριον
δὲ τὰς λοιπὰς δικάσομεν.</p>
</sp>
</div>
</div>
</body>
</text>
</TEI>