<ti:work xmlns:ti="http://chs.harvard.edu/xmlns/cts" groupUrn="urn:cts:greekLit:tlg0527" xml:lang="grc" urn="urn:cts:greekLit:tlg0527.tlg014">
  <ti:title xml:lang="eng">Regnorum IV (Regum II In Textu Masoretico)</ti:title>
  <ti:edition urn="urn:cts:greekLit:tlg0527.tlg014.opp-grc2" workUrn="urn:cts:greekLit:tlg0527.tlg014">
    <ti:label xml:lang="eng">Regnorum IV (Regum II In Textu Masoretico)</ti:label>
    <ti:description xml:lang="eng">Septuaginta, Regnorum IV (Regum II In Textu Masoretico)</ti:description>
  </ti:edition>
</ti:work>
