<ti:work xmlns:ti="http://chs.harvard.edu/xmlns/cts" groupUrn="urn:cts:greekLit:tlg0530" xml:lang="grc" urn="urn:cts:greekLit:tlg0530.tlg043">
  <ti:title xml:lang="eng">De optima secta ad Thrasybulum</ti:title>
  <ti:edition urn="urn:cts:greekLit:tlg0530.tlg043.1st1K-grc1" workUrn="urn:cts:greekLit:tlg0530.tlg043">
    <ti:label xml:lang="eng">De optima secta ad Thrasybulum</ti:label>
    <ti:description xml:lang="eng">pseudo-Galen, De optima secta ad Thrasybulum</ti:description>
  </ti:edition>
</ti:work>
