<ti:work xmlns:ti="http://chs.harvard.edu/xmlns/cts" groupUrn="urn:cts:greekLit:tlg0057" xml:lang="grc" urn="urn:cts:greekLit:tlg0057.tlg049">
  <ti:title xml:lang="eng">Adversus eos qui de typis scripserunt vel de circuitibus</ti:title>
  <ti:edition urn="urn:cts:greekLit:tlg0057.tlg049.1st1K-grc1" workUrn="urn:cts:greekLit:tlg0057.tlg049">
    <ti:label xml:lang="eng">Adversus eos qui de typis scripserunt vel de circuitibus</ti:label>
    <ti:description xml:lang="eng">Galen, Adversus eos qui de typis scripserunt vel de circuitibus</ti:description>
  </ti:edition>
</ti:work>
