<ti:work xmlns:ti="http://chs.harvard.edu/xmlns/cts" groupUrn="urn:cts:greekLit:tlg0057" xml:lang="grc" urn="urn:cts:greekLit:tlg0057.tlg063">
  <ti:title xml:lang="eng">Synopsis librorum suorum de pulsibus</ti:title>
  <ti:edition urn="urn:cts:greekLit:tlg0057.tlg063.1st1K-grc1" workUrn="urn:cts:greekLit:tlg0057.tlg063">
    <ti:label xml:lang="eng">Synopsis librorum suorum de pulsibus</ti:label>
    <ti:description xml:lang="eng">Galen, Synopsis librorum suorum de pulsibus</ti:description>
  </ti:edition>
</ti:work>
