<?xml version="1.0" encoding="UTF-8"?>
<?xml-model href="http://www.stoa.org/epidoc/schema/latest/tei-epidoc.rng" schematypens="http://relaxng.org/ns/structure/1.0"?>
<TEI xmlns="http://www.tei-c.org/ns/1.0">
  <teiHeader xml:lang="eng">
    <fileDesc>
      <titleStmt>
        <title xml:lang="lat">De morte Peregrini</title>
        <author xml:lang="lat">Lucianus Samosatenus</author>
        <editor>A. M. Harmon</editor>
        <funder>Harvard Library Arcadia Fund</funder>
        <principal>Gregory Crane</principal>
        <respStmt>
          <persName xml:id="DDD">Digital Divide Data</persName>
          <resp>Corrected and encoded the text</resp>
        </respStmt>
        <respStmt>
          <persName>Gregory Crane</persName>
          <resp>Editor-in-Chief, Perseus Digital Library</resp>
        </respStmt>
        <respStmt>
          <persName>Matt Munson</persName>
          <resp>Project Manager (University of Leipzig), 2016 - present</resp>
        </respStmt>
        <respStmt>
          <persName>Annette Geßner</persName>
          <resp>Project Assistant (University of Leipzig) 2015 - present</resp>
        </respStmt>
        <respStmt>
          <persName>Thibault Clérice</persName>
          <resp>Lead Developer (University of Leipzig)</resp>
        </respStmt>
        <respStmt>
          <persName>Bruce Robertson</persName>
          <resp>Technical Advisor</resp>
        </respStmt>
      </titleStmt>
      <publicationStmt>
        <authority>Harvard College Library</authority>
        <idno type="filename">tlg0062.tlg042.1st1K-grc1.xml</idno>
        <availability>
          <p>Available under a Creative Commons Attribution-ShareAlike 4.0 International License</p>
        </availability>
        <date>2016</date>
        <publisher>Harvard College Library</publisher>
        <pubPlace>United States</pubPlace>
      </publicationStmt>
      <sourceDesc>
        <listBibl>
          <biblStruct>
            <monogr>
              <title>Lucian</title>
              <editor>
                <persName>
                  <name>A. M. Harmon</name>
                </persName>
              </editor>
              <author ref="urn:cts:greekLit:tlg0062" xml:lang="lat">Lucianus Samosatenus</author>
              <imprint>
                <publisher>Harvard University Press</publisher>
                <pubPlace>Cambridge, Mass</pubPlace>
                <date>1962</date>
              </imprint>
              <biblScope unit="volume">5</biblScope>
            </monogr>
            <ref target="https://archive.org/details/lucianhar05luciuoft">The Internet Archive</ref>
          </biblStruct>
        </listBibl>
      </sourceDesc>
    </fileDesc>
    <encodingDesc>
      <p>Text encoded in accordance with the latest EpiDoc standards (January 2014)</p>
      <refsDecl n="CTS">
        <cRefPattern matchPattern="(.+)" n="section" replacementPattern="#xpath(/tei:TEI/tei:text/tei:body/tei:div/tei:div[@n='$1'])"/>
      </refsDecl>
    </encodingDesc>
    <profileDesc>
      <langUsage>
        <language ident="grc">Greek</language>
        <language ident="lat">Latin</language>
      </langUsage>
    </profileDesc>
    <revisionDesc>
      <change/>
    </revisionDesc>
  </teiHeader>
<text>
<body>
  <div type="edition" xml:lang="grc" n="urn:cts:greekLit:tlg0062.tlg042.1st1K-grc1">
<pb n="2"/>
<head>ΠΕΡΙ ΤΗΣ ΠΕΡΕΓΡΙΝΟΥ ΤΕΛΕΥΤΗΣ</head>

<div type="textpart" subtype="section" n="1">
<p>Λουκιανὸς Κρονίῳ εὖ πράττειν.</p>
<p>1 Ὁ κακοδαίμων Περεγρῖνος, ἢ ὡς αὐτὸς ἔχαιρεν
ὀνομάζων ἑαυτόν, Πρωτεύς, αὐτὸ δὴ ἐκεῖνο
τὸ τοῦ Ὁμηρικοῦ Πρωτέως ἔπαθεν· ἅπαντα
γὰρ δόξης ἕνεκα γενόμενος καὶ μυρίας τροπὰς
τραπόμενος, τὰ τελευταῖα ταῦτα καὶ πῦρ ἐγένετο·
τοσούτῳ ἄρα τῷ ἔρωτι τῆς δόξης εἴχετο. καὶ νῦν
ἐκεῖνος ἀπηνθράκωταί σοι ὁ βέλτιστος κατὰ τὸν
Ἐμπεδοκλέα, παῤ ὅσον ὁ μὲν κἂν διαλαθεῖν ἐπειράθη
<note type="footnote">This piece is wanting in N and several other MSS. because
it was in the Index Librorum Prohibitorum. It has been
edited separately by Lionello Levi, with the readings of
eight MSS., chief of which are Γ, X (Pal. 73, and M (Par.
2954).</note>
<note type="footnote">1 The greeting here employed (its sense might perhaps be
more adequately rendered by “Good issues to all your
doings”) marks Cronius as a Platonist. Lucian himself
(Lapsus, 4) ascribes its origin to Plato, and he employs it in
addressing the philosopher Nigrinus (I, p. 98). Α Platonist
named Cronius is more than once mentioned by Porphyry,
but to identify the two would contribute next to nothing to
our knowledge of either.</note>
<note type="footnote">2 Cf. Aulus Gellius, XII, 11: philosophum nomine Peregrinum,
cui postea cognomentum Proteus factum est, virum
gravem et constantem, etc. Lucian calls him Peregrinus
Proteus in Demonax, 21 (I, p. 156), but simply Proteus the
Cynic in adv. Indoct., 14 (III, p. 192), and he is Proteus to</note>

<pb n="4"/>
ἐμβαλὼν ἑαυτὸν εἰς τοὺς κρατῆρας, ὁ δὲ
γεννάδας οὗτος, τὴν πολυανθρωποτάτην τῶν
Ἑλληνικῶν πανηγύρεων τηρήσας, πυρὰν ὅτι
μεγίστην νήσας ἐνεπήδησεν ἐπὶ τοσούτων μαρτύρων,
καὶ λόγους τινὰς ὑπὲρ τούτου εἰπὼν
πρὸς τοὺς Ἕλληνας οὐ πρὸ πολλῶν ἡμερῶν τοῦ
τολμήματος.</p>
</div>

<div type="textpart" subtype="section" n="2">
<p>2 Πολλὰ τοίνυν δοκῷ μοι ὁρᾶν σε γελῶντα
ἐπὶ τῇ κορύζῃ τοῦ γέροντος, μᾶλλον δὲ καὶ ἀκούω
βοῶντος οἷά σε εἰκὸς βοᾶν, “Ὤ τῆς ἀβελτερίας,
ὢ τῆς δοξοκοπίας, ὢ—᾿᾿ τῶν ἄλλων ἃ λέγειν
εἰώθαμεν περὶ αὐτῶν. σὺ μὲν οὖν πόρρω ταῦτα
καὶ μακρῷ ἀσφαλέστερον, ἐγὼ δὲ παρὰ τὸ πῦρ αὐτὸ
καὶ ἔτι πρότερον ἐν πολλῷ πλήθει τῶν ἀκροατῶν
εἶπον αὐτά, ἐνίων μὲν ἀχθομένων, ὅσοι ἐθαύμαζον
τὴν ἀπόνοιαν τοῦ γέροντος· ἤσαν δέ τινες
οἴ καὶ αὐτοὶ ἐγέλων ἐπʼ αὐτῷ. ἀλλʼ ὀλίγου δεῖν
ὑπὸ τῶν Κυνικῶν ἐγώ σοι διεσπάσθην ὥσπερ ὁ
Ἀκταίων ὑπὸ τῶν κυνῶν ἢ ὁ ἀνεψιὸς αὐτοῦ ὁ
Πενθεὺς ὑπὸ τῶν Μαινάδων.</p>
</div>

<div type="textpart" subtype="section" n="3">
<p>3 Ἡ δὲ πᾶσα τοῦ πράγματος διασκευὴ τοιάδε
ἦν. τὸν μὲν ποιητὴν οἶσθα οἷός τε ἦν καὶ ἡλίκα
ἐτραγῴδει παρʼ ὅλον τὸν βίον, ὑπὲρ τὸν Σοφοκλέα
καὶ τὸν Αἰσχύλον. ἐγὼ δὲ ἐπεὶ τάχιστα εἰς τὴν
Ἦλιν ἀφικόμην, διὰ τοῦ γυμνασίου ἀνιὼν <note type="footnote" n="1"></note> ἐπήκουον
ἅμα Κυνικοῦ τινος μεγάλῃ καὶ τραχείᾳ τῇ φωνῇ
τὰ συνήθη ταῦτα καὶ ἐκ τριόδου τὴν ἀρετὴν
ἐπιβοωμένου καὶ ἅπασιν ἀπαξαπλῶς λοιδορουμένου.
εἶτα κατέληξεν αὐτῷ ἡ βοὴ ἐς τὸν
<note type="footnote">1 ἀνιὼν Sommerbrodt.: αὐτῶν MSS.</note>
<note type="footnote">2 Up᾿᾿ means to Olympia (cf. § 31).</note>

<pb n="6"/>
Πρωτέα, καὶ ὡς ἂν οἷός τε ὦ πειράσομαί σοι
αὐτὰ ἐκεῖνα ἀπομνημονεῦσαι ὡς ἐλέγετο. σὺ δὲ
γνωριεῖς δηλαδή, πολλάκις αὐτοῖς παραστὰς βοῶσιν.</p>
</div>

<div type="textpart" subtype="section" n="4">
<p>4 “ Πρωτέα γάρ τις,” ἔφη, “κενόδοξον τολμᾷ
λέγειν, ὦ γῇ καὶ ἥλιε καὶ ποταμοὶ καὶ θάλαττα
καὶ πατρῷε Ἡράκλεις—Πρωτέα τὸν ἐν Συρίᾳ
δεθέντα, τὸν τῇ πατρίδι ἀνέντα πεντακισχίλια
τάλαντα, τὸν ἀπὸ τῆς Ῥωμαίων πόλεως ἐκβληθέντα,
τὸν τοῦ Ἡλίου ἐπισημότερον, τὸν αὐτῷ
ἀνταγωνίσασθαι τῷ Ὀλυμπίῳ δυνάμενον; ἀλλ᾿
ὅτι διὰ πυρὸς ἐξάγειν τοῦ βίου διέγνωκεν ἑαυτόν,
εἰς κενοδοξίαν τινὲς τοῦτο ἀναφέρουσιν; οὐ γὰρ
Ἡρακλῆς οὕτως; οὐ γὰρ Ἀσκληπιὸς καὶ Διόνυσος
κεραυνῷ; οὐ γὰρ τὰ τελευταῖα Ἐμπεδοκλῆς
εἰς τοὺς κρατῆρας;”</p>
</div>

<div type="textpart" subtype="section" n="5">
<p>5 Ὡς δὲ ταῦτα εἶπεν ὁ Θεαγένης—τοῦτο γὰρ
ὁ κεκραγὼς ἐκεῖνος ἐκαλεῖτο—ἠρόμην τινὰ τῶν
παρεστώτων, “Τί βούλεται τὸ περὶ τοῦ πυρός, ἢ τί
Ἡρακλῆς καὶ Ἐμπεδοκλῆς πρὸς τὸν Πρωτέα.”
ὁ δέ, “Οὐκ εἰς μακράν,” ἔφη, “καύσει ἑαυτὸν
ὁ Πρωτεὺς Ὀλυμπίασιν.” “Πῶς,” ἔφην, “ἢ
τίνος ἕνεκα; ” εἶτα ὁ μὲν ἐπειρᾶτο λέγειν, ἐβόα
δὲ ὁ Κυνικός, ὥστε ἀμήχανον ἦν ἄλλου ἀκούειν.
ἐπήκουον οὖν τὰ λοιπὰ επαντλοῦντος αὐτοῦ καί
<note type="footnote">1 The cases of Dionysus and Asclepius were not quite
parallel. Zeus could not have Asclepius raising the dead,
and so transferred his activities to a higher sphere by means
of the thunderbolt. was Semele, the mother of Dionysus,
whom his other bolt carbonised; but as it certainly effected,
even if only incidentally, the translation of Dionysus, and as
one of the epigrams in the Anthology (XVI, 185) similarly
links Dionysus with Heracles as having achieved immortality
by fire, it is hard to see why so many editors have pruned</note>

<pb n="8"/>
θαυμαστάς τινας ὑπερβολὰς διεξιόντος κατὰ τοῦ
Πρωτέως· τὸν μὲν γὰρ Σινωπέα ἢ τὸν διδάσκαλον
αὐτοῦ Ἀντισθένη οὐδὲ παραβάλλειν ἠξίου αὐτῷ,
ἀλλ᾿ οὐδὲ τὸν Σωκράτη αὐτόν, ἐκάλει δὲ τὸν Δία
ἐπὶ τὴν ἅμιλλαν. εἶτα μέντοι ἔδοξεν αὐτῷ ἴσους
πως φυλάξαι αὐτούς, καὶ οὕτω κατέπαυε τὸν
λόγον·</p>
</div>

<div type="textpart" subtype="section" n="6">
<p>6 “Δύο γὰρ ταῦτα,” ἔφη, “ὁ βίος ἄριστα
δημιουργήματα ἐθεάσατο, τὸν Δία τὸν Ὀλύμπιον
καὶ Πρωτέα· πλάσται δὲ καὶ τεχνῖται, τοῦ μὲν
Φειδίας, τοῦ δὲ ἡ φύσις. ἀλλὰ νῦν ἐξ ἀνθρώπων
εἰς θεοὺς τὸ ἄγαλμα τοῦτο οἰχήσεται, ὀχούμενον
ἐπὶ τοῦ πυρός, ὀρφανοὺς ἡμᾶς καταλιπόν.”
ταῦτα ξὺν πολλῷ ἱδρῶτι διεξελθὼν ἐδάκρυε μάλα
γελοίως καὶ τὰς τρίχας ἐτίλλετο, ὑποφειδόμενος
μὴ πάνυ ἕλκειν· καὶ τέλος ἀπῆγον αὐτὸν λύζοντα
μεταξὺ τῶν Κυνικῶν τινες παραμυθούμενοι.</p>
</div>

<div type="textpart" subtype="section" n="7">
<p>7 Μετὰ δὲ τοῦτον ἄλλος εὐθὺς ἀναβαίνει, οὐ
περιμείνας διαλυθῆναι τὸ πλῆθος ἀλλὰ ἐπ᾿ αἰθομένοις
τοῖς προτέροις ἱερείοις ἐπέχει τῶν σπονδῶν.
καὶ τὸ μὲν πρῶτον ἐπὶ πολὺ ἐγέλα καὶ δῆλος ἦν
νειόθεν αὐτὸ δρῶν· εἶτα ἤρξατο ὧδέ πως· “Ἐπεὶ
ὁ κατάρατος Θεαγένης τέλος τῶν μιαρωτάτων
αὐτοῦ λόγων τὰ Ἡρακλείτου δάκρυα ἐποιήσατο,
ἐγὼ κατὰ τὸ ἐναντίον ἀπὸ τοῦ Δημοκρίτου
γέλωτος ἄρξομαι.” καὶ αὖθις ἐγέλα ἐπὶ πολύ,
ὥστε καὶ ἡμῶν τοὺς πολλοὺς ἐπὶ τὸ ὅμοιον
<note type="footnote">1 Diogens.</note>
<note type="footnote">2 Evidently the Cynic had spoken from a high place
(perhaps the portico of the gymnasium) to which the new
speaker now ascends. What Lucian has previously said (§ 2),
together with this failure here to say a word about the identity</note>

<pb n="10"/>
ἐπεσπάσατο.</p>
</div>

<div type="textpart" subtype="section" n="8">
<p>8 εἶτα ἐπιστρέψας ἑαυτόν, “ Ἢ τί
γὰρ ἄλλο,᾿᾿ ἔφη, “ ὦ ἄνδρες, χρὴ ποιεῖν ἀκούοντας
μὲν οὕτω γελοίων ῥήσεων, ὁρῶντας δὲ ἄνδρας
γέροντας δοξαρίου καταπτύστου ἕνεκα μονονουχί
κυβιστῶντας ἐν τῷ μέσῳ; ὡς δὲ εἰδείητε
ἷόν τι τὸ ἄγαλμά ἐστι τὸ καυθησόμενον, ἀκούσατέ
μου ἐξ ἀρχῆς παραφυλάξαντος τὴν γνώμην
αὐτοῦ καὶ τὸν βίον ἐπιτηρήσαντος· ἕνια δὲ παρὰ
τῶν πολιτῶν αὐτοῦ ἐπυνθανόμην καὶ οἶς ἀνάγκη
ἢν ἀκριβῶς εἰδέναι αὐτόν.</p>
</div>

<div type="textpart" subtype="section" n="9">
<p>9 Γὸ γὰρ τῆς φύσεως τοῦτο πλάσμα καὶ δημιούργημα,
ὁ τοῦ Πολυκλείτου κανών, ἐπεὶ εἰς ἄνδρας
τελεῖν ἤρξατο, ἐν Ἀρμενίᾳ μοιχεύων ἁλοὺς μάλα
πολλὰς πληγὰς ἕλαβεν καὶ τέλος κατὰ τοῦ τέγους
ἁλόμενος διέφυγε, ῥαφανῖδι σὴν πυγὴν βεβυσμένος.
εἶτα μειράκιόν τι ὡραῖον διαφθείρας τρισχιλίων
ἐξωνήσατο παρὰ τῶν γονέων τοῦ παιδός, πενήτων
ὄντων, μὴ ἐπὶ τὸν ἁρμοστὴν ἀπαχθῆναι τῆς Ἀσίας.</p>
</div>

<div type="textpart" subtype="section" n="10">
<p>10 “ Ταῦτα καὶ τὰ τοιαῦτα ἐάσειν μοι δοκῶ·
πηλὸς γὰρ ἔτι ἄπλαστος ἦν καὶ οὐδέπω ἐντελὲς
ἄγαλμα ἡμῖν δεδημιούργητο. ἃ δὲ τὸν πατέρα
ἕδρασεν καὶ πάνυ ἀκοῦσαι ἄξιον· καίτοι πάντες
ἴστε, καὶ ἀκηκόατε ὡς ἀπέπνιξε τὸν γέροντα,
οὐκ ἀνασχόμενος αὐτὸν ὑπὲρ ἐξήκοντα ἔτη ἤδη
γηρῶντα. εἶτα ἐπειδὴ τὸ πρᾶγμα διεβεβόητο,
φυγὴν ἑαυτοῦ καταδικάσας ἐπλανᾶτο ἄλλοτε
ἄλλην ἀμείβων.</p>
<note type="footnote">1 ἀκούοντας . . . ὁρῶντας Γ: ἀκούοντα . . . ὁρῶντα XMF,</note>
<note type="footnote">1 The proportions of the statue of a naked youth carrying
a spear (the Doryphorus) made by Polyclitus, were analysed</note>
</div>

<div type="textpart" subtype="section" n="11">
<pb n="12"/>
<p>11 “ Ὅτεπερ καὶ τὴν θαυμαστὴν σοφίαν τῶν
Χριστιανῶν ἐξέμαθεν, περὶ τὴν Παλαιστίνην τοῖς
ἱερεῦσιν καὶ γραμματεῦσιν αὐτῶν ξυγγενόμενος.
καὶ τί γάρ; ἐν βραχεῖ παῖδας αὐτοὺς ἀπέφηνε,
προφήτης καὶ <note type="footnote" n="1"></note> θιασάρχης καὶ ξνναγωγεὺς καὶ
πάντα μόνος αὐτὸς ὥν, καὶ τῶν βίβλων τὰς μὲν ἐξηγεῖτο
καὶ διεσάφει, πολλὰς δὲ  αὐτὸς καὶ συνέγραφεν,
καὶ ὡς θεὸν αὐτὸν ἐκεῖνοι ᾐδοῦντο <note type="footnote" n="2"></note> καὶ νομοθέτῃ
ἐχρῶντο καὶ προστάτην ἐπεγράφοντο, μετὰ <note type="footnote" n="3"></note>
γοῦν ἐκεῖνον ὃν<note type="footnote" n="4"></note> ἔτι σέβουσι, τὸν ἄνθρωπον τὸν
ἐν τῇ Παλαιστίνῃ ἀνασκολοπισθέντα, ὅτι καινὴν
ταύτην<note type="footnote" n="5"></note> τελετὴν εἰσῆγεν ἐς 6 τὸν βίον.</p>
</div>

<div type="textpart" subtype="section" n="12">
<p>12 “ Γότε δὴ καὶ συλληφθεὶς ἐπὶ τούτῳ ὁ Πρωτεὺς
ἐνέπεσεν εἰς τὸ δεσμωτήριον, ὅπερ καὶ
αὐτὸ οὐ μικρὸν αὐτῷ ἀξίωμα περιεποίησεν πρὸς
τὸν ἐξῆς βίον καὶ τὴν τερατείαν καὶ δοξοκοπίαν
ὥν ἐρῶν ἐτύγχανεν. ἐπεὶ δʼ οὖν ἐδέδετο, οἱ
Χριστιανοὶ συμφοράν ποιούμενοι τὸ πρᾶγμα πάντα
ἐκίνουν ἐξαρπάσαι πειρώμενοι αὐτόν. εἶτʼ, ἐπεὶ
τοῦτο ἦν ἀδύνατον, ἥ γε ἄλλη θεραπεία πᾶσα οὐ
παρέργως ἀλλὰ σὺν σπουδῇ ἐγίγνετο· καὶ ἕωθεν
μὲν εὐθὺς ἦν ὁρᾶν παρὰ τῷ δεσμωτηρίῳ περιμένοντα
γρᾴδια χήρας τινὰς καὶ παιδία ὀρφανά,
οἱ δὲ ἐν τέλει αὐτῶν καὶ συνεκάθευδον ἕνδον μετʼ
αὐτοῦ διαφθείραντες τοὺς δεσμοφύλακας. εἶτα
δε ῖπνα ποικίλα εἰσεκομίζετο καὶ λόγοι ἱεροὶ
αὐτῶν ἐλέγοντο, καὶ ὁ βέλτιστος Περεγρῖνος—
ἔτι γὰρ τοῦτο ἐκαλεῖτο-καινὸς Σωκράτης ὑπʼ
αὐτῶν ὠνομάζετο.</p>
<note type="footnote">1 καὶ ΜF : not in ΓΧ.</note>
<note type="footnote">2 ᾐδοῦντο Cοbst, Fritzsche: ἡγοντο MSS.</note>
<note type="footnote">3 ἐπεγράφοντο, μετὰ Cοbet: ἐπέγραφον· τόν μέγαν MSS.</note>
</div>

<div type="textpart" subtype="section" n="13">
<pb n="14"/>
<p>13 “ Καὶ μὴν κἀκ<note type="footnote" n="1"></note> τῶν ἐν Ἀσίᾳ πόλεων ἔστιν
ὧν ἧκόν τινες, τῶν Χριστιανῶν στελλόντων ἀπὸ
τοῦ κοινοῦ, βοηθήσοντες καὶ συναγορεύσοντες καὶ
παραμυθησόμενοι τὸν ἄνδρα. ἀμήχανον δέ τι
τὸ τάχος ἐπιδείκ υνται, ἐπειδάν τι τοιοῦτον
γένηται δημόσιον· ἐν βραχεῖ γὰρ ἀφειδοῦσι
πάν. καὶ καὶ τῷ Περεγρίνῳ πολλὰ τότε
ἧκεν χρήματα παρʼ αὐτῶν ἐπὶ προφάσει τῶν
δεσμῶν, καὶ πρόσοδον οὐ μικρὰν ταύτην ἐποιήσατο.
πεπείκασι γὰρ αὐτοὺς οἱ κακοδαίμονες τὸ
μὲν ὅλον ἀθάνατοι ἔσεσθαι καὶ βιώσεσθαι τὸν ἀεὶ
χρόνον, παρ᾿  ὃ καταφρονοῦσιν τοῦ θανάτου καὶ
ἑκόντες αὑτοὺς ἐπιδιδόασιν οἱ πολλοί. ἔπειτα δὲ
ὁ νομοθέτης ὁ πρῶτος ἔπεισεν αὐτοὺς ὡς ἀδελφοὶ
πάντες εἶεν ἀλλήλων, ἐπειδὰν ἅπαξ παραβάντες
θεοὺς μὲν τοὺς Ἑλληνικοὺς ἀπαρνήσωνται, τὸν
δὲ, ἀνεσκολοπισ ένον ἐκεῖνον σοφισὴν αὐτὸν <note type="footnote" n="3"></note>
προσκυνῶσιν καὶ κατὰ τοὺς ἐκείνου νόμους βιῶσιν.
καταφρονοῦσιν οὖν ἀπάντων ἐξ ἴσης καὶ κοινὰ
ἡγοῦνται, ἄνευ τινὸς ἀκριβοῦς πίστεως τὰ τοιαῦτα
παραδεξάμενοι. ἢν τοίνυν παρέλθῃ τις εἰς αὐτοὺς
γόης καὶ τεχνίτης ἄνθρωπος καὶ πράγμασιν
χρῆσθαι καὶ δυνάμενος,  αὐτίκα μάλα πλοσ ιος ἐν
βραχεῖ ἐγένετο ἰδιώτις ἀνθρώποις ἐγχανών.</p>
</div>

<div type="textpart" subtype="section" n="14">
<p>14 “ Πλὴν   ἀλλ᾿  ὁ Περεγρῖνος ἀφείθη ὑπὸ τοῦ τότε
τῆς Συρίας ἄρχοντος, ἀνδρὸς φιλοσοφίᾳ χαίροντος,
<note type="footnote">1 κἀκ Jacobitz, Dindorf: καὶ MSS.</note>
<note type="footnote">2 ἐποιήσατο X2 (Faber): ἐποιήσαντο X1, cett,</note>
<note type="footnote">3 αὐτὸν X, Sommerbrodt: αὐτῶν ΓM.</note>

<pb n="16"/>
ὃς συνεὶς τὴν ἀπόνοιαν αὐτοῦ καὶ ὅτι δέξαιτʼ
ἄν ἀποθανεῖν ὡς δόξαν ἐπὶ τούτῳ ἀπολίποι,
ἀφῆκεν αὐτὸν οὐδὲ τῆς κολάσεως ὑπολαβὸν
ἄξιον. ὁ δὲ εἰς τὴν οἰκείαν ἐπανελθὼν καταλαμβάνει
τὸ περὶ τοῦ πατρῴου φόνου ἔτι φλεγμαῖνον
καὶ πολλοὺς τοὺς ἐπανατεινομένους τὴν κατηγορίαν.
διήρπαστο δὲ τὰ πλεῖστα τῶν κτημάτων
παρὰ τὴν ἀποδημίαν αὐτοῦ καὶ μόνοι ὑπελείποντο
οἱ ἀγροὶ ὅσον εἰς πεντεκαίδεκα τάλαντα.
ἦν γὰρ ἡ πᾶσα οὐσία τριάκοντά που ταλάντων ἀξία
ἢν ὁ γέρων κατέλιπεν, οὐχ ὥσπερ ὁ παγγέλοιος
Θεαγένης ἔλεγε πεντακισχιλίων· τοσούτου γὰρ
οὐδὲ ἡ πᾶσα τῶν Παριανῶν πόλις πέντε σὺν αὐτῇ
τὰς γειτνιώσας παραλαβοῦσα πραθείη ἄν αὐτοῖς
ἀνθρώποις καὶ βοσκήμασιν καὶ τῇ λοιπῇ παρασκευῇ.</p>
</div>

<div type="textpart" subtype="section" n="15">
<lb n="15"/> <p>“Ἀλλʼ ἔτι γε ἡ κατηγορία καὶ τὸ ἔγκλημα
θερμὸν ἦν, καὶ ἐώκει οὐκ εἰς μακρὰν ἐπαναστήσεσθαί
τις αὐτῷ, καὶ μάλιστα ὁ δῆμος αὐτὸς ἠγανάκτει,
χρηστόν, ὡς ἔφασαν οἱ ἰδόντες, γέροντα πενθοῦντες
οὕτως ἀσεβῶς ἀπολωλότα. ὁ δὲ σοφὸς οὗτος
Πρωτεὺς πρὸς ἅπαντα ταῦτα σκέψασθε οἷόν τι
ἐξεῦρεν καὶ ὅπως τὸν κίνδυνον διέφυγεν. παρελθὼν
γὰρ εἰς τὴν ἐκκλησίαν τῶν Παριανῶν—ἐκόμα δὲ
ἤδη καὶ τρίβωνα πιναρὸν ἠμπείχετο καὶ πήραν
παρήρτητο καὶ τὸ ξύλον ἐν τῇ χειρὶ ἦν, καὶ ὅλως
μάλα τραγικῶς ἐσκεύαστο-τοιοῦτος οὖν ἐπιφανεὶς
αὐτοῖς ἀφεῖναι ἔφη τὴν οὐσίαν ἣν ὁ μακαρίτης

<pb n="18"/>
πατὴρ αὐτῷ κατέλιπεν δημοσίαν εἶναι πᾶσαν.
τοῦτο ὡς ἤκουσεν ὁ δῆμος, πένητες ἄνθρωποι καὶ
πρὸς διανομὰς κεχηνότες, ἀνέκραγον εὐθὺς ἕνα
φιλόσοφον, ἕνα φιλόπατριν, ἕνα Διογένους καὶ
Κράτητος ζηλωτήν. οἱ δὲ ἐχθροὶ ἐπεφίμωντο,
κἂν εἴ τις ἐπιχειρήσειεν μεμνῆσθαι τοῦ φόνου,
λίθοις εὐθὺς ἐβάλλετο.</p>
</div>

<div type="textpart" subtype="section" n="16">
<p>16 “Ἐξῄει οὖν τὸ δεύτερον πλανησόμενος, ἱκανὰ
ἐφόδια τοὺς Χριστιανοὺς ἔχων, ὑφ᾿ ὧν δορυφορούμμεγγος
ἐν ἅπασιν ἀφθόνοις ἦν. καὶ χρόνον μέν τινα
οὕτως ἐβόσκετο· εἶτα παρανομήσας τι καὶ ἐς
ἐκείνους—ὤφθη γάρ τι, ὡς οἶμαι, ἐσθίων τῶν
ἀπορρήτων αὐτοῖς —οὐκέτι προσιεμένων αὐτὸν ἀπορούμενος
ἐκ παλινῳδίας ἀπαιτεῖν ᾤετο δεῖν παρὰ
τῆς πόλεως τὰ κτήματα, καὶ γραμματεῖον ἐπιδοὺς
ἠξίου ταῦτα κομίσασθαι κελεύσαντος βασιλέως.
εἶτα τῆς πόλεως ἀντιπρεσβευσαμένης οὐδὲν ἐπράχθη,
ἀλλ᾿ ἐμμένειν ἐκελεύσθη οἷς ἅπαξ διέγνω
μηδενὸς καταναγκάσαντος.</p>
</div>

<div type="textpart" subtype="section" n="17">
<p>17 “Τρίτη ἐπὶ τούτοις ἀποδημία εἰς Αἴγυπτον
παρὰ τὸν Ἀγαθόβουλον, ἵναπερ τὴν θαυμαστὴν
ἄσκησιν διησκεῖτο, ξυρόμενος μὲν τῆς κεφαλῆς
τὸ ἥμισυ, χριόμενος δὲ πηλῷ τὸ πρόσωπον, ἐν
πολλῷ δὲ τῶν περιεστώτων δήμῳ ἀναφλῶν τὸ
<note type="footnote">1 The phrase is F. D. Allinson's.</note>
<note type="footnote">2 In Acts 15, 29 the apostles and the elder brethren prescribe
abstaining “from sacrifices offered to idols, and from
blood, and from things strangled” (εἰδολόθυτα καὶ αἷμα καὶ
πνικτά). Probably what Lucian has in mind is pagan sacrificial
meats. This may be just a guess, from the way he
puts it; but if so, it is highly plausible on account of the</note>

<pb n="20"/>
αἰδοῖον καὶ τὸ ἀδιάφορον<note type="footnote" n="1"></note> δὴ τοῦτο καλούμενον
ἐπιδεικνύμενος, εἶτα παίων καὶ παιόμενος νάρθηκι
εἰς τὰς πυγὰς καὶ ἄλλα πολλὰ νεανικώτερα
θαυματοποιῶν.</p>
</div>

<div type="textpart" subtype="section" n="18">
<p>18 “ Ἐκεῖθεν δὲ οὕτω παρεσκευασμένος ἐπὶ Ἰταλίας<note type="footnote" n="2"></note>
ἔπλευσεν καὶ ἀποβὰς τῆς νεὼς εὐθὺς ἐλοιδορεῖτο
πᾶσι, καὶ μάλιστα τῷ βασιλεῖ, πρᾳότατον
αὐτὸν καὶ ἡμερώτατον εἰδώς, ὥστε ἀσφαλῶς
ἐτόλμα· ἐκείνῳ γάρ, ὡς εἰκός, ὀλίγον ἔμελεν
τῶν βλασφημιῶν καὶ οὐκ ἠξίου τὴν <note type="footnote" n="3"></note> φιλοσοφίαν
ὑποδυόμενόν τινα κολάζειν ἐπὶ ῥήμασι καὶ μάλιστα
τέχνην τινὰ τὸ λοιδορεῖσθαι πεποιημένον. τούτῳ
δὲ καὶ ἀπὸ τούτων τὰ τῆς δόξης ηὐξάνετο, παρὰ
γοῦν τοῖς ἰδιώταις, καὶ περίβλεπτος ἦν ἐπὶ τῇ
ἀπονοίᾳ, μέχρι δὴ ὁ τὴν πόλιν ἐπιτετραμμένος
ἀνὴρ σοφὸς ἀπέπεμψεν αὐτὸν ἀμέτρως ἐντρυφῶντα
τῷ πράγματι, εἰπὼν μὴ δεῖσθαι τὴν πόλιν τοιούτου
φιλοσόφου. πλὴν ἀλλὰ καὶ τοῦτο κλεινὸν αὐτοῦ
καὶ διὰ στόματος ἦν ἃπασιν, ὁ φιλόσοφος διὰ τὴν
παρρησίαν καὶ τὴν ἄγαν ἐλευθερίαν ἐξελαθείς,
καὶ προσήλαυνε κατὰ τοῦτο τῷ Μουσωνίῳ καὶ
Δίωνι καὶ Ἐπικτήτῳ καὶ εἴ τις ἄλλος ἐν περιστάσει
τοιαύτη ἐγένετο.</p>
</div>

<div type="textpart" subtype="section" n="19">
<p>19 “ Οὕτω δὴ ἐπὶ τὴν Ἑλλάδα ἐλθὼν ἄρτι μὲν
Ἠλείοις ἐλοιδορεῖτο, ἄρτι δὲ τοὺς Ἕλληνας
ἔπειθεν ἀντάρασθαι ὅπλα Ῥωμαίοις, ἄρτι δὲ
ἄνδρα παιδείᾳ καὶ ἀξιώματι προὔχοντα, διότι καὶ
ἐν τοῖς ἄλλοις εὖ ἐποίησεν τὴν Ἑλλάδα καὶ
<note type="footnote">1 ἀδιάφθορον MSS.: corrected in ed. Flor. (1496).</note>
<note type="footnote">2 Ἰταλίας ΓΧ : Ἰταλίαν MF, edd.</note>
<note type="footnote">3 τὴν XF : τὸν ΓΜ.</note>

<pb n="22"/>
ὕδωρ ἐπήγαγεν τῇ Ὀλυμπίᾳ καὶ ἔπαυσε δίψει
ἀπολλυμένους τοὺς πανηγυριστάς, κακῶς ἠγόρευεν
ὡς καταθηλύναντα τοὺς Ἕλληνας, δέον τοὺς θεατὰς
τῶυ Ὀλυμπίων διακαρτερεῖν διφῶντας καὶ νὴ
Δία γε καὶ ἀποθ ήσκειν πολλοὺς αὐτῶν ὑπὸ
σφοδρῶν τῶν νόσων, αἰ τέως διὰ τὸ ξηρὸν τοῦ
χωρίου ἐν πολλῷ τῷ πλήθει ἐπεπόλαζον. καὶ
ταῦτα ἔλεγε πίνων τοῦ αὐτοῦ ὕδατος.
“ Ὡς δὲ μικροῦ κατέλευσαν αὐτὸν ἐπιδραμόντες
ἄπαντες, τότε μὲν ἐπὶ τόν Δία καταφυγῶν ὁ
<lb n="20"/> γενναῖος εὕρετο μὴ ἀποθανεῖν,</p>
</div>

<div type="textpart" subtype="section" n="20">
<p>20 ἐς δὲ τὴν ἐξῆς
Ὀλυμπιάδα λόγον τινὰ διὰ τεττάρων ἐτῶν συνθεὶς
τῶν διὰ μέσου ἐξήνεγκε πρὸς τοὺς Ἕλληνας,
ἔπαινον ὑπὲρ τοῦ τὸ ὕδωρ ἐπαγαγόντος καὶ
ἀπολογίαν ὑπὲρ τῆς τότε φυ γῆς.</p>
<p>“Ἤδη δὲ ἀμελούμενος ὑφ’ ἀπάντων καὶ μηφεέθʼ
ὁμοίως περίβλεπτος ὤν—ἕωλα γὰρ ἦν ἅπαντα καὶ
οὐδὲν ἔτι καινουργεῖν ἐδύνατο ἐφʼ ὅτῳ ἐκπλήξει<note type="footnote" n="1"></note>
τοὺς ἐντυχάνοντας καὶ θαυμάζειν καὶ πρὸς
αὐτὸν ἀποβλέπειν ποιήσει, οὗπερ ἐξ ἀρχῆς δριμύν
τινα ἔρωτα ἐρῶν ἐτύγχανεν—τὸ τελευταῖον τοῦτο
τόλμημα  ἐβουλεύσατο περὶ τῆς πυρᾶς, καὶ διέδωκε
λόγον ἐς τοὺς Ἕλληνας εὐθὺς ἀπʼ Ὀλυμπίων  τῶν
ἔμπροσθεν ὡς ἐς τοὐπιὸν καύσων ἑαυτόν.</p>
</div>

<div type="textpart" subtype="section" n="21">
<p>21 καὶ
νῦν αὐτὰ ταῦτα θαυματοποιεῖ, ὥς φασι, βόθρον
<note type="footnote">1 ἐκπλήξει MF, edd: ἐκπλήξειε ΓΧ.</note>

<pb n="24"/>
ὀρύττων καὶ ξύλα συγκομίζων καὶ δεινήν τινα
τὴν καρτερίαν ὑπισχνούμενος.</p>
<p>“Ἐχρῆν δέ, οἶμαι, μάλιστα μὲν περιμένειν τὸν
θάνατον καὶ μὴ δραπετεύειν ἐκ τοῦ βίου· εἰ δὲ καὶ
πάντως διέγνωστό οἱ ἀπαλλάττεσθαι, μὴ πυρὶ μηδὲ
τοῖς ἀπὸ τῆς τραγῳδίας τούτοις λχρῆσθαι, ἀλλ᾿  ἕτερόν
τινα θανάτου τρόπον, μυρίων ὄντων, ἑλόμενον <lb n="1"/>
ἀπελθεῖν. εἰ δὲ καὶ τὸ πῦρ ὡς Ἡράκλειόν τι
ἀσπάζεται, τί δή ποτε οὐχὶ κατὰ σιγὴν ἑλόμενος
ὄρος εὔδενδρον ἐν ἐκείνῳ ἑαυτὸν ἐνέπρησεν μόνος,
ἕνα τινὰ οἷον Θεαγένη τοῦτον Φιλοκτήτην παραλαβών;
ὁ δὲ ἐν Ὀλυμπίᾳ τῆς πανηγύρεως πληθούσης
μόνον οὐκ ἐπὶ σκηνῆς πτήσει ἑαυτόν, οὐκ
ἀνάξιος ὤν, μὰ τὸν Ἡρακλέα, εἴ γε χρὴ καὶ τοὺς
πατραλοίας καὶ τοὺς ἀθέους δίκας διδόναι τῶν
τολμημάτων. καὶ κατὰ τοῦτο πάνυ ὀψὲ δρᾶν
αὐτὸ ἔοικεν, ὃν ἐχρῆν πάλαι ἐς τὸν τοῦ Φαλάριδος
ταῦρον ἐμπεσόντα τὴν ἀξίαν ἀποτετικέναι, ἀλλὰ
μὴ ἅπαξ χανόντα πρὸς τὴν φλόγα ἐν ἀκαρεῖ
<note type="footnote">1 ἐλεύθερον 1.</note>
<note type="footnote">1 Thanks to Paul Graindor, the date of the Olympiads
mentioned in connection with Peregrinus can now be determined.
He has deduced from the apparent ages of the children
represented in the exedra erected by Herodes on the completion
of his aquedct that this took place in A.D. 153
(Hérode Atticus et Sa Famille, pp. 87—88). His deduction
finds support in the text of Lucian as soon as we recognise
that Lucian is talking about four different Olympiads, not
three. The first is that on which Peregrinus criticised the
aqueduct, which will be the year of its completion, A.D. 153.
At the next (τὴν ἑξῆς, A.D. 157) he withdrew his criticism.
The Olympiad just after which he announced his intention
of cremating himself need not and cannot be identical with</note>

<pb n="26"/>
τεθνάναι. καὶ γὰρ αὖ καὶ τόδε οἱ πολλοί μοι
λέγουσιν, ὡς οὐδεὶς ὀξύτερος ἄλλος θανάτου
τρόπος τοῦ διὰ πυρός· ἀνοῖξαι γὰρ εῖ μόνον τὸ
στόμα καὶ αὐτίκα τεθνάναι.</p>
</div>

<div type="textpart" subtype="section" n="22">
<p>22 “ Τὸ μέντοι θέαμα ἐπινοεῖται, οἶμαι, ὡς σεμνόν,
ἐν ἱερῷ χωρίῳ καιόμενος ἄνθρωπος, ἔνθα μηδὲ
θάπτειν ὅσιον τοὺς ἄλλους ἀποθνήσκοντας. ἀκούετε
δέ, οἶμαι, ὡς καὶ πάλαι θέλων τις ἔνδοξος γενέσθαι,
ἐπεὶ κατʼ ἄλλον τρόπον οὐκ εἶχεν ἐπιτυχεῖν
τούτου, ἐνέπρησε τῆς Ἐφεσίας Ἀρτέμιδος τὸν
νεών. τοιοῦτόν τι καὶ αὐτὸς ἐπινοεῖ, τοσοῦτος
ἔρως τῆς δόξης ἐντέτηκεν αὐτῷ.</p>
</div>

<div type="textpart" subtype="section" n="23">
<p>23 “ Καίτοι φησὶν ὅτι ὑπὲρ τῶν ἀνθρώπων αὐτὸ
δρᾷ, ὡς διδάξειεν αὐτοὺς θανάτου καταφρονεῖν
καὶ ἐγκαρτερεῖν τοῖς δεινοῖς. ἐγὼ δὲ ἡδέως
ἄν ἐροίμην οὐκ ἐκεῖνον ἀλλʼ ὑμᾶς, εἰ καὶ τοὺς
κακούργους βούλοισθε ἄν μαθητὰς αὐτοῦ γενέσθαι
τῆς καρτερίας ταύτης καὶ καταφρονεῖν θανάτου
καὶ καύσεως καὶ τῶν τοιούτων δειμάτων. ἀλλʼ
οὐκ ἄν εὖ οἶδʼ ὅτι βουληθείητε. πῶς οὖν ὁ
Πρωτεὺς τοῦτο διακρινεῖ καὶ τοὺς μὲν χρηστοὺς
ὐφελήσει, τοὺς δὲ πονηροὺς οὐ φιλοκινδυνοτέρους
καὶ τολμηροτέρους ἀποφανεῖ;</p>
</div>

<div type="textpart" subtype="section" n="24">
<p>24 “ Καίτοι δυνατὸν ἔστω ἐς τοῦτο μόνους ἀπαντήσεσθαι
τοὺς πρὸς τὸ ὠφέλιμον ὀψομένους τὸ
πρᾶγμα. ὑμᾶς δʼ οὖν αὖθις ἐρήσομαι, δέξαισθ’
ἂν ὑμῶν τοὺς παῖδας ζηλωτὰς τοῦ τοιούτου γενέσθαι;
οὐκ ἂν εἴποιτε. καὶ τί τοῦτο ἠρόμην,
<note type="footnote">1 Herostratus, in 356 B.C. The Ephesians sought to
defeat his object by forbidding anyone for all time to mention
his name (Valerius Maximus, VIII, 14, 5). The prohibition,</note>

<pb n="28"/>
ὅπου μηδʼ αὐτῶν τις τῶν μαθητῶν αὐτοῦ ζηλώσειεν
ἄν; τὸν γοῦν <note type="footnote" n="1"></note> Θεαγένη τοῦτο μάλιστα αἰτιάσαιτο
ἄν τις, ὅτι τἄλλα ζηλῶν τἀνδρὸς οὐχ ἕπεται
τῷ διδασκάλῳ καὶ συνοδεύει παρὰ τὸν Ἡρακλέα,
ὥς φησιν, ἀπιόντι, δυνάμενος ἐν βραχεῖ πανευδαίμων
γενέσθαι συνεμπεσὼν ἐπί κεφαλὴν<note type="footnote" n="2"></note> ἐς
τὸ πῦρ.</p>
<p>“ Οὐ γὰρ ἐν πήρᾳ καὶ βάκτρῳ καὶ τρίβωνι ὁ
ζῆλος, ἀλλὰ ταῦτα μέν ἀσφαλῆ καὶ ῥᾴδια καὶ
παντὸς ἄν εἴη, τὸ τέλος δὲ καὶ τὸ κεφάλαιον χρὴ
ζηλοῦν καὶ πυρὰν συνθέντα κορμῶν συκίνων
ὡς ἔνι μάλιστα χλωρῶν ἐναποπνιγῆναι τῷ καπνῷ·
τὸ πῦρ γὰρ αὐτὸ οὐ μόνον Ἡρακλέους καὶ Ἀσκληπιοῦ,
ἀλλὰ καὶ τῶν ἱεροσύλων καὶ ἀνδροφόνων,
οὓς ὁρᾶν ἔστιν ἐκ καταδίκης αὐτὸ πάσχοντας.
ὥστε ἄμεινον τὸ διὰ τοῦ καπνοῦ· ἴδιον γὰρ καὶ
ὑμῶν ἂν μόνων γένοιτο.</p>
</div>

<div type="textpart" subtype="section" n="25">
<p>25 “Ἄλλως τε ὁ μὲν Ἡρακλῆς, εἴπερ ἄρα καὶ
ἐτόλμησέν τι τοιοῦτο, ὑπὸ νόσου αὐτὸ ἔδρασεν,
ὑπὸ τοῦ Κενταυρείου αἵματος,ὥς φησιν ἡ τραγῳδία.
κατεσθιόμενος· οὗτος δὲ τίνος αἰτίας ἕνεκεν
ἐμβάλλει φέρων ἑαυτὸν εἰς τὸ πῦρ; νὴ Δί᾿ , ὅπως
τὴν καρτερίαν ἐπιδείξηται καθάπερ οἱ Βραχμᾶνες·
ἐκείνοις γὰρ αὐτὸν ἠξίου Θεαγένης εἰκάζειν,
ὥσπερ οὐκ ἐνὸν καὶ ἐν Ἰνδοῖς εἶναί τινας μωροὺς
καὶ κενοδόξους ἀνθρώπους. ὅμως δʼ οὖν κἂν
ἐκείνους μιμείσθω· ἐκεῖνοι γὰρ οὐκ ἐμπηδῶσιν
ἐς τὸ πῦρ, ὡς Ὀνησίκριτος ὁ Ἀλεξάνδρου κυβερνήτης
ἰδὼν Κάλανον καόμενόν φησιν, ἀλλʼ
ἐπειδὰν νήσωσι, πλησίον παραστάντες ἀκίνητοι
<note type="footnote">1 γοῦν Bekker: οὖν ΜSS.</note>

<pb n="30"/>
ἀνέχονται παροπτώμενοι, εἶτʼ ἐπιβάντες κατὰ
σχῆμα καίονται, οὐδʼ ὅσον ὀλίγον ἐντρέψαντες <note type="footnote" n="1"></note> τῆς
κατακλίσεως.</p>
<p>“ Οὗτος δὲ τί μέγα εἰ ἐμπεσὸν τεθνήξεται
συναρπασθεὶς ὑπὸ τοῦ πυρός; οὐκ ἀπʼ ἐλπίδος
μὴ ἀναπηδήσασθαι αὐτὸν καὶ ἡμίφλεκτον, εἰ μή,
ὅπερ φασι, μηχανήσεται βαθεῖαν γενέσθαι καὶ
ἐν βόθρῳ τὴν πυράν.</p>
</div>

<div type="textpart" subtype="section" n="26">
<p>26 εἰσὶ δʼ οἳ καὶ μεταβαλέσθαι<note type="footnote" n="2"></note>
φασιν αὐτὸν καί τινα ὀνείρατα διηγεῖσθαι, ὡς
τοῦ Διὸς οὐκ ἐῶντος μιαίνειν ἱερὸν χωρίον. ἀλλὰ
θαρρείτω τούτου γε ἕνεκα· ἐγὼ γὰρ διομοσαίμην
ἄν ἢ μὴν μηδένα τῶν θεῶν ἀγανακτήσειν, εἰ
Περεγρῖνος κακῶς <note type="footnote" n="3"></note> ἀποθάνοι. οὐ μὴν οὐδὲ ῥᾴδιον
αὐτῷ ἔτʼ ἀναδῦναι· οἱ γὰρ συνόντες κύνες παρορμῶσιν
καὶ συνωθοῦσιν ἐς τὸ πῦρ καὶ ὑπεκκάουσι
τὴν γνώμην, οὐκ ἐῶντες ἀποδειλιᾶν· ὧν εἰ δύο
συγκατασπάσας ἐμπέσοι εἰς τὴν πυράν, τοῦτο
μόνον χάριεν ἄν<note type="footnote" n="4"></note> ἐργάσαιτο.</p>
</div>

<div type="textpart" subtype="section" n="27">
<p>27 “ Ἤκουον δὲ ὡς οὐδὲ Πρωτεὺς ἔτι καλεῖσθαι
ἀξιοῖ, ἀλλὰ Φοίνικα μετωνόμασεν ἑαυτόν, ὅτι
καὶ φοῖνιξ, τὸ Ἰνδικὸν ὄρνεον, ἐπιβαίνειν πυρᾶς
λέγεται πορρωτάτω γήρως προβεβηκώς. ἀλλὰ
καὶ  λογοποιεῖ καὶ χρησμούς τινας διέξεισιν παλαιοὺς
δή, ὡς χρεὼν εἴη  <note type="footnote" n="5"></note> δαίμονα νυκτοφύλακα γενέσθαι
αὐτόν, καὶ δῆλός ἐστι βωμῶν ἤδη ἐπιθυμῶν κρὶ
χρυσοῦς ἀναστήσεσθαι ἐλπίζων.</p>
<note type="footnote">1 ἐκτρέψαντες Faber, accepted by Jacobitz, Bekker, Dindorf,
Fritzsche. But cf. fugit. 7 ; als0 Schmid, Atticismus,
I, 393, citing Hist. Conscr. 15, Pseudol., 7, 14. The genitive
depends on ὀλίγον.</note>
<note type="footnote">2 μεταβάλλεσθαι X2, F2, edd., mistakitng the meaning.
κακῶς MSS. (except κακὸς X1): κακὸς κακῶς Fritzsche.</note>
</div>

<div type="textpart" subtype="section" n="28">
<pb n="32"/>
<p>28 “ Καὶ μὰ Δία οὐδὲν ἀπεικὸς ἐν πολλοῖς τοῖς
ἀνοήτοις εὑρεθήσεσθαί τινας τοὺς καὶ τεταρταίων
ἀπηλλάχθαι διʼ αὐτοῦ φήσοντας καὶ νύκτωρ
ἐντετυχηκέναι τῷ δαίμονι τῷ νυκτοφύλακι. οἱ
κατάρατοι δὲ οὔτοι μαθηταὶ αὐτοῦ καὶ χρηστήριον,
οἶμαι, καὶ ἄδυτον ἐπὶ τῇ πυρῇ μηχανήσονται,
διότι καὶ Πρωτεύς ἐκεῖνος ὁ Διός, ὁ προπάτωρ
τοῦ ὀνόματος, μαντικὸς ἦν. μαρτύρομαι δὲ ἢ
μὴν καὶ ἱερέας αὐτοῦ ἀποδειχθήσεσθαι μαστίγων
ἢ καυτηρίων ἤ τινος τοιαύτης τερατουργίας,
ἢ καὶ νὴ Δία τελετήν τινα ἐπ᾿  αὐτῷ συστήσεσθαι
νυκτέριον καὶ δᾳδουχίαν ἐπὶ τῇ πυρᾷ.</p>
</div>

<div type="textpart" subtype="section" n="29">
<p>29 “ Θεαγένης δὲ ἔναγχος, ὥς μοί τις τῶν ἑταίρων
ἀπήγγειλεν, καὶ Σίβυλλαν ἔφη προειρηκέναι περὶ
τούτων· καὶ τὰ ἔπη γάρ ἀπεμνημόνευεν·
<lg>
<l>Ἀλλ’ ὁπόταν Πρωτεὺς Κυνικῶν ὅχʼ ἄριστος</l>
<l rend="indent">ἁπάντων</l>
<l>Ζηνὸς ἐριγδούπου τέμενος κάτα πῦρ ἀνακαύσας</l>
<l>ἐς φλόγα πηδήσας ἔλθῃ ἐς μακρὸν Ὄλυμπον,</l>
<l>δὴ τότε πάντας ὁμῶς, οἳ ἀρούρης καρπὸν</l>
<l rend="indent">ἔδουσιν,</l>
<l>νυκτιπόλον τιμᾶν κέλομαι ἥρωα μέγιστον</l>
<l>σύνθρονον Ἡφαίστῳ καὶ Ἡρακλῆϊ ἄνακτι.</l>
</lg>
</p>
</div>

<div type="textpart" subtype="section" n="30">
<p>30 “ Ταῦτα μὲν Θεαγένης Σιβύλλης ἀκηκοέναι
φησίν. ἐγὼ δὲ Βάκιδος αὐτῷ χρησμὸν ὑπέρ
<note type="footnote">1 Athenagoras reports that Parium, where Peregrinus was
born, cherished a statue of him from which oracles were
derived (Leg. de Christ, 26),</note>

<pb n="34"/>
τούτων ἐρῶ· φησὶν δὲ ὁ Βάκις οὕτω, σφόδρα
εὖ ἐπειπών,
<lg>
<l>Ἀλλ᾿  ὁπόταν Κυνικὸς πολυώνυμος ἐς φλόγα</l>
<l rend="indent">πολλὴν</l>
<l>πηδήσῃ δόξης ὑπʼ ἐρινύι θυμὸν ὀρινθείς,</l>
<l>δὴ τότε τοὺς ἄλλους κυναλώπεκας, οἵ οἱ ἕπονται,</l>
<l>μιμεῖσθαι χρὴ πότμον ἀποιχομένοιο λύκοιο.</l>
<l>ὅς δέ κε δειλὸς ἐὼν φεύγῃ μένος Ἡφαίστοιο,</l>
<l>λάεσσιν βαλέειν τοῦτον τάχα πάντας Ἀχαιούς,</l>
<l>ὡς μὴ ψυχρὸς ἐὼν θερμηγορέειν ἐπιχειρῇ</l>
<l>χρυσῷ σαξάμενος πήρην μάλα πολλὰ δανείων,</l>
<l>ἐν καλαῖς Πάτραισιν ἔχων τρὶς πέντε τάλαντα.</l>
</lg>
τί ὑμῖν δοκεῖ, ἄνδρες; ἄρα φαυλότερος χρησμολόγος
ὁ Bάκις τῆς Σιβύλλης εἶναι; ὥστε ὥρα τοῖς
θαυμαστοῖς τούτοις ὁμιληταῖς τοῦ Πρωτέως περισκοπεῖν
ἔνθα ἑαυτοὺς ἐξαερώσουσιν· τοῦτο γὰρ
τὴν καῦσιν καλοῦσιν,᾿᾿</p>
</div>

<div type="textpart" subtype="section" n="31">
<p>31 Ταῦτʼ εἰπόντος ἀνεβόησαν οἱ περιεστῶτες ἅπαντες,
“Ἤδη καιέσθωσαν ἄξιοι τοῦ πυρός.᾿᾿ καὶ
μὲν κατέβη γελῶν, “ Νέστορα δʼ οὐκ ἔλαθεν
ἰαχή,᾿᾿ τὸν Θεαγένη, ἄλλʼ ὡς ἤκουσεν τῆς βοῆς,
ἧκεν εὐθὺς καὶ ἀναβὰς ἐκεκράγει καὶ μυρία κακὰ
<note type="footnote">1 Lucian gives the Cynic a Roland for his Oliver. Bacis
was a title rather than a name, and in early Greece prophets
who bore it were little less numerous than the Sibyls.
Naturally it was a convenient tag for a spurious oracle,
whether composed with fraudulent intention or, as often in
Aristophanes, for fun.</note>
<note type="footnote">2 Below (§ 33), Proteus speaks of being “commingled with
the ether.”</note>

<pb n="36"/>
διεξῄει περὶ τοῦ καταβεβηκότος· οὐ γὰρ οἶδα
ὅστις ἐκεῖνος ὁ βέλτιστος ἐκαλεῖτο. ἐγὼ δὲ
ἀφεὶς αὐτὸν διαρρηγνύμενον ἀπῄειν ὀψόμενος τοὺς
ἀθλητάς· ἤδη γὰρ οἱ Ἑλλανοδίκαι ἐλέγοντο εἶναι
ἐν τῷ Πλεθρίῳ.</p>
</div>

<div type="textpart" subtype="section" n="32">
<p>32 Ταῦτα μέν σοι τὰ ἐν Ἤλιδι. ἐπεὶ δὲ ἐς τὴν
Ὀλυμπίαν ἀφικόμεθα, μεστὸς ἦν ὁ ὀπισθόδομος
τῶν κατηγορούντων Πρωτέως ἢ ἐπαινούντων τὴν
προαίρεσιν αὐτοῦ, ὥστε καὶ εἰς χεῖρας αὐτῶν
ἦλθον οἱ πολλοί, ἄχρι δὴ παρελθὸν αὐτὸς ὁ
Πρωτεὺς μυρίῳ τῷ πλήθει παραπεμπόμενος κατόπιν
τοῦ τῶν κηρύκων ἀγῶνος λόγους τινὰς διεξῆλθεν
περὶ ἑαυτοῦ, τὸν βίον τε ὡς ἐβίω καὶ τοὺς κινδύνους
οὓς ἐκινδύνευσεν διηγούμενος καὶ ὅσα πράγματα
φιλοσοφίας ἕνεκα ὑπέμεινεν. τὰ μὲν οὖν
εἰρημένα πολλὰ ἦν, ἐγὼ δὲ ὀλίγων ἤκουσα ὑπὸ
πλήθους τῶν περιεστώτων. εἶτα φοβηθεὶς μὴ
συντριβείην ἐν τοσαύτῃ τύρβη, ἐπεὶ καὶ πολλοὺς
τοῦτο πάσχοντας ἑώρων, ἀπῆλθον μακρὰ χαίρειν
φράσας θανατιῶντι σοφιστῇ τὸν ἐπιτάφιον ἑαυτοῦ
πρό τελευτῆς διεξιόντι.</p>
</div>

<div type="textpart" subtype="section" n="33">
<p>33 Πλὴν τό γε<note type="footnote" n="1"></note> τοσοῦτον ἐπήκουσα· ἔφη γὰρ
βούλεσθαι χρυσῷ βίῳ χρυσῆν κορώνην ἐπιθεῖναι·
χρῆναι γὰρ τὸν Ἡρακλείως βεβιωκότα Ἡρακλείως
ἀποθανεῖν καὶ ἀναμιχθῆναι τῷ αἰθέρι. “ Καὶ
ὠφελῆσαι,᾿᾿ ἔφη, “ βούλομαι τοὺς ἀνθρώπους
<note type="footnote">1 τό γε Gronovius: τότε MSS.</note>

<pb n="38"/>
δείξας αὐτοῖς ὅν χρὴ τρόπον θανάτου καταφρονεῖν·
πάντας οὖν δεῖ μοι τοὺς ἀνθρώπους Φιλοκτήτας
γενέσθαι.᾿᾿ οἱ μὲν οὖν ἀνοητότεροι τῶν ἀνθρώπων
ἐδάκρυον· καὶ ἐβόων “ Σώζου τοῖς Ἕλλησιν,᾿᾿
οἱ δὲ ἀνδρωδέστεροι ἐκεκράγεσαν “ Τέλει τὰ
δεδογμένα,᾿᾿ ὑφ’ ὧν ὁ πρεσβύτης οὐ μετρίως
ἐθορυβήθη ἐλπίζων πάντας ἔξεσθαι αὐτοῦ καὶ
μὴ προήσεσθαι τῷ πυρί, ἀλλὰ ἄκοντα δὴ καθέξειν
ἐν τῷ βίῳ. τὸ δὲ “Τέλει<note type="footnote" n="1"></note> τὰ δεδογμένα᾿᾿
πάνυ ἀδόκητον αὐτῷ προσπεσὸν ὠχριᾶν ἔτι
μᾶλλον ἐποίησεν, καίτοι ἤδη νεκρικῶς τὴν χροιὰν·
ἔχοντι, καὶ νὴ Δία καὶ ὑποτρέμειν, ὥστε κατέπαιυσε
τὸν λόγον.</p>
</div>

<div type="textpart" subtype="section" n="34">
<p>34 Ἐγὼ δέ, εἰκάζεις, οἶμαι, πῶς ἐγέλων· οὐδὲ
γὰρ ἑλεεῖν ἄξιον ἦν οὕτω δυσέρωτα τῆς δόξης
ἄνθρωπον ὑπὲρ ἅπαντας ὅσοι τῇ αὐτῇ Ποινῇ ἐλαύνονται.
παρεπέμπετο δὲ ὅμως ὑπὸ πολλῶν καὶ
ἐνεφορεῖτο τῆς δόξης ἀποβλέπων ἐς τὸ πλῆθος τῶν
θαυμαζόντων, οὐκ εἰδὼς ὁ ἄθλιος ὅτι καὶ τοῖς ἐπὶ
τὸν σταυρὸν ἀπαγομένοις ἢ ὑπὸ τοῦ δημίου
ἐχομένοις πολλῷ πλείους ἕπονται.</p>
</div>

<div type="textpart" subtype="section" n="35">
<p>35 Καὶ δὴ τὰ μὲν Ὀλύμπια τέλος εἶχεν, κάλλιστα
Ὀλυμπίων γενόμενα ὧν ἐγὼ εἶδον, τετράκις
ἤδη ὁρῶν. ἐγὼ δέ—οὐ γὰρ ἦν εὐπορῆσαι ὀχήματος
ἅμα<note type="footnote" n="2"></note> πολλῶν ἐξιόντωνἄκων ὑπελειπόμην. ὁ
δὲ ἀεὶ ἀναβαλλόμενος νύκτα τὸ τελευταῖον προειρήκει
ἐπιδείξασθαι τὴν καῦσιν· καί με τῶν ἑταίρων
τινὸς παραλαβόντος περὶ μέσας νύκτας ἐξαναστὰς
ἀπῄειν εὐθὺ τῆς Ἀρπίνης, ἔνθα ἦν ἡ πυρά. στάδιοι
πάντες οὕτοι εἴκοσιν ἀπὸ τῆς Ὀλυμπίας κατὰ τὸν
<note type="footnote">1 τὸ δὲ τέλει Fritzsche: τὸ δὴ τελεῖν MSS.(δὲ Χ2).</note>

<pb n="40"/>
ἱππόδρομον ἀπιόντων πρὸς ἕω. καὶ ἐπεὶ τάχιστα
ἀφικόμεθα, καταλαμβάνομεν πυρὰν νενησμένην
ἐν βόθρῳ<note type="footnote" n="1"></note> ὅσον ἐς ὀργυιὰν τὸ βάθος. δᾷδες
ἦσαν τὰ πολλὰ καὶ παρεβέβυστο τῶν φρυγάνων,
ὡς ἀναφθείη τάχιστα.</p>
</div>

<div type="textpart" subtype="section" n="36">
<p>36 καὶ ἐπειδὴ ἡ σελήνη
ἀνέτελλεν—ἔδει γὰρ κἀκείνην θεάσασθαι τὸ κάλλιστον
τοῦτο ἔργον—πρόεισιν ἐκεῖνος ἐσκευασμένος
ἐς τὸν ἀεὶ τρόπον καὶ ξὺν αὐτῷ τὰ τέλη
τῶν κυνῶν, καὶ μάλιστα ὁ γεννάδας ὁ ἐκ Πατρῶν,
δᾷδα ἔχων, οὐ φαῦλος δευτεραγωνιστής· ἐδᾳδοφόρει
δὲ καὶ ὁ Πρωτεύς. καὶ προσελθόντες
ἄλλος ἀλλαχόθεν ἀνῆψαν τὸ πῦρ μέγιστον ἄτε
ἀπὸ δᾴδων καὶ φρυγάνων. ὁ δέ—καί μοι πάνυ
ἤδη πρόσεχε τὸν νοῦν ἀποθέμενος τὴν πήραν καὶ
τὸ τριβώνιον καὶ τὸ Ἡράκλειον ἐκεῖνο ῥόπαλον,
ἔστη ἐν ὀθόνη ῥυπώσῃ ἀκριβῶς. εἶτα ᾔτει λιβανωτόν,
ὡς ἐπιβάλοι ἐπὶ τὸ πῦρ, καὶ ἀναδόντος τινὸς
ἐπέβαλέν τε καὶ εἶπεν ἐς τὴν μεσηβρίαν ἀποβλέπων—καὶ
γὰρ καὶ τοῦτʼ αὐτὸ<note type="footnote" n="2"></note> πρὸς τὴν τραγῳδίαν
ἦν, ἡ μεσημβρία— “ Δαίμονες μητρῷοι καὶ πατρῷοι,
δέξασθέ με εὐμενεῖς.᾿᾿ ταῦτα εἰπὼν ἐπήδησεν
ἐς τὸ πῦρ, οὐ μὴν ἑωρᾶτό γε, ἀλλὰ περιεσχέθη
ὑπὸ τῆς φλογὸς πολλῆς ἠρμένης.</p>
</div>

<div type="textpart" subtype="section" n="37">
<p>37 Αὖθις ὁρῶ γελῶντα σε, ὥ καλὲ Κρόνιε, τὴν
<note type="footnote">1 βόθρῳ Fritzsche: βάθει MSS.</note>
<note type="footnote">2 τοῦτʼ αὐτὸ Harmon τοῦτο τὸ ΓΧ1ΜF : τοῦτο τῶν X2
(Fritzsche). Cf. below, c. 39.</note>
<note type="footnote">1 C. R. Lanman (in Allianson, Lucian: Selected Writings,
p. 200) thus explains the mystic allusion to the South: “It
is to be noted that Yama—the first man who died and found
out for all men the pathway to a distant home, a dwellingplace
secure’—conducts souls to the ‘Blessed Fathers’ in</note>

<pb n="42"/>
καταστροφὴν τοῦ δράματος. ἐγὼ δὲ τοὺς μητρῴους
μὲν δαίμονας ἐπιβοώμενον μὰ τὸν Δίʼ οὐ σφόδρα
ᾐτιώμην· ὅτε δὲ καὶ τοὺς πατρῴους ἐπεκαλέσατο,
ἀναμνησθεὶς τῶν περὶ τοῦ φόνου εἰρημένων οὐδὲ
κατέχειν ἠδυνάμην τὸν γέλωτα. οἱ Κυνικοὶ δὲ
περιστάντες τὴν πυρὰν οὐκ ἐδάκρυον μέν, σιωπῇ
δὲ ἐνεδείκνυντο λύπην τινὰ εἰς τὸ πῦρ ὁρῶντες,
ἄχρι δὴ ἀποπνιγεὶς ἐπʼ αὐτοῖς, “ Ἀπίωμεν,᾿᾿
φημί, “ ὦ μάταιοι· οὐ γὰρ ἡδὺ τὸ θέαμα ὠπτημένον
γέροντα ὁρᾶν κνίσης ἀναπιμπλαμένους ποντηρᾶς.
ἢ περιμένετε ἔστʼ ἄν γραφεύς τις ἐπελθὸν ἀπεικάσῃ
ὑμᾶς οἵους τοὺς ἐν τῷ δεσμωτηρίῳ ἑταίρους
τῷ Σωκράτει παραγράφουσιν; ἐκεῖνοι μὲν οὖν
ἠγανάκτουν καὶ ἐλοιδοροῦντό μοι, ἔνιοι δὲ καὶ
ἐπὶ τὰς βακτηρίας ᾖξαν. εἶτα, ἐπειδὴ ἠπείλησα
ξυναρπάσας τινὰς ἐμβαλεῖν εἰς τὸ πῦρ, ὡς ἂν
ἕποιντο τῷ διδασκάλῳ, ἐπαύσαντο καὶ εἰρήνην
ἦγοv.</p>
</div>

<div type="textpart" subtype="section" n="38">
<p>38 Ἐγὼ δὲ ἐπανιὼν ποικίλα, ὦ<note type="footnote" n="1"></note> ἑταῖρε, πρὸς
ἐμαυτὸν ἐνενόουν, τὸ φιλόδοξον οἷόν τί ἐστιν
ἀναλογιζόμενος, ὡς μόνος οὗτος ὁ ἔρως ἄφυκτος
καὶ τοῖς πάνυ θαυμαστοῖς εἶναι δοκοῦσιν, οὐχ
ὅπως ἐκείνῳ τἀνδρὶ καὶ τἄλα ἐμπλήκτως καὶ
ἀπονενοημένως βεβιωκότι καὶ οὐκ ἀναξίως τοῦ
πυρρός.</p>
</div>

<div type="textpart" subtype="section" n="39">
<p>39 εἶτα ἐνετ ύγχανον<note type="footnote" n="2"></note> πολλοῖς ἀπιοῦσιν ὡς
θεάσαιντο καὶ αὐτοί· ᾤοντο γὰρ ἔτι καταλήψεσθαι
ζῶντα αὐτόν. καὶ γὰρ καὶ τόδε τῇ προτεραίᾳ
διεδέδοτο ὡς πρὸς ἀνίσχοντα τὸν ἥλιον
ἀσπασάμενος, ὥσπερ ἀμέλει καὶ τοὺς Βραχμᾶνάς
φασι ποιεῖν, ἐπιβήσεται<note type="footnote" n="3"></note> τῆς πυρᾶς. ἀπέστρεφον
<note type="footnote">1 ποικίλα ὢ , Fritzsche: ποικίλως ΓXMF.</note>

<pb n="44"/>
δʼ οὖν τοὺς πολλοὺς αὐτῶν λέγων ἤδη τετελέσθαι
τὸ ἔργον, οἶς μὴ καὶ τοῦτʼ αὐτὸ<note type="footnote" n="1"></note> περισπούδαστον
ἦν, κἂν αὐτὸν ἰδεῖν τὸν τόπον καί τι λείψανον
καταλαμβάνειν τοῦ πυρός.</p>
<p>Ἔνθα δή, ὦ ἑταῖρε, μυρία πράγματα εἶχον
ἅπασι διηγούμενος καὶ ἀνακρίνουσιν καὶ ἀκριβῶς
ἐκπυνθανομένοις. εἰ μὲν οὖν ἴδοιμί τινα χαρίεντα,
ψιλὰ ἄν ὥσπερ σοι τὰ πραχθέντα διηγούμην,
πρὸς δὲ τοὺς βλᾶκας καὶ πρός τὴν ἀκρόασιν
κεχηνότας ἐτραγῴδουν τι παρʼ ἐμαυτοῦ, ὡς
ἐπειδὴ ἀνήφθη μὲν ἡ πυρά, ἐνέβαλεν δὲ φέρων
ἑαυτὸν ὁ Πρωτεύς, σεισμοῦ πρότερον μεγάλου
γενομένου σὺν μυκηθμῷ τῆς γῆς, γὺψ ἀναπτάμενος
ἐκ μέσης τῆς φλογὸς οἴχοιτο ἐς τὸν οὐρανόν
ἀνθρωπιστὶ<note type="footnote" n="2"></note> μεγάλῃ τῇ φωνῇ λέγων
<lg>
<l>“ ἔλιπον γᾶν, βαίνω δʼ ἐς Ὄλυμπον.᾿᾿</l>
</lg>
ἐκεῖνοι μὲν οὖν ἐτεθήπεσαν καὶ προσεκύνουν ὑποφρίττοντες
καὶ ἀνέκρινόν με πότερον πρός ἕω ἢ
πρὸς δυσμὰς ἐνεχθείη ὁ γύψ· ἐγὼ δὲ τὸ ἐπελθὸν
ἀπεκρινάμην αὐτοῖς.</p>
</div>

<div type="textpart" subtype="section" n="40">
<p>40 Ἀπελθὼν δὲ ἐς τὴν πανήγυριν ἐπέστην τινὶ
πολιῷ ἀνδρὶ καὶ νὴ τὸν Δίʼ ἀξιοπίστῳ τὸ πρόσωπον
ἐπὶ τῷ πώγωνι καὶ τῇ λοιπῇ σεμνότητι, τά τε
ἄλλα διηγουμένῳ περὶ τοῦ Πρωτέως καὶ ὡς
μετὰ τὸ καυθῆναι θεάσαιτο αὐτὸν ἐν λευκῇ ἐσθῆτι
μικρὸν ἔμπροσθεν, καὶ νῦν ἀπολίποι περιπατοῦντα
φαιδρὸν ἐν τῇ ἑπταφώνῳ στοᾷ κοτίνῳ τε ἐστεμμένον.
<note type="footnote">1 τοῦτʼ αὐτὸ x2: ταὐτὸ ΓΧ1MF.</note>
<note type="footnote">2 ἀνθρωπιστὶ Harmon: ἀνθρωπίν MSS.</note>
<note type="footnote">1 At the death of Plato and of Augustus it was an eagle;
in the case of Polycarp, a dove.</note>

<pb n="46"/>
εἶγʼ ἐπὶ πᾶσι προσέθηκε τὸν γῦπα, διομνύμενος
ᾖ μὴν αὐτὸς ἑωρακέναι ἀναπτάμενον ἐκ
τῆς πυρᾶς, ὅν ἐγὸ μικρὸν ἔμπροσθεν ἀφῆκα
η<note type="footnote" n="2"></note>πέτεσθαι καταγελῶντα τῶν ἀνοήτων καὶ βλακικῶν
τὸν τρόπον.</p>
</div>

<div type="textpart" subtype="section" n="41">
<p>41 Ἐννόει τὸ λοιπὸν οἴα εἰκὸς ἐπʼ αὐτῷ γενήσεσθαι,
ποίας μὲν οὐ μελίττας <lb n="1"/>
ἐπὶ τὸν τόπον, τίνας δὲ τέττιγας οὐκ <lb n="3"/>
τίνας δὲ κορώνας οὐκ ἐπιπτήσεσθαι καθάπερ
ἐπὶ τὸν Ἡσιόδου τάφον, καὶ τὰ τοιαῦτα. εἰκόνας
μὲν γὰρ παρά τε ΒHλείων αὐτῶν α τε τῶν
ων νων, ος καὶ ἐπεσταλκέναι ἔλεγεν, a.
αὐτίκα α οἶδα πολλὰς ἀναστησομένας. φασὶ
δὲ πάσαις σχεδὸν ταῖς ἐνδόξοις πόλεσιν ἐπιστολὰς
διαπέμφαι αὐτόν, διαθήκας τινὰς καὶ παραινέσεις
καὶ νόμους· καί τινας ἐπὶ τούτῳ πρεσβευτὰς
τῶν ἑταίρων ἐχειροτόνησεν, νεκραγγέλους καὶ
νερτεροδρόμους προσαγορεύσας.</p>
</div>

<div type="textpart" subtype="section" n="42">
<p>42 Γοῦτο τέλος τοῦ κακοδαίμονος Πρωτέως ἐγένετο,
ἀνδρός, ὡς βραχεῖ λόγῳ περιλαβεῖν, πρὸς
ἀλήθειαν μὲν οὐδεπώποτε ἀποβλέφαντος, ἐπὶ δόξῃ
δὲ καὶ τῷ παρὰ τῶν πολλῶν ἐπαίνῳ ἀπόντα
εἰπόντος ἀεὶ καὶ πράξαντος, ὡς καὶ εἰς πῦρ
<note type="footnote">1 ἐwιστήσεοθαι SF : ἐwιστήσαοθαι d.</note>
<note type="footnote">2 ἐπσεοθαι Wyttenbach: ἐπάγεσθαι PK5d.</note>
<note type="footnote">3 ἔλεγον dα Soαl, ἐἐΑ τὸ Frit2sche; bat ἔλεγεν is right.
Pχoteαs presumaby ai it in his aeech. Cl. ἐχειροτόνησεν</note>

<pb n="48"/>
ἁλέσθαι, ὅτε μηδὲ ἀπολαύειν τῶν ἐπαίνων ἔμελλεν
ἀναίσθητος αὐτῶν γενόμενος.</p>
</div>

<div type="textpart" subtype="section" n="43">
<p>43 Ἓν ἔτι σοι προσδιηγησάμενος παύσομαι, ὡς
ἔχῃς ἐπὶ πολὺ γελᾶν. ἐκεῖνα μὲν γὰρ πάλαι
οἶσθα, εὐθὺς ἀκούσας μου ὅτε ἥκων ἀπὸ Συρίας
διηγούμην<note type="footnote" n="1"></note> ὡς ἀπὸ Τρῳάδος συμπλεύσαιμι αὐτῷ
καὶ τήν τε ἄλλην τὴν ἐν τῷ πλῷ τρυφὴν καὶ τὸ
μειράκιον τὸ ὡραῖον ὃ ἔπεισε κυνίζειν ὡς ἔχοι τινὰ
καὶ αὐτὸς Ἀλκιβιάδην, καὶ ὡς ἐπεὶ ταραχθείημεν<note type="footnote" n="2"></note>
τῆς νυκτὸς ἐν μέσῳ τῷ Αἰγαίῳ<note type="footnote" n="3"></note> γνόφου
καταβάντος καὶ κῦμα παμμέγεθες ἐγείραντος
ἐκώκυε μετὰ τῶν γυναικῶν ὁ θαυμαστὸς καὶ
θανάτου κρείττων εἶναι δοκῶν.</p>
</div>

<div type="textpart" subtype="section" n="44">
<p>44 ἀλλὰ μικρὸν πρὸ
τῆς τελευτῆς, πρὸ ἐννέα σχεδόν που ἡμερῶν,
πλεῖον, οἶμαι, τοῦ ἱκανοῦ ἐμφαγὼν ἤμεσέν τε
τῆς νυκτὸς καὶ ἑάλω πυρετῷ μάλα σφοδρῷ.
ταῦτα δέ μοι Ἀλέξανδρος ὁ ἰατρὸς διηγήσατο μεταλαβεῖν
ὡς ἐπισκοπήσειεν αὐτόν. ἔφη οὖν καταλαβεῖν
αὐτὸν χαμαὶ κυλιόμενον καὶ τὸν φλογμὸν
οὐ φέροντα καὶ ψυχρὸν αἰτοῦντα πάνυ ἐρωτικῶς,
ἑαυτὸν δὲ μὴ δοῦναι. καίτοι εἰπεῖν ἔφη πρὸς
αὐτὸν ὡς εἰ πάντως θανάτου δέοιτο, ἥκειν αὐτὸν
ἐπὶ τὰς θύρας αὐτόματον, ὥστε καλῶς ἔχειν
ἕπεσθαι μηδὲν τοῦ πυρὸς δεόμενον· τὸν δ᾿ αὖ
φάναι, “Ἀλλ᾿ οὐχ ὁμοίως ἔνδοξος ὁ τρόπος
γένοιτ᾿ ἂν, πᾶσιν κοινὸς ὤν.”</p>
<note type="footnote">1 διηγούμην Γ: διηγουμένου MF. Levi cites X (his Pl) both
for the same reading as Γ, and for ἧκον . . . διηγουμένου.</note>
<note type="footnote">2 ἐπεὶ ταραχθείημεν Meiser: ἐπιταραχθείημεν ΓΧ: ἐπιταραχθείη
μὲν MF.</note>
<note type="footnote">3 Αἰγαίῳ M2: ἀγῶνι M1FΓΧ. The conjecture, if it is
one, is right. Things are always happening in “mid-Aegean”
with Lucian (Dial. Mar. 8, 2; 10, 1). Mras rightly sets</note>
</div>

<div type="textpart" subtype="section" n="45">
<pb n="50"/>
<p>45 Ταῦτα μὲν ὁ Ἀλέξανδρος. ἐγὼ δὲ δὐδ' αὐτὸς
πρὸ πολλῶν ἡμερῶν εἶδον αὐτὸν ἐγκεχρισμένον,
ὡς ἀποδακρύσειε τῷ δριμεῖ φαρμάωῳ. ὁρᾷς;
οὐ πάνυ τοὺς ἀμβλυωποῦντας ὁ Α ἰακὸς παραδέχεται.
ὄμοιον ὡς εἴ τις ἐπὶ σταυρὸν ἀναβήσεσθαι
μέλλων τὸ ἐν τῷ δακτύλῳ πρόσπταισμα
θεραπευοι. τί σοι δοκεῖ ὁ Δημόκριτος, εἰ ταῦτα
εἰδε; κατ' ἀξίαν γελάσαι ἂν ἐπὶ τῷ ἀνδρί; καίτοι
πόθεν εἶχεν ἐκεῖνος τοσοῦτον γέλωτα; σὺ δ'
οὖν, ὦ φιλότης, γέλα καὶ αὐτος, καὶ μάλιστα
ὁπόταν τῶν ἄλλων ἀκούῃς θαυμαζόντων αὐτόν.</p>
</div>
</div>
</body>
</text>
</TEI>
