<ti:work xmlns:ti="http://chs.harvard.edu/xmlns/cts" groupUrn="urn:cts:greekLit:tlg0062" xml:lang="grc" urn="urn:cts:greekLit:tlg0062.tlg044">
  <ti:title xml:lang="lat">Toxaris vel amicitia</ti:title>
  <ti:edition urn="urn:cts:greekLit:tlg0062.tlg044.1st1K-grc1" workUrn="urn:cts:greekLit:tlg0062.tlg044">
    <ti:label xml:lang="lat">Toxaris vel amicitia</ti:label>
    <ti:description xml:lang="mul">Lucianus, Toxaris vel amicitia, Harmon, Harvard, 1962</ti:description>
  </ti:edition>
</ti:work>
