<?xml version="1.0" encoding="UTF-8"?>
<?xml-model href="http://www.stoa.org/epidoc/schema/latest/tei-epidoc.rng" schematypens="http://relaxng.org/ns/structure/1.0"?>
<TEI xmlns="http://www.tei-c.org/ns/1.0">
  <teiHeader xml:lang="eng">
    <fileDesc>
      <titleStmt>
        <title xml:lang="lat">Lexiphanes</title>
        <author xml:lang="lat">Lucianus Samosatenus</author>
        <editor>A. M. Harmon</editor>
        <funder>Harvard Library Arcadia Fund</funder>
        <principal>Gregory Crane</principal>
        <respStmt>
          <persName xml:id="DDD">Digital Divide Data</persName>
          <resp>Corrected and encoded the text</resp>
        </respStmt>
        <respStmt>
          <persName>Gregory Crane</persName>
          <resp>Editor-in-Chief, Perseus Digital Library</resp>
        </respStmt>
        <respStmt>
          <persName>Matt Munson</persName>
          <resp>Project Manager (University of Leipzig), 2016 - present</resp>
        </respStmt>
        <respStmt>
          <persName>Annette Geßner</persName>
          <resp>Project Assistant (University of Leipzig) 2015 - present</resp>
        </respStmt>
        <respStmt>
          <persName>Thibault Clérice</persName>
          <resp>Lead Developer (University of Leipzig)</resp>
        </respStmt>
        <respStmt>
          <persName>Bruce Robertson</persName>
          <resp>Technical Advisor</resp>
        </respStmt>
      </titleStmt>
      <publicationStmt>
        <authority>Harvard College Library</authority>
        <idno type="filename">tlg0062.tlg046.1st1K-grc1.xml</idno>
        <availability>
          <p>Available under a Creative Commons Attribution-ShareAlike 4.0 International License</p>
        </availability>
        <date>2016</date>
        <publisher>Harvard College Library</publisher>
        <pubPlace>United States</pubPlace>
      </publicationStmt>
      <sourceDesc>
        <listBibl>
          <biblStruct>
            <monogr>
              <title>Lucian</title>
              <editor>
                <persName>
                  <name>A. M. Harmon</name>
                </persName>
              </editor>
              <author ref="urn:cts:greekLit:tlg0062" xml:lang="lat">Lucianus Samosatenus</author>
              <imprint>
                <publisher>Harvard University Press</publisher>
                <pubPlace>Cambridge, Mass</pubPlace>
                <date>1962</date>
              </imprint>
              <biblScope unit="volume">5</biblScope>
            </monogr>
            <ref target="https://archive.org/details/lucianhar05luciuoft">The Internet Archive</ref>
          </biblStruct>
        </listBibl>
      </sourceDesc>
    </fileDesc>
    <encodingDesc>
      <p>Text encoded in accordance with the latest EpiDoc standards (January 2014)</p>
      <refsDecl n="CTS">
        <cRefPattern matchPattern="(.+)" n="section" replacementPattern="#xpath(/tei:TEI/tei:text/tei:body/tei:div/tei:div[@n='$1'])"/>
      </refsDecl>
    </encodingDesc>
    <profileDesc>
      <langUsage>
        <language ident="grc">Greek</language>
        <language ident="lat">Latin</language>
      </langUsage>
    </profileDesc>
    <revisionDesc>
      <change/>
    </revisionDesc>
  </teiHeader>
<text>
<body>
  <div type="edition" xml:lang="grc" n="urn:cts:greekLit:tlg0062.tlg046.1st1K-grc1">
  <pb n="292"/>
  <head>ΛΕΞΙΦΑΝΗΣ</head>

  <div type="textpart" subtype="section" n="1">
  <sp>
   <speaker>ΛΥΚΙΝΟΣ</speaker>
<p>1 Λεξιφάνης ὁ καλὸς μετὰ βιβλίου;</p>
  </sp>
   
   <sp>
    <speaker>ΛΕΞΙΦΑΝΗΣ</speaker>
<p>Νὴ Δί᾿, ὦ Λυκῖνε, γράμμα ἐστὶν τητινόν τι
τῶν ἐμῶν κομιδῇ νεοχμόν.</p>
   </sp>
    
    <sp>
     <speaker>ΛΥΚΙΝΟΣ</speaker>
<p>Ἤδη γάρ τι καὶ περὶ αὐχμῶν ἡμῖν γράφεις;</p>
    </sp>
     
     <sp>
      <speaker>ΛΕΞΙΦΑΝΗΣ</speaker>
<p>Οὐ δῆτα, οὐδὲ αὐχμὸν εἶπον, ἀλλὰ ὥρα σοι
τὸ ἀρτιγραφὲς οὕτω καλεῖν. σὺ δὲ κυψελόβυστα
ἔοικας ἔχειν τὰ ὦτα.</p>
     </sp>
      
      <sp>
       <speaker>ΛΥΚΙΝΟΣ</speaker>
<p>Σύγγνωθι, ὦ ἑταῖρε· πολὺ γὰρ τοῦ αὐχμοῦ τὸ
νεοχμὸν μετέχει. ἀλλ᾿ εἰπέ μοι, τίς ὁ νοῦς τῷ
συγγράμματι;</p>
      </sp>
       
       <sp>
        <speaker>ΛΕΞΙΦΑΝΗΣ</speaker>
<p>Ἀντισυμποσιάζω τῷ Ἀρίστωνος ἐν αὐτῷ.</p>
        <note type="footnote">1 With τητινόν cf. τῆτες. ascribed to Pompeianus of
Philadelphia in Athenaeus, III, 98 B.</note>
       </sp>
   
<pb n="294"/>
<sp>
<speaker>ΛΥΚΙΝΟΣ</speaker>
<p>Πολλοὶ μὲν οἱ Ἀρίστωνες· σὺ δὲ ὅσον ἀπὸ τοῦ
συμποσίου τὸν Πλάτωνά μοι ἔδοξας λέγειν.</p>
</sp>

<sp>
<speaker>ΛΕΞΙΦΑΝΗΣ</speaker>
<p>Ὀρθῶς ἀνέγνως. τὸ δὲ λεγόμενον ὡς ἄλλῳ
παντὶ ἀνόητον ἂν ἦν.</p>
</sp>

<sp>
<speaker>ΛΥΚΙΝΟΣ</speaker>
<p>Οὐκοῦν ὀλίγα μοι αὐτοῦ ἀνάγνωθι τοῦ βιβλίου,
ὅπως μὴ παντάπασιν ἀπολειποίμην τῆς ἑστιάσεως·
νέκταρος γάρ τινος ἔοικας οἰνοχοήσειν ἡμῖν ἀπ᾿
αὐτοῦ.</p>
</sp>

<sp>
<speaker>ΛΕΞΙΦΑΝΗΣ</speaker>
<p>Τὸν μὲν εἴρωνα πεδοῖ κατάβαλε· σὺ δὲ εὔπορα
ποιήσας τὰ ὦτα ἤδη ἄκουε. ἀπέστω δὲ ἡ ἐπιβύστρα
ἡ Κυψελίς.</p>
</sp>

<sp>
<speaker>ΛΥΚΙΝΟΣ</speaker>
<p>Λέγε θαρρῶν, ὡς ἔμοιγε οὔτε Κύψελός τις
οὔτε Περίανδρος ἐν τοῖς ὠσὶν κάθηται.</p>
</sp>

<sp>
<speaker>ΛΕΞΙΦΑΝΗΣ</speaker>
<p>Σκόπει δὴ μεταξύ, ὅπως διαπεραίνομαι, ὦ
Λυκῖνε, τὸν λόγον, εἰ εὔαρχός τέ<note type="footnote" n="1"></note> ἐστι καὶ πολλὴν
τὴν εὐλογίαν ἐπιδεικνύμενος καὶ εὔλεξις, ἔτι δὲ
εὐώνυμος.</p>
<note type="footnote">1 τε Jaco bitz: γε MSS.</note>
<note type="footnote">1 Lycinus is quoting a famous mixed metaphor in Homer
(Iliad, I, 598 and IV, 3, with the scholia) and implies that he
expects Lexiphanes to regale him similary.</note>
</sp>

<pb n="296"/>
<sp>
<speaker>ΛΥΚΙΝΟΣ</speaker>
<p>Ἔοικε τοιοῦτος εἶναι σός γε ὤν. ἀλλ᾿ ἄρξαι
ποτέ.</p>
</sp>
</div>

<div type="textpart" subtype="section" n="2">
<sp>
<speaker>ΛΕΞΙΦΑΝΗΣ</speaker>
<p>2 “Εἶτα δειπνήσομεν,” ἦ δʼ ὃς ὁ Καλλικλῆς,
“εἶτα τὸ δειλινὸν περιδινησόμεθα ἐν Λυκείῳ,
νῦν δὲ ἤδη καιρός ἐστιν χρίεσθαι τὸ ἡλιοκαὲς καὶ
πρὸς τὴν εἵλην θέρεσθαι καὶ λουσαμένους ἀρτοσιτεῖν·
καὶ ἤδη γε ἀπιτητέα. σὺ δέ, ὦ παῖ, στλεγγίδα
μοι καὶ βύρσαν καὶ φωσώνια καὶ ῥύμματα
ναυστολεῖν ἐς τὸ βαλανεῖον καὶ τοὐπίλουτρον
κομίζειν· ἔχεις δὲ χαμᾶζε παρὰ τὴν ἐγγυοθήκην
δύ᾿ ὀβολώ. σὺ δὲ τί καὶ πράξεις, ὦ Λεξίφανες,
ἥξεις ἢ ἐλινύσεις ἔτι αὐτόθι;”</p>
<p>“Κἀγώ,” ἦν δὲ ἐγώ, “τρίπαλαι λουτιῶ·
οὐκ εὐπόρως τε γὰρ ἔχω καὶ τὰ ἀμφὶ τὴν τράμιν
μαλακίζομαι ἐπʼ ἀστράβης ὀχηθείς. ὁ γὰρ ἀστραβηλάτης
ἐπέσπερχεν καίτοι ἀσκωλιάζων αὐτός.
ἀλλὰ καὶ ἐν αὐτῷ οὐκ ἀκμὴς ἦν τῷ ἀγρῷ· κατέλαβον
γὰρ τοὺς ἐργάτας λιγυρίζοντας τὴν θερινὴν
ᾠδήν, τοὺς δὲ τάφον τῷ ἐμῷ πατρὶ κατασκευάζοντας.
συντυμβωρυχήσας οὖν αὐτοῖς καὶ τοῖς
ἀναχοῦσιν τὰ ἄνδηρα καὶ αὐτὸς ὀλίγα συγχειροπονήσας
ἐκείνους μὲν διαφῆκα τοῦ τε κρύους ἕνεκα καὶ
ὅτι καύματα ἦν· οἶσθα δὲ ὡς ἐν κρύει σφοδρῷ
γίνεται τὰ καύματα. ἐγὼ δὲ περιελθὼν τὰ ἀρώματα
σκόροδά τε εὗρον ἐν αὐτοῖς πεφυκότα καὶ γηπαττάλους
τινὰς ἀνορύξας καὶ τῶν σκανδίκων καὶ
βρακάνων λαχανευσάμενος, ἔτι δὲ κάχρυς πριάμενος
—οὔτω δὲ οἱ λειμῶνες ἀνθοσμίαι ἦσαν,
<note type="footnote">1 Literally, “dancing on wine-skins.”</note>

<pb n="298"/>
ὡς αὐτοποδητὶ βαδίζειν —ἀνατεθεὶς ἐπὶ τὴν ἀστράβην
ἐδάρην τὸν ὄρρον· καὶ νῦν βαδίζω τε ὀδυνηρῶς
καὶ ἰδίω θαμὰ καὶ μαλακιῶ τὸ σῶμα καὶ δέομαι
διανεῦσαι ἐν τῷ ὕδατι ἐπὶ πλεῖστον· χαίρω δὲ
μετὰ κάματον ἀπολούμενος.</p>
</sp>
</div>

<div type="textpart" subtype="section" n="3">
<p>3 ἀποθρέξομαι οὖν καὶ
αὐτὸς ὡς<note type="footnote" n="1"></note> τὸν παῖδα, ὃν εἰκὸς ἢ παρὰ τῇ λεκιθοπώλιδι
ἢ παρὰ τῷ γρυμαιοπώλῃ με περιμένειν·
καίτοι προηγόρευτο αὐτῷ ἐπὶ τὰ γέλγη<note type="footnote" n="2"></note> ἀπαντᾶν.</p>
<p>Ἀλλ᾿ εἰς καιρὸν οὑτοσὶ αὐτὸς ἐμπολήσας γε,
ὡς ὁρῶ, πυριάτην τέ τινα καὶ ἐγκρυφίας καὶ
γήτεια καὶ φύκας<note type="footnote" n="3"></note> καὶ οἶβον τουτονὶ καὶ λωγάνιον
καὶ τοῦ βοὸς τὸ πολύπτυχον ἔγκατον καὶ φώκτας.
Εὖ γε, ὦ Ἀττικίων, ὅτι μοι ἄβατον ἐποίησας τὸ
πολὺ τῆς ὁδοῦ.” “Ἐγω δέ,” ἦ δʼ ὅς, “σίλλος,
ὦ δέσποτα, γεγένημαι σὲ περιορῶν. σὺ δὲ ποῦ
χθὲς ἐδείπνεις; μῶν παρὰ Ὀνομακρίτῳ;” “Οὔ,
μὰ Δί,” ἦν δʼ ἐγώ, “ἀλλʼ ἀγρόνδε<note type="footnote" n="4"></note> ᾠχόμην ψύττα
κατατείνας· οἶσθα δὲ ὡς φίλαγρός εἰμι. ὑμεῖς δὲ
ἴσως ᾤεσθέ με λαταγεῖν κοττάβους. ἀλλʼ εἰσιὼν
ταῦτά τε καὶ τὰ ἄλλα ἡδύνειν καὶ τὴν κάρδοπον
σμῆν, ὡς θριδακίνας μάττοιτε ἡμῖν.</p>
</div>

<div type="textpart" subtype="section" n="4">
<p>4 ἐγὼ δὲ
ξηραλοιφήσω ἀπελθών.”</p>
<p>“Καὶ ἡμεῖς,” ἦ δ᾿ ὃς ὁ Φιλῖνος, “ἐγώ τε καὶ
Ὀνόμαρχος καὶ Ἑλλάνικος οὑτοσὶ ἑψόμεθα· καὶ
γὰρ ὁ γνώμων σκιάζει μέσην τὴν πόλον, καὶ
<note type="footnote">1 ὡς Gesner: not in MSS.</note>
<note type="footnote">2 γέλγη Meursius: σέλγη MSS.</note>
<note type="footnote">3 φύκας is right: cf. Aristotle, Hist. An., 6, 13, ὁ φύκης.</note>
<note type="footnote">4 ἀγρόνδε N: ἀγρόν γε ΓΕΑ.</note>
<note type="footnote">1 The form διανεῦσαι may be referred either to νέω (swim
back and forth) or to νεύω (beckon back and forth, exchange
“becks and nods”).</note>

<pb n="300"/>
δέος μὴ ἐν λουτρίῳ ἀπολουσώμεθα κατόπιν τῶν
Καριμάντων<note type="footnote" n="1"></note> μετὰ τοῦ σύρφακος βύζην ὠστιζόμενοι.”
καὶ ὁ Ἑλλάνικος ἔφη, “Ἐγὼ δὲ καὶ
δυσωπῶ· καὶ γὰρ τὰ κόρα μοι ἐπιτεθόλωσθον καὶ
σκαρδαμύττω θαμὰ καὶ ἀρτίδακρύς εἰμι καὶ τὰ
ὄμματά μοι φαρμακᾷ καὶ δέομαι Ἀσκληπιάδου
τινὸς ὀφθαλμοσόφου, ὃς ταράξας καὶ ἐγχέας μοι
φάρμακον ἀπερυθριᾶσαί τε ποιήσει τοὺς ὀφθαλμοὺς
καὶ μηκέτι τι λημαλέους εἶναι μηδὲ διερὸν
βλέπειν.”</p>
</div>
    
    <div type="textpart" subtype="section" n="5">
<p>5 Τοιαῦτα ἄττα διεξιόντες ἅπαντες οἱ παρόντες
ἀπῄειμεν· κἀπειδήπερ ἥκομεν εἰς τὸ γυμνάσιον
ἀπησθημένοι ἤδη, ὁ μέν τις ἀκροχειριασμῷ, ὁ δὲ
τραχηλισμῷ καὶ ὀρθοπάλῃ ἐχρῆτο, ὁ δὲ λίπα
χρισάμενος ἐλυγίζετο, ὁ δὲ ἀντέβαλλε τῷ κωρύκῳ,
ὁ δὲ μολυβδαίνας χερμαδίους δράγδην<note type="footnote" n="2"></note> ἔχων
ἐχειροβόλει. εἶτα συντριβέντες καὶ ἀλλήλους κατανωτισάμενοι
καὶ ἐμπαίξαντες τῷ γυμνασίῳ ἐγὼ
μὲν καὶ Φιλῖνος ἐν τῇ θερμῇ πυέλῳ καταιονηθέντες
ἐξῄειμεν· οἱ λοιποὶ δὲ τὸ ψυχροβαφὲς κάρα δελφινίσαντες
παρένεον ὑποβρύχιοι θαυμασίως.</p>
<p>Ἀναστρέψαντες δὲ αὖθις ἄλλος ἄλλοσε ἄλλα ἐδρῶμεν.
ἐγὼ μὲν ὑποδησάμενος ἐξυόμην τὴν κεφαλὴν
τῇ ὀδοντωτῇ ξύστρᾳ· καὶ γὰρ οὐ κηπίον, ἀλλὰ
σκάφιον ἐκεκάρμην, ὡς ἂν οὐ πρὸ πολλοῦ τὸν
<note type="footnote">1 Γαριμάντων Meineke (Hesych., Et. Magn.). But the word
is very likely from Μαρικᾶς (Herodian in Et. Magn.), meaning
κίναιδος (Hesych. s.u. μαρικᾶν), or, perhaps more accurately,
παιδικά; for the declension Μαρικᾶς, Μαρικᾶντος cf. Herodian,
II, 636, 26 Lentz. Hence Γαριμᾶς (or Γαρίμας) is apparently
a degradation of Καριμᾶς. The Γαράμαντες in Libya have
nothing to do with this; cf. Lucian, Dips.2.</note>
<note type="footnote">2 δράγδην Harmon: ἀράγδην MSS.</note>

<pb n="302"/>
κόννον καὶ τὴν κορυφαίαν ἀποκεκομηκώς· ἄλλος
ἐθερμοτράγει, ὁ δὲ ἤμει τὸν νῆστιν, ὁ δὲ ἀραιὰς
ποιῶν τὰς ῥαφανῖδας ἐμυστιλᾶτο τοῦ ἰχθυηροῦ
ζωμοῦ, ἄλλος ἤσθιεν φαυλίας, ὁ δὲ ἐρρόφει τῶν
κριθῶν.</p>
</div>

<div type="textpart" subtype="section" n="6"> 
<p>6 Κἀπειδὴ καιρὸς ἦν, ἐπʼ ἀγκῶνος ἐδειπνοῦμεν·
ἔκειντο δὲ καὶ ὀκλαδίαι καὶ ἀσκάνται. τὸ μὲν
δὴ δεῖπνον ἦν ἀπὸ συμφορῶν. παρεσκεύαστο δὲ
πολλὰ καὶ ποικίλα, δίχηλα ὕεια <note type="footnote" n="1"></note> καὶ σχελίδες καὶ
ἠτριαία καὶ τοκάδος ὑὸς τὸ ἐμβρυοδόχον ἔντερον
καὶ λοβὸς ἐκ ταγήνου καὶ μυττωτὸς καὶ ἀβυρτάκη
καὶ τοιαῦταί τινες καρυκεῖαι καὶ θρυμματίδες καὶ
θρῖα καὶ μελιτοῦτται·<note type="footnote" n="2"></note> τῶν δὲ ὑποβρυχίων τὰ
σελάχια πολλὰ καὶ ὅσα ὀστράκινα τὸ δέρμα καὶ
τεμάχη Ποντικὰ τῶν ἐκ σαργάνης καὶ κωπαΐδες
καὶ ὄρνις σύντροφος καὶ ἀλεκτρυὼν ἤδη ἀπῳδὸς
καὶ ἰχθὺς ἦν παράσιτος· καὶ οἶν δὲ ὅλον ἰπνοκαῆ
εἴχομεν καὶ βοὸς λειπογνώμονος κωλῆν. ἄρτοι
μέντοι ἦσαν σιφαῖοι, οὐ φαῦλοι, καὶ ἄλλοι νουμήνιοι,
ὑπερήμεροι τῆς ἑορτῆς, καὶ λάχανα τά τε ὑπόγεια
καὶ τὰ ὑπερφυῆ· οἶνος δὲ ἦν οὐ γέρων, ἀλλὰ τῶν
ἀπὸ βύρσης, ἤδη μὲν ἀγλευκής, ἄπεπτος δὲ
ἔτι.</p>
</div>

<div type="textpart" subtype="section" n="7">
<p>7 Ποτήρια δὲ ἔκειτο παντοῖα ἐπὶ τῆς <lb n="3"/>
<note type="footnote">1 Text edd.: πολλαὶ καὶ ποικίλαι (καὶ) δίχηλαι ὕειαι MSS.</note>
<note type="footnote">2 μελιτοῦτται Jacobitz: μελιττοῦται MSS. (μελιτοῦται E2).</note>
<note type="footnote">3 δελφίδος (suggested by Coraës) Γ2: δελφῖδος Γ1: δελφινίδος
Ε (in erasure) N, vulg.</note>

<pb n="304"/>
τραπέζης, ὁ κρυψιμέτωπος καὶ τρυήλης<note type="footnote" n="1"></note> Μεντορουργὴς
εὐλαβῆ ἔχων τὴν κέρκον καὶ βομβυλιὸς καὶ
δειροκύπελλον καὶ γηγενῆ πολλὰ οἷα Θηρικλῆς
ὤπτα, εὐρυχαδῆ τε καὶ ἄλλα εὔστομα, τὰ μὲν
Φωκαῆθεν, τὰ δὲ Κνιδόθεν, πάντα μέντοι ἀνεμοφόρητα
καὶ ὑμενόστρακα. κυμβία δὲ ἦν καὶ
φιαλίδες καὶ ποτήρια γραμματικά, ὥστε μεστὸν
ἦν τὸ κυλικεῖον.</p>
</div>

<div type="textpart" subtype="section" n="8">
<p>8 Ὁ μέντοι ἰπνολέβης ὑπερπαφλάζων ἐς κεφαλὴν
ἡμῖν ἐπέτρεπε τοὺς ἄνθρακας. ἐπίνομεν δὲ ἀμυστὶ
καὶ ἤδη ἀκροθώρακες ἦμεν· εἶτ᾿ ἐχριόμεθα βακχάριδι
καὶ εἰσεκύκλησέ τις ἡμῖν τὴν ποδοκτύπην καὶ
τριγωνίστριαν· μετὰ δὲ ὁ μέν τις ἐπὶ τὴν κατήλιφα
ἀναρριχησάμενος <gap reason="omitted"/> 2 ἐπιφόρημα ἐζήτει, ὁ δὲ
ληκίνδα ἔπαιζεν, ἄλλος ἐρρικνοῦτο σὺν γέλωτι τὴν
ὀσφῦν.</p>
</div>

<div type="textpart" subtype="section" n="9">
<p>9 Καὶ ἐν ταὐτῷ λελουμένοι εἰσεκώμασαν ἡμῖν
αὐτεπάγγελτοι Μεγαλώνυμός τε ὁ δικοδίφης καὶ
Χαιρέας ὁ χρυσοτέκτων ὁ κατὰ νώτου ποικίλος καὶ
ὁ ὠτοκάταξις Εὔδημος. κἀγὼ ἠρόμην αὐτούς, τί
<note type="footnote">1 τρυηλὶς Fritzsche (Hesychius): but this necessitates
changing ἔχων to ἔχουσα. τρυήλης Ω vulg., τρυήλεις ΓΕ,
τρυίλης Ν, τρυηλὴς Α.</note>
<note type="footnote">2 Lacuna in MSS: 12 letters long in Γ, 5—6 in Ε.</note>
<note type="footnote">1 This is said to be the only reference to Mentor in extant
Greek literature. The scholia allude to him as a maker of
glassware, but various allusions in Latin writers from Cicero
to Juvenal and Martial (especially Pliny, Nat. Hist., XXXIII,
147) make it clear that he was a silversmith whose productions
were highly esteemed as antiques in Ciceroʼs time. When and
where he lived is not indicated.</note>
<note type="footnote">2 Thericles seems to have been a Corinthian potter, contemporary
with Aristophanes (Athen., XI, 470). His name
became attached to certain shapes, and even to imitations</note>

<pb n="306"/>
παθόντες ὀψὲ ἥκοιεν. ὁ μὲν οὖν Χαιρέας, “Ἐγώ,”
ἦ δ᾿ ὅς, “λῆρόν τινα ἐκρότουν καὶ ἐλλόβια καὶ
πέδας τῇ θυγατρὶ τῇ ἐμῇ καὶ διὰ τοῦτο ὑμῖν ἐπιδείπνιος
ἀφῖγμαι.” “Ἐγὼ δέ,” δʼ ὃς ὁ Μεγαλώνυμος,
“περὶ ἄλλα εἶχον· ἦν μὲν γὰρ ἄδικος ἡ
ἡμέρα, ὡς ἴστε, καὶ ἄλογος· ὡς ἂν οὖν ἐχεγλωττίας
οὔσης οὔτε ῥησιμετρεῖν εἶχον οὔτε ἡμερολεγδὸν
προσυδρονομεῖσθαι·<note type="footnote" n="1"></note> πυθόμενος δὲ ὅτι ὁ στρατηγὸς
ὀπτός ἐστιν, λαβὼν ἄχρηστα ἱμάτια εὐήτρια
καὶ ἀφόρητα ὑποδήματα ἐξέφρησα ἐμαυτόν.</p>
</div>

<div type="textpart" subtype="section" n="10">
<p>10 “Εἶτ᾿ εὐθὺς ἐντυγχάνω δᾳδούχῳ τε καὶ ἱεροφάντῃ
καὶ τοῖς ἄλλοις ἀρρητοποιοῖς Δεινίαν σύρουσιν
ἄγδην ἐπὶ τὴν ἀρχήν, ἔγκλημα ἐπάγοντας ὅτι
ὠνόμαζεν αὐτούς, καὶ ταῦτα εὖ εἰδὼς ὅτι ἐξ σὗπερ
ὡσιώθησαν, ἀνώνυμοί τέ εἰσι καὶ οὐκέτι ὀνομαστοὶ
ὡς ἂν ἱερώνυμοι ἤδη γεγενημένοι.”
“Οὐκ οἶδα,” ἦν δʼ ἐγώ, “ὃν λέγεις τὸν Δεινίαν·
αἰκάλλει<note type="footnote" n="2"></note> δʼ οὖν με τοὔνομα.” “Ἔστιν,” ἦ δ᾿
<note type="footnote">1 προσυδρονομεῖσθαι Harmon, from πρὸς ὑδωρονομεῖσθαι Γ:
ὡς ὑδρονομεῖσθαι other MSS.</note>
<note type="footnote">2 αἰκάλλει Bekker: ἐκάλει MSS.</note>
<note type="footnote">1 For ἄδικος (“unjust”) as applied to a day in the sense
that court was not held on it, cf. Athen. 98 B (Pompeianus).</note>
<note type="footnote">2 Both the verbs of the original (rendered “palavers”
and “solicit”) refer to pleading in court and carry allusions
to the custom of timing pleas by the water-clock. One of
them (ῥησιμετρεῖν) is ridiculed in the Mistaken Critic, 24 (p.
400).</note>

<pb n="308"/>
ὅς, “ἐν τοῖς σκιραφείοις ἐγκαψικήδαλος<note type="footnote" n="1"></note> ἄνθρωπος
τῶν αὐτοληκύθων καὶ τῶν αὐτοκαβδάλων, ἀεὶ
κουριῶν, ἐνδρομίδας ὑποδούμενος ἢ βαυκίδας,
ἀμφιμάσχαλον ἔχων.” “Τί οὖν,” ἦν δʼ ἐγώ,
“ἔδωκεν ἀμηγέπη δίκην ἢ λὰξ πατήσας ᾤχετο;”
“Καὶ μὴν ἐκεῖνός γε,” ἦ δʼ ὅς, “ὁ τέως <lb n="2"/>
ἤδη ἔμπεδός ἐστιν· ὁ γὰρ στρατηγὸς
καίτοι ἀτιμαγελοῦντι καρπόδεσμά τε αὐτῷ περιθεὶς
καὶ περιδέραιον ἐν ποδοκάκαις καὶ ποδοστράβαις
ἐποίησεν εἶναι. ὥστε ἔνδεσμος ὢν
ὑπέβδυλλέν τε ὁ κακοδαίμων ὑπὸ τοῦ δέους καὶ
πορδαλέος ἦν καὶ χρήματα ἀντίψυχα διδόναι
ἤθελεν.”</p>
</div>

<div type="textpart" subtype="section" n="11">
<p>11 “Ἐμὲ δέ,” ἦ δ᾿ ὃς ὁ Εὔδημος, “ὑπὸ τὸ
ἀκροκνεφὲς μετεστείλατο Δαμασίας ὁ πάλαι μὲν
ἀθλητὴς καὶ πολυνίκης, νῦν δὲ ἤδη ὑπὸ γήρως
ἔξαθλος ὤν· οἶσθα τὸν χαλκοῦν τὸν<note type="footnote" n="3"></note> ἑστῶτα ἐν
τῇ ἀγορᾷ. καὶ τὰ μὲν πιττῶν τὰ δὲ εὕων<note type="footnote" n="4"></note>
ἐξοικιεῖν γὰρ ἔμελλε τήμερον εἰς ἀνδρὸς
τὴν θυγατέρα καὶ ἤδη ἐκάλλυνεν αὐτήν. εἶτα
Τερμέριόν<note type="footnote" n="5"></note> τι κακὸν ἐμπεσὸν διέκοψε τὴν ἑορτήν·
ὁ γὰρ υἱὸς αὐτοῦ ὁ Δίων, οὐκ οἶδʼ ἐφʼ ὅτῳ λυπηθείς,
μᾶλλον δὲ θεοσεχθρίᾳ σχεθείς, ἀπῆγξεν ἑαυτόν,
καὶ εὖ ἴστε, ἀπωλώλει ἄν, εἰ μὴ ἐγὼ ἐπιστὰς ἀπηγχόνισά
τε αὐτὸν καὶ παρέλυσα τῆς ἐμβροχῆς, ἐπὶ
<note type="footnote">1 ἐγκαψικήδαλος EN: ἐγκαμφικήδαλος Γ, ἐγκαμφικίδαλος Ω,
ἐγκαψικίδαλος edd. The second part of the word (ἅπαξ λεγόμενον)
is clearly from κήδαλον, not κίδαλον.</note>
<note type="footnote">2 σαυλούμενος Seiler; αὐλούμενος MSS.</note>
<note type="footnote">3 τὸν is excised by Headlam and Herwerden, but to do that,
I think, is to retouch Lucianʼs picture of Lexiphanes.</note>
<note type="footnote">4 διετέλεσεν Seiler: διετέλεσα MSS.</note>
<note type="footnote">5 Τερμέριόν N (Cobet): μερμέριόν ΓEA.</note>

<pb n="310"/>
πολύ τε ὀκλὰξ παρακαθήμενος ἐπένυσσον<note type="footnote" n="1"></note> τὸν
ἄνθρωπον, βαυκαλῶν καὶ διακωδωνίζων, μή πη
ἔτι συνεχὴς εἴη τὴν φάρυγγα. τὸ δὲ μάλιστα
ὀνῆσαν ἐκεῖνο ἦν, ὅτι ἀμφοτέραις κατασχὼν
αὐτοῦ τὰ ἄκρα διεπίεσα.”</p>
</div>
    
    <div type="textpart" subtype="section" n="12">
<p>12 “Μῶν ἐκεῖνον,” ἦν δʼ ἐγώ, “φὴς Δίωνα τὸν
καταπύγονα καὶ λακκοσχέαν, τὸν μύρτωνα καὶ
σχινοτρώκταν νεανίσκον, ἀναφλῶντα καὶ βλιμάζοντα,
ἤν τινα πεώδη καὶ πόσθωνα αἴσθηται;
μίνθων<note type="footnote" n="2"></note> ἐκεῖνός γε καὶ λαικαλέος.” “Ἀλλά τοί
γε τὴν θεόν,” ἦ δʼ ὃς ὁ Εὔδημος, “θαυμάσας—
Ἄρτεμις γάρ ἐστιν αὐτοῖς ἐν μέσῃ τῇ αὐλῇ, Σκοπάδειον
ἔργον—ταύτῃ προσπεσόντες ὅ τε Δαμασίας
καὶ ἡ γυνὴ αὐτοῦ, πρεσβῦτις ἤδη καὶ τὴν κεφαλὴν
πολιὰς ἀκριβῶς, ἱκέτευον ἐλεῆσαι σφᾶς· ἡ δὲ
αὐτίκα ἐπένευσεν, καὶ σῶς ἦν, καὶ νῦν Θεόδωρον,
μᾶλλον δὲ περιφανῶς Ἀρτεμίδωρον ἔχουσι τὸν
νεανίσκον. ἀνέθεσαν οὖν αὐτῇ τά τε ἄλλα καὶ
βέλη καὶ τόξα, ὅτι χαίρει τούτοις· τοξότις γὰρ καὶ
ἑκηβόλος καὶ τηλέμαχος ἡ Ἄρτεμις.”</p>
</div>

<div type="textpart" subtype="section" n="13">
<p>13 “Πίνωμεν οὖν,” ἦ δʼ ὃς ὁ Μεγαλώνυμος, “καὶ
γὰρ καὶ λάγιυνον τουτονὶ παρηβηκότος ἥκω ὑμῖν
κομιῶν καὶ τυροῦ τροφαλίδας<note type="footnote" n="3"></note> καὶ ἐλαίας
χαμαιπετεῖς—φυλάττω δʼ αὐτὰς ὑπὸ σφραγῖσιν
θριπηδέστοις—καὶ ἄλλας ἐλαίας νευστὰς καὶ πήλινα
<note type="footnote">1 ἐπένυσσον Ν: ἐπίνυσσον ΓΕ: ἐπινύσσων Ω.</note>
<note type="footnote">2 μίνθων Bekker, Mras: μιν ἐών ΓΝΕ: βινέων Ω(?). Mras
compares Philod., de Vitiis, p. 37 Jensen.</note>
<note type="footnote">3 τροφαλίδας Seiler: τρυφαλίδας MSS.</note>
<note type="footnote">1 Eudemus means to convey the idea that he undid the
noose and attempted to relieve the man, but his language
is so open to misunderstanding that it suggests quite the</note>

<pb n="312"/>
ταυτὶ ποτήρια, ὀξυόστρακα, εὐπυνδάκωτα, ὡς
ἐξ αὐτῶν πίνοιμεν, καὶ πλακοῦντα ἐξ ἐντέρων κρωβυλώδη
τὴν πλοκήν. σὺ δʼ, ὦ παῖ, πλέον μοι τοῦ
ὕδατος ἔγχει, ὡς μὴ καραιβαρεῖν ἀρξαίμην κἆτά
σοι τὸν παιδοβοσκὸν καλῶ ἐπὶ σέ· ἴστε γὰρ ὡς
ὀδυνῶμαι καὶ διέμπιλον ἔχω τὴν κεφαλήν. μετὰ
14 δὲ τὸν ποτὸν συνυθλήσομεν οἷα καὶ ἅττ᾿</p>
</div>

<div type="textpart" subtype="section" n="14">
<p>14 ἐώθαμεν·
οὐ γὰρ ἄκαιρον δήπουθεν ἐν οἴνῳ φλύειν.”
“Ἐποινῶ τοῦτο,” ἦν δʼ ἐγώ, “καὶ γὰρ ὅτιπερ
ὄφελός ἐσμεν τῆς ἀττικίσεως ἄκρον.” “Εὖ λέγεις,”
ἦ δʼ ὃς ὁ Καλλικλῆς· “τὸ γὰρ ἐρεσχλεῖν
ἀλλήλους συχνάκις λάλης θηγάνη γίγνεται.” “Ἐγὼ
δέ,” ἦ δʼ ὃς ὁ Εὔδημος— “κρύος γάρ ἐστιν— ἥδιον
ἂν εὐζωροτέρῳ ὑποπυκνάζοιμι· καὶ γὰρ χειμοθνής
εἰμι, καὶ χλιανθεὶς ἥδιον ἂν<note type="footnote" n="2"></note> ἀκούοιμι τῶν χειρεσόφων
τούτων, τοῦ τε αὐλητοῦ καὶ τῆς βαρβιτῳδοῦ.”</p>
</div>

<div type="textpart" subtype="section" n="15">
<p>15 “Τί ταῦτα ἔφησθα, ὦ Εὔδημε;” ἦν δʼ ἐγώ·
“ἀλογίαν ἡμῖν ἐπιτάττεις ὡς ἀστόμοις οὖσι καὶ
ἀπεγλωττισμένοις; ἐμοὶ δὲ ἡ γλῶττά τε ἤδη
λογᾷ καὶ δὴ ἀνηγόμην γε ὡς ἀρχαιολογήσων
ὑμῖν καὶ κατανίψων ἀπὸ γλῶττά ἅπαντας.
ἀλλὰ σὺ τὸ ὅμοιον εἰργάσω με ὥσπερ εἴ τις ὁλκάδα
τριάρμενον ἐν οὐρίῳ πλέουσαν, ἐμπεπνευματωματοῦσαν,
τοῦ ἀκατίου, εὐφοροῦσάν τε καὶ ἀκροκυμματοῦσαν,
ἕκτοράς τινας ἀμφιστόμους καὶ ἰσχάδας
σιδηρᾶς ἀφεὶς καὶ ναυσιπέδας ἀναχαιτίζοι τοῦ
δρόμου τὸ ῥόθιον, φθόνῳ τῆς εὐηνεμίας.”
<note type="footnote">1 συνυθλήσομεν οἷα edd.: συνυθλησόμενοι MSS. (-οι om. N).</note>
<note type="footnote">2 ἂν Jacobitz: not in MSS.</note>
<note type="footnote">1 Cf. Dancing, 69 (p. 272), and the note there.</note>

<pb n="314"/>
“Οὐκοῦν,” ἦ δʼ ὅς, “σὺ μέν, εἰ βούλει, πλεῖ καὶ
νεῖ καὶ θεῖ κατὰ τοῦ κλύδωνος, ἐγὼ δὲ ἀπόγειος
πίνων ἅμα ὥσπερ ὁ τοῦ Ὁμήρου Ζεὺς ἢ ἀπὸ
φαλάκρων ἢ ἀπὸ τῆς ἀκρουρανίας ὄψομαι διαφερόμενόν
σέ τε καὶ τὴν ναῦν πρύμνηθεν ὑπὸ<note type="footnote" n="1"></note> τοῦ
ἀνέμου κατουρουμένην,”</p>
</div>

<div type="textpart" subtype="section" n="16">
<sp>
<speaker>ΛΥΚΙΝΟΣ</speaker>
<p>16 Ἅλις, ὦ Λεξίφανες, καὶ ποτοῦ καὶ ἀναγνώσεως.
ἐγὼ γοῦν ἤδη μεθύω σοι καὶ ναυτιῶ
καὶ ἢν μὴ τάχιστα ἐξεμέσω πάντα ταῦτα ὁπόσα
διεξελήλυθας, εὖ ἴσθι, κορυβαντιάσειν μοι δοκῶ
περιβομβούμενος ὑφʼ ὧν κατεσκέδασάς μου ὀνομάτων.
καίτοι τὸ μὲν πρῶτον γελᾶν ἐπῄει μοι
ἐπʼ αὐτοῖς, ἐπειδὴ δὲ πολλὰ καὶ πάντα ὅμοια
ἦν, ἠλέουν σε τῆς κακοδαιμονίας ὁρῶν εἰς λαβύρινθον
ἄφυκτον ἐμπεπτωκότα καὶ νοσοῦντα νόσον
τὴν μεγίστην, μᾶλλον δὲ μελαγχολῶντα.</p>
</sp>
</div>

<div type="textpart" subtype="section" n="17">
<p>17 Ζητῶ οὖν πρὸς ἐμαυτὸν ὁπόθεν τὰ τοσαῦτα κακὰ
συνελέξω καὶ ἐν ὁπόσῳ χρόνῳ καὶ ὅπου κατακλείσας
εἶχες τοσοῦτον ἐσμὸν ἀτόπων καὶ διαστρόφων
ὀνομάτων, ὧν τὰ μὲν αὐτὸς ἐποίησας, τὰ
δὲ κατορωριυγμένα ποθὲν ἀνασπῶν κατὰ τὸ
ἰαμβεῖον<note type="footnote" n="2"></note>
<lg>
<l>ὄλοιο θνητῶν ἐκλέγων τὰς συμφοράς·</l>
</lg>
τοσοῦτον βόρβορον συνερανίσας κατήντλησάς μου
μηδέν σε δεινὸν εἰργασμένου. δοκεῖς δέ μοι
μήτε φίλον τινὰ ἢ οἰκεῖον ἢ εὔνουν ἔχειν μήτε
ἀνδρὶ ἐλευθέρῳ πώποτε καὶ παρρησίαν ἄγοντι
<note type="footnote">1 ὑπὸ Ν: ἀπὸ other Source unknown.</note>

 <pb n="316"/>
 ἐντετυχηκέναι, ὃς τἀληθὲς εἰπὼν ἔπαυσεν ἄν σε
 ὑδέρῳ μὲν ἐχόμενον καὶ ὑπὸ τοῦ πάθους διαρραγῆναι
 κινδυρεύοντα, σαυτῷ δὲ εὔσαρκον εἶναι
 δοκοῦντα καὶ εὐρωστίαν οἰόμενον τὴν συμφορὰν
 καὶ ὑπὸ μὲν τῶν ἀνοήτων ἐπαινούμενον ἀγνοούντων
 ἃ πάσχεις, ὑπὸ δὲ τῶν πεπαιδευμένων εἰκότως
 ἐλεούμενον.</p>
</div>
 
  <div type="textpart" subtype="section" n="18">
 <p>18 Ἀλλ᾿ εἰς καλὸν γὰρ τουτονὶ Σώπολιν ὁρῶ τὸν
 ἰατρὸν προσιόντα, φέρε τούτῳ ἐγχειρίσαντές σε
 καὶ διαλεχθέντες ὑπὲρ τῆς νόσου ἴασίν τινά σοι
 εὑρώμεθα· συνετὸς γὰρ ἁνὴρ<note type="footnote" n="1"></note> καὶ πολλοὺς ἤδη
 παραλαβὼν ὥσπερ σὲ ἡμιμανεῖς καὶ κορυζῶντας
 ἀπήλλαξεν ἐγχέας φάρμακον. χαῖρε, Σώπολι, καὶ
 τουτονὶ Λεξιφάνην παραλαβὼν ἑταῖρον, ὡς οἶσθα,
 ἡμῖν ὄντα, λήρῳ δὲ νῦν καὶ ξένῃ περὶ τὴν φωνὴν
 νόσῳ ξυνόντα καὶ κινδυνεύοντα ἤδη τελέως ἀπολωλέναι
 σῶσον ἑνί γέ τῳ τρόπῳ.</p>
  </div>
   
  <div type="textpart" subtype="section" n="19">
  <sp>
   <speaker>ΛΕΞΙΦΑΝΗΣ</speaker>
 <p>19 Μὴ ἐμέ, Σώπολι, ἀλλὰ τουτονὶ Λυκῖνον, ὃς
 περιφανῶς μακκοᾷ καὶ ἄνδρας πεφρενωμένους
 ὀλισθογνωμονεῖν οἴεται καὶ κατὰ τὸν Μνησάρχου
 τὸν Σάμιον σιωπὴν καὶ γλωτταργίαν ἡμῖν ἐπιβάλλει.
 ἀλλὰ μὰ τὴν ἀναίσχυντον Ἀθηνᾶν καὶ
 τὸν μέγαν θηριομάχον Ἡρακλέα οὐδ᾿ ὅσον τοῦ
 γρῦ καὶ τοῦ φνεῖ φροντιοῦμεν αὐτοῦ· ὀττεύομαι
 γοῦν μηδὲ ὅλως ἐντυγχάνειν αὐτῷ. ἔοικα δὲ
 καὶ ῥιναυλήσειν<note type="footnote" n="2"></note> τοιαῦτα ἐπιτιμῶντος ἀκούων.
  <note type="footnote">1 ἀνὴρ MSS.: corr. Dindorf.</note>
  <note type="footnote">2 ῥιναυλήσειν Gesner: ῥιναυστήσειν MSS.</note>
 
<pb n="318"/>
καὶ ἤδη γε ἄπειμι παρὰ τὸν ἑταῖρον Κλεινίαν, ὅτι
πυνθάνομαι ἤδη ἀκάθαρτον εἶναι αὐτῷ τὴν
γυναῖκα καὶ ταύτην νοσεῖν, ὅτι μὴ ῥεῖ. ὥστε
οὐκέτι οὐδ᾿ ἀναβαίνει αὐτήν, ἀλλʼ ἄβατος καὶ
ἀνήροτός ἐστιν.</p>
  </sp>
</div>

<div type="textpart" subtype="section" n="20">
<sp>
<speaker>ΣΩΠΟΛΙΣ</speaker>
<p>20 Τί  δὲ νοσεί, ὦ Λυκῖνε, Λεξιφάνης;</p>
</sp>

<sp>
<speaker>ΛΥΚΙΝΟΣ</speaker>
<p>Αὐτὰ ταῦτα, ὦ Σώπολι. οὐκ ἀκούεις οἷα
φθέγγεται; καὶ ἡμᾶς τοὺς νῦν προσομιλοῦντας
καταλιπὼν πρὸ χιλίων ἐτῶν ἡμῖν διαλέγεται
διαστρέφων τὴν γλῶτταν καὶ ταυτὶ τὰ ἀλλόκοτα
συντιθεὶς καὶ σπουδὴν ποιούμενος ἐπʼ αὐτοῖς,
ὡς δή τι μέγα ὄν, εἴ τι ξενίζοι καὶ τὸ καθεστηκὸς
νόμισμα τῆς φωνῆς παρακόπτοι.</p>
</sp>

<sp>
<speaker>ΣΩΠΟΛΙΣ</speaker>
<p>Μὰ Δίʼ οὐ μικράν τινα λέγεις τὴν νόσον, ὦ
Λυκῖνε. βοηθητέα γοῦν τῷ ἀνδρὶ πάσῃ μηχαῇ
καὶ—κατὰ θεὸν γὰρ τῶν χολώντων τινι φάρμακον
τουτὶ κερασάμενος ἀπῄειν, ὡς πιὼν ἐμέσειε—φέρε
πρῶτος αὐτὸς πῖθι, ὦ Λεξίφανες, ὡς ὑγιὴς ἡμῖν
καὶ καθαρὸς γένοιο, τῆς τοιαύτης τῶν λόγων ἀτοπίας
κενωθείς. ἀλλὰ πείσθητί μοι καὶ πῖθι καὶ ῥᾴων ἔσῃ.</p>
</sp>

<sp>
<speaker>ΛΕΞΙΦΑΝΗΣ</speaker>
<p>Οὐκ οἶδ᾿ ὃ καὶ δράσετέ με, ὦ Σώπολι, σύ τε
καὶ Λυκῖνος, πιπίσκοντες τουτουὺ τοῦ φαρμάκου.
δέδοικα γοῦν μὴ πῶμα<note type="footnote" n="2"></note> γένοιτό μοι τοῦτο τῶν
λόγων τὸ πόμα.</p>
<note type="footnote">1 χολώντων Γ (Cobet): χολωτῶν N vulg.</note>
<note type="footnote">2 πτῶμα N, edd. But πῶμα is used by Lexiphanes in the
sense of “id,” πόμα as Attic for “drink.”</note>
</sp>

  <pb n="320"/>
 <sp>
  <speaker>ΛΥΚΙΝΟΣ</speaker>
  <p>Πῖθι καὶ μὴ μέλλε, ὡς ἀνθρώπινα ἤδη φρονοίης
  καὶ λέγοις.</p>
 </sp>
  
  <sp>
   <speaker>ΛΕΞΙΦΑΝΗΣ</speaker>
  <p>Ἰδοὺ πείθομαι καὶ πίομαι. φεῦ, τί τοῦτο;
  πολὺς ὁ βορβορυγμός. ἐγγαστρίμυθόν τινα ἔοικα
  πεπωκέναι.</p>
  </sp>
</div>
   
  <div type="textpart" subtype="section" n="21">
  <sp>
   <speaker>ΣΩΠΟΛΙΣ</speaker>
  <p>21 Ἄρξαι δὴ ἐμεῖν. βαβαί. πρῶτον τουτὶ τὸ
  μῶν εἶτα μετ᾿ αὐτὸ ἐξελήλυθεν τὸ κᾆτα, εἶτα ἐπ᾿
  αὐτοῖς τὸ ἦ δ᾿ ὅς καὶ ἀμηγέπη καὶ λῷστε καὶ
  δήπουθεν καὶ συνεχὲς τὸ ἄττα. βίασαι δ᾿ ὅμως,
  καὶ κάθες εἰς τὴν φάρυγγα τοὺς δακτύλους.
  οὐδέπω τὸ ἴκταρ ἐμήμεκας οὐδὲ τὸ σκορδινᾶσθαι
  οὐδὲ τὸ τευτάζεσθαι οὐδὲ τὸ σκύλλεσθαι.<note type="footnote" n="1"></note> πολλὰ
  ἔτι ὑποδέδυκε καὶ μεστή σοι αὐτῶν ἡ γαστήρ.
  ἄμεινον δέ, εἰ καὶ κάτω διαχωρήσειεν ἂν ἔνια·
  ἡ γοῦν σιληπορδία μέγαν τὸν ψόφον ἐργάσεται
  συνεκπεσοῦσα μετὰ τοῦ πνεύματος.
  Ἀλλ᾿ ἢδη μὲν καθαρὸς οὑτοσὶ πλὴν εἴ τι μεμένηκεν
  ὑπόλοιπον ἐν τοῖς κάτω ἐντέροις. σὺ δὲ τὸ
  μετὰ τοῦτο παραλαβὼν αὐτόν, ὦ Λυκῖνε, μεταπαίδευε
  καὶ δίδασκε ἃ χρὴ λέγειν.</p>
   <note type="footnote">1 σκύλλεσθαι N: σκύλεσθαι ΓΕΑ.</note>
  </sp>
  </div>
  
   <div type="textpart" subtype="section" n="22">
<pb n="322"/>
<sp>
<speaker>ΛΥΚΙΝΟΣ</speaker>
<p>22 Οὕτω ποιήσομεν, ὦ Σώπολι, ἐπειδήπερ ἡμῖν
προωδοποίηται τὰ παρὰ σοῦ· καὶ πρὸς σὲ τὸ
λοιπόν, ὦ Λεξίφανες, ἡ συμβουλή. εἴπερ ἄῤ
ἐθέλεις ὡς ἀληθῶς ἐπαινεῖσθαι ἐπὶ λόγοις κἀν τοῖς
πλήθεσιν εὐδοκιμεῖν, τὰ μὲν τοιαῦτα πάντα
φεῦγε καὶ ἀποτρέπου, ἀρξάμενος δὲ ἀπὸ τῶν
ἀρίστων ποιητῶν καὶ ὑπὸ διδασκάλοις αὐτοὺς
ἀναγνοὺς μέτιθι ἐπὶ τοὺς ῥήτορας, καὶ τῇ ἐκείνων
φωνῇ συντραφεὶς ἐπὶ τὰ Θουκυδίδου καὶ Πλάτωνος
ἐν καιρῷ μέτιθι, πολλὰ καὶ τῇ καλῇ κωμῳδίᾳ καὶ
τῇ σεμνῇ τραγῳδίᾳ ἐγγεγυμνασμένος· παρὰ
γὰρ τούτων ἅπαντα τὰ κάλλιστα ἀπανθισάμενος
ἔσῃ τις ἐν λόγοις· ὡς γῦν γε ἐλελήθεις σαυτὸν τοῖς
ὑπὸ τῶν κοροπλάθων εἰς τὴν ἀγορὰν πλαττομένοις
ἐοικώς, κεχρωσμένος μὲν τῇ μίλτῳ καὶ τῷ κυανῷ,
τὸ δ᾿ ἔνδοθεν πήλινός τε καὶ εὔθρυπτος ὤν.</p>
</sp>
</div>

<div type="textpart" subtype="section" n="23">
<p>23 Ἐὰν ταῦτα ποιῇς, πρὸς ὀλίγον τὸν ἐπὶ τῇ ἀπαιδευσίᾳ
ἔλεγχον ὑπομείνας καὶ μὴ αἰδεσθεὶς μεταμανθάνων,
θαρρῶν ὁμιλήσεις τοῖς πλήθεσι καὶ
οὐ καταγελασθήσῃ ὥσπερ νῦν οὐδὲ διὰ στόματος
ἐπὶ τῷ χείρονι τοῖς ἀρίστοις ἔσῃ, Ἕλληνα καὶ
Ἀττικὸν ἀποκαλούντων σε τὸν μηδὲ <note type="footnote" n="1"></note>
ἐν τοῖς σαφεστάτοις ἀριθμεῖσθαι ἄξιον. πρὸ
πάντων δὲ ἐκεῖνο μέμνησό μοι, μὴ μιμεῖσθαι τῶν
ὀλίγον πρὸ ἡμῶν γενομένων σοφιστῶν τὰ φαυλότατα
μηδὲ περιεσθίειν ἐκεῖνα ὥσπερ νῦν, ἀλλὰ τὰ
μὲν τοιαῦτα καταπατεῖν, ζηλοῦν δὲ τὰ ἀρχαῖα
τῶν παραδειγμάτων. μηδέ σε θελγέτωσαν αἱ
ἀνεμῶναι τῶν λόγων, ἀλλὰ κατὰ τὸν τῶν ἀθλητῶν
νόμον ἡ στερρά σοι τροφὴ συνήθης ἔστω, μάλιστα
<note type="footnote">1 βαρβάρων Gronovius: βάρβαρον MSS.</note>

<pb n="324"/>
δὲ Χάρισι καὶ Σαφηνείᾳ θῦε, ὧν πάμπολυ λίαν
νῦν ἀπελέλειφο.</p>
</div>

<div type="textpart" subtype="section" n="24">
<p>24 καὶ ὁ τῦφος δὲ καὶ ἡ μεγαλαυχία
καὶ ἡ κακοήθεια καὶ τὸ βρενθύεσθαι καὶ λαρυγγίζειν
ἀπέστω, καὶ τὸ διασιλλαίνειν τὰ τῶν ἄλλων
καὶ οἴεσθαι ὅτι πρῶτος ἔσῃ αὐτός, ἢν τὰ πάντων
συκοφαντῇς.</p>
<p>Καὶ μὴν κἀκεῖνο οὐ μικρόν, μᾶλλον δὲ τὸ μέγιστον
ἁμαρτάνεις, ὅτι οὐ πρότερον τὰς διανοίας
τῶν λέξεων προπαρεσκευασμένος ἔπειτα κατακοσμεῖς
τοῖς ῥήμασιν καὶ τοῖς ὀνόμασιν, ἀλλὰ ἤν
που ἡῆμα ἔκφυλον εὕρῃς ἢ αὐτὸς πλασάμενος
οἰηθῇς εἶναι καλόν, τούτῳ ζητεῖς διάνοιαν ἐφαρμόσαι
καὶ ζημίαν ἡγῇ, ἂν μὴ παραβύσῃς αὐτό
που, κἂν τῷ λεγομένῳ μηδʼ ἀναγκαῖον ᾖ, οἷον
πρῴην τὸν θυμάλωπα <note type="footnote" n="1"></note> οὐδὲ εἰδὼς ὅ τι σημαίνει,
ἀπέρριψας οὐδὲν ἐοικότα τῷ ὑποκειμένῳ. καὶ
οἱ μὲν ἰδιῶται πάντες ἐτεθήπεσαν ὑπὸ τοῦ ξένου
πληγέντες τὰ ὦτα, οἱ πεπαιδευμένοι δὲ ἐπʼ ἀμφοτέροις,
καὶ σοὶ καὶ τοῖς ἐπαινοῦσιν, ἐγέλων.</p>
</div>

<div type="textpart" subtype="section" n="25">
<p>25 Τὸ δὲ πάντων καταγελαστότατον ἐκεῖνό ἐστιν,
ὅτι ὑπεράττικος εἶναι ἀξιῶν καὶ τὴν φωνὴν εἰς τὸ
ἀρχαιότατον ἀπηκριβωμένος τοιαῦτα ἔνια, μᾶλλον
δὲ τὰ πλεῖστα, ἐγκαταμιγνύεις τοῖς λόγοις ἃ
μηδὲ παῖς ἄρτι μανθάνων ἀγνοήσειεν ἄν·<note type="footnote" n="2"></note> οἷον
ἐκεῖνα πῶς οἴει κατὰ γῆς δῦναι ηὐχόμην ἀκούων
σου ἐπιδεικνυμένου, ὅτε χιτώνιον μὲν καὶ τὸ
ἀνδρε ῖον ᾤου λέγεσθαι, δουλάρια δὲ καὶ τοὺς
ἄρρενας τῶν ἀκολούθων ἀπεκάλεις, ἃ τίς οὐκ
οἶδεν ὅτι χιτώνιον μὲν γυναικὸς ἐσθής, δουλάρια
<note type="footnote">1 θυμάλωπα Guyet: οὐμάλωπα MSS.</note>
<note type="footnote">2 ἄν Jacobitz: not in MSS.</note>

 <pb n="326"/>
 δὲ τὰ θήλεα καλοῦσιν; καὶ ἄλλα πολὺ τούτων
 προφανέστερα, οἷον τὸ ἵπτατο καὶ τὸ ἀπαντώμενος
 καὶ τὸ καθεσθείς, οὐδὲ μετοικικὰ τῆς Ἀθηναίων
 φωνῆς. ἡμεῖς οὐδὲ ποιητὰς ἐπαινοῦμεν τοὺς
 κατάγλωττα<note type="footnote" n="1"></note> γράφοντας ποιήματα. τὰ δὲ σά,
 ὡς πεζὰ μέτροις παραβάλλειν, καθάπερ ὁ Δωσιάδα
 Βωμὸς ἂν εἴη καὶ ἡ τοῦ Λυκόφρονος Ἀλεξάνδρα,
 καὶ εἴ τις ἔτι τούτων τὴν φωνὴν
 κακοδαιμονέστερος.</p>
 <p>Ἄν ταῦτα ζηλώσῃς καὶ μεταμάθῃς, ἄριστα
 βεβουλευμένος ὑπὲρ σεαυτοῦ ἔσῃ· ἂν δὲ λάθῃς
 αὖθις εἰς τὴν λιχνείαν κατολισθών, ἐμοὶ μὲν
 ἀποπεπλήρωται ἡ παραίνεσις, σὺ δὲ σεαυτὸν
 αἰτιάσῃ, ἄν γε καὶ ξυνῇς χείρων γενόμενος.</p>
 <note type="footnote">1 κατάγλωττα Meineke: κατὰ γλῶτταν MSS.</note>
 <note type="footnote">1 ἐπέτετο (“flew”) should have been used instead of ἵπτατο;
 cf. Lobeck’s Phrynichus, p. 324, and Lucian, Soloecista, 48
 (Vol. VIII). But Lucian himself has the condemned form
 sometimes; e.g., Vol. III, p. 392, twice.</note>
 <note type="footnote">2 The active, ἀπαντῶν, should have been employed, not the
 middle, which is poetic according to Phrynichus (p. 288).</note>
 </div>
</div>
</body>
</text>
</TEI>
