﻿<?xml version="1.0" encoding="UTF-8"?>
<?xml-model href="http://www.stoa.org/epidoc/schema/latest/tei-epidoc.rng" schematypens="http://relaxng.org/ns/structure/1.0"?>
<TEI xmlns="http://www.tei-c.org/ns/1.0">
 <teiHeader>
  <fileDesc>
   <titleStmt>
    <title>Dearum judicium</title>
    <author>Lucianus Samosatenus</author>
    <editor>A. M. Harmon</editor>
    <funder>Harvard Library Arcadia Fund</funder>
    <principal>Gregory Crane</principal>
    <respStmt>
     <persName xml:id="DDD">Digital Divide Data</persName>
     <resp>Corrected and encoded the text</resp>
    </respStmt>
    <respStmt>
     <persName>Gregory Crane</persName>
     <resp>Editor-in-Chief, Perseus Digital Library</resp>
    </respStmt>
    <respStmt>
     <persName>Matt Munson</persName>
     <resp>Project Manager (University of Leipzig), 2016 - present</resp>
    </respStmt>
    <respStmt>
     <persName>Annette Geßner</persName>
     <resp>Project Assistant (University of Leipzig) 2015 - present</resp>
    </respStmt>
    <respStmt>
     <persName>Thibault Clérice</persName>
     <resp>Lead Developer (University of Leipzig)</resp>
    </respStmt>
    <respStmt>
     <persName>Bruce Robertson</persName>
     <resp>Technical Advisor</resp>
    </respStmt>
   </titleStmt>
   <publicationStmt>
    <authority>Harvard College Library</authority>
    <idno type="filename">tlg0062.tlg032.1st1K-grc1.xml</idno>
    <availability>
     <p>Available under a Creative Commons Attribution-ShareAlike 4.0 International License</p>
    </availability>
    <date>2016</date>
    <publisher>Harvard College Library</publisher>
    <pubPlace>United States</pubPlace>
   </publicationStmt>
   <sourceDesc>
    <listBibl>
     <biblStruct>
      <monogr>
       <title>Lucian</title>
       <editor>
        <persName>
         <name>A. M. Harmon</name>
        </persName>
       </editor>
       <author ref="urn:cts:greekLit:tlg0062">Lucianus Samosatenus</author>
       <imprint>
        <publisher>Harvard University Press</publisher>
        <pubPlace>Cambridge, Mass</pubPlace>
        <date>1960</date>
       </imprint>
       <biblScope unit="volume">3</biblScope>
      </monogr>
      <ref target="https://archive.org/details/lucianhar03luciuoft">The Internet Archive</ref>
     </biblStruct>
    </listBibl>
   </sourceDesc>
  </fileDesc>
  <encodingDesc>
   <p>Text encoded in accordance with the latest EpiDoc standards (January 2014)</p>
   <refsDecl n="CTS">
    <cRefPattern matchPattern="(.+)" n="section" replacementPattern="#xpath(/tei:TEI/tei:text/tei:body/tei:div/tei:div[@n='$1'])"/>
   </refsDecl>
  </encodingDesc>
  <profileDesc>
   <langUsage>
    <language ident="grc">Greek</language>
   </langUsage>
  </profileDesc>
  <revisionDesc>
   <change/>
  </revisionDesc>
 </teiHeader>
<text>
<body>
 <div type="edition" xml:lang="grc" n="urn:cts:greekLit:tlg0062.tlg032.1st1K-grc1">
<head>ΘΕΩΝ ΚΡΙΣΙΣ</head>
<pb n="384"/>
<div type="textpart" subtype="section" n="1">
<sp>
<speaker>ΖΕΥΣ</speaker>
<p>1 Ἑρμῆ. λαβὼν τουτὶ τὸ μῆλον ἄπιθι εἰς τὴν
Φρυγίαν παρὰ τὸν Πριάμου παῖδα τὸν βουκόλον
—νέμει δὲ τῆς Πδης ἐν τῷ Γαργάργῳ—καὶ λέγε
πρὸς αὐτόν, ὅτι “Σέ, ὦ Πάρι, κελεύει ὁ Ζεύς,
ἐπειδὴ καλός τε αὐτὸς εἶ καὶ σοφὸς τὰ ἐρααωτικά,
δικάσαι ταῖς θεαῖς, τις αὐτῶν ἡ καλλίστη ἐστίν·
τοῦ δὲ ἀγῶνος τὸ ἆλθον ἡ νικῶσα λαβέτω τὸ
μῆλον.᾿᾿ ὥρα δὲ ἤδη καὶ ὑμῖν αὐταῖς ἀπιέναι
παρὰ τὸν δικαστήν· ἐγὼ γὰρ ἀπωθοῦμαι τὴν
δίαιταν ἐπʼ ἴσης τε ὑμᾶς ἀγαπόῶν, καὶ εἴ γε οἷόν
τε ἢν, ἡδέοως ἂν ἁπάσας νενικηκυίας ἰδών. ἄλλως
τε καὶ ἀνάγκη, μιᾷ τὸ καλλιστεῖον ἀποδόντα
πάντως ἀπεχθάνεσθαι ταῖς πλείοσιν. διὰ ταῦτα
αὐτὸς μὲν<note type="footnote" n="1"></note> οὐκ ἐπιτήδειος ὑμῖν δικαστής, ὁ δὲ
νεανίας οὗτος ὁ Φρὺξ ἐφʼ ὃν ἄπιτε βασιλικὸς μέν
ἐστι καὶ Γανυμήδους τουτουὶ συγγενής, τὰ ἄλλα δὲ
ἀφελὴς καὶ ὄρειος, κοὐκ ἄν τις αὐτὸν ἀπαξιώσειε
τοιαύτης θέας.</p>
</sp>
</div>

<div type="textpart" subtype="section" n="2">
<sp>
<speaker>ΑΦΡΟΔΙΤΗ</speaker>
<p>2 Ἐγὼ μέν, ὦ Ζεῦ, εἰ καὶ τὸν Μῶμον αὐτὸν
ἐπιστήσειας ἡμῖν δικαστήν, θαρροῦσα βαδιοῦμαι
πρὸς τὴν ἐπίδειξιν· τί γὰρ ἂν καὶ μωμήσαιτό
μου; χρὴ δὲ καὶ ταύταις ἀρέσκειν τὸν ἄνθρωπον.
Available in photographs : Γ, PΝ. P contains only c. <lb n="16"/>
ἐρασθῆς—end.</p>
<note type="footnote">1 αὐτὸς μὲν Fritzsche: μὲν αὐτὸς γβ.</note>
</sp>

<pb n="386"/>
<sp>
<speaker>ΗΡΑ</speaker>
<p>Οὐδ᾿ ἡμεῖς, ὦ Αφροδίτη, δέδιμεν, οὐδʼ ἂν ὁ
Ἄρης ὁ σὸς ἐπιτραπῇ τὴν δίαιταν· ἀλλὰ δεχόμεθα
καὶ τοῦτον, ὅστις ἂν ᾖ, τὸν Πάριν.</p>
</sp>

<sp>
<speaker>ΖΕΥΣ</speaker>
<p>Ἠ καὶ σοὶ ταῦτα, ὦ θύγατερ, συνδοκεῖ; τί φής;
ἀποστρέφῃ καὶ ἐρυθριᾷς; ἔστι μὲν ἴδιον τὸ αἰδεῖσθαι
τὰ τοιαῦτα ὑμῶν τῶν παρθένων· ἐπινεύεις δʼ
ὅμως. ἄπιτε οὖν καὶ μὴ χαλεπήνητε τῷ δικαστῇ
αἱ νενικημέναι μηδὲ κακὸν ἐντρίψτησθε τῷ νεανίσκῳ·
οὐ γὰρ οἷόν τε ἐπʼ ἴσης πάσας εἶναι καλάς.</p>
</sp>
</div>

<div type="textpart" subtype="section" n="3">
<sp>
<speaker>ΕΡΜΗΣ</speaker>
<p>Προΐωμεν εὐθὺ τῆς Φρυγίας, ἐγὼ μὲν ἡγούμενος,
ὑμεῖς δὲ μὴ βραδέως ἀκολουθεῖτέ μοι καὶ θαρρεῖτε.
οἴδα ἐγὼ τὸν Πάριν. νεανίας ἐστὶ καλὸς καὶ
τἄλλα ἐραωτικὸς καὶ τὰ τοιαῦτα κρίνειν ἱκανοώτατος.
οὐκ ἂν ἐκεῖνος δικάσειεν κακῶς.</p>
</sp>

<sp>
<speaker>ΑΦΡΟΔΙΤΗ</speaker>
<p>Τοῦτο μὲν ἅπαν ἀγαθὸν καὶ πρὸς ἐμοῦ λέγεις,
τὸ δίκαιον ἡμῖν εἶναι τὸν δικαστήν· πότερα δὲ
ἄγαμός ἐστιν οὗτος ἢ καὶ γυνή τις αὐτῷ σύνεστιν;</p>
</sp>

<sp>
<speaker>ΕΡΜΗΣ</speaker>
<p>Οὐ παντελῶς ἄγαμος, ὦ Ἀφροδίτη.</p>
</sp>

<sp>
<speaker>ΑΦΡΟΔΙΤΗ</speaker>
<p>Πῶς λέγεις;</p>
</sp>

<sp>
<speaker>ΕΡΜΗΣ</speaker>
<p>Δοκεῖ τις αὐτῷ συνοικεῖν δαία γυνή, ἱκανὴ
μέν, ἀγροῖκος δὲ καὶ δεινῶς ὄρειος, ἀλλʼ οὐ σφόδρα
προσέχειν αὐτῇ ἔοικε. τίνος δʼ οὖν ἕνεκα ταῦτα
ἐρωτᾷς;</p>
</sp>

<pb n="388"/>
<sp>
<speaker>ΑΦΡΟΔΙΤΗ</speaker>
<p>Ἄλλως ἠρόμην.</p>
</sp>
</div>

<div type="textpart" subtype="section" n="4">
<sp>
<speaker>ΑΘΗΝΑ</speaker>
<p>4 Παραπ ρεσ βεύεις, οὗτος, ἰδίᾳ πάλαι ταύτῃ
κοινολοτούμενος.</p>
</sp>

<sp>
<speaker>ΕΡΜΗΣ</speaker>
<p>Οὐδέν, ὦ Ἀθηνᾶ, δεινὸν οὐδὲ καθʼ ὑμῶν, ἀλλʼ
ἤρετό με εἰ ἄγαμος ὁ Πάρις ἐστίν.</p>
</sp>

<sp>
<speaker>ΑΘΗΝΑ</speaker>
<p>Ως δὴ τί τοῦτο πολυπραγμονοῦσα;</p>
</sp>

<sp>
<speaker>ΕΡΜΗΣ</speaker>
<p>Οὐκ οἶδα· φησὶ δʼ οὖν ὅτι ἄλλως ἐπελθόν, οὐκ
ἐξεπίτηδες ἤρετο.</p>
</sp>

<sp>
<speaker>ΑΘΗΝΑ</speaker>
<p>Τί οὖν; ἄγαμός ἐστιν;</p>
</sp>

<sp>
<speaker>ΕΡΜΗΣ</speaker>
<p>Οὐ δοκεῖ.</p>
</sp>

<sp>
<speaker>ΑΘΗΝΑ</speaker>
<p>Τί δέ; τῶν πολεμικῶν ἐστιν αὐτῷ ἐπιθυμία καὶ
φιλόδοξός τις, ἦ τὸ πᾶν βουκόλος;</p>
</sp>

<sp>
<speaker>ΕΡΜΗΣ</speaker>
<p>Τὸ μὲν ἀληθὲς οὐκ ἔχω εἰπεῖν, εἰκάζειν δὲ χρὴ
νέον ὄντα καὶ τούτων ὀρέγεσθαι τυχεῖν καὶ βούλεσθαι
ἄν πρῶτον αὐτὸν εἶναι κατὰ τὰς μάχας.</p>
</sp>

<sp>
<speaker>ΑΦΡΟΔΙΤΗ</speaker>
<p>Ὁρᾷς, οὐδὲν ἐγὼ μέμφομαι οὐδὲ ἐγκαλῶ σοι τὸ
πρὸς ταύτην ἰδία λαλεῖν· μεμψιμοίρων γὰρ καὶ
οὐκ Ἀφροδίτης τὰ τοιαῦτα.</p>
</sp>
</div>

<pb n="390"/>
<div type="textpart" subtype="section" n="5">
<sp>
<speaker>ΕΡΜΗΣ</speaker>
<p>5 Καὶ αὕτη σχεδὸν τὰ αὐτά με ἤρετο· διὸ μὴ
χαλεπῶς ἔχε μηδʼ οἴου μειονεκτεῖν, εἴ τι καὶ
ταύτῃκατὰ τὸ ἁπλοῦν ἀπεκρινάμην. ἀλλὰ μεταξύ
λόγαων ἤδη πολὺ προιόντες ἀπεσπαάσαμεν τῶν
ἀστέρων καὶ σχεδόν γε κατὰ τὴν Φρυγίαν ἐσμέν.
ἐγὼ δὲ καὶ τὴν Ἴδην ὁρῶ καὶ τὸ Γάργαρον ὅλον
ἀκριβῶς, εἰ δὲ μὴ ἐξαπατῶμαι, καὶ αὐτὸν ὑμῶν
τὸν δικαστὴν τὸν Πάριν.</p>
</sp>

<sp>
<speaker>ΠΡΑ</speaker>
<p>Ποῦ δέ ἐστιν; οὐ γὰρ κἀμοὶ φαίνεται.</p>
</sp>

<sp>
<speaker>ΕΡΜΗΣ</speaker>
<p>Ταύτῃ, ὦ Ἥρα, πρὸς τά λαιὰ περισκόπει, μὴ
πρὸς ἄκρῳ τῷ ὄρει, παρὰ δὲ τὴν πλευράν, οὗ τὸ
ἄντρον, ἔνθα καὶ τὴν ἀγέλην ὁρᾷς.
Ἁλλ’ οὐχ ὁρῶ τὴν ἀγέλην.</p>
</sp>

<sp>
<speaker>ΕΡΜΗΣ</speaker>
<p>Πῶς φής; οὐχ ὁοᾷς βοίδια κατὰ τὸν ἐμὸν
οὑτωσὶ δάκτυλον ἐκ μέσσων τῶν πετρῶν προερχόμενα
καί τινα ἐκ τοῦ σκοπέλου καταθέοντα
καλαύροπα ἔχοντα καὶ ἀνείργοντα μὴ πρόσω
διασκίδνασθαι τὴν ἀγέλην;</p>
</sp>

<sp>
<speaker>ΗΡΑ</speaker>
<p>Ὁρῶ νῦν, εἴ γε ἐκεῖνός ἐστιν.</p>
</sp>

<sp>
<speaker>ΕΡΜΗΣ</speaker>
<p>Ἀλλὰ ἐκεῖνος. ἐπειδὴ δὲ πλησίον ἤδη ἐσμέν,
ἐπὶ τῆς γῆς, εἰ δοκεῖ, καταστάντες βαδίζωμεν, ἵνα
μὴ διαταράξωμεν αὐτὸν ἄνωθεν ἐξ ἀφανοῦς καθιπτάμενοι.</p>
</sp>

<pb n="392"/>
<sp>
<speaker>ΠΡΑ</speaker>
<p>Εὖ λέγεις, καὶ οὕτω ποιῶμεν. ἐπεὶ δὲ καταβεβήκαμεν,
ὥρα σοι, ὦ Ἀφροδίτη, προιέναι καὶ
ἡγεῖσθαι ἡμῖν τῆς ὁδοῦ· σὺ γὰρ ὡς τὸ εἰκὸς
ἔμπειρος εἶ τοῦ χααωρίον πολλάκις, ὡς λόγος,
κατελθοῦσα πρὸς Ἀγχίσην.</p>
</sp>

<sp>
<speaker>ΑΦΡΟΔΙΤΗ</speaker>
<p>Οὐ σφόδρα, ὦ Hρα, τούτοις ἄχθομαι τοῖς
σκάμμασιν.</p>
</sp>
</div>

<div type="textpart" subtype="section" n="6">
<sp>
<speaker>ΕΡΜΗΣ</speaker>
<p>6 Ἀλλ᾿ οὖν ἐγὼ ὑμῖν ἡγήσομαι· καὶ γὰρ αὐτὸς
ἐνδιέτριψα τῇ Ἴδῃ, ὁπότε δὴ ὁ Ζεὺς ἤρα τοῦ
μειρακίου τοῦ Φρυγός, καὶ πολλάκις δεῦρο ἦλθον
ὑπ᾿ ἐκείνου καταπεμφθεὶς εἰς ἐπισκοπὴν τοῦ παιδός.
καὶ ὁπότε γε ἤδη ἐν τῷ ἀετῷ ἦν, συμπαριπτάμην
αὐτῷ καί συνεκούφιζον τὸν καλόν, καὶ
εἴ γε μέμνημαι, ἀπὸ ταυτησὶ τῆς πέτρας αὐτὸν
ἀνήρπασεν. ὁ μὲν γὰρ ἔτυχε τότε συρίζων πρὸς
τὸ ποίμνιον, καταπτάμενος δὲ ὄπισθεν αὐτοῦ ὁ
Ζεὺς κούφως μάλα τοῖς ὄνυξι περιβαλὼν καὶ τῷ
στόματι τὴν ἐπὶ τῇ κεφαλῇ τιάραν ἔχων ἀνέφερε
τὸν παῖδα τεταραγμένον καὶ τῷ τραχήλγῳ ἀπεστραμμένηῳ
εἰς αὐτὸν ἀποβλέποντα. τότε οὖν
ἐγὼ τὴν σύριγγα λαβών, ἀποβεβλήκει γὰρ αὐτὴν
ὑπὸ τοῦ δέους—ἀλλὰ γὰρ ὁ διαιτητὴς οὑτοσὶ</p>
</sp>
</div>

<div type="textpart" subtype="section" n="7">
<p>7 πλησίον, ὥστε προσείπωμεν αὐτόν. Καῖρε, ὦ
βουκόλε.</p>

<sp>
<speaker>ΠΑΡΙΣ</speaker>
<p>Νὴ καὶ σύ γε, ὥ νεανίσκε. τίς δὲ ὢν δεῦρο
ἀφῖξαι πρὸς ἡμᾶς; ἢ τίνας ταύτας ἄγεις τὰς
γυναῖκας; οὐ γὰρ ἐπιτήδειαι ὀρεοπολεῖν, οὕτως
γε οὖσαι καλαί.</p>
</sp>
<pb n="394"/>

<sp>
<speaker>ΕΡΜΗΣ</speaker>
<p>Ἀλλ’ οὐ γυναῖκές εἰσιν, Ἥραν δέ, ὦ Πάρι, καὶ
Ἀθηνᾶν καὶ Ἀφροδίτην ὁρᾷς. κἀμὲ τὸν Ἑρμῆν
ἀπέστειλεν ὁ Ζεύς—ἀλλὰ τί τρέμεις καὶ ὠχριᾷθς;
μὴ δέδιθι· χαλεπὸν γὰρ οὐδέν. κελεύει δέ σε
δικαστὴν γενέσθαι τοῦ κάλλους αὐτῶν· “Επεὶ
γάρ,᾿᾿ φησί, “ καλός τε αὐτὸς εἶ καὶ σοφὸς τὰ
ἐρωτικά, σοὶ τὴν γνῶσιν ἐπιτρέπω.᾿᾿ τοῦ δὲ ἀγῶνος
τὸ ἆθλον εἴσῃ ἀναγνοὺς τὸ μῆλον.</p>
</sp>

<sp>
<speaker>ΠΑΡΙΣ</speaker>
<p>Φέρʼ ἴδω τί καὶ βούλεται. “ Ἡ καλή,᾿᾿ φησίν,
λαβέτω.᾿᾿ πῶς ἂν οὖν, ὦ δέσποτα Ερμῆ, δυνηθείην
ἐγὼ θνητὸς αὐτὸς καὶ ἀγροῖκος ὢν δικαστὴς
γενέσθαι παραδόξου θέας καὶ μείζονος ἢ κατὰ
βουκόλον; τὰ γὰρ τοιαῦτα κρίνειν τῶν ἁβρῶν
μᾶλλον καὶ ἀστικῶν· τὸ δὲ ἐμόν, αἶγα μὲν αἰγὸς
ὁποτέρα ἡ<note type="footnote" n="1"></note> καλλίων καὶ δάμαλιν ἄλλης δαμάλεως,</p>
</sp>
</div>

<div type="textpart" subtype="section" n="8">
<p>8 τάχʼ ἂν δικάσαιμι κατὰ τὴν τέχνην· αὗται
δὲ πᾶσαι τε ὁμοίως καλαὶ καὶ οὐκ οἶδʼ ὅπως ἄν
τις ἀπὸ τῆς ἑτέρας ἐπὶ τὴν ἑτέραν μεταγάγοι τὴν
ὄψιν ἀποσπάσας· οὐ γὰρ ἐθέλει ἀφίστασθαι
ῥᾳδίως, ἀλλʼ ἔνθα ἂν ἀπερείσῃ τὸ πρόῶτον, τούτου
ἔχεται καὶ τὸ παρὸν ἐπαινεῖ· κἂν ἐπʼ ἄλλο μεταβῇ,
κάωῖνο καλὸν ὁρᾷ καὶ παραμένει, καὶ ὑπὸ τῶν
πλησίον παραλαμβάνεται. καὶ ὅλως περικέχυταί
μοι τὸ κάλλος αὐτῶν καὶ ὅλον περιείληφέ με καὶ
ἄχθομαι, ὅτι μὴ καὶ αὐτὸς ὥσπερ ὁ Αργος ὅλῳ
βλέπειν δύναμαι τῷ σώματι. δοκῶ δʼ ἄν μοι
καλῶς δικάσαι πάσαις ἀποδοὺς τὸ μῆλον. καὶ
γὰρ αὖ καὶ τόδε, ταύτην μὲν εἶναι συμβέβηκεν
<note type="footnote">1 ἡ Fritzsche: ἦι γβ.</note>

<pb n="396"/>
τοῦ Διὸς ἀδελφὴν καὶ γυναῖκα, ταύτας δὲ θυγατέρας·
πῶς οὖν οὐ χαλεπὴ καὶ οὕτως ἡ κρίσις;</p>

<sp>
<speaker>ΕΡΜΗΣ</speaker>
<p>Οὐκ οἶδα· πλὴν οὐχ οἷόν τε ἀναδῦναι πρὸς τοῦ
Δεὸς κεκελευσ μένον.</p>
</sp>
</div>

<div type="textpart" subtype="section" n="9">
<sp>
<speaker>ΠΑΡΙΣ</speaker>
<p>9 Ἓν τοῦτο, ὦ Ἑρμῆ, πεῖσον αὐτάς, μὴ χαλεπῶς
ἔχειν μοι τὰς δύο τὰς νενικημένας, ἀλλὰ μόναων
τῶν ὀφθαλμῶν ἡγεῖσθαι τὴν διαμαρτίαν.</p>
</sp>

<sp>
<speaker>ΕΡΜΗΣ</speaker>
<p>Oὅτω φασὶ ποιήσειν· ὥρα δέ σοι ἤδη περαίνειν
τὴν κρίσιν.</p>
</sp>

<sp>
<speaker>ΠΑΡΙΣ</speaker>
<p>Πειρασόμεθα· τί γὰρ ἂν καὶ πάθοι τις; ἐκεῖνο
δὲ πρότερον εἰδέναι βούλομαι, πότερʼ ἐξαρκέσει
σκοπεῖν αὐτὰς ὡς ἔχονσιν, ἢ καὶ ἀποδῦσαι δεήσει
πρὸς τὸ ἀκριβὲς τῆς ἐξετάσεως;</p>
</sp>

<sp>
<speaker>ΕΡΜΗΣ</speaker>
<p>Τοῦτο μὲν σὸν ἂν εἴη τοῦ δικαστοῦ, καὶ πρόσταττε
ὅπη καὶ θέλεις.</p>
</sp>

<sp>
<speaker>ΠΑΡΙΣ</speaker>
<p>Ὅπη καὶ θέλω; γυμνὰς ἰδεῖν βούλομαι.</p>
</sp>

<sp>
<speaker>ΕΡΜΗΣ</speaker>
<p>Ἀπόδυτε, ὦ αὗται· σὺ δʼ ἐπισκόπει· ἐγὼ δὲ
ἀπεστράφην.</p>
</sp>
</div>

<div type="textpart" subtype="section" n="10">
<sp>
<speaker>ΑΦΡΟΔΙΤΗ</speaker>
<p>10 Καλῶς,  Πάρι· καὶ πρώτη γε ἀποδύσομαι,
ὅπως μάθῃς ὅτι μὴ μόνας ἔχω τὰς ὠλένας λευκὰς
<note type="footnote">1 ΑΦΡΟΔΙΤΗ vulg.: HPΑ MSS. editors since Jacobitz.</note>

<pb n="398"/>
μηδὲ τῷ βοῶπις εἶναι μέγα φρονῶ, ἐπʼ ἴσης δέ
εἰμι πᾶσα καὶ ὁμοίαως.</p> <lb n="1"/>
</sp>

<sp>
<speaker>ΑΘΗΝΑ</speaker>
<p>Mὴ πρότερον ἀποδύσῃς αὐτήν, ὥ Πάρι, πρὶν
ἄν τὸν κεστὸν ἀπόθηταιφαρμακὶς γάρ ἐστιν—
μή σε καταγοητεύσῃ διʼ αὐτοῦ. καίτοι γε ἐχρῆν
μηδὲ οὕτω κεκαλλαωπισμένην παρεῖναι μηδὲ τοσαῦτα
ἐντετριμμένην χρώματα καθάπερ ὡς ἀληθῶς
ἑταίραν τινά, ἀλλὰ γυμνὸν τὸ κάλλος ἐπιδεικνύειν.</p>
</sp>

<sp>
<speaker>ΠΑΡΙΣ</speaker>
<p>Εὖ λέγουσι τὸ περὶ τοῦ κεστοῦ, καὶ ἀπόθου.</p>
</sp>

<sp>
<speaker>ΑΦΡΟΔΙΤΗ</speaker>
<p>Τί οὖν οὐχὶ καὶ σύ, ὦ Ἀθηνᾶ, τὴν κόρυν ἀφελοῦσα
ψιλὴν τὴν κεφαλὴν ἐπιδεικνύεις, ἀλλʼ
ἐπισείεις τὸν λόφον καὶ τὸν δικαστὴν φοβεῖς;
ἡ δέδιας μή σοι ἐλέγχηται τὸ γλαυκὸν τῶν ὀμμάτων
ἄνευ τοῦ φοβεροῦ βλεπόμενον;</p>
</sp>

<sp>
<speaker>ΑΘΗΝΑ</speaker>
<p>Ἰδού σοι ἡ κόρυς αὕτη ἀφῂρηται.</p>
</sp>

<sp>
<speaker>ΑΦΡΟΔΙΤΗ</speaker>
<p>Ἰδοὺ καί σοι ὁ κεστός.</p>
<note type="footnote">1 Most editors insert, with the Juntine edition, ΠΑΡ.
Ἀπόδνθι καὶ σύ, ὦ Ἀφροδίτη, for which there is no MSS. authority.
Giving the preceding speech to Aphrodite makes this
unnecessary. Hemsterhuysʼ note should bave settled the
matter.</note>
<note type="footnote">1 Aphrodite, vexed at Hera for twitting her about
Anchises, makes fun of her by implying that she has no other
beauties than those habitually commended in her by Homer.</note>
</sp>

<pb n="400"/>
<sp>
<speaker>ΗΡΑ</speaker>
<p>Ἀλλὰ ἀποδυσώμεθα.</p>
</sp>
</div>

<div type="textpart" subtype="section" n="11">
<sp>
<speaker>ΠΑΡΙΣ</speaker>
<p><lb n="11"/> Ὦ Ζεῦ τεράστιε τῆς θέας, τοῦ κάλλους, τῆς
ἡδονῆς. οἵα μὲν ἡ παρθένος, ὡς δὲ βασιλικὸν
αὕτη καὶ σεμνὸν ἀπολάμπει καὶ ἀληθῶς ἄξιον
τοῦ Διός, ἥδε<note type="footnote" n="1"></note> δὲ ὁρᾷ ἡδύ τι καὶ γλαφυρόν, καὶ
προσαγωγὸν ἐμειδίασεν—ἀλλʼ ἤδη μὲν ἅλις ἔχω
τῆς εὐδαιμονίας· εἰ δοκεῖ δέ, καὶ ἰδίᾳ καθʼ ἑκάστην
ἐπιδεῖν βούλομαι, ὡς νῦν γε ἀμφίβολός εἰμι
καὶ οὐκ οἶδα πρὸς ὅ τι ἀποβλέψω, πάντη τὰς
ὄψεις περισπαώμενος.</p>
</sp>

<sp>
<speaker>ΑΦΡΟΔΙΤΗ</speaker>
<p>Oὕτωω ποιῶμεν.</p>
</sp>

<sp>
<speaker>ΠΑΡΙΣ</speaker>
<p>Ἄπιτε οὖν αἱ δύο· σὺ δέ, ὦ Ἥρα, περίμενε.
Περιμενῶ. κἀπειδάν με ἀκριβῶς ἴδῃς, ὥρα σοι
καὶ τἄλλα ἤδη σκοπεῖν εἰ καλά σοι, τὰ δῶρα τῆς
ψ ήφου τῆς ἐμῆς. ἢν γάρ με, ὦ Πάρι, δικάσῃς
εἶναι καλήν, ἀπάσης ἔσῃ τῆς Ἀσίας δεσπότης.</p>
</sp>
</div>

<div type="textpart" subtype="section" n="12">
<sp>
<speaker>ΠΑΡΙΣ</speaker>
<p>12 Οὐκ ἐπὶ δώροις μὲν τὰ ἡμέτερα. πλὴν ἄπιθι·
πεπράξεται γὰρ ἅπερ ἂν δοκῇ. σὺ δὲ πρόσιθι ἡ
Ἀθηνᾶ.</p>
</sp>

<sp>
<speaker>ΑΘΗΝΑ</speaker>
<p>Παρέστηκά σοι, καὶ ἤν με, ὦ Πάρι, δικάσῃς
καλήν, οὔποτε ἥτταων ἄπει ἐκ μάχης, ἀλλʼ ἀεὶ
<note type="footnote">1 ἥδε A.M.H.: ἡδέως Γ. The β MSS. read ὁρᾷ δὲ ἡδέως καὶ
γλαφυρόν τι. Editors read ὡς δὲ ὁρᾷ ἤδε ἡδέως, καὶ γλάφυρόν τι
(Juntine).</note>

<pb n="402"/>
κρατῶν· πολεμιστὴν γάρ σε καὶ νικηφόρον
ἀπεργάσομαι.</p>
</sp>

<sp>
<speaker>ΠΑΡΙΣ</speaker>
<p>Οὐδέν, ὦ Αθηνᾶ, δεῖ μοι πολέμου καὶ μάχης·
εἰρήνη γάρ, ὡς ὁρᾷς, τὰ νῦν ἐπέχει τὴν Φρυγίαν
τε καὶ Λυδίαν καὶ ἀπολέμητος ἡμῖν ἡ τοῦ πατρὸς
ἀρχή. θάρρει δέ· οὐ μειονεκτήσεις γάρ, κἂν μὴ
ἐπὶ δώροις δικάζωμεν. ἀλλʼ ἔνδυθι ἤδη καὶ
ἐπίθου τὴν κόρυν· ἱκανῶς γὰρ εἶδον. τὴν Ἀφροδίτην
παρεῖναι καιρός.</p>
</sp>
</div>

<div type="textpart" subtype="section" n="13">
<sp>
<speaker>ΑΦΡΟΔΙΤΗ</speaker>
<p>13 Αὕτη σοι ἐγὼ πλησίον, καὶ σκόπει καθʼ ἓν
ἀκριβῶς μηδὲν παρατρέχαων, ἀλλʼ ἐνδιατρβων
ἑκάστῳ τῶν μερῶν. εἰ δʼ ἐθέλεις, ὦ καλέ, καὶ
τάδε μου ἄκουσον. ἐγὼ γὰρ πάλαι ὁρῶσά σε
νέον ὄντα καὶ καλὸν ὁποῖον οὐκ οἶδα εἴ τινα
ἕτερον ἡ Φρυγία τρέφει, μακαρίζω μὲν τοῦ κάλλους,
αἰτιῶμαι δὲ τὸ μὴ ἀπολιπόντα τοὺς σκοπέλους
καὶ ταυτασὶ τὰς πέτρας κατʼ ἄστυ ζῆν,
ἀλλὰ διαφθείρειν τὸ κάλλος ἐν ἐρημίᾳ. τί μὲν
γὰρ ἂν σὺ ἀπολαύσειας τῶν ὁρῶν; τί δʼ ἂν ἀπόναιντο
τοῦ σοῦ κάλλους αἱ βόες; ἔπρεπεν δὲ ἤδη
σοι καὶ γεγαμηκέναι, μὴ μέντοι ἀγροῖκόν τινα καὶ
χωρῖτιν, οἴαι κατὰ τὴν Ἰδην αἱ γυναῖκες, ἀλλά
τινα ἐκ τῆς Ἑλλάδος, ἢ Ἀργόθεν ἡ ἐκ Κορίνθου
ἢ Λάκαιναν οἵαπερ ἡ Ελένη ἐστίν, νέα τε καὶ
καλὴ καὶ κατʼ οὐδὲν ἐλάττων ἐμοῦ, καὶ τὸ δὴ
μέγιστον, ἐρωτική. ἐκείνη γὰρ εἰ καὶ μόνον θεάσαιτό
σε, εὗ οἶδα ἐγὼ ὡς ἅπαντα ἀπολιποῦσα
καὶ παρασχοῦσα ἑαυτὴν ἔκδοτον ἕψεται καὶ
συνοικήσει. πάνταως δὲ καὶ σὺ ἀκήκοας τι περὶ
αὐτῆς.</p>
</sp>

<pb n="404"/>
<sp>
<speaker>ΠΑΡΙΣ</speaker>
<p>Οὐδέν, ὦ Ἀφροδίτη· νῦν δὲ ἡδέως ἂν ἀκούσαιμί
σου τὰ πάντα διηγουμένης.</p>
</sp>
</div>

<div type="textpart" subtype="section" n="14">
<sp>
<speaker>ΑΦΡΟΔΙΤΗ</speaker>
<p>14 Αὕτη θυγάτηρ μέν ἐστι Λήδας ἐκείνης τῆς
καλῆς ἐφʼ ἣν ὁ Ζεὺς κατέπτη κύκνος γενόμενος.</p>
</sp>

<sp>
<speaker>ΠΑΡΙΣ</speaker>
<p>Ποία δὲ τὴν ὄψιν ἐστί;</p>
</sp>

<sp>
<speaker>ΑΦΡΟΔΙΤΗ</speaker>
<p>Λευκὴ μέν, οἴαν εἰκὸς ἐκ κύκνου γεγενημένην,
ἁπαλὴ δέ, ὡς ἐν ᾠῷ τραφεῖσα, γυμνὰς τὰ πολλὰ
καὶ παλαιστική, καὶ οὕτω δή τι περισπούδαστος
ὥστε καὶ πόλεμον ἀμφʼ αὐτῇ γενέσθαι, τοῦ
Θησέως ἄωρον ἔτι ἁρπάσαντος. οὐ μὴν ἀλλʼ
ἐπειδήπερ εἰς ἀκμὴν κατέστη, πάντες οἱ ἄριστοι
τῶν Ἀχαιῶν ἐπὶ τὴν μνηστείαν ἀπήντησαν, προεκρίθη
δὲ Μενέλεως τοῦ Πελοπιδῶν γένους. εἰ
δὴ θέλοις, ἐγώ σοι καταπράξομαι τὸν γάμον.</p>
</sp>

<sp>
<speaker>ΠΑΡΙΣ</speaker>
<p>Πῶς φής; τὸν τῆς γεγαμημένης;
ΑΦΡΟΔΙΤΗ
Νέος εἶ σὺ καὶ ἀγροῖκος, ἐγὼ δὲ οἶδα ὡς χρὴ
τὰ τοιαῦτα δρᾶν.</p>
</sp>

<sp>
<speaker>ΠΑΡΙΣ</speaker>
<p>Πῶς; ἐθέλω γὰρ καὶ αὐτὸς εἰδέναι.</p>
</sp>
</div>

<div type="textpart" subtype="section" n="15">
<sp>
<speaker>ΑΦΡΟΔΙΤΗ</speaker>
<p>15 Σὺ μὲν ἀποδημήσεις ὡς ἐπὶ θέαν τῆς Ἑλλάδος,
κἀπειδὰν ἀφίκῃ εἰς τὴν Λακεδαίμονα, ὄψεταί σε
ἡ Ελένη. τοὐντεῦθεν δὲ ἐμὸν ἄν εἴη τὸ ἔργον,
ὅπως ἐρασθήσεταί σου καὶ ἀκολουθήσει.</p>
</sp>

<pb n="406"/>
<sp>
<speaker>ΠΑΡΙΣ</speaker>
<p>Τοῦτο αὐτὸ καὶ ἄπιστον εἶναί μοι δοκεῖ, τὸ
ἀπολιποῦσαν τὸν ἄνδρα ἐθελῆσαι βαρβάργῳ καὶ
ξένῳ συνεκπλεῦσαι.
ΑΦΡΟΔΙΤΗ
Θάρρει τούτου γε ἕνεκα. παῖδε γάρ μοι ἐστὸν
δύο καλώ, Ἵμερος καὶ Ἔρως, τούτω σοι παραδώσω
ἡγεμόνε τῆς ὁδοῦ γενησομένω· καὶ ὁ μὲν
Ἔρως ὅλος παρελθὼν εἰς αὐτὴν ἀναγκάσει τὴν
γυναῖκα ἐρᾶν, ὁ δʼ Ἵμερος αὐτῷ σοι περιχυθεὶς
τοῦθʼ ὅπερ ἐστίν, ἱμερτόν τε θήσει καὶ ἐράσμιον.
καὶ αὐτὴ δὲ συμπαροῦσα δεήσομαι καὶ τῶν
Χαρίτων ἀκολουθεῖν· καὶ οὕτως ἄπαντες αὐτὴν
ἀναπείσομεν.</p>
</sp>

<sp>
<speaker>ΠΑΡΙΣ</speaker>
<p>Ὅπως μὲν ταῦτα χωρήσει, ἄδηλον, ὥ Ἀφροδίτηπλὴν
ἐρῶ γε ἤδη τῆς Ἑλένης καὶ οὐκ οἶδʼ
ὅπως καὶ ὁρᾶν αὐτὴν οἴομαι καὶ πλέω εὐθὺ τῆς
Ἑλλάδος καὶ τῇ Σπάρτῃ ἐπιδημῶ καὶ ἐπάνειμι
ἔχων τὴν γυναῖκα—καὶ ἄχθομαι ὅτι μὴ ταῦτα
ἤδη πάντα ποιῶ.</p>
</sp>
</div>

<div type="textpart" subtype="section" n="16">
<sp>
<speaker>ΑΦΡΟΔΙΤΗ</speaker>
<p>16 Μὴ πρότερον ἐρασθῇς, ὦ Πάρι, πρὶν ἐμὲ τὴν
προμνήστριαν καὶ νυμφαγαωγὸν ἀμείψασθαι τῇ
κρίσει· πρέποι γὰρ ἄν κἀμὲ νικηφόρον ὑμῖν σιμπαρεῖναι
καὶ ἑορτάζειν ἅμα καὶ τοὺς γάμους καὶ
τὰ ἐπινίκια. πάντα γὰρ ἔνεστί σοι—τὸν ἔρωτα,
τὸ κάλλος, τὸν γάμον—τουτουὶ τοῦ μήλου πρίασθαι.</p>
</sp>

<sp>
<speaker>ΠΑΡΙΣ</speaker>
<p>Δέδοικα μή μου ἀμελήσῃς μετὰ τὴν κρίσιν.</p>
</sp>

<pb n="408"/>
<sp>
<speaker>ΑΦΡΟΔΙΤΗ</speaker>
<p>Βούλει οὖν ἐπομόσομαι;</p>
</sp>

<sp>
<speaker>ΠΑΡΙΣ</speaker>
<p>Μηδαμῶς, ἀλλʼ ὑπόσχου πάλιν.</p>
</sp>

<sp>
<speaker>ΑΦΡΟΔΙΤΗ</speaker>
<p>Ὑπισχνοῦμαι δή σοι τὴν Ἑλένην παραδώσειν
γυναῖκα, καὶ ἀκολουθήσειν γέ σοι αὐτὴν καὶ
ἀφίξεσθαι παρʼ ὑμᾶς εἰς τὴν Ἴλιον· καὶ αὐτὴ
παρέσομαι καὶ συμπράξω τὰ πάντα.</p>
</sp>

<sp>
<speaker>ΠΑΡΙΣ</speaker>
<p>Καὶ τὸν Ἔρωτα καὶ τὸν Ἵμερον καὶ τὰς Χάριτας
ἄξεις;</p>
</sp>

<sp>
<speaker>ΑΦΡΟΔΙΤΗ</speaker>
<p>Θάρρει, καὶ τὸν Πόθον καὶ τὸν Ὑμέναιον ἔτι
πρὸς τούτοις παραλήψομαι.</p>
</sp>

<sp>
<speaker>ΠΑΡΙΣ</speaker>
<p>Οὐκοῦν ἐπὶ τούτοις δίδωμι τὸ μῆλον· ἐπὶ τούτοις
λάμβανε.</p>
</sp>
</div>
</div>
</body>
</text>
</TEI>