<?xml version='1.0' encoding='UTF-8'?>
<?xml-model href="http://www.stoa.org/epidoc/schema/latest/tei-epidoc.rng" schematypens="http://relaxng.org/ns/structure/1.0"?>
<?xml-model href="http://www.stoa.org/epidoc/schema/8.19/tei-epidoc.rng"
schematypens="http://purl.oclc.org/dsdl/schematron"?>
<TEI xmlns="http://www.tei-c.org/ns/1.0">
<teiHeader type="text">
<fileDesc>
<titleStmt>

<title n="Comp.Tim.Aem." type="work">Comparison of Timoleon and Aemilius</title>
<author n="Plut.">Plutarch</author>
<editor n="Perrin" role="editor">Bernadotte Perrin</editor>
<sponsor>Perseus Project, Tufts University</sponsor>
<principal>Gregory Crane</principal>
<respStmt>
<resp>Prepared under the supervision of</resp>
<name>Lisa Cerrato</name>
<name>William Merrill</name>
<name>Elli Mylonas</name>
<name>David Smith</name>
</respStmt>
<funder n="org:NEH">The National Endowment for the Humanities</funder>
</titleStmt>
<extent/>
<publicationStmt>
<publisher>Trustees of Tufts University</publisher>
<pubPlace>Medford, MA</pubPlace>
<authority>Perseus Project</authority>
</publicationStmt>
<sourceDesc>
<biblStruct>
<analytic n="Comp.Tim.Aem."/>
<monogr>
<author>Plutarch</author>
<title>Plutarch's Lives</title>
<respStmt>
<resp>with an English Translation by</resp>
<name>Bernadotte Perrin</name>
</respStmt>
<imprint>
<pubPlace>Cambridge, MA</pubPlace>
<publisher>Harvard University Press</publisher>
<pubPlace>London</pubPlace>
<publisher>William Heinemann Ltd.</publisher>
<date>1918</date>
</imprint>
<biblScope unit="volume">6</biblScope>
</monogr>
<idno type="ISBN">0674991095</idno>
</biblStruct>
</sourceDesc>
</fileDesc>
<encodingDesc>
<editorialDecl>
    <quotation marks="none"/>
<correction method="silent">
<p>optical character recognition</p>
</correction>
</editorialDecl>
    
    <refsDecl n="CTS">
        <cRefPattern n="section"
            matchPattern="(\w+).(\w+)"
            replacementPattern="#xpath(/tei:TEI/tei:text/tei:body/tei:div/tei:div[@n='$1']/tei:div[@n='$2'])">
            <p>This pointer pattern extracts chapter and section</p>
        </cRefPattern>
        <cRefPattern n="chapter"
            matchPattern="(\w+)"
            replacementPattern="#xpath(/tei:TEI/tei:text/tei:body/tei:div/tei:div[@n='$1'])">
            <p>This pointer pattern extracts chapter</p>
        </cRefPattern>
    </refsDecl>
<!--<refsDecl doctype="TEI.2">
<state unit="chapter" delim="."/>
<state unit="section"/>
</refsDecl>-->
    
</encodingDesc>
<profileDesc>
<langUsage>
<language ident="grc">Greek</language>
</langUsage>
</profileDesc>
<revisionDesc>
    <change who="Lisa Cerrato" when="2016-12-07">EpiDoc and CTS conversion</change>
    <change who="RS" when="2010-03-01">tagged and parsed</change>
</revisionDesc>
</teiHeader>
 
<text xml:lang="grc">
<body>
    <div type="edition" n="urn:cts:greekLit:tlg0007.tlg020.perseus-grc2" xml:lang="grc">
<pb n="p.458"/>
<div type="textpart" subtype="chapter" n="1">
<div type="textpart" subtype="section" n="1">
<p>
τοιούτων δὲ τῶν κατὰ τὴν ἱστορίαν ὄντων, δῆλον ὡς οὐκ ἔχει πολλὰς διαφορὰς οὐδὲ ἀνομοιότητας ἡ σύγκρισις. 
οἵ τε γὰρ πόλεμοι πρὸς ἐνδόξους γεγόνασιν ἀμφοτέροις ἀνταγωνιστάς, τῷ μὲν Μακεδόνας, τῷ δὲ Καρχηδονίους, αἵ τε νῖκαι περιβόητοι, τοῦ μὲν ἑλόντος Μακεδονίαν 
<pb n="p.460"/>
καὶ τὴν ἀπʼ Ἀντιγόνου διαδοχὴν ἐν ἑβδόμῳ 
βασιλεῖ καταπαύσαντος, τοῦ δὲ τὰς τυραννίδας 
πάσας ἀνελόντος ἐκ Σικελίας καὶ τὴν νῆσον 
ἐλευθερώσαντος· 
εἰ μὴ νὴ Δία βούλοιτό τις 
παρεγχειρεῖν ὡς Αἰμίλιος μὲν ἐρρωμένῳ Περσεῖ
</p>
</div>
<div type="textpart" subtype="section" n="2">
<p>καὶ Ῥωμαίους νενικηκότι, Τιμολέων δὲ Διονυσίῳ παντάπασιν ἀπειρηκότι καὶ κατατετριμμένῳ συνέπεσε, καὶ πάλιν ὑπὲρ Τιμολέοντος, 
ὅτι πολλοὺς μὲν τυράννους, μεγάλην δὲ τὴν Καρχηδονίων δύναμιν ἀπὸ τῆς τυχούσης στρατιᾶς ἐνίκησεν, οὐχ ὥσπερ Αἰμίλιος ἀνδράσιν ἐμπειροπολέμοις καὶ μεμαθηκόσιν ἄρχεσθαι χρώμενος, ἀλλὰ μισθοφόροις οὖσι καὶ στρατιώταις ἀτάκτοις, πρὸς ἡδονὴν εἰθισμένοις στρατεύεσθαι. 
τὰ
γὰρ ἀπʼ  οὐκ ἴσης παρασκευῆς ἴσα κατορθώματα τῷ στρατηγῷ τὴν αἰτίαν περιτίθησι. </p>
</div>
</div>
<div type="textpart" subtype="chapter" n="2">
<div type="textpart" subtype="section" n="1">
<p>
καθαρῶν οὖν καὶ δικαίων ἐν τοῖς πράγμασιν ἀμφοτέρων γεγονότων, Αἰμίλιος μὲν ὑπὸ τῶν νόμων καὶ τῆς πατρίδος οὕτως ἔοικεν εὐθὺς ἀφικέσθαι παρεσκευασμένος, Τιμολέων δὲ τοιοῦτον αὐτὸς ἑαυτὸν παρέσχε, 
τούτου τεκμήριον ὅτι Ῥωμαῖοι μὲν ὁμαλῶς ἐν τῷ τότε χρόνῳ πάντες ἦσαν εὔτακτοι καὶ ὑποχείριοι τοῖς ἐθισμοῖς καὶ τοὺς νόμους δεδιότες καὶ τοὺς πολίτας, Ἑλλήνων δὲ οὐδεὶς ἡγεμών ἐστιν οὐδὲ στρατηγός ὃς οὐ διεφθάρη τότε Σικελίας ἁψάμενος ἔξω Δίωνος,
</p>
</div>
<div type="textpart" subtype="section" n="2">
<p>
καίτοι Δίωνα πολλοὶ μοναρχίας ὀρέγεσθαι καὶ βασιλείαν τινὰ Λακωνικὴν ὀνειροπολεῖν ὑπενόουν. Τίμαιος δὲ καὶ Γύλιππον ἀκλεῶς 
<pb n="paris.1624.277"/> φησι καὶ ἀτίμως ἀποπέμψαι Συρακουσίους, φιλοπλουτίαν αὑτοῦ καὶ ἀπληστίαν ἐν τῇ στρατηγίᾳ 
<pb n="p.462"/>
κατεγνωκότας. 
ἃ δὲ
Φάραξ ὁ Σπαρτιάτης καὶ Κάλλιππος. ὁ Ἀθηναῖος ἐλπίσαντες ἄρξειν Σικελίας παρενόμησαν καὶ παρεσπόνδησαν, ὑπὸ πολλῶν ἀναγέγραπται.
</p>
</div>
<div type="textpart" subtype="section" n="3">
<p>
καίτοι τίνες ἢ πηλίκων κύριοι πραγμάτων ὄντες οὗτοι τοιαῦτα ἤλπισαν; ὧν ὁ μὲν ἐκπεπτωκότα Συρακουσῶν ἐθεράπευε Διονύσιον, Κάλλιππος δὲ εἷς ἦν τῶν περὶ Δίωνα ξεναγῶν. 
ἀλλὰ Τιμολέων αἰτησαμένοις καὶ δεηθεῖσιν αὐτοκράτωρ πεμφθεὶς Συρακουσίοις, καὶ δύναμιν οὐ ζητεῖν ἀλλʼ ἔχειν ὀφείλων ἣν ἔλαβε βουλομένων καὶ διδόντων, πέρας ἐποιήσατο τῆς αὑτοῦ στρατηγίας καὶ ἀρχῆς τὴν τῶν παρανόμων ἀρχόντων κατάλυσιν. 
</p>
</div>
<div type="textpart" subtype="section" n="4">
<p>
ἐκεῖνο μέντοι τοῦ Αἰμιλίου θαυμαστόν, ὅτι τηλικαύτην βασιλείαν καταστρεψάμενος οὐδὲ δραχμῇ μείζονα τὴν οὐσίαν ἐποίησεν, οὐδὲ εἶδεν οὐδὲ ἥψατο τῶν χρημάτων, καίτοι πολλὰ δοὺς ἑτέροις καὶ δωρησάμενος. 
οὐ
λέγω δὲ ὅτι Τιμολέων μεμπτός ἐστιν οἰκίαν τε καλὴν λαβὼν καὶ χωρίον· οὐ γὰρ τὸ λαβεῖν ἐκ τοιούτων αἰσχρόν, ἀλλὰ τὸ μὴ λαβεῖν κρεῖττον καὶ περιουσία τῆς ἀρετῆς, ἐν οἷς ἔξεστιν ἐπιδεικνυμένης τὸ μὴ δεόμενον· 
</p>
</div>
<div type="textpart" subtype="section" n="5">
<p>
ἐπεὶ δέ, ὡς σώματος ῥῖγος ἢ θάλπος φέρειν δυναμένου τὸ πρὸς ἀμφοτέρας εὖ πεφυκὸς ὁμοῦ τὰς μεταβολὰς ῥωμαλεώτερον, οὕτω ψυχῆς ἄκρατος εὐρωστία καὶ ἰσχύς, ἣν οὔτε τὸ εὐτυχεῖν ὕβρει θρύπτει καὶ ἀνίησιν οὔτε συμφοραὶ ταπεινοῦσι, φαίνεται τελειότερος ὁ Αἰμίλιος, ἐν χαλεπῇ 
<pb n="p.464"/>
τύχῃ καὶ πάθει μεγάλῳ τῷ περὶ τοὺς παῖδας οὐδέν τι μικρότερος οὐδὲ ἀσεμνότερος ἢ διὰ τῶν εὐτυχημάτων ὁραθείς·
</p>
</div>
<div type="textpart" subtype="section" n="6">
<p>Τιμολέων δὲ γενναῖα πράξας περὶ τὸν ἀδελφὸν οὐκ ἀντέσχε τῷ λογισμῷ πρὸς τὸ πάθος, ἀλλὰ μετανοίᾳ καὶ λύπῃ ταπεινωθεὶς ἐτῶν εἴκοσι τὸ βῆμα καὶ τὴν ἀγορὰν ἰδεῖν οὐχ ὑπέμεινε. 
δεῖ δὲ τὰ αἰσχρὰ φεύγειν καὶ αἰδεῖσθαι, τὸ δὲ πρὸς πᾶσαν ἀδοξίαν εὐλαβὲς ἐπιεικοῦς μὲν ἤθους καὶ ἁπαλοῦ, μέγεθος δὲ οὐκ ἔχοντος. </p>
</div>
</div>
    </div>
</body>
</text>
</TEI>
