<?xml version="1.0" encoding="UTF-8"?><TEI.2>
<teiHeader type="text">
<fileDesc>
<titleStmt>
<title type="sub">Machine readable text</title>
<title n="TG" type="work">Tiberius Gracchus</title>
<author n="Plut.">Plutarch</author>
<editor n="Perrin" role="editor">Bernadotte Perrin</editor>
<sponsor>Perseus Project, Tufts University</sponsor>
<principal>Gregory Crane</principal>
<respStmt>
<resp>Prepared under the supervision of</resp>
<name>Lisa Cerrato</name>
<name>William Merrill</name>
<name>Elli Mylonas</name>
<name>David Smith</name>
</respStmt>
<funder n="org:NEH">The National Endowment for the Humanities</funder>
</titleStmt>
<extent/>
<publicationStmt>
<publisher>Trustees of Tufts University</publisher>
<pubPlace>Medford, MA</pubPlace>
<authority>Perseus Project</authority>
</publicationStmt>
<sourceDesc>
<biblStruct>
<analytic n="TG"/>
<monogr>
<author>Plutarch</author>
<title>Plutarch's Lives</title>
<respStmt>
<resp>with an English Translation by</resp>
<name>Bernadotte Perrin</name>
</respStmt>
<imprint>
<pubPlace>Cambridge, MA</pubPlace>
<publisher>Harvard University Press</publisher>
<pubPlace>London</pubPlace>
<publisher>William Heinemann Ltd.</publisher>
<date>1921</date>
</imprint>
<biblScope type="volume">10</biblScope>
</monogr>
<idno type="ISBN">0674991133</idno>
</biblStruct>
</sourceDesc>
</fileDesc>
<encodingDesc>
<editorialDecl>
<correction method="silent">
<p>optical character recognition</p>
</correction>
</editorialDecl>
<refsDecl doctype="TEI.2">
<state unit="chapter" delim="."/>
<state unit="section"/>
</refsDecl>
</encodingDesc>
<profileDesc>
<langUsage>
<language id="greek">Greek</language>
</langUsage>
</profileDesc>
<revisionDesc>
<change>
<date>03/10</date>
<respStmt>
<name>RS</name>
<resp/>
</respStmt>
<item>tagged and parsed</item>
</change>
</revisionDesc>
</teiHeader>
<text>
<body>
<pb id="p.144"/>
<div1 type="chapter" n="1">
<div2 type="section" n="1">
<p>
ἡμεῖς δὲ τὴν πρώτην ἱστορίαν ἀποδεδωκότες 
<pb id="paris.1624.824"/> ἔχομεν οὐκ ἐλάττονα πάθη τούτων ἐν τῇ Ῥωμαϊκῇ συζυγίᾳ θεωρῆσαι, τὸν Τιβερίου καὶ Γαΐου βίον ἀντιπαραβάλλοντες. οὗτοι Τιβερίου Γράγχου παῖδες ἦσαν, ᾧ τιμητῇ τε Ῥωμαίων γενομένῳ καὶ δὶς ὑπατεύσαντι καὶ θριάμβους δύο καταγαγόντι λαμπρότερον ἦν τὸ ἀπὸ τῆς ἀρετῆς ἀξίωμα·
</p>
</div2>
<div2 type="section" n="2">
<p>
διὸ καὶ τὴν Σκηπίωνος τοῦ καταπολεμήσαντος Ἀννίβαν θυγατέρα Κορνηλίαν, οὐκ ὢν φίλος, ἀλλὰ καὶ διάφορος τῷ ἀνδρὶ γεγονώς, λαβεῖν ἠξιώθη μετὰ τὴν ἐκείνου τελευτήν. λέγεται δέ ποτε συλλαβεῖν αὐτὸν ἐπὶ τῆς κλίνης ζεῦγος δρακόντων, τοὺς δὲ μάντεις σκεψαμένους τὸ τέρας ἄμφω μὲν οὐκ ἐᾶν ἀνελεῖν οὐδὲ ἀφεῖναι, περὶ δὲ θατέρου διαιρεῖν, ὡς ὁ μὲν ἄρρην τῷ Τιβερίῳ φέροι θάνατον ἀναιρεθείς, ἡ δὲ θήλεια τῇ Κορνηλίᾳ.
</p>
</div2>
<div2 type="section" n="3">
<p>
τὸν οὖν Τιβέριον καὶ φιλοῦντα τὴν γυναῖκα, καὶ μᾶλλον αὐτῷ προσήκειν ὄντι πρεσβυτέρῳ τελευτᾶν ἡγούμενον ἔτι νέας οὔσης ἐκείνης, τὸν μὲν ἄρρενα κτεῖναι τῶν δρακόντων, ἀφεῖναι δὲ τὴν θήλειαν εἶτα ὕστερον οὐ πολλῷ 
<pb id="p.146"/>
χρόνῳ τελευτῆσαι, δεκαδύο παῖδας ἐκ τῆς Κορνηλίας αὐτῷ γεγονότας καταλιπόντα, 
</p>
</div2>
<div2 type="section" n="4">
<p>Κορνηλία δὲ ἀναλαβοῦσα τοὺς παῖδας καὶ τὸν οἶκον, οὕτω σώφρονα καὶ φιλότεκνον καὶ μεγαλόψυχον αὑτὴν παρέσχεν ὥστε μὴ κακῶς δόξαι βεβουλεῦθαι τὸν Τιβέριον ἀντὶ τοιαύτης γυναικὸς ἀποθανεῖν ἑλόμενον, ἥ γε καὶ Πτολεμαίου τοῦ βασιλέως κοινουμένου τὸ διάδημα καὶ μνωμένου τὸν γάμον αὐτῆς ἠρνήσατο,
</p>
</div2>
<div2 type="section" n="5">
<p>
καὶ χηρεύουσα τοὺς μὲν ἄλλους ἀπέβαλε παῖδας, μίαν δέ τῶν θυγατέρων, ἢ Σκηπίωνι τῷ νεωτέρῳ συνῴκησε, καὶ δύο υἱοὺς, περὶ ὧν τάδε γέγραπται, Τιβέριον καὶ Γάϊον, διαγενομένους οὕτω φιλοτίμως ἐξέθρεψεν ὥστε πάντων εὐφυεστάτους Ῥωμαίων ὁμολογουμένως γεγονότας πεπαιδεῦσθαι δοκεῖν βέλτιον ἢ πεφυκέναι πρὸς ἀρετήν. </p>
</div2>
</div1>
<div1 type="chapter" n="2">
<div2 type="section" n="1">
<p>
ἐπεὶ δέ, ὥσπερ ἡ τῶν πλασσομένων καὶ γραφομένων Διοσκούρων ὁμοιότης ἔχει τινὰ τοῦ πυκτικοῦ πρὸς τὸν δρομικὸν ἐπὶ τῆς μορφῆς διαφοράν, οὕτω τῶν νεανίσκων ἐκείνων ἐν πολλῇ τῇ πρὸς ἀνδρείαν καὶ σωφροσύνην, ἔτι δὲ ἐλευθεριότητα καὶ λογιότητα καὶ μεγαλοψυχίαν ἐμφερείᾳ μεγάλαι περὶ τὰ ἔργα καὶ τὰς πολιτείας οἷον ἐξήνθησαν καὶ διεφάνησαν ἀνομοιότητες, οὐ χεῖρον εἶναί μοι δοκεῖ ταύτας προεκθέσθαι. 
</p>
</div2>
<div2 type="section" n="2">
<p>
πρῶτον μὲν οὖν ἰδέᾳ προσώπου καὶ βλέμματι καὶ κινήματι πρᾶος καὶ καταστηματικὸς ἦν ὁ 
<pb id="p.148"/> Τιβέριος, ἔντονος δὲ καὶ σφοδρὸς ὁ Γάϊος, ὥστε καὶ δημηγορεῖν τὸν μὲν ἐν μιᾷ χώρᾳ βεβηκότα κοσμίως, τὸν δὲ Ῥωμαίων πρῶτον ἐπὶ τοῦ βήματος περιπάτῳ τε χρήσασθαι καὶ περισπάσαι τήν τήβεννον ἐξ ὤμου λέγοντα, καθάπερ Κλέωνα 
<pb id="paris.1624.825"/> τὸν Ἀθηναῖον ἱστόρηται περισπάσαι τε τήν περιβολὴν καὶ τὸν μηρὸν ἀλοῆσαι πρῶτον τῶν δημηγορούντων.
</p>
</div2>
<div2 type="section" n="3">
<p> ἔπειτα ὁ
λόγος τοῦ μὲν Γαΐου φοβερὸς καὶ περιπαθὴς εἰς δείνωσιν, ἡδίων δὲ ὁ τοῦ Τιβερίου καὶ μᾶλλον ἐπαγωγὸς οἴκτου· τῇ δὲ λέξει καθαρὸς καὶ διαπεπονημένος ἀκριβῶς ἐκεῖνος, ὁ δὲ Γαΐου πιθανὸς καὶ γεγανωμένος. οὕτω δὲ καὶ περὶ δίαιταν καὶ τράπεζαν εὐτελὴς καὶ ἀφελὴς ὁ Τιβέριος, ὁ δὲ Γάιος τοῖς μὲν ἄλλοις παραβαλεῖν σώφρων καὶ αὐστηρός, τῇ δὲ πρὸς τὸν ἀδελφὸν διαφορᾷ νεοπρεπὴς καὶ περίεργος, ὡς
</p>
</div2>
<div2 type="section" n="4">
<p> οἱ
περὶ Δροῦσον ἤλεγχον ὅτι δελφῖνας<note anchored="yes" place="unspecified" resp="ed">
<foreign lang="greek">δελφῖνας</foreign> Blass, Fuhr, and Ziegler, with the MSS.: <foreign lang="greek">δέλφικας</foreign> (<gloss>Delphic tables</gloss>, or <gloss>tripods</gloss>), after Amyot.</note>  ἀργυροῦς 
ἐπρίατο τιμῆς εἰς ἑκάστην λίτραν δραχμῶν χιλίων καὶ διακοσίων πεντήκοντα, τῷ δὲ ἤθει κατὰ τήν τοῦ λόγου διαφορὰν ὁ μὲν ἐπιεικὴς καὶ πρᾶος, ὁ δὲ τραχὺς καὶ θυμοειδής, ὥστε καὶ παρὰ γνώμην ἐν τῷ λέγειν ἐκφερόμενον πολλάκις ὑπʼ ὀργῆς τήν τε φωνὴν ἀποξύνειν καὶ βλασφημεῖν καὶ συνταράττειν τὸν λόγον.
</p>
</div2>
<div2 type="section" n="5">
<p>
ὅθεν καὶ βοήθημα τῆς ἐκτροπῆς ἐποιήσατο ταύτης τὸν Λικίννιον, οἰκέτην οὐκ ἀνόητον, ὃς ἔχων φωνασκικὸν ὄργανον, ᾧ τοὺς φθόγγους ἀναβιβάζουσιν, ὄπισθεν ἑστὼς τοῦ Γαΐου λέγοντος, ὁπηνίκα τραχυνόμενον αἴσθοιτο τῇ φωνῇ καὶ παραρρηγνύμενον διʼ ὀργήν, ἐνεδίδου τόνον μαλακόν, ᾧ τὸ σφοδρὸν εὐθὺς ἐκεῖνος ἅμα 
<pb id="p.150"/>
τοῦ πάθους καὶ τῆς φωνῆς ἀνιεὶς ἐπραΰνετο καὶ παρεῖχεν ἑαυτὸν εὐανάκλητον. </p>
</div2>
</div1>
<div1 type="chapter" n="3">
<div2 type="section" n="1">
<p>
αἱ μὲν οὖν διαφοραὶ τοιαῦταί τινες ἦσαν αὐτῶν· ἀνδραγαθία δὲ πρὸς τοὺς πολεμίους καὶ πρὸς τοὺς ὑπηκόους δικαιοσύνη καὶ πρὸς τὰς ἀρχὰς ἐπιμέλεια καὶ πρὸς τὰς ἡδονὰς ἐγκράτεια, ἀπαράλλακτος, ἦν δὲ πρεσβύτερος ἐνιαυτοῖς ἐννέα ὁ Τιβέριος· καὶ τοῦτο τὴν ἑκατέρου πολιτείαν ἀπηρτημένην τοῖς χρόνοις ἐποίησε καὶ τὰς πράξεις οὐχ ἥκιστα διελυμήνατο, μὴ συνακμασάντων μηδὲ συμβαλόντων εἰς τὸ αὐτὸ τὴν δύναμιν, μεγάλην ἂν ἐξ ἀμφοῖν ὁμοῦ καὶ ἀνυπέρβλητον γενομένην. λεκτέον οὖν ἰδίᾳ περὶ ἑκατέρου καὶ περὶ τοῦ πρεσβυτέρου πρότερον. </p>
</div2>
</div1>
<div1 type="chapter" n="4">
<div2 type="section" n="1">
<p>
ἐκεῖνος τοίνυν εὐθὺς ἐκ παίδων γενόμενος οὕτως ἦν περιβόητος ὥστε τῆς τῶν αὐγούρων λεγομένης ἱερωσύνης ἀξιωθῆναι διʼ ἀρετὴν μᾶλλον ἢ διὰ τὴν εὐγένειαν. ἐδήλωσε δὲ Ἄππιος Κλαύδιος, ἀνὴρ ὑπατικὸς καὶ τιμητικὸς καὶ προγεγραμμένος κατʼ ἀξίωμα τῆς Ῥωμαίων βουλῆς καὶ πολὺ φρονήματι τοὺς καθʼ αὑτὸν ὑπεραίρων. ἑστιωμένων γὰρ ἐν ταὐτῷ τῶν ἱερέων, προσαγορεύσας τὸν Τιβέριον καὶ φιλοφρονηθεὶς, αὐτὸς ἐμνᾶτο τῇ θυγατρὶ νυμφίον.
</p>
</div2>
<div2 type="section" n="2">
<p>
δεξαμένου δὲ ἀσμένως ἐκείνου καὶ τῆς καταινέσεως οὕτω γενομένης, εἰσιὼν ὁ Ἄππιος οἴκαδε πρὸς αὑτὸν ἀπὸ τῆς θύρας εὐθὺς ἐκάλει τὴν γυναῖκα μεγάλῃ τῇ φωνῇ βοῶν, “ὦ Ἀντιστία, τὴν Κλαυδίαν ἡμῶν ἀνδρὶ καθωμολόγηκα.” κἀκείνη θαυμάσασα, “τίς,” εἶπεν, “ἡ σπουδή ἢ τί 
τὸ τάχος; εἰ δὲ Τιβέριον αὐτῇ Γράγχον εὑρήκεις<note anchored="yes" place="unspecified" resp="ed">
<foreign lang="greek">εἰ δὲ <gap/> εὑρήκεις</foreign> Bekker has <foreign lang="greek">εἰ μὴ <gap/> εὑρίσκεις</foreign>; Blass and Fuhr <foreign lang="greek">εἰ μὴ εὑρήκεις</foreign> (<gloss>unless thou hadst found</gloss>), after Stephanus.</note>
<pb id="p.152"/>
νυμφίον.” </p>
</div2>
<div2 type="section" n="3">
<p>
οὐκ ἀγνοῶ δὲ ὅτι τοῦτό τινες ἐπὶ τὸν πατέρα τῶν Γράγχων Τιβέριον καὶ Σκηπίωνα τὸν Ἀφρικανὸν ἀναφέρουσιν, ἀλλʼ οἱ πλείους ὡς ἡμεῖς γράφομεν ἱστοροῦσι, καὶ Πολύβιος μετὰ τὴν Σκηπίωνος Ἀφρικανοῦ τελευτὴν τοὺς οἰκείους φησὶν ἐκ πάντων προκρίναντας τὸν Τιβέριον δοῦναι τὴν Κορνηλίαν, ὡς ὑπὸ τοῦ πατρὸς ἀνέκδοτον καὶ ἀνέγγυον ἀπολειφθεῖσαν. 
</p>
</div2>
<div2 type="section" n="4">
<p>ὁ δʼ
οὖν νεώτερος Τιβέριος στρατευόμενος ἐν Λιβύῃ μετὰ τοῦ δευτέρου Σκηπίωνος, ἔχοντος αὑτοῦ τὴν ἀδελφήν, ὁμοῦ συνδιαιτώμενος ὑπὸ σκηνὴν τῷ στρατηγῷ ταχὺ μὲν αὐτοῦ τὴν φύσιν κατέμαθε, πολλὰ καὶ μεγάλα πρὸς ζῆλον ἀρετῆς καὶ μίμησιν ἐπὶ τῶν πράξεων ἐκφέρουσαν, ταχὺ δὲ τῶν νέων πάντων ἐπρώτευεν εὐταξίᾳ καὶ ἀνδρείᾳ·
</p>
</div2>
<div2 type="section" n="5">
<p>
καὶ τοῦ γε τείχους ἐπέβη τῶν πολεμίων πρῶτος, ὥς φησι Φάννιος, λέγων καὶ αὐτὸς τῷ 
<pb id="paris.1624.826"/> Τιβερίῳ συνεπιβῆναι καὶ συμμετασχεῖν ἐκείνης τῆς ἀριστείας. πολλὴν δὲ καὶ παρὼν εὔνοιαν εἶχεν ἐν τῷ στρατοπέδῳ καὶ πόθον ἀπαλλαττόμενος αὑτοῦ κατέλιπε. </p>
</div2>
</div1>
<div1 type="chapter" n="5">
<div2 type="section" n="1">
<p>
μετὰ δὲ τὴν στρατείαν ἐκείνην αἱρεθεὶς ταμίας ἔλαχε τῶν ὑπάτων Γαΐῳ Μαγκίνῳ συστρατεύειν ἐπὶ Νομαντίνους, ἀνθρώπῳ μὲν οὐ πονηρῷ, βαρυποτμοτάτῳ δὲ Ῥωμαίων στρατηγῷ, διὸ καὶ μᾶλλον ἐν τύχαις παραλόγοις καὶ πράγμασιν ἐναντίοις τοῦ Τιβερίου διέλαμψεν οὐ μόνον τὸ συνετὸν καὶ ἀνδρεῖον, ἀλλʼ, ὃ θαυμάσιον ἦν, αἰδώς τε πολλὴ καὶ τιμὴ τοῦ ἄρχοντος, ὑπὸ τῶν κακῶν οὐδʼ ἑαυτὸν, εἰ στρατηγός ἐστιν, ἐπιγινώσκοντος,
</p>
</div2>
<div2 type="section" n="2">
<p>
ἡττηθεὶς γὰρ μάχαις μεγάλαις 
<pb id="p.154"/>
ἐπεχείρησε μὲν ἀναζευγνύναι νυκτὸς, ἐκλιπὼν τὸ στρατόπεδον αἰσθομένων δὲ τῶν Νομαντίνων καὶ τὸ μὲν στρατόπεδον εὐθὺς λαβόντων, τοῖς δὲ ἀνθρώποις ἐπιπεσόντων φεύγουσι καὶ τοὺς ἐσχάτους φονευόντων, τὸ δὲ πᾶν ἐγκυκλουμένων στράτευμα καὶ συνωθούντων εἰς τόπους χαλεποὺς καὶ διάφευξιν οὐκ ἔχοντας, ἀπογνοὺς τὴν ἐκ τοῦ βιάζεσθαι σωτηρίαν ὁ Μαγκῖνος ἐπεκηρυκεύετο περὶ σπονδῶν καὶ διαλύσεων πρὸς αὐτούς·
</p>
</div2>
<div2 type="section" n="3">
<p> οἱ δὲ
πιστεύειν ἔφασαν οὐδενὶ πλὴν μόνῳ Τιβερίῳ, καὶ τοῦτον ἐκέλευον ἀποστέλλειν πρὸς αὐτούς, ἐπεπόνθεσαν δὲ τοῦτο καὶ διʼ αὐτὸν τὸν νεανίσκον ἦν γὰρ αὐτοῦ πλεῖστος λόγος ἐπὶ στρατιᾶς, καὶ μεμνημένοι τοῦ πατρὸς Τιβερίου, ὃς πολεμήσας Ἴβηρσι καὶ πολλοὺς καταστρεψάμενος εἰρήνην ἔθετο πρὸς τοὺς Νομαντίνους καὶ ταύτην ἐμπεδοῦντα τὸν δῆμον ὀρθῶς καὶ δικαίως ἀεὶ παρέσχεν.
</p>
</div2>
<div2 type="section" n="4">
<p>
οὕτω δὴ πεμφθεὶς ὁ Τιβέριος καὶ συγγενόμενος τοῖς ἀνδράσι, καὶ τὰ μὲν πείσας, τὰ δὲ δεξάμενος ἐσπείσατο, καὶ δισμυρίους ἔσωσε περιφανῶς ʼ
Ῥωμαίων πολίτας, ἄνευ θεραπείας καὶ τῶν ἔξω τάξεως ἑπομένων. </p>
</div2>
</div1>
<div1 type="chapter" n="6">
<div2 type="section" n="1">
<p>
τὰ δὲ ἐν τῷ χάρακι ληφθέντα χρήματα πάντα κατέσχον οἱ Νομαντῖνοι καὶ διεπόρθησαν. ἐν δὲ τούτοις καὶ πινακίδες ἦσαν τοῦ Τιβερίου, γράμματα καὶ λόγους ἔχουσαι τῆς ταμιευτικῆς ἀρχῆς, ἃς περὶ πολλοῦ ποιούμενος ἀπολαβεῖν, ἤδη τοῦ στρατοῦ προκεχωρηκότος ἀνέστρεψε πρὸς τὴν πόλιν, ἔχων μεθʼ ἑαυτοῦ τρεῖς ἢ τέτταρας 
<pb id="p.156"/>
</p>
</div2>
<div2 type="section" n="2">
<p>
ἑταίρους, ἐκκαλέσας δὲ τῶν Νομαντίνων τοὺς ἄρχοντας ἠξίου κομίσασθαι τὰς δέλτους, ὡς μὴ παράσχοι τοῖς ἐχθροῖς διαβολήν οὐκ ἔχων ἀπολογίσασθαι περὶ τῶν ᾠκονομημένων. ἡσθέντες οὖν οἱ Νομαντῖνοι τῇ συντυχίᾳ τῆς χρείας παρεκάλουν αὐτὸν εἰσελθεῖν εἰς τὴν πόλιν· ὡς δὲ εἱστήκει βουλευόμενος, ἐγγὺς προσελθόντες ἐνεφύοντο ταῖς χερσὶ, καὶ λιπαρεῖς ἦσαν δεόμενοι μηκέτι νομίζειν αὐτοὺς πολεμίους, ἀλλʼ ὡς φίλοις χρῆσθαι καὶ πιστεύειν.
</p>
</div2>
<div2 type="section" n="3">
<p>
ἔδοξεν οὖν τῷ Τιβερίῳ ταῦτα ποιεῖν, τῶν τε δέλτων περιεχομένῳ καὶ δεδοικότι παροξύνειν ὡς ἀπιστουμένους τοὺς Νομαντίνους. εἰσελθόντι δὲ εἰς τὴν πόλιν πρῶτον μὲν ἄριστον παρέθεσαν, καὶ πᾶσαν ἐποιήσαντο δέησιν ἐμφαγεῖν τι κοινῇ μετʼ αὐτῶν καθήμενον ἔπειτα τὰς δέλτους ἀπέδοσαν, καὶ τῶν ἄλλων ἃ βούλοιτο χρημάτων λαβεῖν ἐκέλευον. ὁ δʼ οὐδὲν ἢ τὸν λιβανωτὸν ᾧ πρὸς τὰς δημοσίας ἐχρῆτο θυσίας λαβών, ἀπῆλθεν ἀσπασάμενος καὶ φιλοφρονηθεὶς τοὺς ἄνδρας. </p>
</div2>
</div1>
<div1 type="chapter" n="7">
<div2 type="section" n="1">
<p>
ἐπεὶ δὲ εἰς Ῥώμην ἐπανῆλθεν, ἡ μὲν ὅλη πρᾶξις ὡς δεινὴ καὶ καταισχύνουσα τὴν Ῥώμην αἰτίαν εἶχε καὶ κατηγορίαν, οἱ δὲ τῶν στρατιωτῶν οἰκεῖοι καὶ φίλοι μέγα μέρος ὄντες τοῦ δήμου συνέτρεχον πρὸς τὸν Τιβέριον, τὰ μὲν αἰσχρὰ τῶν γεγονότων ἀναφέροντες εἰς τὸν ἄρχοντα, διʼ  αὐτὸν δὲ σῴζεσθαι τοσούτους πολίτας φάσκοντες.
</p>
</div2>
<div2 type="section" n="2">
<p> οἱ
μέντοι δυσχεραίνοντες τὰ πεπραγμένα μιμεῖσθαι 
<pb id="paris.1624.827"/> τοὺς προγόνους ἐκέλευον καὶ γὰρ ἐκεῖνοι 
<pb id="p.158"/>
τοὺς ἀγαπήσαντας ὑπὸ Σαυνιτῶν ἀφεθῆναι στρατηγοὺς αὐτούς τε τοῖς πολεμίοις γυμνοὺς προσέρριψαν, καὶ τοὺς ἐφαψαμένους καὶ μετασχόντας τῶν σπονδῶν, οἷον ταμίας καὶ χιλιάρχους, ὁμοίως προὔβαλον, εἰς ἐκείνους τὴν ἐπιορκίαν καὶ τὴν διάλυσιν τῶν ὡμολογημένων τρέποντες.
</p>
</div2>
<div2 type="section" n="3">
<p>
ἔνθα δὴ καὶ μάλιστα τὴν πρὸς τὸν Τιβέριον εὔνοιαν καὶ σπουδὴν ἐξέφηνεν ὁ δῆμος. τὸν μὲν γὰρ ὕπατον ἐψηφίσαντο γυμνὸν καὶ δεδεμένον παραδοῦναι τοῖς Νομαντίνοις, τῶν δὲ ἄλλων ἐφείσαντο πάντων διὰ Τιβέριον. δοκεῖ δὲ καὶ Σκηπίων βοηθῆσαι, μέγιστος ὢν τότε καὶ πλεῖστον δυνάμενος Ῥωμαίων ἀλλʼ οὐδὲν ἧττον ἐν αἰτίαις ἦν ὅτι τὸν Μαγκῖνον οὐ περιέσωσεν, οὐδὲ τὰς σπονδὰς ἐμπεδωθῆναι τοῖς Νομαντίνοις ἐσπούδασε διʼ ἀνδρὸς οἰκείου καὶ φίλου τοῦ Τιβερίου γενομένας.
</p>
</div2>
<div2 type="section" n="4">
<p> τὸ δὲ
πλεῖστον ἔοικεν ἐκ φιλοτιμίας καὶ τῶν ἐπαιρόντων τὸν Τιβέριον φίλων καὶ σοφιστῶν ἐκγενέσθαι τὰ τῆς διαφορᾶς, ἀλλʼ αὕτη γε πρὸς οὐδὲν ἀνήκεστον οὐδὲ φαῦλον ἐξέπεσε, δοκεῖ δʼ ἄν μοι μηδαμῶς περιπεσεῖν ὁ Τιβέριος οἷς ἔπαθεν, εἰ παρῆν αὐτοῦ τοῖς πολιτεύμασι Σκηπίων ὁ Ἀφρικανός· νῦν δὲ ἐκείνου περὶ Νομαντίαν ὄντος ἤδη καὶ πολεμοῦντος ἥψατο τῆς περὶ τοὺς νόμους πολιτείας ἐκ τοιαύτης αἰτίας. </p>
</div2>
</div1>
<div1 type="chapter" n="8">
<div2 type="section" n="1">
<p>
Ῥωμαῖοι τῆς τῶν ἀστυγειτόνων χώρας ὅσην ἀπετέμοντο πολέμῳ, τὴν μὲν ἐπίπρασκον, 
<pb id="p.160"/>
τὴν δὲ ποιούμενοι δημοσίαν ἐδίδοσαν νέμεσθαι τοῖς ἀκτήμοσι καὶ ἀπόροις τῶν πολιτῶν, ἀποφορὰν οὐ πολλὴν εἰς τὸ δημόσιον τελοῦσιν.
</p>
</div2>
<div2 type="section" n="2">
<p>
ἀρξαμένων δὲ τῶν πλουσίων ὑπερβάλλειν τὰς ἀποφορὰς καὶ τοὺς πένητας ἐξελαυνόντων, ἐγράφη νόμος οὐκ ἐῶν πλέθρα γῆς ἔχειν πλείονα τῶν πεντακοσίων, καὶ βραχὺν μὲν χρόνον ἐπέσχε τὴν πλεονεξίαν τὸ γράμμα τοῦτο, καὶ τοῖς πένησιν ἐβοήθησε κατὰ χώραν μένουσιν ἐπὶ τῶν μεμισθωμένων καὶ νεμομένοις ἣν ἕκαστος ἐξ ἀρχῆς εἶχε μοῖραν.
</p>
</div2>
<div2 type="section" n="3">
<p>
ὕστερον δὲ τῶν γειτνιώντων πλουσίων ὑποβλήτοις προσώποις μεταφερόντων τὰς μισθώσεις εἰς ἑαυτούς, τέλος δὲ φανερῶς ἤδη διʼ ἑαυτῶν τὰ πλεῖστα κατεχόντων, ἐξωσθέντες οἱ πένητες οὔτε ταῖς στρατείαις ἔτι προθύμους παρεῖχον ἑαυτούς, ἠμέλουν τε παίδων ἀνατροφῆς, ὥστε ταχὺ τὴν Ἰταλίαν ἅπασαν ὀλιγανδρίας ἐλευθέρων αἰσθέσθαι, δεσμωτηρίων δὲ βαρβαρικῶν ἐμπεπλῆσθαι, διʼ ὧν ἐγεώργουν οἱ πλούσιοι τὰ χωρία, τοὺς πολίτας ἐξελάσαντες.
</p>
</div2>
<div2 type="section" n="4">
<p>
ἐπεχείρησε μὲν οὖν τῇ διορθώσει Γάιος Λαίλιος ὁ Σκηπίωνος ἑταῖρος ἀντικρουσάντων δὲ τῶν δυνατῶν φοβηθεὶς τὸν θόρυβον καὶ παυσάμενος ἐπεκλήθη σοφὸς ἢ φρόνιμος· ἑκάτερον γὰρ ἐδόκει σημαίνειν ὁ σαπίηνς ὁ Τιβέριος δὲ δήμαρχος ἀποδειχθεὶς εὐθὺς ἐπʼ  αὐτὴν ὥρμησε τὴν πρᾶξιν, ὡς μὲν οἱ πλεῖστοι λέγουσι, Διοφάνους τοῦ ῥήτορος καὶ Βλοσσίου τοῦ φιλοσόφου παρορμησάντων αὐτόν,
</p>
</div2>
<div2 type="section" n="5">
<p> ὧν ὁ
μὲν Διοφάνης φυγὰς ἦν Μιτυληναῖος, ὁ δὲ αὐτόθεν 
<pb id="p.162"/>
ἐξ Ἰταλίας Κυμαῖος, Ἀντιπάτρου τοῦ Ταρσέως γεγονὼς ἐν ἄστει συνήθης καὶ τετιμημένος ὑπʼ αὐτοῦ προσφωνήσεσι γραμμάτων φιλοσόφων· ἔνιοι δὲ καὶ Κορνηλίαν συνεπαιτιῶνται τὴν μητέρα πολλάκις τοὺς υἱοὺς ὀνειδίζουσαν ὅτι Ῥωμαῖοι Σκηπίωνος αὐτὴν ἔτι πενθεράν, οὔπω δὲ μητέρα Γράγχων προσαγορεύουσιν.
</p>
</div2>
<div2 type="section" n="6">
<p>
ἄλλοι δὲ Σπόριόν τινα Ποστούμιον αἴτιον γενέσθαι λέγουσιν, ἡλικιώτην τοῦ Τιβερίου καὶ πρὸς δόξαν ἐφάμιλλον αὐτῷ περὶ τὰς συνηγορίας, ὃν, ὡς ἐπανῆλθεν ἀπὸ τῆς στρατιᾶς, εὑρὼν πολὺ τῇ δόξῃ καὶ τῇ δυνάμει παρηλλαχότα καὶ θαυμαζόμενον, ἠθέλησεν, ὡς ἔοικεν, ὑπερβαλέσθαι πολιτεύματος 
<pb id="paris.1624.828"/> παραβόλου καὶ μεγάλην προσδοκίαν ἔχοντος ἁψάμενος.
</p>
</div2>
<div2 type="section" n="7">
<p> ὁ δʼ
ἀδελφὸς αὐτοῦ Γάιος ἔν τινι βιβλίῳ γέγραφεν εἰς Νομαντίαν πορευόμενον διὰ τῆς Τυρρηνίας τὸν Τιβέριον, καὶ τὴν ἐρημίαν τῆς χώρας ὁρῶντα καὶ τοὺς γεωργοῦντας ἢ νέμοντας οἰκέτας ἐπεισάκτους καὶ βαρβάρους, τότε πρῶτον ἐπὶ νοῦν βαλέσθαι τὴν μυρίων κακῶν ἄρξασαν αὐτοῖς πολιτείαν. τὴν δὲ πλείστην αὐτὸς ὁ δῆμος ὁρμὴν καὶ φιλοτιμίαν ἐξῆψε, προκαλούμενος διὰ γραμμάτων αὐτὸν ἐν στοαῖς καὶ τοίχοις καὶ μνήμασι καταγραφομένων ἀναλαβεῖν τοῖς πένησι τὴν δημοσίαν χώραν. </p>
</div2>
</div1>
<div1 type="chapter" n="9">
<div2 type="section" n="1">
<p>
οὐ μὴν ἐφʼ αὑτοῦ γε συνέθηκε τὸν νόμον, τοῖς δὲ πρωτεύουσιν ἀρετῇ καὶ δόξῃ τῶν πολιτῶν συμβούλοις χρησάμενος, ὧν καὶ Κράσσος ἦν ὁ ἀρχιερεὺς καὶ Μούκιος Σκαιβόλας ὁ νομοδείκτης 
<pb id="p.164"/>
ὑπατεύων τότε καὶ Κλαύδιος Ἄππιος ὁ κηδεστὴς τοῦ Τιβερίου.
</p>
</div2>
<div2 type="section" n="2">
<p>
καὶ δοκεῖ νόμος εἰς ἀδικίαν καὶ πλεονεξίαν τοσαύτην μηδέποτε πραότερος γραφῆναι καὶ μαλακώτερος. οὓς γὰρ ἔδει δίκην τῆς ἀπειθείας δοῦναι καὶ μετὰ ζημίας ἦν παρὰ τοὺς νόμους ἐκαρποῦντο χώραν ἀφεῖναι, τούτους ἐκέλευσε τιμὴν προσλαμβάνοντας ἐκβαίνειν ὧν ἀδίκως ἐκέκτηντο, καὶ παραδέχεσθαι τοὺς βοηθείας δεομένους τῶν πολιτῶν,
</p>
</div2>
<div2 type="section" n="3">
<p>
ἀλλὰ καίπερ οὕτω τῆς ἐπανορθώσεως οὔσης εὐγνώμονος, ὁ μὲν δῆμος ἠγάπα, παρεὶς τὰ γεγενημένα, παύσασθαι τὸ λοιπὸν ἀδικούμενος, οἱ δὲ πλούσιοι καὶ κτηματικοὶ πλεονεξίᾳ μὲν τὸν νόμον, ὀργῇ δὲ καὶ φιλονεικίᾳ τὸν νομοθέτην διʼ ἔχθους ἔχοντες, ἐπεχείρουν ἀποτρέπειν τὸν δῆμον, ὡς γῆς ἀναδασμὸν ἐπὶ συγχύσει τῆς πολιτείας εἰσάγοντος τοῦ Τιβερίου καὶ πάντα πράγματα κινοῦντος. 
</p>
</div2>
<div2 type="section" n="4">
<p>
ἀλλʼ οὐδὲν ἐπέραινον ὁ γὰρ Τιβέριος πρὸς καλὴν ὑπόθεσιν καὶ δικαίαν ἀγωνιζόμενος λόγῳ καὶ φαυλότερα κοσμῆσαι δυναμένῳ πράγματα δεινὸς ἦν καὶ ἄμαχος, ὁπότε τοῦ δήμου τῷ βήματι περικεχυμένου καταστὰς λέγοι περὶ τῶν πενήτων, ὡς τὰ μὲν θηρία τὰ τὴν Ἰταλίαν νεμόμενα καὶ φωλεὸν ἔχει καὶ κοιταῖόν ἐστιν αὐτῶν ἑκάστῳ
</p>
</div2>
<div2 type="section" n="5">
<p>
καὶ καταδύσεις,<note anchored="yes" place="unspecified" resp="ed">
<foreign lang="greek">καταδύσεις</foreign> Bekker and many other editors have <foreign lang="greek">κατάδυσις</foreign>, after Stephanus and Reiske.</note> τοῖς δὲ ὑπὲρ τῆς Ἰταλίας μαχομένοις καὶ ἀποθνῄσκουσιν ἀέρος καὶ φωτός, ἄλλου δὲ οὐδενὸς μέτεστιν, ἀλλʼ ἄοικοι καὶ ἀνίδρυτοι μετὰ τέκνων πλανῶνται καὶ γυναικῶν, οἱ δὲ αὐτοκράτορες ψεύδονται τοὺς στρατιώτας ἐν ταῖς μάχαις παρακαλοῦντες ὑπὲρ τάφων καὶ 
<pb id="p.166"/>
ἱερῶν ἀμύνεσθαι τοὺς πολεμίους· οὐδενὶ γάρ ἐστιν οὐ βωμὸς πατρῷος, οὐκ ἠρίον προγονικὸν τῶν τοσούτων ʼ Ῥωμαίων, ἀλλʼ ὑπὲρ ἀλλοτρίας τρυφῆς καὶ πλούτου πολεμοῦσι καὶ ἀποθνῄσκουσι, κύριοι τῆς οἰκουμένης εἶναι λεγόμενοι, μίαν δὲ βῶλον ἰδίαν οὐκ ἔχοντες. </p>
</div2>
</div1>
<div1 type="chapter" n="10">
<div2 type="section" n="1">
<p>
τούτους ἀπὸ φρονήματος μεγάλου καὶ 
πάθους ἀληθινοῦ τοὺς λόγους κατιόντας<note anchored="yes" place="unspecified" resp="ed">
<foreign lang="greek">κατιόντας</foreign> Bekker has <foreign lang="greek">κατατείνοντα</foreign>, after Coraës, from the variant <foreign lang="greek">καταταίνοντας</foreign>.</note> εἰς τὸν 
δῆμον ἐνθουσιῶντα καὶ συνεξανιστάμενον οὐδεὶς ὑφίστατο τῶν ἐναντίων, ἐάσαντες οὖν τὸ ἀντιλέγειν ἐπὶ Μᾶρκον Ὀκτάβιον τρέπονται τῶν δημάρχων ἕνα, νεανίαν ἐμβριθῆ τὸ ἦθος καὶ κόσμιον,
</p>
</div2>
<div2 type="section" n="2">
<p>
ἑταῖρον δὲ τοῦ Τιβερίου καὶ συνήθη, διὸ τὸ μὲν πρῶτον αἰδούμενος ἐκεῖνον ἀνεδύετο· πολλῶν δὲ καὶ δυνατῶν δεομένων καὶ λιπαρούντων ὥσπερ ἐκβιασθεὶς ἀντικαθίστατο τῷ Τιβερίῳ καὶ διεκρούετο τὸν νόμον. ἔστι δὲ τοῦ κωλύοντος ἐν τοῖς δημάρχοις τὸ κράτος· οὐδὲν γὰρ οἱ πολλοὶ κελεύοντες περαίνουσιν ἑνὸς ἐνισταμένου.
</p>
</div2>
<div2 type="section" n="3">
<p>
πρὸς τοῦτο παροξυνθεὶς ὁ Τιβέριος τὸν μὲν φιλάνθρωπον ἐπανείλετο νόμον, τὸν δὲ ἡδίω τε τοῖς πολλοῖς καὶ σφοδρότερον ἐπὶ τοὺς ἀδικοῦντας εἰσέφερεν ἤδη, κελεύων ἐξίστασθαι τῆς χώρας ἣν ἐκέκτηντο παρὰ τοὺς προτέρους νόμους. 
</p>
</div2>
<div2 type="section" n="4">
<p>
ἦσαν οὖν ὁμοῦ τι καθʼ ἑκάστην ἡμέραν ἀγῶνες αὐτῷ πρὸς τὸν Ὀκτάβιον ἐπὶ τοῦ βήματος, ἐν 
<pb id="paris.1624.829"/> οἷς, καίπερ ἐξ ἄκρας σπουδῆς καὶ φιλονεικίας ἀντερείδοντες, οὐδὲν εἰπεῖν λέγονται περὶ ἀλλήλων φαῦλον, οὐδὲ ῥῆμα προπεσεῖν θατέρου πρὸς 
<pb id="p.168"/>
τὸν ἕτερον διʼ ὀργὴν ἀνεπιτήδειον. οὐ γὰρ μόνον 
ἐν βακχεύμασιν,<note anchored="yes" place="unspecified" resp="ed">
<quote rend="blockquote">
<l>
<foreign lang="greek">καὶ γὰρ ἐν βακχεύμασιν</foreign>
</l>
<l>
<foreign lang="greek">οὖσʼ ἥ γε σώφρων οὐ διαφθαρήσεται</foreign>
</l>
</quote> (Euripides, <title>Bacchae</title>, 310 f. (Kirchhoff)).</note> ὡς
ἔοικεν, ἀλλὰ καὶ ἐν φιλοτιμίαις καὶ ὀργαῖς τὸ πεφυκέναι καλῶς καὶ πεπαιδεῦσθαι σωφρόνως ἐφίστησι καὶ κατακοσμεῖ τὴν διάνοιαν.
</p>
</div2>
<div2 type="section" n="5">
<p>
ἐπεὶ δὲ ἑώρα τὸν Ὀκτάβιον ἐνεχόμενον τῷ νόμῳ καὶ κατέχοντα τῆς δημοσίας χώρας συχνὴν ὁ Τιβέριος, ἐδεῖτο παρεῖναι τὴν φιλονεικίαν, ὑφιστάμενος αὐτῷ τὴν τιμὴν ἀποδώσειν ἐκ τῶν ἰδίων, καίπερ οὐ λαμπρῶν ὄντων, οὐκ ἀνασχομένου δὲ τοῦ Ὀκταβίου, διαγράμματι τὰς ἄλλας ἀρχὰς ἁπάσας ἐκώλυσε χρηματίζειν, ἄχρι ἂν ἡ περὶ τοῦ νόμου διενεχθῇ ψῆφος·
</p>
</div2>
<div2 type="section" n="6">
<p> τῷ δὲ
τοῦ Κρόνου ναῷ σφραγῖδας ἰδίας ἐπέβαλεν, ὅπως οἱ ταμίαι μηδὲν ἐξ αὐτοῦ λαμβάνοιεν μηδʼ εἰσφέροιεν, καὶ τοῖς ἀπειθήσασι τῶν στρατηγῶν ζημίαν ἐπεκήρυξεν, ὥστε πάντας ὑποδείσαντας ἀφεῖναι τὴν ἑκάστῳ προσήκουσαν οἰκονομίαν.
</p>
</div2>
<div2 type="section" n="7">
<p>
ἐντεῦθεν οἱ κτηματικοὶ τὰς μὲν ἐσθῆτας μετέβαλον καὶ περιῄεσαν οἰκτροὶ καὶ ταπεινοὶ κατὰ τὴν ἀγοράν, ἐπεβούλευον δὲ τῷ Τιβερίῳ κρύφα καὶ συνίστασαν ἐπʼ αὐτὸν τοὺς ἀναιρήσοντας, ὥστε κἀκεῖνον οὐδενὸς ἀγνοοῦντος ὑποζώννυσθαι ξιφίδιον λῃστρικόν, ὃ δόλωνα καλοῦσιν. </p>
</div2>
</div1>
<div1 type="chapter" n="11">
<div2 type="section" n="1">
<p>
ἐνστάσης δὲ τῆς ἡμέρας καὶ τὸν δῆμον αὐτοῦ καλοῦντος ἐπὶ τὴν ψῆφον, ἡρπάσθησαν ὑπὸ τῶν πλουσίων αἱ ὑδρίαι, καὶ τὰ γινόμενα πολλὴν εἶχε σύγχυσιν. οὐ μὴν ἀλλὰ τῶν περὶ Τιβέριον πλήθει βιάσασθαι δυναμένων καὶ συστρεφομένων ἐπὶ τοῦτο, Μάλλιος καὶ Φούλβιος, 
<pb id="p.170"/>
ἄνδρες ὑπατικοὶ, προσπεσόντες τῷ Τιβερίῳ καὶ χειρῶν ἁπτόμενοι καὶ δακρύοντες ἐδέοντο παύσασθαι.
</p>
</div2>
<div2 type="section" n="2">
<p>
τοῦ δὲ καὶ τὸ μέλλον ὅσον οὔπω δεινὸν ἤδη συμφρονοῦντος, καὶ διʼ αἰδῶ τῶν ἀνδρῶν πυθομένου τί κελεύουσι πράττειν αὐτόν, οὐκ ἔφασαν ἀξιόχρεῳ εἶναι πρὸς τηλικαύτην συμβουλίαν, ἐπιτρέψαι δὲ τῇ βουλῇ κελεύοντες καὶ δεόμενοι συνέπεισαν. 
</p>
<p>ὡς δὲ οὐδὲν ἐπέραινεν ἡ βουλὴ συνελθοῦσα διὰ τοὺς πλουσίους ἰσχύοντας ἐν αὐτῇ, τρέπεται πρὸς ἔργον οὐ νόμιμον οὐδὲ ἐπιεικές, ἀφελέσθαι τῆς ἀρχῆς τὸν Ὀκτάβιον, ἀμηχανῶν ἄλλως ἐπαγαγεῖν τῷ νόμῳ τὴν ψῆφον.
</p>
</div2>
<div2 type="section" n="3">
<p>
καὶ πρῶτον μὲν ἐδεῖτο φανερῶς αὐτοῦ, λόγους τε προσφέρων φιλανθρώπους καὶ χειρῶν ἁπτόμενος, ἐνδοῦναι καὶ χαρίσασθαι τῷ δήμῳ δίκαια μὲν ἀξιοῦντι, μικρὰ δὲ ἀντὶ μεγάλων πόνων καὶ κινδύνων ληψομένῳ. διωθουμένου δὲ τοῦ Ὀκταβίου τὴν ἔντευξιν ὑπειπὼν ὁ Τιβέριος ὡς οὐκ ἔστιν ἄρχοντας ἀμφοτέρους καὶ περὶ πραγμάτων μεγάλων ἀπʼ ἴσης ἐξουσίας διαφερομένους ἄνευ πολέμου διεξελθεῖν τὸν χρόνον, ἓν ἴαμα τούτου μόνον ὁρᾶν ἔφη τὸ παύσασθαι τῆς ἀρχῆς τὸν ἕτερον,
</p>
</div2>
<div2 type="section" n="4">
<p>
καὶ περὶ αὐτοῦ γε προτέρου τὸν Ὀκτάβιον ἐκέλευσε τῷ δήμῳ ψῆφον ἀναδοῦναι καταβήσεσθαι γὰρ εὐθὺς ἰδιώτης γενόμενος, ἂν τοῦτο δόξῃ τοῖς πολίταις. τοῦ δὲ Ὀκταβίου μὴ θέλοντος αὐτὸς ἔφη περὶ ἐκείνου ψῆφον ἀναδώσειν, ἐὰν μὴ μεταγνῷ βουλευσάμενος. </p>
</div2>
</div1>
<div1 type="chapter" n="12">
<div2 type="section" n="1">
<p>
καὶ τότε μὲν ἐπὶ τούτοις διέλυσε τὴν 
<pb id="p.172"/>
ἐκκλησίαν τῇ δʼ ὑστεραίᾳ τοῦ δήμου συνελθόντος ἀναβὰς ἐπὶ τὸ βῆμα πάλιν ἐπειρᾶτο πείθειν τὸν Ὀκτάβιον ὡς δὲ ἦν ἀμετάπειστος, εἰσήνεγκε νόμον ἀφαιρούμενον αὐτοῦ τὴν δημαρχίαν, καὶ τοὺς πολίτας εὐθὺς ἐκάλει τὴν ψῆφον ἐπιφέροντας,
</p>
</div2>
<div2 type="section" n="2">
<p>
οὐσῶν δὲ πέντε καὶ τριάκοντα φυλῶν, ὡς αἱ δεκαεπτὰ τὴν ψῆφον ἐπενηνόχεισαν καὶ μιᾶς ἔτι προσγενομένης ἔδει τὸν Ὀκτάβιον ἰδιώτην γενέσθαι, κελεύσας ἐπισχεῖν αὖθις ἐδεῖτο τοῦ Ὀκταβίου καὶ περιέβαλεν αὐτὸν ἐν ὄψει τοῦ δήμου καὶ κατησπάζετο, λιπαρῶν καὶ δεόμενος μήθʼ ἑαυτὸν 
<pb id="paris.1624.830"/> ἄτιμον περιιδεῖν γενόμενον μήτʼ ἐκείνῳ βαρέος οὕτω καὶ σκυθρωποῦ πολιτεύματος αἰτίαν προσάψαι. 
</p>
</div2>
<div2 type="section" n="3">
<p>
τούτων τῶν δεήσεων οὐ παντελῶς ἄτεγκτον οὐδʼ ἀτενῆ λέγουσιν ἀκροᾶσθαι τὸν Ὀκτάβιον, ἀλλὰ καὶ δακρύων ὑποπίμπλασθαι τὰ ὄμματα καὶ σιωπᾶν ἐπὶ πολὺν χρόνον, ὡς μέντοι πρὸς τοὺς πλουσίους καὶ τοὺς κτηματικοὺς συνεστῶτας ἀπέβλεψεν, αἰδεσθεὶς δοκεῖ καὶ φοβηθεὶς τὴν παρʼ ἐκείνοις ἀδοξίαν ὑποστῆναι πᾶν δεινὸν οὐκ ἀγεννῶς καὶ κελεῦσαι πράττειν ὃ βούλεται τὸν Τιβέριον,
</p>
</div2>
<div2 type="section" n="4">
<p>
οὕτω δὴ τοῦ νόμου κυρωθέντος ὁ μὲν Τιβέριος τῶν ἀπελευθέρων τινὶ προσέταξεν ἀπὸ τοῦ βήματος ἑλκύσαι τὸν Ὀκτάβιον· ἐχρῆτο δὲ ὑπηρέταις ἀπελευθέροις ἰδίοις, καὶ τοῦτο τὴν ὄψιν οἰκτροτέραν τοῦ Ὀκταβίου παρέσχεν ἑλκομένου πρὸς ὕβριν.
</p>
</div2>
<div2 type="section" n="5">
<p> ὁ δὲ
δῆμος ἐφώρμησεν αὐτῷ, καὶ τῶν πλουσίων συνδραμόντων καὶ διασχόντων τὰς χεῖρας, ὁ μὲν Ὀκτάβιος ἐσώθη μόλις ἐξαρπαγεὶς καὶ διαφυγὼν τὸν ὄχλον, οἰκέτην δὲ αὐτοῦ πιστὸν 
<pb id="p.174"/>
ἔμπροσθεν ἑστῶτα καὶ προτεταγμένον ἐξετύφλωσαν, ἄκοντος τὸν Τιβερίου, καὶ πρὸς τὸν θόρυβον, ὡς ᾔσθετο τὰ γινόμενα, πολλῇ σπουδῇ καταδραμόντος. </p>
</div2>
</div1>
<div1 type="chapter" n="13">
<div2 type="section" n="1">
<p>
ἐκ τούτου κυροῦται μὲν ὁ περὶ τῆς χώρας νόμος, αἱροῦνται δὲ τρεῖς ἄνδρες ἐπὶ τὴν διάκρισιν καὶ διανομήν, αὐτὸς Τιβέριος καὶ Κλαύδιος Ἄππιος ὁ πενθερὸς καὶ Γάιος Γράγχος ὁ ἀδελφός, οὐ παρὼν οὗτος, ἀλλὰ ὑπὸ Σκηπίωνι πρὸς Νομαντίαν στρατευόμενος,
</p>
</div2>
<div2 type="section" n="2">
<p>
ταῦτα τοῦ Τιβερίου διαπραξαμένου καθʼ ἡσυχίαν μηδενὸς ἐνισταμένου, καὶ πρὸς τούτοις δήμαρχον ἀντικαταστήσαντος οὐδένα τῶν ἐπιφανῶν, ἀλλὰ Μούκιόν τινα, πελάτην αὐτοῦ, πρὸς πάντα δυσχεραίνοντες οἱ δυνατοὶ καὶ φοβούμενοι τοῦ Τιβερίου τὴν αὔξησιν ἐν τῇ βουλῇ προεπηλάκιζον αὐτόν, αἰτουμένῳ μὲν, ὡς ἔθος ἐστὶν, ἐκ δημοσίου σκηνήν,
</p>
</div2>
<div2 type="section" n="3">
<p>
ὅπως ἔχοι διανέμων τὴν χώραν, οὐ δόντες, ἑτέρων ἐπʼ ἐλάττοσι χρείαις πολλάκις λαβόντων, ἀνάλωμα δὲ εἰς ἑκάστην ἡμέραν ἐννέα ὀβολοὺς τάξαντες, εἰσηγουμένου ταῦτα Ποπλίου Νασικᾶ καὶ δεδωκότος ἑαυτὸν εἰς τὴν πρὸς ἐκεῖνον ἔχθραν ἀφειδῶς· πλείστην γὰρ ἐκέκτητο γῆν δημοσίαν, καὶ χαλεπῶς ἔφερεν ἐκβαίνειν αὐτῆς ἀναγκαζόμενος.
</p>
</div2>
<div2 type="section" n="4">
<p> ὁ δὲ
δῆμος ἔτι μᾶλλον ἐξεκᾴετο καὶ φίλου τινὸς τῷ Τιβερίῳ τελευτήσαντος αἰφνιδίως καὶ σημείων τῷ νεκρῷ μοχθηρῶν ἐπιδραμόντων, βοῶντες ὑπὸ φαρμάκων ἀνῃρῆσθαι τὸν ἄνθρωπον 
<pb id="p.176"/>
ἐπὶ τὴν ἐκφορὰν συνέδραμον καὶ τὸ λέχος ἤραντο καὶ θαπτομένῳ παρέστησαν, οὐ φαύλως ὑπονοῆσαι τὴν φαρμακείαν δόξαντες.
</p>
</div2>
<div2 type="section" n="5">
<p>
ἐρράγη γὰρ ὁ νεκρὸς καὶ διεφθορότων ὑγρῶν πλῆθος ἐξέβλυσεν, ὥστε ἀποσβέσαι τὴν φλόγα· καὶ φερόντων ἄλλην αὖθις οὐκ ἐκᾴετο πρὶν εἰς ἕτερον τόπον μετακομισθῆναι, καὶ πολλὰ πραγματευσαμένων μόλις ἥψατο τὸ πῦρ αὐτοῦ, πρὸς ταῦτα τοὺς πολλοὺς ἔτι μᾶλλον ὁ Τιβέριος παροξύνων μετέβαλε τὴν ἐσθῆτα, καὶ τοὺς παῖδας προαγαγὼν ἐδεῖτο τοῦ δήμου τούτων κήδεσθαι καὶ τῆς μητρός, ὡς αὐτὸς ἀπεγνωκὼς ἑαυτόν. </p>
</div2>
</div1>
<div1 type="chapter" n="14">
<div2 type="section" n="1">
<p>
ἐπεὶ δὲ τοῦ Φιλομήτορος Ἀττάλου τελευτήσαντος Εὔδημος ὁ Περγαμηνὸς ἀνήνεγκε διαθήκην ἐν ᾗ κληρονόμος ἐγέγραπτο τοῦ βασιλέως ὁ Ῥωμαίων δῆμος, εὐθὺς ὁ Τιβέριος δημαγωγῶν εἰσήνεγκε νόμον ὅπως τὰ βασιλικὰ χρήματα κομισθέντα τοῖς τὴν χώραν διαλαγχάνουσι τῶν πολιτῶν ὑπάρχοι πρὸς κατασκευὴν καὶ γεωργίας ἀφορμήν.
</p>
</div2>
<div2 type="section" n="2">
<p>
περὶ δὲ τῶν πόλεων, ὅσαι τῆς Ἀττάλου βασιλείας ἦσαν, οὐδὲν ἔφη τῇ συγκλήτῳ βουλεύεσθαι προσήκειν, ἀλλὰ τῷ δήμῳ γνώμην αὐτὸς προθήσειν. ἐκ τούτου μάλιστα προσέκρουσε 
<pb id="paris.1624.831"/> τῇ βουλῇ· καὶ Πομπήιος μὲν ἀναστὰς ἔφη γειτνιᾶν τῷ Τιβερίῳ καὶ διὰ τοῦτο γινώσκειν Εὔδημον αὐτῷ τόν Περγαμηνὸν τῶν βασιλικῶν διάδημα δεδωκότα καὶ πορφύραν, ὡς μέλλοντι βασιλεύειν ἐν Ῥώμῃ,
</p>
</div2>
<div2 type="section" n="3">
<p>Κόιντος δὲ Μέτελλος ὠνείδισε τόν Τιβέριον ὅτι τοῦ μὲν πατρὸς αὐτοῦ 
<pb id="p.178"/>
τιμητεύοντος, ὁσάκις ἀναλύοι μετὰ δεῖπνον οἴκαδε, τὰ φῶτα κατεσβέννυσαν οἱ πολῖται, φοβούμενοι μὴ πορρωτέρω τοῦ μετρίου δόξωσιν ἐν συνουσίαις εἶναι καὶ πότοις, τούτῳ δὲ προφαίνουσι νυκτὸς οἱ θρασύτατοι καὶ ἀπορώτατοι τῶν δημοτῶν·
</p>
</div2>
<div2 type="section" n="4">
<p>Τίτος δʼ Ἄννιος, οὐκ ἐπιεικὴς μὲν οὐδὲ σώφρων ἄνθρωπος, ἐν δὲ λόγοις πρὸς τὰς ἐρωτήσεις καὶ τὰς ἀποκρίσεις ἄμαχος εἶναι δοκῶν, εἰς ὁρισμόν τινα προὐκαλεῖτο τόν Τιβέριον, ἦ μὴν ἱερὸν ὄντα καὶ ἄσυλον ἐκ τῶν νόμων ἠτιμωκέναι τόν συνάρχοντα. θορυβούντων δὲ πολλῶν ἐκπηδήσας ὁ Τιβέριος τόν τε δῆμον συνεκάλει καὶ τόν Ἄννιον ἀχθῆναι κελεύσας ἐβούλετο κατηγορεῖν.
</p>
</div2>
<div2 type="section" n="5">
<p> ὁ δὲ καὶ
τῷ λόγῳ καὶ τῇ δόξῃ πολὺ λειπόμενος εἰς τὴν ἑαυτοῦ δεινότητα κατεδύετο, καὶ παρεκάλει μικρὰ πρὸ τῶν λόγων ἀποκρίνασθαι τόν Τιβέριον. συγχωροῦντος δὲ ἐρωτᾶν ἐκείνου καὶ σιωπῆς γενομένης εἶπεν ὁ ἂν νιος, “ἂν σύ μὲν ἀτιμοῦν με βούλῃ καὶ προπηλακίζειν, ἐγὼ δέ τινα τῶν σῶν ἐπικαλέσωμαι
συναρχόντων, ὁ δὲ ἀναβῇ βοηθήσων, σὺ δὲ ὀργισθῇς, ἆρά γε αὐτοῦ τὴν ἀρχὴν ἀφαιρήσῃ;” </p>
</div2>
<div2 type="section" n="6">
<p> πρὸς ταύτην λέγεται τὴν ἐρώτησιν οὕτω διαπορηθῆναι τόν Τιβέριον ὥστε πάντων ὄντα καὶ τὸ λέγειν ἑτοιμότατον καὶ τὸ θαρρεῖν ἰταμώτατον ἀποσιωπῆσαι. </p>
</div2>
</div1>
<div1 type="chapter" n="15">
<div2 type="section" n="1">
<p>
τότε μὲν οὖν διέλυσε τὴν ἐκκλησίαν αἰσθανόμενος δὲ τῶν πολιτευμάτων τὸ περὶ τὸν Ὀκτάβιον οὐ τοῖς δυνατοῖς μόνον, ἀλλὰ καὶ τοῖς πολλοῖς ἐκπαθέστερον μέγα γάρ τι καὶ καλὸν 
<pb id="p.180"/>
ἐδόκει τὸ τῶν δημάρχων ἀξίωμα μέχρι τῆς ἡμέρας ἐκείνης διατετηρημένον ἀνῃρῆσθαι καὶ καθυβρίσθαι, λόγον ἐν τῷ δήμῳ διεξῆλθεν, οὗ μικρὰ παραθέσθαι τῶν ἐπιχειρημάτων οὐκ ἄτοπον ἦν, ὥστε ὑπονοηθῆναι τὴν πιθανότητα καὶ πυκνότητα τοῦ ἀνδρός,
</p>
</div2>
<div2 type="section" n="2">
<p>
ἔφη γὰρ ἱερὸν τὸν δήμαρχον εἶναι καὶ ἄσυλον, ὅτι τῷ δήμῳ καθωσίωται καὶ τοῦ δήμου προέστηκεν. ἂν οὖν μεταβαλόμενος τὸν δῆμον ἀδικῇ καὶ τὴν ἰσχὺν κολούῃ καὶ παραιρῆται τὴν ψῆφον, αὐτὸς ἑαυτὸν ἀπεστέρηκε
</p>
</div2>
<div2 type="section" n="3">
<p>
τῆς τιμῆς ἐφʼ οἷς ἔλαβεν οὐ ποιῶν ἐπεὶ καὶ τὸ Καπετώλιον κατασκάπτοντα καὶ τὸ νεώριον ἐμπιπράντα δήμαρχον ἐὰν δεήσει, καὶ ταῦτα μὲν ποιῶν δήμαρχός ἐστι πονηρός· ἐὰν δὲ καταλύῃ τὸν δῆμον, οὐ δήμαρχός ἐστι. πῶς οὖν οὐ δεινόν εἰ τὸν μὲν ὕπατον ὁ δήμαρχός ἄξει, τὸν δὲ δήμαρχον οὐκ ἀφαιρήσεται τὴν ἐξουσίαν ὁ δῆμος ὅταν αὐτῇ κατὰ τοῦ δεδωκότος χρῆται; καὶ γὰρ ὕπατον καὶ δήμαρχον ὁμοίως ὁ δῆμος αἱρεῖται.
</p>
</div2>
<div2 type="section" n="4">
<p>
καὶ μὴν ἥ γε βασιλεία πρὸς τῷ πᾶσαν ἀρχήν ἔχειν ἐν ἑαυτῇ συλλαβοῦσα καὶ ταῖς μεγίσταις ἱερουργίαις καθωσίωται πρὸς τὸ θεῖον ἀλλὰ Ταρκύνιον ἐξέβαλεν ἡ πόλις ἀδικοῦντα, καὶ διʼ ἑνὸς ἀνδρὸς ὕβριν ἡ πάτριος ἀρχὴ καὶ κτίσασα τὴν Ῥώμην κατελύθη. τί δὲ οὕτως ἅγιον ἐν Ῥώμῃ καὶ σεμνόν ὡς αἱ περιέπουσαι παρθένοι καὶ φυλάττουσαι τὸ ἄφθιτον πῦρ; ἀλλʼ εἴ τις ἂν ἁμάρτῃ αὑτῶν, ζῶσα 
<pb id="p.182"/>
κατορύσσεται· τὸ γὰρ ἄσυλον οὐ φυλάττουσιν ἀσεβοῦσαι εἰς τοὺς θεούς, ὃ διὰ τοὺς θεοὺς ἔχουσιν.
</p>
</div2>
<div2 type="section" n="5">
<p>
οὔκουν οὐδὲ δήμαρχός ἀδικῶν τὸν δῆμον<note anchored="yes" place="unspecified" resp="ed">
<foreign lang="greek">τὸν δῆμον</foreign> Cobet: <foreign lang="greek">δῆμον</foreign>.</note>  ἔχειν 
τὴν διὰ τὸν δῆμον ἀσυλίαν δίκαιός ἐστιν ᾗ γὰρ ἰσχύει δυνάμει, ταύτην ἀναιρεῖ, καὶ μὴν εἰ δικαίως ἔλαβε τὴν δημαρχίαν, τῶν πλείστων φυλῶν ψηφισαμένων, πῶς οὐχὶ κἂν ἀφαιρεθείη δικαιότερον πασῶν ἀποψηφισαμένων;
</p>
</div2>
<div2 type="section" n="6">
<p>
ἱερὸν δὲ 
<pb id="paris.1624.832"/> καὶ ἄσυλον οὐδὲν οὕτως ἐστίν ὡς τὰ τῶν θεῶν ἀναθήματα· χρῆσθαι δὲ τούτοις καὶ κινεῖν καὶ μεταφέρειν ὡς βούλεται, τὸν δῆμον οὐδεὶς κεκώλυκεν. ἐξῆν οὖν αὐτῷ καὶ τὴν δημαρχίαν ὡς ἀνάθημα μετενεγκεῖν εἰς ἕτερον, ὅτι δὲ οὐκ ἄσυλον οὐδὲ ἀναφαίρετον ἡ ἀρχή, δῆλόν ἐστι τῷ πολλάκις ἔχοντας ἀρχήν τινας ἐξόμνυσθαι καὶ παραιτεῖσθαι διʼ αὑτῶν. </p>
</div2>
</div1>
<div1 type="chapter" n="16">
<div2 type="section" n="1">
<p>
τοιαῦτα μὲν ἦν τὰ κεφάλαια τῆς τοῦ Τιβερίου δικαιολογίας, Ἐπεὶ δὲ συνορῶντες οἱ φίλοι τὰς ἀπειλὰς καὶ τὴν σύστασιν ᾤοντο δεῖν ἑτέρας περιέχεσθαι δημαρχίας εἰς τὸ μέλλον αὖθις ἄλλοις νόμοις ἀνελάμβανε τὸ πλῆθος, τοῦ τε χρόνου τῶν στρατειῶν ἀφαιρῶν, καὶ διδοὺς ἐπικαλεῖσθαι τὸν δῆμον ἀπὸ τῶν δικαστῶν, καὶ τοῖς κρίνουσι τότε, συγκλητικοῖς οὖσι, καταμιγνὺς ἐκ τῶν ἱππέων τὸν ἴσον ἀριθμόν,
</p>
</div2>
<div2 type="section" n="2">
<p>
καὶ πάντα τρόπον ἤδη τῆς βουλῆς τὴν ἰσχὺν κολούων 
<pb id="p.184"/>
πρὸς ὀργὴν καὶ φιλονεικίαν μᾶλλον ἢ τὸν τοῦ δικαίου καὶ συμφέροντος λογισμόν. ἐπεὶ δὲ τῆς ψήφου φερομένης ᾔσθοντο τοὺς ἐναντίους κρατοῦντας οὐ γὰρ παρῆν ἅπας ὁ δῆμος, πρῶτον μὲν εἰς βλασφημίας τραπόμενοι τῶν συναρχόντων εἷλκον τὸν χρόνον ἔπειτα τὴν ἐκκλησίαν ἀφῆκαν, εἰς τὴν ὑστεραίαν ἀπαντᾶν κελεύσαντες.
</p>
</div2>
<div2 type="section" n="3">
<p>
καὶ πρῶτον μὲν εἰς τὴν ἀγορὰν καταβὰς ὁ Τιβέριος ἱκέτευε τοὺς ἀνθρώπους ταπεινὸς καὶ δεδακρυμένος, ἔπειτα δεδοικέναι φήσας μὴ νυκτὸς ἐκκόψωσι τὴν οἰκίαν οἱ ἐχθροὶ καὶ διαφθείρωσιν αὐτόν, οὕτω τοὺς ἀνθρώπους διέθηκεν ὥστε περὶ τὴν οἰκίαν αὐτοῦ παμπόλλους τινὰς αὐλίσασθαι καὶ διανυκτερεῦσαι παραφυλάττοντας. </p>
</div2>
</div1>
<div1 type="chapter" n="17">
<div2 type="section" n="1">
<p>
ἅμα δʼ ἡμέρᾳ παρῆν ὁ τὰς ὄρνιθας αἷς διαμαντεύονται κομίζων, καὶ προέβαλλε τροφὴν αὐταῖς. αἱ δʼ οὐ προῆλθον, εἰ μὴ μία μόνη, διασείσαντος εὖ μάλα τοῦ ἀνθρώπου τὸ ἀγγεῖον· οὐδὲ αὕτη δὲ τῆς τροφῆς ἔθιγεν, ἀλλʼ ἐπάρασα τὴν ἀριστερὰν πτέρυγα καὶ παρατείνασα τὸ σκέλος πάλιν εἰς τὸ ἀγγεῖον κατέφυγε, τοῦτο καὶ τοῦ προτέρου σημείου τὸν Τιβέριον ἀνέμνησεν.
</p>
</div2>
<div2 type="section" n="2">
<p> ἦν
γὰρ αὐτῷ κράνος ᾧ πρὸς τὰς μάχας ἐχρῆτο, κεκοσμημένον ἐκπρεπῶς καὶ διάσημον εἰς τοῦτο καταδύντες ὄφεις ἔλαθον ἐντεκόντες ὠά, καὶ ταῦτα ἐξεγλύψαντο. διὸ καὶ μᾶλλον ὁ Τιβέριος τοῖς περὶ τὰς ὄρνιθας ἐταράττετο. προῄει δὲ ὅμως, ἄνω τὸν δῆμον ἠθροῖσθαι περὶ τὸ Καπετώλιον πυνθανόμενος·
</p>
</div2>
<div2 type="section" n="3">
<p>
καὶ πρὶν ἐξελθεῖν προσέπταισε πρὸς τὸν οὐδόν, σφοδρᾶς οὕτω πληγῆς γενομένης ὥστε τὸν μὲν ὄνυχα τοῦ μεγάλου 
<pb id="p.186"/>
δακτύλου ῥαγῆναι, τὸ δὲ αἷμα διὰ τοῦ ὑποδήματος ἔξω φέρεσθαι. μικρὸν δὲ αὐτοῦ προελθόντος ὤφθησαν ὑπὲρ κεράμου μαχόμενοι κόρακες ἐν ἀριστερᾷ· καὶ πολλῶν, ὡς εἰκὸς, ἀνθρώπων παρερχομένων, κατʼ αὐτὸν τὸν Τιβέριον λίθος ἀπωσθεὶς ὑπὸ θατέρου τῶν κοράκων ἔπεσε παρὰ τὸν πόδα. τοῦτο καὶ τοὺς θρασυτάτους τῶν περὶ
</p>
</div2>
<div2 type="section" n="4">
<p>
αὐτὸν ἐπέστησεν ἀλλὰ Βλόσσιος ὁ Κυμαῖος 
παρὼν αἰσχύνην ἔφη καὶ κατήφειαν ἂν εἶναι<note anchored="yes" place="unspecified" resp="ed">
<foreign lang="greek">ἂν εἶναι</foreign> Cobet and Fuhr: [<foreign lang="greek">παρ</foreign>]<foreign lang="greek">εῖναι</foreign>.</note>  
πολλήν εἰ Τιβέριος, Γράγχου μὲν υἱός, Ἀφρικανοῦ δὲ Σκηπίωνος θυγατριδοῦς, προστάτης δὲ τοῦ Ῥωμαίων δήμου, κόρακα δείσας οὐχ ὑπακούσειε τοῖς πολίταις καλοῦσι· τοῦτο μέντοι τὸ αἰσχρὸν οὐκ ἐν γέλωτι θήσεσθαι τοὺς ἐχθρούς, ἀλλʼ ὡς τυραννοῦντος καὶ τρυφῶντος ἤδη καταβοήσεσθαι πρὸς τὸν δῆμον.
</p>
</div2>
<div2 type="section" n="5">
<p>
ἅμα δὲ καὶ προσέθεον πολλοὶ τῷ Τιβερίῳ παρὰ τῶν ἐν Καπετωλίῳ φίλων, ἐπείγεσθαι κελεύοντες, ὡς τῶν ἐκεῖ καλῶς ἐχόντων, καὶ τά γε πρῶτα λαμπρῶς ἀπήντα τῷ Τιβερίῳ, φανέντι μὲν εὐθὺς ἀραμένων βοὴν φίλιον, ἀναβαίνοντα δὲ προθύμως δεχομένων καὶ περὶ αὐτὸν, ὡς μηδεὶς πελάσειεν ἀγνὼς, παραταττομένων. </p>
</div2>
</div1>
<div1 type="chapter" n="18">
<div2 type="section" n="1">
<p>
ἀρξαμένου δὲ πάλιν τοῦ Μουκίου τὰς φυλὰς ἀναγορεύειν, οὐδὲν ἐπεραίνετο τῶν 
<pb id="paris.1624.833"/> εἰωθότων διὰ τὸν ἀπὸ τῶν ἐσχάτων θόρυβον, ὠθουμένων καὶ ὠθούντων τοὺς ἐναντίους εἰσβιαζομένους καὶ ἀναμιγνυμένους. ἐν δὲ τούτῳ Φούλβιος Φλάκκος ἀπὸ βουλῆς ἀνὴρ εἰς ἐμφανὲς καταστάς, ὡς οὐκ ἦν φθεγγόμενον ἐφικέσθαι 
<pb id="p.188"/>
διεσήμηνε τῇ χειρὶ φράσαι τι βουλόμενος αὑτὸν ἰδίᾳ τῷ Τιβερίῳ.
</p>
</div2>
<div2 type="section" n="2">
<p>
καὶ κελεύσαντος ἐκείνου διασχεῖν τὸ πλῆθος, ἀναβὰς μόλις καὶ προσελθὼν ἀπήγγειλεν ὅτι τῆς βουλῆς συγκαθεζομένης οἱ πλούσιοι, τὸν ὕπατον μὴ πείθοντες, αὐτοὶ διανοοῦνται καθʼ αὑτοὺς ἀποκτιννύναι τὸν Τιβέριον, πολλοὺς ἐπὶ τοῦτο δούλους καὶ φίλους ὡπλισμένους ἔχοντες. </p>
</div2>
</div1>
<div1 type="chapter" n="19">
<div2 type="section" n="1">
<p>
ὡς
οὖν ταῦτα τοῖς περί αὑτὸν ἐξήγγειλεν ὁ Τιβέριος, οὗτοι μὲν εὐθὺς τάς τε τηβέννους περιεζώννυντο, καὶ τὰ τῶν ὑπηρετῶν δόρατα συγκλῶντες οἷς ἀνείργουσι τὸν ὄχλον, διελάμβανον ὡς ἀμυνούμενοι τοῖς κλάσμασι τοὺς ἐπερχομένους.
</p>
</div2>
<div2 type="section" n="2">
<p>
τῶν δὲ ἀπωτέρω θαυμαζόντων τὰ γινόμενα καὶ πυνθανομένων, ὁ Τιβέριος ἥψατο τῇ χειρὶ τῆς κεφαλῆς, ἐνδεικνύμενος τῇ ὄψει τὸν κίνδυνον, ἐπεὶ τῆς φωνῆς οὐκ ἐπήκουον. οἱ δὲ ἐναντίοι τοῦτο ἰδόντες ἔθεον πρὸς τὴν βουλὴν, ἀπαγγέλλοντες αἰτεῖν διάδημα τὸν Τιβέριον καὶ τούτου σημεῖον εἶναι τὸ τῆς κεφαλῆς ἐπιθιγγάνειν.
</p>
</div2>
<div2 type="section" n="3">
<p>
πάντες μὲν οὖν ἐθορυβήθησαν ὁ δὲ Νασικᾶς ἠξίου τὸν ὕπατον τῇ πόλει βοηθεῖν καὶ καταλύειν τὸν τύραννον. ἀποκριναμένου δὲ πράως ἐκείνου βίας μὲν οὐδεμιᾶς ὑπάρξειν οὐδὲ ἀναιρήσειν οὐδένα τῶν πολιτῶν ἄκριτον, εἰ μέντοι ψηφίσαιτό τι τῶν παρανόμων ὁ δῆμος ὑπὸ τοῦ Τιβερίου πεισθεὶς ἢ βιασθείς, τοῦτο κύριον μὴ φυλάξειν, ἀναπηδήσας ὁ Νασικᾶς, “ἐπεὶ τοίνυν,” ἔφη, “προδίδωσιν ὁ ἄρχων τὴν πόλιν, οἱ 
<pb id="p.190"/>
βουλό
</p>
</div2>
<div2 type="section" n="4">
<p> μενοι
τοῖς νόμοις βοηθεῖν ἀκολουθεῖτε.” καὶ ταῦτα λέγων ἅμα καὶ τὸ κράσπεδον τοῦ ἱματίου θέμενος ἐπὶ τῆς κεφαλῆς, ἐχώρει πρὸς τὸ Καπετώλιον. ἕκαστος δὲ τῶν ἑπομένων αὐτῷ τῇ χειρὶ τὴν τήβεννον περιελίξας ἐώθει τοὺς ἐμποδών, οὐδενὸς ἐνισταμένου πρὸς τὸ ἀξίωμα τῶν ἀνδρῶν, ἀλλὰ φευγόντων καὶ πατούντων ἀλλήλους. 
</p>
</div2>
<div2 type="section" n="5">
<p>οἱ
μὲν οὖν περί αὐτοὺς ῥόπαλα καὶ σκυτάλας ἐκόμιζον οἴκοθεν αὐτοὶ δὲ τῶν δίφρων καταγνυμένων ὑπὸ τοῦ φεύγοντος ὄχλου τὰ κλάσματα καὶ τοὺς πόδας λαμβάνοντες ἀνέβαινον ἐπὶ τὸν Τιβέριον, ἅμα παίοντες τοὺς προτεταγμένους καὶ τούτων μὲν ἦν τροπὴ καὶ φόνος· αὐτοῦ δὲ τοῦ Τιβερίου φεύγοντος ἀντελάβετό τις τῶν ἱματίων.
</p>
</div2>
<div2 type="section" n="6">
<p> ὁ δὲ
τὴν τήβεννον ἀφεὶς καὶ φεύγων ἐν τοῖς χιτῶσιν ἐσφάλη καὶ κατηνέχθη περί τινας τῶν πρὸ αὐτοῦ πεπτωκότας. ἀνιστάμενον δὲ αὑτὸν μὲν ἐμφανῶς καὶ πρῶτος εἷς τὴν κεφαλὴν πατάξας ποδὶ δίφρου Πόπλιος ἦν Σατυρήϊος εἷς τῶν συναρχόντων τῆς δὲ δευτέρας ἀντεποιεῖτο πληγῆς Λεύκιος Ῥοῦφος, ὡς ἐπὶ καλῷ τινι σεμνυνόμενος. τῶν δὲ ἄλλων ἀπέθανον ὑπὲρ τριακοσίους ξύλοις καὶ λίθοις συγκοπέντες, σιδήρῳ δὲ οὐδείς. </p>
</div2>
</div1>
<div1 type="chapter" n="20">
<div2 type="section" n="1">
<p>
ταύτην πρώτην ἱστοροῦσιν ἐν Ῥώμῃ στάσιν, ἀφʼ οὗ τὸ βασιλεύεσθαι κατέλυσαν, αἵματι καὶ φόνῳ πολιτῶν διακριθῆναι· τὰς δὲ ἄλλας οὔτε μικρὰς οὔτε περὶ μικρῶν γενομένας ἀνθυπείκοντες ἀλλήλοις, φόβῳ μὲν οἱ δυνατοὶ τῶν πολλῶν, αἰδούμενοι δὲ τὴν βουλὴν ὁ δῆμος, ἔπαυον. ἐδόκει δὲ καὶ τότε μὴ χαλεπῶς ἂν ἐνδοῦναι 
<pb id="p.192"/>
παρηγορηθεὶς ὁ Τιβέριος, ἔτι δὲ ῥᾷον εἶξαι δίχα φόνου
</p>
</div2>
<div2 type="section" n="2">
<p>
καὶ τραυμάτων ἐπιοῦσιν οὐ γὰρ πλείονες ἢ τρισχίλιοι περὶ αὐτὸν ἦσαν. ἀλλʼ ἔοικεν ὀργῇ τῶν πλουσίων καὶ μίσει πλέον ἢ διʼ ἃς ἐσκήπτοντο προφάσεις ἡ σύστασις ἐπʼ αὐτὸν γενέσθαι· καὶ τούτου μέγα τεκμήριον ὠμῶς καὶ παρανόμως ὑβρισθεὶς ὁ νεκρός, οὐ γὰρ ἐπέτρεψαν ἀνελέσθαι 
<pb id="paris.1624.834"/> τὸ σῶμα τῷ ἀδελφῷ δεομένῳ καὶ θάψαι νυκτός, ἀλλὰ μετὰ τῶν ἄλλων νεκρῶν εἰς τὸν ποταμὸν ἔρριψαν, καὶ τοῦτο πέρας οὐκ ἦν,
</p>
</div2>
<div2 type="section" n="3">
<p>
ἀλλὰ καὶ τῶν φίλων αὐτοῦ τοὺς μὲν ἐξεκήρυττον ἀκρίτους, τοὺς δὲ συλλαμβάνοντες ἀπεκτίννυσαν ἐν οἷς καὶ Διοφάνης ὁ ῥήτωρ ἀπώλετο. Γάϊον δέ τινα Βίλλιον εἰς ἀγγεῖον καθείρξαντες καὶ συνεμβαλόντες ἐχίδνας καὶ δράκοντας οὕτω διέφθειραν. ὁ δὲ Κυμαῖος Βλόσσιος ἀνήχθη μὲν ἐπὶ τοὺς ὑπάτους, ἐρωτώμενος δὲ περὶ τῶν γεγονότων ὡμολόγει πεποιηκέναι πάντα Τιβερίου κελεύοντος.
</p>
</div2>
<div2 type="section" n="4">
<p>
εἰπόντος δὲ τοῦ Νασικᾶ πρὸς αὐτόν, “τί οὖν, εἴ σε Τιβέριος ἐκέλευσεν ἐμπρῆσαι τὸ Καπετώλιον;” τὸ μὲν πρῶτον ἀντέλεγεν ὡς οὐκ ἂν τοῦτο Τιβερίου κελεύσαντος· πολλάκις δὲ καὶ πολλῶν τὸ αὐτὸ πυνθανομένων, “ἀλλʼ ἐκείνου γε προστάσσοντος,” ἔφη, “κἀμοὶ τοῦτο πρᾶξαι καλῶς εἶχεν· οὐ γὰρ ἂν Τιβέριος τοῦτο προσέταξεν, εἰ μὴ τῷ δήμῳ συνέφερεν,” οὗτος μὲν οὖν διαφυγὼν 
<pb id="p.194"/>
ὕστερον ᾤχετο πρὸς Ἀριστόνικον εἰς Ἀσίαν, καὶ τῶν ἐκείνου πραγμάτων διαφθαρέντων ἑαυτὸν ἀνεῖλεν. </p>
</div2>
</div1>
<div1 type="chapter" n="21">
<div2 type="section" n="1">
<p>
ἡ δὲ
βουλὴ θεραπεύουσα τὸν δῆμον ἐκ τῶν παρόντων οὔτε πρὸς τὴν διανομὴν ἔτι τῆς χώρας ἠναντιοῦτο, καὶ ἀντὶ τοῦ Τιβερίου προὔθηκε τοῖς πολλοῖς ὁριστὴν ἑλέσθαι. λαβόντες δὲ τὰς ψήφους εἵλοντο Πόπλιον Κράσσον, οἰκεῖον ὄντα Γράγχῳ· θυγάτηρ γὰρ αὐτοῦ Λικιννία Γαΐῳ Γράγχῳ συνῴκει.
</p>
</div2>
<div2 type="section" n="2">
<p>
καίτοι Νέπως ὁ Κορνήλιός φησιν οὐ Κράσσου, Βρούτου δὲ τοῦ θριαμβεύσαντος ἀπὸ Λυσιτανῶν θυγατέρα γῆμαι Γάιον· ἀλλὰ οἱ πλείους ὡς ἡμεῖς γράφομεν ἱστοροῦσιν. ἐπεὶ δὲ χαλεπῶς μὲν ὁ δῆμος εἶχε τῷ θανάτῳ τοῦ Τιβερίου καὶ φανερὸς ἦν ἀμύνης περιμένων καιρόν, ἤδη δὲ καὶ δίκαι τῷ Νασικᾷ προανεσείοντο, δείσασα περὶ τοῦ ἀνδρὸς ἡ βουλὴ ψηφίζεται μηδὲν δεομένη πέμπειν αὐτὸν εἰς Ἀσίαν.
</p>
</div2>
<div2 type="section" n="3">
<p> οὐ
γὰρ ἀπεκρύπτοντο κατὰ τὰς ἀπαντήσεις οἱ ἄνθρωποι τὴν δυσμένειαν, ἀλλʼ ἐξηγριαίνοντο καὶ κατεβόων ὅπου προστύχοιεν, ἐναγῆ καὶ τύραννον καὶ μεμιαγκότα φόνῳ σώματος ἀσύλου καὶ ἱεροῦ τὸ ἁγιώτατον καὶ φρικωδέστατον ἐν τῇ πόλει τῶν ἱερῶν ἀποκαλοῦντες. οὕτω μὲν ὑπεξῆλθε τῆς Ἰταλίας ὁ Νασικᾶς, καίπερ ἐνδεδεμένος ταῖς μεγίσταις ἱερουργίαις· ἦν γὰρ ὁ μέγιστος καὶ πρῶτος τῶν ἱερέων, ἔξω δὲ ἀλύων καὶ πλανώμενος ἀδόξως οὐ μετὰ πολὺν χρόνον κατέστρεψε περὶ Πέργαμον.
</p>
</div2>
<div2 type="section" n="4">
<p> οὐ
δεῖ δὲ θαυμάζειν εἰ Νασικᾶν 
<pb id="p.196"/>
μεμίσηκεν οὕτως ὁ δῆμος, ὅπου καὶ Σκηπίων ὁ Ἀφρικανός, οὗ δοκοῦσι Ῥωμαῖοι μηδένα δικαιότερον μηδὲ μᾶλλον ἀγαπῆσαι, παρὰ μικρὸν ἦλθεν ἐκπεσεῖν καὶ στέρεσθαι τῆς πρὸς τὸν δῆμον εὐνοίας, ὅτι πρῶτον μὲν ἐν Νομαντίᾳ τὴν τελευτὴν τοῦ Τιβερίου πυθόμενος ἀνεφώνησεν ἐκ τῶν Ὁμηρικῶν <quote rend="blockquote">ὣς
ἀπόλοιτο καὶ ἄλλος ὅτις τοιαῦτά γε ῥέζοι,</quote>
</p>
</div2>
<div2 type="section" n="5">
<p>
ἔπειτα τῶν περὶ Γάϊον καὶ Φούλβιον αὐτοῦ διʼ ἐκκλησίας πυνθανομένων τί φρονοίη περὶ τῆς Τιβερίου τελευτῆς, οὐκ ἀρεσκομένην τοῖς ὑπʼ ἐκείνου πεπολιτευμένοις ἀπόκρισιν ἔδωκεν. ἐκ τούτου γὰρ ὁ μὲν δῆμος ἀντέκρουσεν αὐτῷ λέγοντι, μηδέπω τοῦτο ποιήσας πρότερον, αὐτὸς δὲ τὸν δῆμον εἰπεῖν κακῶς προήχθη, περὶ μὲν τούτων ἐν τῷ Σκηπίωνος βίῳ τὰ καθʼ ἕκαστα γέγραπται. </p>
</div2>
</div1>
</body>
</text>
</TEI.2>
