<?xml version="1.0" encoding="UTF-8"?>
 <?xml-model href="http://www.stoa.org/epidoc/schema/latest/tei-epidoc.rng" schematypens="http://relaxng.org/ns/structure/1.0"?>
 <TEI xmlns="http://www.tei-c.org/ns/1.0">
 <teiHeader>
 <fileDesc>
 <titleStmt>
  <title>Juppiter confutatus</title>
  <author>Lucianus Samosatenus</author>
 <editor>A. M. Harmon</editor>
  <funder>Harvard Library Arcadia Fund</funder>
  <principal>Gregory Crane</principal>
  <respStmt>
   <persName xml:id="DDD">Digital Divide Data</persName>
   <resp>Corrected and encoded the text</resp>
  </respStmt>
  <respStmt>
   <persName>Gregory Crane</persName>
   <resp>Editor-in-Chief, Perseus Digital Library</resp>
  </respStmt>
  <respStmt>
   <persName>Matt Munson</persName>
   <resp>Project Manager (University of Leipzig), 2016 - present</resp>
  </respStmt>
  <respStmt>
   <persName>Annette Geßner</persName>
   <resp>Project Assistant (University of Leipzig) 2015 - present</resp>
  </respStmt>
  <respStmt>
   <persName>Thibault Clérice</persName>
   <resp>Lead Developer (University of Leipzig)</resp>
  </respStmt>
  <respStmt>
   <persName>Bruce Robertson</persName>
   <resp>Technical Advisor</resp>
  </respStmt>
 </titleStmt>
 <publicationStmt>
 <authority>Harvard College Library</authority>
 <idno type="filename">tlg0062.tlg017.1st1K-grc1.xml</idno>
 <availability>
 <p>Available under a Creative Commons Attribution-ShareAlike 4.0 International License</p>
 </availability>
 <date>2016</date>
 <publisher>Harvard College Library</publisher>
 <pubPlace>United State</pubPlace>
 </publicationStmt>
 <sourceDesc>
 <listBibl>
 <biblStruct>
 <monogr>
 <title>Lucian</title>
 <editor>
 <persName>
 <name>A. M. Harmon</name>
 </persName>
 </editor>
  <author ref="urn:cts:greekLit:tlg0062">Lucianus Samosatenus</author>
 <imprint>
 <publisher>Harvard University Press</publisher>
 <pubPlace>Cambridge, Mass</pubPlace>
 <date>1960</date>
 </imprint>
 <biblScope unit="volume">2</biblScope>
 </monogr>
  <ref target="https://archive.org/details/lucianhar02luciuoft">The Internet Archive</ref>
 </biblStruct>
 </listBibl>
 </sourceDesc>
 </fileDesc>
 <encodingDesc>
  <p>Text encoded in accordance with the latest EpiDoc standards (January 2014)</p>
  <refsDecl n="CTS">
   <cRefPattern matchPattern="(.+)" n="section" replacementPattern="#xpath(/tei:TEI/tei:text/tei:body/tei:div/tei:div[@n='$1'])"/>
  </refsDecl>
 </encodingDesc>
 <profileDesc>
 <langUsage>
 <language ident="grc">Greek</language>
 </langUsage>
 </profileDesc>
 <revisionDesc>
 <change/>
 </revisionDesc>
 </teiHeader>
 <text>
 <body>
  <div type="edition" xml:lang="grc" n="urn:cts:greekLit:tlg0062.tlg017.1st1K-grc1">
 <pb n="60"/>
 <head>ΖΕΥΣ ΕΛΕΓΧΟΜΕΝΟΣ</head>
 
 <div type="textpart" subtype="section" n="1">
 <sp>
 <speaker>ΚΥΝΙΣΚΟΣ</speaker>
 <p>1 Ἐγὼ δέ, ὦ Ζεῦ, τὰ μὲν τοιαῦτα οὐκ ἐνοχλήσω
 σε πλοῦτον ἢ χρυσὸν ἢ βασιλεία αἰτῶν, ἅπερ
 εὐκταιότατα τοῖς πολλοῖς; σοὶ δʼ οὐ πάνυ ῥᾴδια
 παρασχεῖν· ὁρῶ γοῦ σε τὰ πολλὰ παρακούοντα
 εὐχομένων αὐτῶν. ἓν δέ, καὶ τοῦτο ῥᾷστον,
 ἐβουλόμην παρὰ σοῦ μοι γενέ θαι,
 Τί τοῦτό ἐστιν, ὦ Κυνίσκε; οὐ γὰρ ἀτυχήσεις,
 καὶ μάλιστα τρίων, ὡς φής, δεόμενος.</p>
 </sp>
 
 <sp>
 <speaker>ΚΥΝΙΣΚΟΣ</speaker>
 <p>Απόκριναί μοι πρός τινα οὐ χαλεπὴν ἐρώτησιν.
 Μικρά γε ὡς ἀληθῶς ἡ εὐχὴ καὶ πρόχειρος·
 ὥστε ἐρώτα ὁπόσα ἂν ἐθέλῃς.</p>
 </sp>
 
 <sp>
 <speaker>ΚΥΝΙΣΚΟΣ</speaker>
 <p>Ἰδοὺ ταῦτα, ὦ Ζεῦ· ἀνέγνως γὰρ δῆλον ὅτι καὶ
 σὺ τὰ μήρου καὶ Ἡσιόδου ποιήματα· εἰπὲ οὖν
 μοι εἰ ἀληθῆ ἐστιν ἂ περὶ τῆς Εἱμαρμένης καὶ
 τῶν Μοιρῶν ἐκεῖνοι ἐρραψῳδήκασιν, ἄφυκτα
 εἶναι ὁπόσα ἂν αὗται ἐπινήσωσιν γεινομέν
 ἑκάστῳ;</p>
 </sp>
 
 <pb n="62"/>
 <sp>
 <speaker>ΖΕΥΣ</speaker>
 <p>Καὶ πάνυ ἀληθῇ ταῦτα· οὐδὲν γὰρ ἐστιν ὅ τι
 μὴ αἱ Μοῖραι διατάττουσιν, ἀλλὰ πάντα ὁπόσα
 γίνεται, ὑπὸ τῷ τούτων ἀτράκτῳ στρεφόμενα
 εὐθὺς ἐξ ἀρχῆς ἕκαστον ἐπικεκλωσμένην ἔχει τὴν
 ἀπόβασιν, καὶ οὐ θέμις ἄλλως γενέσθαι.</p>
 </sp>
 </div>
 
 <div type="textpart" subtype="section" n="2">
 <sp>
 <speaker>ΚΥΝΙΣΚΟΣ</speaker>
 <p>2 Οὐκοῦν ὁπόταν ὁ αὐτὸς Ὅμηρος ἐν ὲτέρῳ μέρει
 τῆς ποιήσεως λέγῃ,
 <lg>
 <l>μὴ καὶ ὑπὲρ μοῖραν δόμον Ἄῑδος</l>
 </lg>
 καὶ τὰ τοιαῦτα, ληρεῖν δηλαδὴ φήσομεν τότε
 αὐτόν;</p>
 </sp>
 
 <sp>
 <speaker>ΖΕΥΣ</speaker>
 <p>Καὶ μάλα· οὐδὲν γὰρ οὕτω γένοιτ· ἂν ἔξω τοῦ
 νόμου τῶν Μοιρῶν, οὐδὲ ὑπὲρ τὸ λίνον. οἱ
 ποιηταὶ δὲ ὁπόσα μὲν ἂν ἐκ τῶν Μουσῶν κατεχόμενοι
 ᾄδωσιν, ἀληθῇ ταῦτά ἐστιν· ὁπόταν δὲ
 ἀφῶσιν αὐτοὺς αἱ θεαὶ καὶ καθʼ αὐτοὺς ποιῶσι,
 τότε δὴ καὶ σφάλλονται καὶ ὑπεναντία τοῖς πρότερον
 διεξίασι· καὶ συγγνώμη, εἰ ἄνθροωποι ὄντες
 ἀγνοοῦσι τἀληθές, ἀπελθόντος ἐκείνου ὃ τέως
 παρὸν ἐρραψῴδει διʼ αὐτῶν.</p>
 </sp>
 
 <sp>
 <speaker>ΚΥΝΙΣΚΟΣ</speaker>
 <p>Ἁλλὰ τοῦτο μὲν οὕτω φήσομεν. ἔτι δὲ κἀκεῖνό
 μοι ἀπόκριναι· οὐ τρεῖς αἱ Μοῖραί εἰσι, Κλωθὼ
 καὶ Λάχεσις, οἶμαι, καὶ Ἀτροπος;</p>
 </sp>
 
 <sp>
 <speaker>ΖΕΥΣ</speaker>
 <p>Πάνυ μὲν οὖν.</p>
 </sp>
 </div> 
 
 <div type="textpart" subtype="section" n="3">
 <pb n="64"/>
 <sp>
 <speaker>ΚΥΝΙΣΚΟΣ</speaker>
 <p>3 Ἡ Εἱμαρμένη τοίνυν καὶ ἡ Τύχη—πολυθρύλητοι
 γὰρ πάνυ καὶ αὗται— τίνες πότʼ εἰσὶν
 ἢ τί δύναται αὐτῶν ἑκατέρα; πότερον τὰ ἴσα
 ταῖς Μοίραις ἤ τι καὶ ὑπὲρ ἐκείνας; ἀκούω γοῦν
 ἁπάντων λεγόντων, μηδὲν εἶνας Τύχης καὶ Εἱμαρμένης
 δυνατώτερον.</p>
 </sp>
 
 <sp>
 <speaker>ΖΕΤΣ</speaker>
 <p>Οὐ θέμις ἅπαντά σε εἰδέναι, ὦ Κυνίσκε· τίνος
 δ᾿ οὖν ἕνεκα ἠρώτησας τὸ περὶ τῶν Μοιρῶν;</p>
 </sp>
 </div>
 
 <div type="textpart" subtype="section" n="4">
 <sp>
 <speaker>ΚΥΝΙΣΚΟΣ</speaker>
 <p>4 Ἤν πρότερόν μοι, ὦ Ζεῦ, κἀκεῖνο εἴπῃς, εἰ καὶ
 ὑμῶν αὖται ἄρχουσι καὶ ἀνάγκη ὑμῖν ἠρτῆσθαι
 ἀπὸ τοῦ λίνου αὐτῶν.</p>
 </sp>
 
 <sp>
 <speaker>ΖΕΥΕ</speaker>
 <p>Ἀνάγκη, ὦ Κυνίσκε. τί δʼ οὖν ἐμειδίασας;</p>
 </sp>
 
 <sp>
 <speaker>ΚΥΝΙΣΚΟΣ</speaker>
 <p>Ἀνεμνήσθην ἐκείνων τῶν Ὁμήρου ἐπῶν, ἐν οἷς
 πεποίησαι αὐτῷ ἐν τῇ ἐκκλησίᾳ τῶν θεῶν δημηγοράῶν,
 ὁπότε ἠπείλεις αὐτοῖς ὡς ἀπὸ σειρᾶς
 τινος χρυσῆς ἀναρτησόμενος τὰ πάντα· ἔφησθα
 γὰρ αὐτὸς μὲν τὴν σειρὰν καθήσειν ἐξ οὐρανοῦ,
 τοὺς θεοὺς δὲ ἅμα πάντας, εἰ βούλοιντο, ἐκκρεμαμένους
 κατασπᾶν βιάσεσθαι, <note type="footnote" n="1"></note> οὐ μὴν κατασπάσειν
 γε, σὺ <note type="footnote" n="2"></note> δέ, ὁπόταν ἐθελήσῃς, ῥᾳδίως ἅπαντας
 αὐτῇ κεν γαίῃ ἐρύσαι αὐτῇ τε θαλάσσῃ;
 τότε μὲν οὖν θαυμάσιος ἐδόκεις μοι τὴν βίαν καὶ
 ὑπέφριττον μεταξὺ ἀκούων τῶν ἐπῶν· νῦν δὲ
 αὐτόν σε ἤδη ὁρῶ μετὰ τῆς σειρᾶς καὶ τῶν
 ἀπειλῶν ἀπὸ λεπτοῦ  νήματος, ὡς φής, κρεμάμενον.
 <note type="footnote">1 βιάσεσθαι Fritzsche : βιάζεσθαι MSS.</note>
 <note type="footnote">2 σὺ vulg.: σὲ MSS.</note>
 
 <pb n="66"/>
 δοκεῖ γοῦν μοι δικαιότερον ἂν ἡ Κλωθὼ
 μεγγαλαιυχήσασθαι, ὡς καὶ σὲ αὐτὸν ἀνάσπαστον
 αἰωροῦσα ἐκ τοῦ ἀτράκτου καθάπερ οἱ ἁλιεῖς ἐκ
 τοῦ καλάμου τὰ ἰχθύδια.</p>
 </sp>
 </div>
 
 <div type="textpart" subtype="section" n="5">
 <sp>
 <speaker>ΖΕΥΣ</speaker>
 <p>5 Οὐκ οἶδ᾿  ὅ τι σοι ταυτὶ βούλεται τὰ ἐρωτήματα.</p>
 </sp>
 
 <sp>
 <speaker>ΚΥΝΙΣΚΟΣ</speaker>
 <p>Ἐκεῖνο, ὦ Ζεῦ· καὶ πρὸς τῶν Μοιρῶν καὶ τῆς
 Εἱμαρμένης μὴ τραχέαως μηδὲ πρὸς ὀργὴν ἀκούσῃς
 μου τἀληθῆ μετὰ παρρησίας λέγοντος. εἰ γὰρ
 οὕτως ἔχει ταῦτα καὶ πάντων αἱ Μοῖραι κρατοῦσι
 καὶ οὐδὲν ἂν ὑπʼ οὐδενὸς ἔτι ἀλλαγείη τῶν ἅπαξ
 δοξάντων αὐταῖς, τίνος ἕνεκα ὑμῖν οἱ ἄνθρωποι
 θύομεν καὶ ἑκατόμβας προσάγομεν εὐχόμενοι
 γενέσθαι ἡμῖν παρʼ ὑμῶν τἀγαθά; οὐχ ὁρῶ γὰρ
 ὅ τι ἂν ἀπολαύσαιμεν τῆς ἐπιμελείας ταύτης,
 εἰ μήτε τῶν φαύλων ἀποτροπὰς εὑρέσθαι δυνατὸν
 ἡμῖν ἐκ τῶν εὐχῶν μήτε ἀγαθοῦ τινος θεοσδότου
 ἐπιτυχεῖν.</p>
 </sp>
 </div>
 
 <div type="textpart" subtype="section" n="6">
 <sp>
 <speaker>ΖΕΥΣ</speaker>
 <p>6 Oἶδα ὅθεν σοι τὰ κομψὰ ταῦτα ἐραωτήματά
 ἐστιν, παρὰ τῶν καταράτων σοφιστῶν, οἳ μηδὲ
 προνοεῖν ἡμᾶς τῶν ἀνθρώπων φασίν· ἐκεῖνοι γοῦν
 τὰ τοιαῦτα ἐρωτῶσιν ὑπʼ ἀσεβείας, ἀποτρέποντες
 καὶ τοὺς ἄλλους θύειν καὶ εὔχεσθαι ὡς εἰκαῖον
 ὄν· ἡμᾶς γὰρ οὔτʼ ἐπιμελεῖσθαι τῶν πραττομένων
 παῤ ὑμῖν οὔθ᾿ ὅλως τι δύνασθαι πρὸς τὰ ἐν τῇ
 γῇ πράγματα. πλὴν οὐ χαιρήσουσί γε τὰ τοιαῦτα
 διεξιόντες.</p>
 </sp>
 
 <sp>
 <speaker>ΚΥΝΙΣΚΟΣ</speaker>
 <p>Οὐ μὰ τὸν τῆς Κλωθοῦς ἄτρακτον, ὦ Ζεῦ, οὐχ
 ὑπ᾿ ἐκείναων ἀναπεισθεὶς ταῦτα σε ἠρώτησα, ὁ δὲ
 
 <pb n="68"/>
 λόγος αὐτὸς οὐκ οἶδ’ ὅπως ἡμῖν προϊὼν εἰς τοῦτο
 ἀπέβη, περιττὰς εἶναι τὰς θυςίας. αὖθις δ᾿, εἰ
 δοκεῖ, διὰ βραχέων ἐρήσομαί σε, σὺ δὲ μὴ ὀκνήσῃς
 ἀποκρίνασθαι, καὶ ὅπως ἀσφαλέστερον
 ἀποκρινῇ.</p>
 </sp>
 
 <sp>
 <speaker>ΖΕΥΣ</speaker>
 <p>Ἐρώτα, εἴ σοι σχολὴ τὰ τοιαῦτα ληρεῖν.</p>
 </sp>
 </div>
 
 <div type="textpart" subtype="section" n="7">
 <sp>
 <speaker>ΚΥΝΙΣΚΟΣ</speaker>
 <p>7 Πάντα φὴς ἐκ τῶν Μοιρῶν γίγνεσθαι;</p>
 </sp>
 
 <sp>
 <speaker>ΖΕΥΣ</speaker>
 <p>Φημὶ γάρ.</p>
 </sp>
 
 <sp>
 <speaker>ΚΥΝΙΣΚΟΣ</speaker>
 <p>Βούλει οὖν έπαγάγω καὶ τὸ μετὰ τοῦτο, ἢ
 δῆλον, κἂν μὴ εἴπω αὐτό;</p>
 </sp>
 
 <sp>
 <speaker>ΖΕΥΣ</speaker>
 <p>Δῆλον μέν. οἱ δέ γε θύοντες οὐ τῆς χρείας
 ἕνεκα θύουσιν, ἀντίδοσιν δή<note type="footnote" n="1"></note> τινα ποιούμενοι καὶ
 ὥσπερ ὠνούμενοι τὰ ἀγαθὰ παρ᾿ ἡμῶν, ἀλλὰ τιμῶτες
 ἄλλως τὸ βέλτιον.</p>
 </sp>
 
 <sp>
 <speaker>ΚΥΝΙΣΚΟΣ</speaker>
 <p>Ἱκανὸν καὶ τοῦτο, εἰ καὶ σὺ φὴς ἐπὶ μηδενὶ
 χρηςίμῳ γίγνεσθαι τὰς θυσίας, εὐγνωμοςύνῃ δέ
 τινι τῶν ἀνθρώπων τιμώτων τὸ βέλτιον. καίτοι
 εἴ τις τῶν σοφιστῶν ἐκείνων παρῆν, ἤρετο ἄν σε
 καθ᾿ ὅ τι βελτίους φὴς τοὺς θεούς, καὶ ὑπὸ ταῖς
 <note type="footnote">1 δή Α.Μ.Η.: δέ γ; Not in β.</note>
 
 <pb n="70"/>
 αὐταῖς δεσποίναις ταῖς Μοίραις ταττομένους.
 οὐ γὰρ ἀποχρήσει αὐτοῖς τὸ ἀθανάτους εἶναι, ὡς
 δι᾿ αὐτὸ ἀμείνους δοκεῖν· ἐπεὶ τοῦτό γε μακρῷ
 χεῖρόν ἐστιν, εἴγε τοὺς μὲν κἂν ὁ θάνατος εἰς
 ἐλευθερίαν ἀφείλετο, ὑμῖν δὲ εἰς ἄπειρον ἐκπίπτει
 τὸ πρᾶγμα καὶ ἀΐδιος ἡ δουλεία γίνεται ὑπὸ
 μακρῷ τῷ λίνῳ στρεφομένη.</p>
 </sp>
 </div>
 
 <div type="textpart" subtype="section" n="8">
 <sp>
 <speaker>ΖΕΥΣ</speaker>
 <p>8 Ἀλλʼ, ὦ Κννίσκε, τὸ ἀΐδιον τοῦτο καὶ ἄπειρον
 εὔδαιμον ἡμῖν ἐστι καὶ ἐν ἄπασιν ἀγαθοῖς ἡμεῖς
 βιοῦμεν.</p>
 </sp>
 
 <sp>
 <speaker>ΚΥΝΙΣΚΟΣ</speaker>
 <p>Οὐχ ἅπαντες, ὦ Ζεῦ, ἀλλὰ διώρισται καὶ παῤ
 ὑμῖν τὸ πρᾶγμα καὶ πολλὴ ταραχὴ ἔνεστι· σὺ
 μὲν γὰρ εὐδαίμων, βασιλεὺς γάρ, καὶ δύνασαι
 ἀνασπᾶν τὴν γῆν καὶ τὴν θάλασσαν ὥσπερ ἱμονιὰν
 καθείς· ὁ δὲ Ἥφαιστος χωλός ἐστι, βαναυσός
 τις καὶ πυρίτης τὴν τέχνην· ὁ Προμηθεὺς δὲ καὶ
 ἀνεσκολοπίσθη ποτέ. τὸν γὰρ πατέρα σου τί
 ἂν λέγοιμι, πεδήτην ἔτι ἐν τῷ Ταρτάρῳ ὄντα; καὶ
 ἐρᾶν δὲ ὑμᾶς φασε καὶ τιτρώσκεσθαι καὶ δουλεύειν
 ἐνίοτε παρὰ τοῖς ἀνθρώποις, ὥσπερ ἀμέλει
 καὶ τὸν σὸν ἀδελφὸν παρὰ Λαομέδοντι καὶ παῤ
 Ἀδμήτῳ τὸν Ἀπόλλω. ταῦτα δέ μοι οὐ πάνυ
 εὐδαίμονα δοκεῖ, ἀλλʼ ἐοίκασιν ὑμῶν οἱ μέν τινες
 εὐτυχεῖς τε καὶ εὔμοιροι εἶναι, οἱ δὲ ἔμπαλιν· ἐῶ
 γὰρ λέγειν, ὅτι καὶ λῃστεύεσθε ὥσπερ ἡμεῖς καὶ
 περισυλᾶσθε ὑπὸ τῶν ἱεροσύλων καὶ ἐκ πλουσιωτάτων
 πενέστατοι ἐν ἀκαρεῖ γίγνεσθε· πολλοὶ
 
 <pb n="72"/>
 δὲ καὶ κατεχωνεύθησαν ἤδη χρυσοῖ ἠ ἀργυροῖ
 ὄντες, οἰς τοῦτο εἴμαρτο δηλαδή.</p>
 </sp>
 </div>
 
 <div type="textpart" subtype="section" n="9">
 <sp>
 <speaker>ΖΕΥΣ</speaker>
 <p>9 Ὁρᾷς; ταῦτ᾿ ἤδη ὑβριστικά, ὦ Κυνίσκε, φής·
 καί σοι τάχα μεταμελήσει ποτὲ αὐτῶν.</p>
 </sp>
 
 <sp>
 <speaker>ΚΥΝΙΣΚΟΣ</speaker>
 <p>Φείδου, ὦ ζεῦ, τῶν ἀπειλῶν, εἰδὼς οὐδέν με
 πειςόμενον ὅ τι μὴ καὶ τῇ Μοίρᾳ πρὸ σοῦ ἔδοξεν·
 ἐπεὶ οὐδ᾿ αὐτοὺς ἐκείνους ὁρῶ τοὺς ἱεροσύ	λους
 κολαζομένους, ἀλλ᾿ οἵ γε πλεῖστοι διαφεύγουσιν
 ὑμᾶς· οὐ γὰρ εἵμαρτο, οἰμαι, ἁλῶναι αὐτούς.</p>
 </sp>
 
 <sp>
 <speaker>ΖΕΥΣ</speaker>
 <p>Οὐκ ἔλεγου ὡς ἄρ᾿ ἐκείνων τις εἶ τῶν ἀναιρούντων
 τὴν πρόνοιαν τῷ λόγῳ;</p>
 </sp>
 </div>
 
 <div type="textpart" subtype="section" n="10">
 <sp>
 <speaker>ΚΥΝΙΣΚΟΣ</speaker>
 <p>Πάνυ, ὦ Ζεῦ, δέδιας αὐτούς, οὐκ οἶδα ὅτου
 ἕνεκα· πάντα γοῦν ὁπόσα ἄν εἴπω, ὑποπτεύεις
 10 ἐκείνων παιδεύματα εἶναι. ἐγὼ δὲ—παρὰ τίνος
 γὰρ ἂν ἄλλου τἀληθὲς ἢ παρὰ σοῦ μάθοιμι; —
 ἡδέως δ᾿ ἂν καὶ τοῦτο ἐροίμην σε, τίς ἡ Πρόνοια
 ὑμῖν αὕτη ἐστί, Μοῖρά τις ἢ καὶ ὑπὶρ ταύτας θεὸς
 ὥσπερ, ἄρχουσα καὶ αὐτῶν ἐκείνων;</p>
 </sp>
 
 <sp>
 <speaker>ΖΕΥΣ</speaker>
 <p>Ἤδη σοι καὶ πρότερον ἔφην οὐ θεμιτὸν εἶναι
 πάντα σε εἰδέναι. σὺ δ᾿ ἕν τι ἐν ἀρχῇ ἐρωτήσειν
 φήσας οὐ παήῃ τοσαῦτα πρός με λεπτολογούμενος·
 καὶ ὁρῶ ὅτι σοι τὸ κεφάλαιόν ἐστι τοῦ
 λόγου ἐπιδεῖξαι οὐδενὸς ἡμᾶς προνοοῦντας τῶν
 ἀνθρωπίνων.</p>
 </sp>
 
 <sp>
 <speaker>ΚΥΝΙΣΚΟΣ</speaker>
 <p>Οὐκ ἐμὸν τοῦτο, ἀλλὰ σὺ μικρὸν ἔμπροσθεν
 ἔφησθα τὰς Μοίρας εἶναι τὰς ἅπαντα ἐπιτελούσας·
 
 <pb n="74"/>
 εἰ μὴ μεταμέλει σοι ἐκείνων καὶ ἀνατίθεσας
 αὖθις τὰ εἰρημένα καὶ ἀμφισβητεῖτε τῆς
 ἐπιμελείας παρωσάμεναι τὴν Εἱμαρμένην;</p>
 </sp>
 </div>
 
 <div type="textpart" subtype="section" n="11">
 <sp>
 <speaker>ΖΕΥΣ</speaker>
 <p>11 Οὐδαμῶς, ἀλλʼ ἡ Μοῖρα δἰ ἡμῶν ἕκαστα ἐπιτελεῖ.</p>
 </sp>
 
 <sp>
 <speaker>ΚΥΝΙΣΚΟΣ</speaker>
 <p>Μανθάνω· ὑπηρέται καὶ διάκονοί τινες τῶν
 Μοιρῶν εἶναί φατε. πλὴν ἀλλὰ καὶ οὕτως ἐκεῖναι
 ἂν εἶεν αἱ προνοοῦσαι, ὑμεῖς δὲ ὥσπερ σκεύη τινὰ
 καὶ ἐργαλεῖά ἐστε αὐτῶν.</p>
 </sp>
 
 <sp>
 <speaker>ΖΕΥΣ</speaker>
 <p>Πῶς λέγεις;</p>
 </sp>
 
 <sp>
 <speaker>ΚΥΝΙΣΚΟΣ</speaker>
 <p>Ὥσπερ, οἶμαι, καὶ τὸ σκέπαρνον τῷ τέκτονι
 καὶ τὸ τρύπανον συνεργεῖ μέν τι πρὸς τὴν τέχνην,
 οὐδεὶς δʼ ἂν εἴποι ὡς ταῦτα ὁ τεχνίτης ἐστίν, οὐδʼ
 ἡ ναῦς ἔργον τοῦ σκεπάρνου ἢ τοῦ τρυπάνου,
 ἀλλὰ τοῦ ναυπηγοῦ· ἀνάλογον τοίνυν ἡ μὲν
 ναυπηγουμένη ἕκαστα ἡ Εἱμαρμένη ἐστίν, ὑμεῖς
 δέ, εἴπερ ἄρα, τρύπανα καὶ σκέπαρνά ἐστε τῶν
 Μοιρῶν· καί, ὡς ἔοικεν, οἱ ἄνθρωποι δέον τῇ
 Εἱμαρμένῃ θύειν καὶ παῤ ἐκείνης αἰτεῖν τἀγαθά,
 οί δʼ ἐφ᾿ ὑμᾶς ἴασι πτροσόδοις καὶ θυσίαις γεραίροντες·
 ἢ οὐδὲ τὴν Εἱμαρμένην τιμόῶντες εἰς δέον
 ἄν αὐτὸ ἔπραττον· οὐ γὰρ οἶμαι δυνατὸν εἶναι
 οὐδὲ αὐταῖς ἔτι ταῖς Μοίραις ἀλλάξαι τι καὶ
 μετατρέψαι τῶν ἐξ ἀρχῆς δοξάντων περὶ ἑκάστου·
 ἡ γοῦν Ατροπος οὐκ ἀνάσχοιτ᾿ ἄν, εἴ τις εἰς τὸ
 ἐναντίον στρέψειε τὸν ἄτρακτον ἀναλύων τῆς
 Κλωθοῦς τὸ ἔργον.</p>
 </sp></div>
 
 <pb n="76"/>
 <div type="textpart" subtype="section" n="12">
 <sp>
 <speaker>ΖΕΥΣ</speaker>
 <p>12 Σὺ δ᾿ ἤδη, ὦ Κννίσκε. οὐδὲ τὰς Μοίρας τιμᾶσθαι
 πρὸς τῶν ἀνθρώπων ἀξιοῖς; ἀλλʼ ἔοικας
 ἅπαντα σνγχεῖν προαιρεῖσθαι· ἡμεῖς δὲ εἰ καὶ
 μηδενὸς ἄλλου ἕνεκα, τοῦ γε μαντεύεσθαι καὶ
 προμηνύειν ἕκαστα τῶν ὑπὸ τῆς Μοίρας κεκυρωμέναων
 δικαίως τιμῴμεθ᾿ ἄν.</p>
 </sp>
 
 <sp>
 <speaker>ΚΥΝΙΣΚΟΣ</speaker>
 <p>Τὸ μὲν, ἄχρητον, ὦ Ζεῦ, προειδέναι τὰ
 μέλλοντα οἷς γε τὸ φυλάξασθαι αὐτὰ παντελῶς
 ἀδύνατον· εἰ μὴ ἄρα<note type="footnote" n="1"></note> τοῦτο φής, ὡς ὁ προμαθὼν
 ὅτι ὑπʼ αἰχμῆς σιδηρᾶς τεθνήξεται δύναιτ᾿ ἂν
 ἐκφυγεῖν τὸν θάνατον καθείρξας ἑαυτόν; ἀλλʼ
 ἀδύνατον· ἐξάξει<note type="footnote" n="2"></note> γὰρ αὐτὸν ἡ Μοῖρα κυνηγετήσοντα
 καὶ παραδώσει τῇ αἰχμῇ· καὶ ὁ Ἄδραστος
 ἐπὶ τὸν σῦν ἀφεὶς τὴν λογχην ἐκείνου μὲν ἁμαρτήσεται,
 φονεύσει δὲ τὸν Κροίσου παῖδα, ὡς ἄν ἀπʼ
 ἰσχυρᾶς ἐμβολῆς<note type="footnote" n="3"></note> τῶν Μοιρῶν φερομένου τοῦ
 ἀκοντίου ἐπὶ τὸν νεανίσκον.</p>
 </sp></div>
 
 <div type="textpart" subtype="section" n="13">
 <p>13 τὸ μὲν γὰρ τοῦ
 αΐου καὶ γελοῖον, τό·
 μὴ σπεῖρε τέκνων ἄλοκα δαιμόνων βίᾳ·
 εἰ γὰρ τεκνώσεις (φησὶ) παῖδ᾿, ἀποκτενεῖ σʼ ὁ
 περιττὴ γάρ, οἶμαι, ἡ παραίνεσις πρὸς τὰ πάντῳς
 οὕτω γενησόμενα. τοτγάρτοι μετὰ τὸν χρησμμύν
 καὶ ἔσπειρεν καὶ ὁ φὺς ἀπέκτεινεν αὐτόν. ὥστε
 οὐχ ὁρῶ ὅτου ἀπαιτεῖτε τὸν μισθὸν ἐπὶ τῇ
 μαντικῇ.</p>
 </div>
 
 <div type="textpart" subtype="section" n="14">
 <p>14 ἐῶ γὰρ λέγειν ὡς λοξὰ καὶ ἐπαμφοτερίζοντα
 πολλοῖς χρᾶν εἰώθατε, οὐ πάνυ ἀποσαφοῦντες
 <note type="footnote">1 εἰ μὴ ἄρα Marcilius : εἰ μὴ παρὰ γ; ἐκτδς εἰ μὴ β.</note>
 <note type="footnote">2 ἐξάξει Jensius: ἐξάγει MSS.</note>
 <note type="footnote">3 ἐμβολῆς Fritzsche : ἐντολῆς β ; προστάγματος γ.</note>
 
 <pb n="78"/>
 εἰ ὁ τὸν Ἅλυν διαβὰς τὴν αὑτοῦ ἀρχὴν
 καταλύσει ἢ τὴν τοῦ Κύρου· ἄμφω γὰρ δύναται
 ὁ χρησμός.</p>
 
 <sp>
 <speaker>ΖΕΥΣ</speaker>
 <p>Ἦν τις, ὦ Κυνίσκε, τῷ Ἀπόλλωνι ὀργῆς αἰτία
 κατὰ τοῦ Κροίσου, διότι ἐπειρᾶτο ἐκεῖνος αὐτοῦ
 ἄρνεια κρέα καὶ χελώνην ἐς τὸ αὐτὸ ἕψων.</p>
 </sp>
 
 <sp>
 <speaker>ΚΥΝΙΣΚΟΣ</speaker>
 <p>Ἐχρῆν μὲν μηδὲ ὁργίζεσθαι θεὸν ὄντα· πλὴν
 ἀλλὰ καὶ τὸ ἐξαπατηθῆναι τῷ Λυδῷ <note type="footnote" n="1"></note> ἐπέπρωτο,
 οἶμαι, καὶ ὅλως <note type="footnote" n="2"></note> τὸ μὴ σαφῶς ἀκοῦσαι τὰ μέλλοντα
 ἡ Είμαρμένη ἐπέκλωσεν· ὥστε καὶ ἡ
 μαντικὴ ὑμῶν ἐκείνης μέρος ἐστίν.</p>
 </sp></div>
 
 <div type="textpart" subtype="section" n="15">
 <sp>
 <speaker>ΖΕΥΣ</speaker>
 <p>15 Ἡμῖν δὲ οὐδὲν ἀπολείπεις, ἀλλὰ μάτην θεοί
 ἐσμεν, οὔτε πρόνοιάν τινα εἰσφερόμενοι εἰς τὰ
 πράγματα οὔτε τῶν θυσιῶν ἄξιοι καθάπερ τρύπανα
 ὡς ἀληθῶς ἢ σκέπαρνα; καί μοι δοκεῖς
 εἰκότως μου καταφρονεῖν, ὅτι κεραυνόν, ὡς ὁρᾷς,
 διηγκυλημένος ἀνέχομαί σε τοσαῦτα καθʼ ἡμῶν
 διεξιόντα.</p>
 </sp>
 
 <sp>
 <speaker>ΚΥΝΙΣΚΟΣ</speaker>
 <p>Βάλλε, ὦ Ζεῦ, εἴ μοι καὶ κεραυνῷ πληγῆναι
 εἵμαρται, καὶ σὲ οὐδὲν αἰτιάσομαι τῆς πληγῆς,
 ἀλλὰ τὴν Κλωθὼ τὴν διὰ σοῦ τιτρώσκουσαν· οὐδὲ
 <note type="footnote">1 τῷ Λυδῷ A.M.H.: τῷ Λυδῷ ὑπο τοῦ χρησμοῦ MSS.: ὑπὸ
 τοῦ χρησμοῦ τῷ Λυδῷ Κ. Schwartz.</note>
 <note type="footnote">2 ὅλως Jacobitz: ἄλλως MSS.</note>
 
 <pb n="80"/>
 γὰρ τὸν κεραυνὸν αὐτὸν φαίην ἂν αἴτιον μοι
 γενέσθαι τοῦ τραύματος. πλὴν ἐκεῖνό γε ὑμᾶς
 ἐρήσομαι καὶ σε καὶ τὴν Εἱμαρμένην· σὺ δέ μοι
 καὶ ὑπὲρ ἐκείνης ἀπόκριναι· ἀνέμνησας γάρ με
 ἀπειλήσας.</p>
 </sp></div>
 
 <div type="textpart" subtype="section" n="16">
 <p>16 τί δήποτε τοὺς ἱεροσύλους καὶ
 λῃστὰς ἀφέντες καὶ τοσούτους ὑβριστὰς καὶ
 βιαίους καὶ ἐπιόρκους δρῦν τινα πολλάκις κεραυνοῦτε
 ἢ λίθον ἢ νεὼς ἱστὸν οὐδὲν ἀδικούσης,
 ἐνίοτε δὲ χρηστόν τινα καὶ ὅσιον ὁδοιπόρον; τί
 σιωπᾷς, ὦ Ζεῦ; ἣ οὐδὲ τοῦτό με θέμις εἰδέναι;
 Οὐ γάρ, ὦ Κυνίσκε. σύ δὲ πολυπράγμων τις
 εἶ καὶ οὐκ οἶδʼ ὅθεν ταῦτα ἥκεις μοι συμπεφορηκώς.</p>
 
 <sp>
 <speaker>ΚΥΝΙΣΚΟΣ</speaker>
 <p>Οὐκοῦν μηδὲ ἐκεῖνο ὑμᾶς ἔρωμαι, σέ τε καὶ τὴν
 Πρόνοιαν καὶ τὴν Εἱμαρμένην, τί δήποτε Φωκίαων
 μὲν ὁ χρηστὸς ἐν τοσαύτῃ πενίᾳ καὶ σπάνει τῶν
 ἀναγκαιων ἀπέθανε καὶ Ἀριστείδης πρὸ αὐτοῦ;
 Καλλίας δὲ καὶ Ἀλκιβιάδης, ἀκόλαστα μειράκια,
 ὑπερεπλούτουν καὶ Μαιδίας ὁ ὑβριστὴς καὶ
 Χάροψ ὁ Αἰγινήτης, κίναιδος ἄνθρωπος, τὴν
 μητέρα λιμῷ ἀπεκτονώς, καὶ πάλιν Σωκράτης μὲν
 παρεδόθη τοῖς ἔνδεκα, Μέλητος δὲ οὐ παρεδόθη,
 καί Σαρδανάπαλλος μὲν ἐβασίλενε θῆλυς ὤν,
 Γώχης δὲ ἀνὴρ ἐνάρετος ἀνεσκολοπίσθη πρὸς
 αὐτοῦ, διότι μὴ ἠρέσκετο τοῖς γιγνομένοις·<note type="footnote" n="1"></note></p>
 </sp>
 </div>
 
 <div type="textpart" subtype="section" n="17">
 <p>17 ἵνα
 ὑμῖν<note type="footnote" n="2"></note> μὴ τὰ νῦν λέγω καθ᾿ ἕκαστον ἐπεξιών, τοὺς
 μὲν πονηροὺς εὐδαιμονοῦντας καὶ τοὺς πλεονέκτας,
 <note type="footnote">1 Text β (Γώχης Γ marg., Α, Γόγχης N) : Περσῶν δὲ τοσοῦτοι
 καλοὶ κάγαθοὶ ἄνδρες ἀνεσκολοκίζοντσ πρὸς αὐτοῦ διότι μὴ
 ἠρέσκοντο τοῖς γιγνομένοις γ.</note>
 <note type="footnote">2 ῖνα ὑμῖν Fritzsche: ἴνα δὲ (ὑμῖν) γ ; καὶ ἵνα ὑμῖν β.</note>
 
 <pb n="82"/>
 ἀγομένους δὲ καὶ φερομένους τοὺς χρηστοὺς ἐν
 πενίᾳ καὶ νόσοις καὶ μυρίοις κακοῖς πιεζομένους.</p>
 
 <sp>
 <speaker>ΖΕΥΣ</speaker>
 <p>Οὐ γὰρ οἶσθα, ὦ Κυνίσκε, ἡλίκας μετὰ τὸν
 βίον οἱ πονηροὶ τὰς κολάσεις ὑπομένουσιν, ἢ ἐν
 ὅσῃ οἱ χρηστοὶ εὐδαιμονίᾳ διατρίβουσιν;</p>
 </sp>
 
 <sp>
 <speaker>ΚΥΝΙΣΚΟΣ</speaker>
 <p>Ἅιδην μοι λέγεις καὶ Τιτυοὺς καὶ Ταντάλους.
 ἐγὼ δέ, εἰ μέν τι καὶ τοιοῦτόν ἐστιν, εἴσομαι τὸ
 σαφὲς ἐπειδὰν ἀποθάνω· τὸ δὲ νῦν ἔχον ἐβουλόμην
 τὸν ὁποσονοῦν χρόνον τοῦτον εὐδαιμόναως
 διαβιοὺς ὑπὸ ἑκκαίδεκα γυπῶν κείρεσθαι τὸ ἧπαρ
 ἀποθανών, ἀλλὰ μὴ ἐνταῦθα διψήσας ὥσπερ ὁ
 Τάνταλος ἐν Μακάρων νήσοις πίνειν μετὰ τῶν
 ἡρώων ἐν τῷ Ἠλυσίῳ λειμῶνι κατακείμενος.</p>
 </sp></div>
 
 <div type="textpart" subtype="section" n="18">
 <sp>
 <speaker>ΖΕΥΣ</speaker>
 <p>18 Τί φής; ἀπιστεῖς εἶναί τινας κολάσεις καὶ τιμάς,
 καὶ δικαστήριον ἔνθα δὴ ἐξετάζεται ὁ ἑκάστου
 βίος;</p>
 </sp>
 
 <sp>
 <speaker>ΚΥΝΙΣΚΟΣ</speaker>
 <p>Ἀκούω τινὰ Μίνω Κρῆτα δικάζειν κάτω τὰ τοιαῦτα·
 καί μοι ἀπόκριναι τι καὶ ὑπὲρ ἐκείνου· σὸς
 γὰρ υἱὸς εἶναι λέγεται.</p>
 </sp>
 
 <sp>
 <speaker>ΖΕΥΣ</speaker>
 <p>Τί δὲ κἀκεῖνον ἐρωτᾷς, ὦ Κυνίσκε;</p>
 </sp>
 
 <sp>
 <speaker>ΚΥΝΙΣΚΟΣ</speaker>
 <p>Τίνας κολάζει μάλιστα;</p>
 </sp>
 
 <sp>
 <speaker>ΖΕΥΣ</speaker>
 <p>Τοὺς πονηροὺς δηλαδή, οἷον ἀνδροφόνους καὶ
 ἱεροσύλους.</p>
 </sp>
 
 <pb n="84"/>
 <sp>
 <speaker>ΚΥΝΙΣΚΟΣ</speaker>
 <p>Τίνας δὲ παρὰ τοὺς ἥρωας ἀποπέμπει;`</p>
 </sp>
 
 <sp>
 <speaker>ΖΕΥΣ</speaker>
 <p>Τοὺς ἀγαθούς τε καὶ ὁσίους καὶ κατ᾿ ἀρετὴν
 βεβιωκότας.</p>
 </sp>
 
 <sp>
 <speaker>ΚΥΝΙΣΚΟΣ</speaker>
 <p>Τίνος ἕνεκα, ὦ Ζεῦ;</p>
 </sp>
 
 <sp>
 <speaker>ΖΕΥΣ</speaker>
 <p>Διότι οἱ μὲν τιμῆς, οἱ δὲ κολάσεως ἄξιοι.</p>
 </sp>
 
 <sp>
 <speaker>ΚΥΝΙΣΚΟΣ</speaker>
 <p>Εἰ δέ τις ἀκούσιόν τι δεινὸν ἐργάσαιτο, κολάζεσθαι
 καὶ τοῦτον δικαιοῖ;</p>
 </sp>
 
 <sp>
 <speaker>ΖΕΥΣ</speaker>
 <p>Οὐδαμῶς.</p>
 </sp>
 
 <sp>
 <speaker>ΚΥΝΙΣΚΟΣ</speaker>
 <p>Οὐδ᾿ ἄρα εἴ τις ἄκων τι ἀγαθὸν ἔδρασεν, οὐδὲ
 τοῦτον τιμᾶν ἀξιώσειεν ἄν;</p>
 </sp>
 
 <sp>
 <speaker>ΖΕΥΣ</speaker>
 <p>Οὐ γὰρ οὖν.</p>
 </sp>
 
 <sp>
 <speaker>ΚΥΝΙΣΚΟΣ</speaker>
 <p>Οὐδένα τοίνυν, ὦ Ζεῦ, οὔτε τιμᾶν οὒτε κολάζειν
 αὐτῷ προςήκει.</p>
 </sp>
 
 <sp>
 <speaker>ΖΕΥΣ</speaker>
 <p>Πῶς οὐδένα;</p>
 </sp>
 
 <sp>
 <speaker>ΚΥΝΙΣΚΟΣ</speaker>
 <p>Ὅτι οὐδὲν ἑκόντες οἱ ἄνθρωποι ποιοῦμεν, ἀλλά
 τινι ἀνάγκῃ ἀφύκτῳ κεκελευσμένοι, εἴ γε ἀληθῆ
 ἐκεῖνά ἐστι τὰ ἔμπροσθεν ὡμολογημένα, ὡς ἡ
 Μοῖρα πάντων αὐτία· καὶ ἢν φονεύσῃ<note type="footnote" n="1"></note> τις, ἐκείνη
 ἐστὶν ἡ φονεύσασα, καὶ ἢν ἱεροσυλῇ, προστεταγμένον
 <note type="footnote">1 φονεύσῃ vulg,: φονευθῇ γ; φονεύῃ β.</note>
 
 
 <pb n="86"/>
 αὐτὸ δρᾷ. ὥστε εἴ γε τὰ δίκαια ὁ Μίνως
 δικάζειν μέλλοι, τὴν Εἱμαρμένην ἀντὶ τοῦ Σισύφου
 κολάσεται καὶ τὴν Μοῖραν ἀντὶ τοῦ Ταντάλου.
 τί γὰρ ἐκεῖνοι ἠδίεησαν πεισθέντες τοῖς
 ἐπιτάγμασιν;</p>
 </sp>
 </div>
 
 <div type="textpart" subtype="section" n="19">
 <sp>
 <speaker>ΖΕΥΣ</speaker>
 <p>19 Οὐκέτʼ οὐδὲ ἀποκρίνεσθαί σοι ἄξιον τοιαῦτα
 ἐρωτῶντι· θρασὺς γὰρ εἶ καὶ σοφιστής. καί σε
 ἄπειμι ἤδη καταλιπών.</p>
 </sp>
 
 <sp>
 <speaker>ΚΥΝΙΣΚΟΣ</speaker>
 <p>Ἐδεόμην μὲν ἔτι καὶ τοῦτο ἐρέσθαι, ποῦ αἱ
 Μοῖραι διατρίβουσιν ἢ πῶς ἐφικνοῦνται τῇ ἐπιμελείᾳ
 τῶν τοσούτων ἐς τὸ λεπτότατον, καὶ ταῦτα
 τρεῖς οὖσαι. ἐπίπονον γάρ τινα καὶ οὐκ εὔμοιρόν
 μοι δοκοῦσι βιοῦν τὸν βίον τοσαῦτα ἔχονσαι
 πράγματα, καὶ ὡς ἔοικεν οὐ πάνυ οὐδὲ αὖται ὑπὸ
 χρηστῇ Εἱμαρμένῃ ἐγεννήθησαν. ἐγὼ γοῦν, εἴ
 μοι αἵρεσις δοθείη, οὐκ ἂν ἀλλαξαίμην πρὸς
 αὐτὰς τὸν ἐμαυτοῦ βίον, ἀλλʼ ἑλοίμην ἂν ἔτι
 πενέστερος διαβιῶναι ἤπερ καθῆσθαι κλώθων
 ἄτρακτον τοσούτων πραγμάτων μεστόν, ἐπιτηρῶν
 ἕκαστα. εἰ δὲ μὴ ῥᾴδιόν σοι ἀποκρίνασθαι πρὸς
 ταῦτα, ὦ Ζεῦ, καὶ τούτοις ἀγαπήσομεν οἷς ἀπεκρίνω·
 ἱκανὰ γὰρ ἐμφανίσαι τὸν περὶ τῆς Εἱμαρμένῃς
 καὶ Προνοίας λόγον· τὰ λοιπὰ δʼ ἴσως
 οὐχ εἵμαρτο ἀκοῦσαί μοι.</p>
 </sp>
 </div>
 </div>
 </body>
 </text>
 </TEI>
