<?xml version="1.0" encoding="UTF-8"?>
<ti:work xmlns:ti="http://chs.harvard.edu/xmlns/cts" groupUrn="urn:cts:greekLit:tlg0006" projid="greekLit:tlg009" urn="urn:cts:greekLit:tlg0006.tlg009" xml:lang="grc">
            
   <ti:title xml:lang="eng">Heracles</ti:title>
            
   <ti:edition urn="urn:cts:greekLit:tlg0006.tlg009.perseus-grc2" workUrn="urn:cts:greekLit:tlg0006.tlg009">
                
      <ti:label xml:lang="eng">Heracles</ti:label>
                
      <ti:description xml:lang="eng">Perseus:bib:oclc,36956970, Euripides. Euripidis Fabulae,
                    vol. 2. Gilbert Murray. Oxford. Clarendon Press, Oxford. 1913.</ti:description>
                
   </ti:edition>
            
   <ti:translation urn="urn:cts:greekLit:tlg0006.tlg009.perseus-eng2" workUrn="urn:cts:greekLit:tlg0006.tlg009" xml:lang="eng">
                
      <ti:label xml:lang="eng">Heracles</ti:label>
                
      <ti:description xml:lang="eng">Euripides, creator; Coleridge, Edward P. (Edward
                    Philip), b. 1863, translator; Oates, Whitney Jennings, 1904-, creator, editor.;
                    O'Neill, Eugene, 1910-1950, joint editor</ti:description>
                
   </ti:translation>
        
</ti:work>