<?xml version="1.0" encoding="UTF-8"?>
 <?xml-model href="http://www.stoa.org/epidoc/schema/latest/tei-epidoc.rng" schematypens="http://relaxng.org/ns/structure/1.0"?>
 <TEI xmlns="http://www.tei-c.org/ns/1.0">
 <teiHeader>
 <fileDesc>
 <titleStmt>
  <title>Gallus</title>
  <author>Lucianus Samosatenus</author>
 <editor>A. M. Harmon</editor>
  <funder>Harvard Library Arcadia Fund</funder>
  <principal>Gregory Crane</principal>
  <respStmt>
   <persName xml:id="DDD">Digital Divide Data</persName>
   <resp>Corrected and encoded the text</resp>
  </respStmt>
  <respStmt>
   <persName>Gregory Crane</persName>
   <resp>Editor-in-Chief, Perseus Digital Library</resp>
  </respStmt>
  <respStmt>
   <persName>Matt Munson</persName>
   <resp>Project Manager (University of Leipzig), 2016 - present</resp>
  </respStmt>
  <respStmt>
   <persName>Annette Geßner</persName>
   <resp>Project Assistant (University of Leipzig) 2015 - present</resp>
  </respStmt>
  <respStmt>
   <persName>Thibault Clérice</persName>
   <resp>Lead Developer (University of Leipzig)</resp>
  </respStmt>
  <respStmt>
   <persName>Bruce Robertson</persName>
   <resp>Technical Advisor</resp>
  </respStmt>
 </titleStmt>
 <publicationStmt>
 <authority>Harvard College Library</authority>
  <idno type="filename">tlg0062.tlg019.1st1K-grc1.xml</idno>
 <availability>
 <p>Available under a Creative Commons Attribution-ShareAlike 4.0 International License</p>
 </availability>
 <date>2016</date>
 <publisher>Harvard College Library</publisher>
 <pubPlace>United States</pubPlace>
 </publicationStmt>
 <sourceDesc>
 <listBibl>
 <biblStruct>
 <monogr>
 <title>Lucian</title>
 <editor>
 <persName>
 <name>A. M. Harmon</name>
 </persName>
 </editor>
  <author ref="urn:cts:greekLit:tlg0062">Lucianus Samosatenus</author>
 <imprint>
 <publisher>Harvard University Press</publisher>
 <pubPlace>Cambridge, Mass</pubPlace>
 <date>1960</date>
 </imprint>
 <biblScope unit="volume">2</biblScope>
 </monogr>
  <ref target="https://archive.org/details/lucianhar02luciuoft">The Internet Archive</ref>
 </biblStruct>
 </listBibl>
 </sourceDesc>
 </fileDesc>
 <encodingDesc>
  <p>Text encoded in accordance with the latest EpiDoc standards (January 2014)</p>
  <refsDecl n="CTS">
   <cRefPattern matchPattern="(.+)" n="section" replacementPattern="#xpath(/tei:TEI/tei:text/tei:body/tei:div/tei:div[@n='$1'])"/>
  </refsDecl>
 </encodingDesc>
 <profileDesc>
 <langUsage>
 <language ident="grc">Greek</language>
 </langUsage>
 </profileDesc>
 <revisionDesc>
 <change/>
 </revisionDesc>
 </teiHeader>
 <text>
 <body>
  <div type="edition" xml:lang="grc" n="urn:cts:greekLit:tlg0062.tlg019.1st1K-grc1">
 <pb n="172"/>
 <head>ΟΝΕΙΡΟΣ Η ΑΛΕΚΤΡΥΩΝ</head>
 
 <div type="textpart" subtype="section" n="1">
 <sp>
 <speaker>ΜΙΚΥΛΛΟΣ</speaker>
 <p>1 Ἀλλὰ σέ, κάκιστε ἀλεκτρυών, ὁ Ζεὺς αὐτὸς
 ἐπιτρίψειε φθονερὸν οὕτω καὶ ὀξύφωνον ὄντα, ὅς
 με πλουτοῦντα καὶ ἡδίστῳ ὁνείρῳ συνόντα καὶ
 θαυμαστὴν εὐδαιμονίαν εὐδαιμονοῦντα διάτορόν
 τι καὶ γεγαωνὸς ἀναβοήσας ἐπήγειρας, ὡς μηδὲ
 νύκτωρ γοῦν τὴν πολὺ σοῦ μιαρωτέραν πενίαν
 διαφύγοιμι. καίτοι εἴ γε χρὴ τεκμαίρεσθαι τῇ τε
 ἡσυχίᾳ πολλῇ ἔτι οὔσῃ καὶ τῷ κρύει μηδέπω με
 τὸ ὄρθριον ὥσπερ εἴωθεν ἀποπηγνύντι—γνώμων
 γὰρ οὗτος ἀψευδέστατός μοι προσελαυνούσης
 ἡμέρας—οὐδέπω μέσαι νύκτες εἰσίν, ὁ δὲ ἄϋπνος
 οὗτος ὥσπερ τὸ χρυσοῦν ἐκεῖνο κώδιον φυλάττων
 ἀφ᾿ ἑσπέρας εὐθὺς ἤδη κέκραγεν, ἀλλ᾿ οὔτι χαίρων
 γε· ἀμυνοῦμαι γὰρ ἀμέλει σε, ἢν μόνον ἡμέρα
 γένηται, συντρίβων τῇ βακτηρίᾳ· νῦν δέ μοι
 πράγματα παρέξεις μεταπηδῶν ἐν τῷ σκότῳ.</p>
 </sp>
 
 <sp>
 <speaker>ΑΛΕΚΤΡΥΩΝ</speaker>
 <p>Μίκυλλε δέσποτα, ὤμην τι χαριεῖσθαί σοι
 φθάνων τῆς νυκτὸς ὁπόσον δυναίμην, ὡς ἔχοις
 ὀρθρευόμενος προανύειν τὰ πολλὰ τῶν ἔργων· εἰ<note type="footnote" n="1"></note>
 γοῦν πρὶν ἀνατεῖλαι ἥλιον μίαν κρηπῖδα ἐξεργάσαιο,
 <note type="footnote">1 εἰ A.M.H.: ἢ (or ἠ) γ; ἢν (and ἐργάσῃ) β.</note>
 
 <pb n="174"/>
 πρὸ ὁδοῦ ἔσῃ τοῦτο ἐς τὰ ἄλφιτα πεπονηκώς.
 εἰ δέ σοι καθεύδειν ἥδιον, ἐγὼ μὲν ἡσυχάκόμαι
 σοι καὶ πολὺ ἀφωνότερος ἔσομαι τῶν
 ἰχθύων, σὺ δὲ ὅρα ὅπως μὴ ὄναρ πλουτῶν λιμώττῃς
 ἀνεγρόμενος.</p>
 </sp>
 </div>
 
 <div type="textpart" subtype="section" n="2">
 <sp>
 <speaker>ΜΙΚΥΛΛΟΣ</speaker>
 <p>2 Ὦ Ζεῦ τεράστιε καὶ Ἡράκλεις ἀλεξίκακε, τί τὸ
 κακὸν τοῦτό ἐστιν; ἀνθρωπίνως ἐλάλησεν ὁ ἀλεγρόμενος.</p>
 </sp>
 
 <sp>
 <speaker>ΑΛΕΚΤΡΥΩΝ</speaker>
 <p>Εἶτά σοι τερας εἶναι δοκεῖ τὸ τοιοῦτον, εἰ
 ὁμόφωνος ὑμῖν εἰμι;</p>
 </sp>
 
 <sp>
 <speaker>ΜΙΚΥΛΛΟΣ</speaker>
 <p>Πῶς γὰρ οὐ τέρας; ἀλλʼ ἀποτρεποιτε, ὦ θεοι,
 τὸ δεινὸν ἀφ᾿ ἡμῶν.</p>
 </sp>
 
 <sp>
 <speaker>ΑΛΕΚΤΡΥΩΝ</speaker>
 <p>Σύ μοι δοκεῖς, ὦ Μίκυλλε, κομιδῇ ἀπαίδευτος
 εἶναι μηδὲ ἀνεγνωκέναι τὰ Ὁμήρου ποιήματα, ἐν
 οἷς καὶ ὁ τοῦ Ἀχιλλέως ἵππος ὁ Ξάνθος μακρὰ
 χαίρειν φράσας τῇ χρεμετίζειν ἕστηκεν ἐν μέσῳ
 τῷ πολέμῳ διαλεγόμενος, ἔπη ὅλα ῥαψῳδῶν, οὐχ
 ὥσπερ ἐγὼ νῦν ἄνευ τῶν μέτρων. ἀλλὰ καὶ
 ἐμαντεύετο ἐκεῖνος καὶ τὰ μέλλοντα προεθέσπιζε
 καὶ οὐδέν τι παράδοξον ἐδόκει ποιεῖν, οὐδὲ ὁ
 ἀκούων ἐπεκαλεῖτο ὥσπερ σὺ τὸν ἀλεξικακον,
 ἀποτρόπαιον ἡγούμενος τὸ ἄκουσμα. καίτοι τί
 ἂν ἐποίησας, εἴ σοι ἡ τῆς Ἀργοῦς τρόπις
 ἐλάλησεν ὥσπερ ποτέ, ἢ <note type="footnote" n="1"></note> ἡ φηγὸς ἐν Δωδώνῃ
 αὐτόφωνος ἐμαντεύσατο, ἢ εἰ βύρσας εἶδες
 ἑρπούσας καὶ βοῶν κρέα μυκώμενα ἡμίοπτα<note type="footnote" n="2"></note>
 περιπεπαρμένα τοῖς ὀβελοῖς; ἐγὼ δὲ Ἑρμοῦ πάρεδρος
 <note type="footnote">1 ἤ Fritzsche: not in MSS.</note>
 <note type="footnote">2 ἡμίοπτα Cobet: ἡμίοπτα καὶ ἑφθά γ; ἡμίεφθα β.</note>
 
 <pb n="176"/>
 εδροσ ὢν λαλιστάτου καὶ λογιωτάτου θεῶν ἁπάντων
 καὶ τὰ ἄλλα ὁμοδίαιτος ὑμῖν καὶ σύντροφος οὐ
 χαλεπῶς ἔμελλον ἐκμαθήσεσθαι τὴν ἀνθρωπίνην
 φαωνήν. εἰ δὲ ἐχεμυθήσειν ὑπόσχοιό μοι, οὐκ ἂν
 ὀκνήσαιμί σοι τὴν ἀληθεστέραν αἰτίαν εἰπεῖν
 τῆς πρὸς ὑμᾶς ὁμοφωνίας καὶ ὅθεν ὑπάρχει μοι
 οὕτω λαλεῖν.</p>
 </sp>
 </div>
 
 <div type="textpart" subtype="section" n="3">
 <sp>
 <speaker>ΜΙΚΥΛΛΟΣ</speaker>
 <p>3 Ἀλλὰ μὴ ὄνειρος καὶ ταῦτά ἐστιν, ἀλεκτρυὼν
 οὕτω πρὸς ἐμὲ διαλεγόμενος; εἰπὲ δʼ οὖν πρὸς τοῦ
 Ἑρμοῦ, ὦ βέλτιστε, ὅ τι καὶ ἄλλο σοι τῆς φωνῆς
 αἴτιον. ὡς δὲ σιωπήσομαι καὶ πρὸς οὐδένα ἐρῶ,
 τι σε χρὴ δεδιέναι; τίς γὰρ ἂν πιστεύσειέ μοι, εἴ τι
 διηγοίμην ὡς ἀλεκτριυόνος αὐτὸ εἰπόντος ἀκηκοώς;</p>
 </sp>
 
 <sp>
 <speaker>ΑΛΕΚΤΡΥΩΝ</speaker>
 <p>Ἄκουε τοινυν παραδοξότατόν σοι εὖ οἶδʼ ὅτι
 λόγον, ὦ Μίκυλλε· οὑτοσὶ γὰρ ὁ νῦν σοι ἀλεκτρυὼν
 φαινόμενος οὐ πρὸ πολλοῦ ἄνθρωπος ἦν.</p>
 </sp>
 
 <sp>
 <speaker>ΜΙΚΥΛΛΟΣ</speaker>
 <p>Ἤκουσά τι καὶ πάλαι τοιοῦτον ἀμέλει περὶ
 ὑμῶν ὡς Ἀλεκτρυοών τις νεανίσκος φίλος γένοιτο
 τῷ Ἄρει καὶ συμπίνοι τῷ θεῷ καὶ συγκωμάζοι καὶ
 κοιναωνοίη τῶν ἐρωτικῶν· εἴποτε γοῦν ἀπίοι παρὰ
 τὴν Ἀφροδίτην μοιχεύσων ὁ Ἄρης, ἐπάγεσθαι
 καὶ τὸν Ἀλεκτρυόνα, καὶ ἐπειδήπερ τὸν Ἥλιον
 μάλιστα ὑφεωρᾶτο, μὴ κατιδὼν ἐξείποι πρὸς τὸν
 Ἥφαιστον, ἔξω πρὸς ταῖς θύραις ἀπολείπειν ἀεὶ
 τὸν νεανίσκον μηνύσοντα ὁπότε ἀνίσχοι ὁ Ἥλιος.
 εἶτά ποτε κατακοιμηθῆναι τὸν Ἀλεκτρυόνα καὶ
 προδοῦναι τὴν φρουρὰν ἄκοντα, τὸν δὲ Ἥλιον
 
 <pb n="178"/>
 Λαθόντα ἐπιστῆναι τῇ Ἀφροδίτῃ καὶ Ἄρει
 ἀφρόντιδι ἀναπαυομένῳ διὰ τὸ πιστευειν τὸν
 Ἀλεκτρυόνα μηῦσαι ἄν, εἴ τις ἐπίοι· καὶ οὕτω
 τὸν Ἥφαιστον παρ᾿ Ἡλίου μαθόντα συλλαβεῖν
 αὐτοὺς περιβαλόντα καὶ σαγηνεύσαντα τοἵς δεσομῖς
 ἃ πάλαι μεμηχάνητο ἐπ᾿ αὐτούς· ἀφεθέντα
 δὲ ὡς ἀφείθη τὸν Ἄρη ἀγανακτῆσαι κατὰ τοῦ
 Ἀλεκτρυόνος καὶ μεταβαλεῖν αὐτὸν εἰς τουτὶ τὸ
 ὄρνεον αὐτοῖς ὅπλοις, ὠς ἔτι τοῦ κράνους τὸν λόφον
 ἔχειν ἐπὶ τῇ κεφαλῇ. διὰ τοῦτο ὑμᾶς ἁπολογομένους
 τῷ Ἄρει ὅτ᾿ οὐδὲν ὄφελος, ἐπειδὰν αἴσθησθε
 ἀνελευσόμενον τὸν ἥλιον, πρὸ πολλοῦ βοᾶν
 ἐπισημαινομένους τὴν ἀνατολὴν αὐτοῦ.</p>
 </sp>
 </div>
 
 <div type="textpart" subtype="section" n="4">
 <sp>
 <speaker>ΑΛΕΚΤΡΥΩΝ</speaker>
 <p>4 Φασὶ μὲν καὶ ταὕτα, ὦ Μίκυλλε, τὸ δὲ ἐμὸν
 ἑτροῖόν τι ἐγένετο, καὶ πάνυ ἔναγχος εἰς ἀλεκτρυόνα
 σοι μεταβέβηκα.</p>
 </sp>
 
 <sp>
 <speaker>ΜΙΚΥΛΛΟΣ</speaker>
 <p>Πῶς; ἐθέλω γὰρ τοῦτο μάλιστα εἰδέναι.</p>
 </sp>
 
 <sp>
 <speaker>ΑΛΕΚΤΡΥΩΝ</speaker>
 <p>Ακούεις τινὰ Πνθαγόραν Μνησαρχίδην
 Σάμιον;<note type="footnote" n="1"></note></p>
 </sp>
 
 <sp>   
 <speaker>ΜΙΚΥΛΛΟΣ</speaker>
 <p>Τὸν σοφιστὴν λέγεις, τὸν ἀλζόνα, ἂς ἐνομοθέτει
 μήτε κρεῶν γεύεσθαι μήτε κυάμους ἐσθίειν,
 ἥδιστον ἐμοὶ γοῦν ὄψον ἐκτράπεζον ἀποφαίνων,
 ἔτι δὲ πείθων τοὺς ἀνθρώπους ὡς πρὸ τοῦ Πυθαγορου
 <note type="footnote">1 Text β: Οἰσθα ἄρα τὸν Πυθαγόραν; γ.</note>
 
 <pb n="180"/>
 Εὔφορβος γένοιτο; <note type="footnote" n="1"></note> γόητά φασι καὶ τερατουργὸν
 ἄνθρωπον, ὦ ἀλεκτρυών.</p>
 </sp>
 
 <sp>
 <speaker>ΑΛΕΚΤΡΥΩΝ</speaker>
 <p>Ἐκεῖνος αὐτὸς ἐγώ σοί εἰμι ὁ Πυθαγόρας. ὥστε
 παῦʼ, ὦγαθέ, λοιδορούμενός μοι, καὶ ταῦτα οὐκ εἰδὼς
 οἶός τις ἧν τὸν τρόπον.</p>
 </sp>
 
 <sp>
 <speaker>ΜΙΚΥΛΛΟΣ</speaker>
 <p>Τοῦτʼ αὗ μακρῷ ἐκείνου τερατωδέστερον, ἀλεκτρυὼν
 φιλόσοφος. εἰπὲ δὲ ὅμως, ὦ Μνησάρχου
 παῖ, ὅπως ἡμῖν ἀντὶ μὲν ἀνθρώπου ὄρνις, ἀντὶ δὲ
 Σαμίου Ταναγραῖος ἀναπέφηνας· οὐ πιθανὰ γὰρ
 ταῦτα οὐδὲ πάνυ πιστεῦσαι ῥᾴδια, ἐπεὶ καὶ δύʼ
 ἤδη μοι τετηρηκέναι δοκῶ πάνυ ἀλλότρια ἐν σοὶ
 τοῦ Πυθαγόρου.</p>
 </sp>
 
 <sp>
 <speaker>ΑΛΕΚΤΡΥΩΝ</speaker>
 <p>Γὰ ποῖα;</p>
 </sp>
 
 <sp>
 <speaker>ΜΙΚΥΛΛΟΣ</speaker>
 <p>Ἒν μὲν ὅτι λάλος εἷ καὶ κρακτικός, ὁ δὲ σιωπᾶν
 ἐς πέντε ὅλα ἔτη, οἶμαι, παρῄνει, ἕτερον δὲ καὶ παντελῶς
 παράνομον· οὐ γὰρ ἔχων ὅ τι σοι παραβάλοιμι
 εἰ μὴ <note type="footnote" n="2"></note> κυάμους χθὲς ἧκον ὡς οἴσθα,<note type="footnote" n="3"></note> καὶ
 σὺ οὐδὲ μελλήσας ἀνέλεξας αὐτούς· ὥστε ἢ ἐψεῦσθαί
 σοι ἀνάγκη καὶ ἄλλῳ εἶναι ἡ Πυθαγόρᾳ ὄντι
 παρανενομηκέναι καὶ τὸ ἴσον ἠσεβηκέναι κυάμους
 φαγόντα ὡς ἂν εἰ τὴν κεφαλὴν τοῦ πατρὸς ἐδηδόκεις.</p>
 <note type="footnote">1 Τext β : ἔτι δὲ πείθων τοὺς ἀνθρώπους ἐς πέντε ἔτη μὴ διαλέγεσθαι;
 ΑΛΕΚ. Ἴσθι δῆτα κἀκεῖνο, ὡς πρὸ τοῦ Πυθαγόρου
 Εὔφορβος γένοιτο: γ. The γ reading is, think, due to someoneʼs
 desire to make a pun on Πυθαγόρας (Πειθαγόρας) to match
 that on Eὔφορβος.</note>
 <note type="footnote">2 εἰ μὴ A.M.H. not in MSS. Fritzsche reads οὐ γὰρ
 〈ἄλλο〉 ἔχων ὅτι σοι παραβάλοιμι 〈ἢ〉.</note>
 <note type="footnote">3 ἦκον ὡς οἶσθα Fritzsche : ἦκον ὡς οἰσθα ἔχων β ; ὡς οἶσθα
 ἔχων ἦκσν γ.</note>
 </sp>
 </div>
 
 <div type="textpart" subtype="section" n="5">
 <pb n="182"/>
 <sp>
 <speaker>ΑΛΕΚΤΡΥΩΝ</speaker>
 <p>5 Οὐ γὰρ οἴσθα, ὦ Μίκυλλε, ἤτις αἰτία τούτων
 οὐδὲ τὰ πρόσφορα ἑκάστῳ βίῳ. ἐγὼ δὲ τότε
 μὲν οὐκ ἤσθιον τῶν κυάμων, ἐφιλοσόφουν γάρ·
 νῦν δὲ φάγοιμ᾿ ἄν, ὀρνιθικὴ γὰρ καὶ οὐκ ἀπόρρητος
 ἡμῖν ἡ τροφή. πλὴν ἀλλʼ εἴ σοι φίλον, ἄκουε
 ὅπως ἐκ Πυθαγόρου τοῦτο νῦν εἰμι καὶ ἐν οἵοις
 βίοις πρότερον ἐβιότευσα καὶ ἅτινα τῆς μεταβολῆς
 ἑκάστης ἀπολέλαυκα.</p>
 </sp>
 
 <sp>
 <speaker>ΜΙΚΥΛΛΟΣ</speaker>
 <p>Δέγοις ἄν· ὡς ἔμοιγε ὑπερήδιστον ἂν τὸ ἄκουσ
 γένοιτο, ὥστε εἴ τις αἵρεσιν προθείη, πότερα μᾶλλον
 ἐθέλω σοῦ ἀκούειν τὰ τοιαῦτα διεξιόντος ἢ
 τὸν πανευδαίμονα ὄνειρον ἐκεῖνον αὖθις ὁρᾶν τὸν
 μικρὸν ἔμπροσθεν, οὐκ οἶδα ὁπότερον ἂν ἑλοίμην·
 οὕτως ἀδελφὰ ἡγοῦμαι τὰ σὰ τοῖς ἡδίστοις φανεῖσι
 καὶ ἐν ἴσῃ ὑμᾶς τιμῇ ἄγω, σέ τε καὶ τὸ πολυτίμητον
 ἐνύπνιον.</p>
 </sp>
 
 <sp>
 <speaker>ΑΛΕΚΤΡΥΩΝ</speaker>
 <p>Ἔτι γὰρ σὺ ἀναπεμπάζῃ τὸν ὄνειρον ὅστις ποτὲ
 ὁ φανείς σοι ἦν καί τινα ἰνδάλματα μάταια δίαφυλάττεις,
 κενὴν καὶ ὡς ὁ ποιητικὸς λόγος φησὶν
 ἀμεηνήν τινα εὐδαιμονίαν τῇ μνήμῃ μεταδιώκων;</p>
 </sp>
 </div>
 
 <div type="textpart" subtype="section" n="6">
 <sp>
 <speaker>ΜΙΚΥΛΛΟΣ</speaker>
 <p>6 Ἀλλ᾿ οὐδʼ ἐπιλήσομαί ποτε, ὦ ἀλεκτρυών, εὖ
 ἴσθι, τῆς ὄψεως ἐκείνης· οὕτω μοι πολὺ τὸ μέλι
 ἐν τοῖς ὀφθαλμοῖς ὁ ὄνειρος καταλιπὼν ᾤχετο, ὡς
 μογις ἀνοίγειν τὰ βλέφαρα ὑπʼ αὐτοῦ εἰς ὕπνον
 αὖθις κατασπώμενα. οἷον γοῦν ἐν τοῖς ὠσὶ τὰ
 πτερὰ ἐργάζεται στρεφόμενα, τοιοῦτον γάργαλον
 παρείχετό μοι τὰ ὁρώμενα.</p>
 </sp>
 
 <pb n="184"/>
 <sp>
 <speaker>ΑΛΕΚΤΡΥΩΝ</speaker>
 <p>Ἡράκλεις, δεινόν τινα φὴς τὸν ὅνειρον, <note type="footnote" n="1"></note> εἴ γε
 πτηνὸς ὤν, ὥς φασιν, καὶ ὅρον ἔχων τῆς πτήσεως
 τὸν ὕπνον ὑπὲρ τὰ ἐσκαμμένα ἤδη πηδᾷ καὶ ἐνδιατρίβει
 ἀνεῳγόσι τοῖς ὁφθαλμοῖς μελιχρὸς οὔτοως
 καὶ ἐναργὴς φαινόμενος· ἐθέλω γοῦν ἀκοῦσαι οἷός
 τίς ἐστιν οὕτω σοι τριπόθητος ὤν,</p>
 </sp>
 
 <sp>
 <speaker>ΜΙΚΥΛΛΟΣ</speaker>
 <p>Ἕτοιμος λέγειν· ἡδὺ γοῦν τὸ μεμνῆσθαι καὶ
 διεξιέναι τι περὶ αὐτοῦ. σὺ δὲ πηνίκα, ὦ Πυθαγόρα,
 διηγήσῃ τὰ περὶ τῶν μεταβολῶν;</p>
 </sp>
 
 <sp>
 <speaker>ΑΛΕΚΤΡΥΩΝ</speaker>
 <p>Ἐπειδὰν σύ, ὦ Μίκυλλε, παύσῃ ὀνειρώττων καὶ
 ἀποψτήσῃ ἀπὸ τῶν βλεφάρων τὸ μέλι· νῦν δὲ
 πρότερος εἰπέ, ὡς μάθω εἴτε διὰ τῶν ἐλεφαντίνων
 πυλῶν εἴτε διὰ τῶν κερατίναων σοι ὁ ὄνειρος ἧκε
 πετόμενος.</p>
 </sp>
 
 <sp>
 <speaker>ΜΙΚΥΛΛΟΣ</speaker>
 <p>Oὐδὲ δι᾿ ἑτέρας τούτων, ὦ Πυθαγόρα.</p>
 </sp>
 
 <sp>
 <speaker>ΑΛΕΚΤΡΥΩΝ</speaker>
 <p>Καὶ μὴν Ὅμηρος δύο ταύτας μόνας λέγει.</p>
 </sp>
 
 <sp>
 <speaker>ΜΙΚΥΛΛΟΣ</speaker>
 <p>Ἔα χαίρειν τὸν λῆρον ἐκεῖνον ποιητὴν οὐδεν
 εἰδότα ὀνείρων πέρι. οἱ πένητες ἴσως ὄνειροι διὰ
 τῶν τοιούτων ἐξίασιν, οἴους ἐκεῖνος ἑώρα οὐδὲ
 πάνυ σαφῶς τυφλὸς αὐτὸς ὤν, ἐμοὶ δὲ διὰ χρυσῶν
 τινων πυλῶν ὁ ἥδιστος ἀφίκετο, χρυσοῦς καὶ
 <note type="footnote">1 δεινόν τινα φὴς τὸν ὅνειρον Reifferscheid : δεινόν τινα φὴς
 τὸν ἔρωτα τοῦ ἐνυπνίου (or τὸν ἔρωτα φὴς τοῦ ἐνυπνίου) MSS.</note>
 
 <pb n="186"/>
 αὐτὸς καὶ χρυσᾶ πάντα περιβεβλημένος καὶ πολὺ
 ἐπαγόμενος χρυσίον.</p>
 </sp>
 
 <sp>
 <speaker>ΑΛΕΚΤΡΥΩΝs</speaker>
 <p>Παῦε, ὦ Μίδα βέλτιστε, χρυσολογῶν· ἀτεχνῶς
 γὰρ ἐκ τῆς ἐκείνου σοι εὐχῆς τὸ ἐνύπνιον καὶ
 μέταλλα ὅλα χρύσεια κεκοιμῆσθαί μοι δοκεῖς.</p>
 </sp>
 </div>
 
 <div type="textpart" subtype="section" n="7">
 <sp>
 <speaker>ΜΙΚΥΛΛΟΣ</speaker>
 <p>7 Πολύ, ὦ Πυθαγόρα, χρυσίον εἶδον, πολύ, πῶς
 οἴει καλὸν ἢ οἵαν τὴν αὐγὴν ἀπαστράπτον; τί
 ποτε ὁ Πίνδαρός φησι περὶ αὐτοῦ ἐπαινῶν — ἀνάμνησον
 γάρ με, εἴπερ οἶσθα—ὁπότε ὕδωρ ἄριστον
 εἰπὼν εἶτα τὸ χρυσίον θαυμάζει, εὖ ποιῶν, ἐν ἀρχῇ
 εὐθὺς τοῦ καλλίστου τῶν ᾀσμάτων ἁπάντων;</p>
 </sp>
 
 <sp>
 <speaker>ΑΛΕΚΤΡΥΩΝs</speaker>
 <p>Μῶν ἐκεῖνο ζητεῖς,
 ἄριστον μὲν ὕδωρ, ὁ δὲ χρυσὸς αἰθόμενον πῦρ
 ἅτε διαπρέπει νυκτὶ μεγάνορος ἔξοχα πλούτου;</p>
 </sp>
 
 <sp>
 <speaker>ΜΙΚΥΛΛΟΣ</speaker>
 <p>Νὴ Δία αὐτὸ τοῦτο· ὥσπερ γὰρ τοὐμὸν ἐνύπνιον
 ἰδὼν ὁ Πίνδαρος οὕτως ἐπαινεῖ τὸ χρυσίον.
 ὡς δὲ ἤδη μάθῃς οἷόν τι ἦν, ἄκουσον, ὦ σοφώτατε
 ἀλεκτρυών. ὅτι μὲν οὐκ οἰκόσιτος ἦν χθές, οἶσθα·
 Εὐκράτης γάρ με ὁ πλούσιος ἐντυχὼν ἐν ἀγορᾷ
 λουσάμενον ἥκειν ἐκέλευε τὴν ὥραν ἐπὶ τὸ δεῖπνον.</p>
 </sp>
 </div>
 
 <div type="textpart" subtype="section" n="8">
 <pb n="188"/>
 <sp>
 <speaker>ΑΛΕΚΤΡΥΩΝ</speaker>
 <p>8 Οἶδα πάνυ τοῦτο πεινήσας παῤ ὅλην τὴν ἡμέραν,
 ἄχρι μοι βαθείας ἤδη ἑσπέρας ἦκες ὑποβεβρεγμένος
 τοὺς πέντε κυάμους ἐκείνους κομίζων, οὐ
 πάνυ δαψιλὲς τὸ δεῖπνον ἀλεκτρυόνι ἀθλητῇ ποτε
 γενομένῳ καὶ Ὀλύμπια οὐκ ἀφανῶς ἀγωνισαμένῳ.</p>
 </sp>
 
 <sp>
 <speaker>ΜΙΚΥΛΛΟΣ</speaker>
 <p>Ἐπεὶ δὲ δειπνήσας ἐπανῆλθον, ἐκάθευδον εὐθύς
 τοὺς κυάμους σοι παραβαλών, εἶτά μοι κατὰ τὸν
 Ὅμηρον “ἀμβροσίην διὰ νύκτα θεῖός τις ὡς
 ἀληθῶς ὄνειρος ἐπιστὰς <gap reason="omitted"/></p>
 </sp>
 
 <sp>
 <speaker>ΑΛΕΚΤΡΥΩΝ</speaker>
 <p>Τὰ παρὰ τῷ Εὐκράτει πρότερον, ὦ Μίκυλλε,
 διήγησαι, καὶ τὸ δεῖπνον οἷον ἐγένετο καὶ τὰ ἐν τῷ
 συμποσίῳ πάντα· κωλύει γὰρ οὐδὲν αὖθίς σε δειπνεῖν
 ὥσπερ ὄνειρόν τινα τοῦ δείπνου ἐκείνου
 ἀναπλάττοντα καὶ ἀναμαρυκώμενον τῇ μνήμῃ τὰ
 βεβρωμένα.</p>
 </sp>
 </div>
 
 <div type="textpart" subtype="section" n="9">
 <sp>
 <speaker>ΜΙΚΥΛΛΟΣ</speaker>
 <p>9 Ὤιμην ἐνοχλήσειν καὶ ταῦτα διηγούμενος· ἐπεὶ
 δὲ σὺ προθυμῇ, καὶ δὴ λέγω. οὐ πρότερον, ὦ
 Πυθαγόρα, παρὰ πλουσίῳ τινὶ δειπνήσας ἐν
 ἅπόντι τῷ βίῳ, τύχῃ τινὶ ἀγαθῇ ἐντυγχάνω
 χθὲς τῷ Εὐκράτει, καὶ ἐγὼ μὲν προσειπὼν αὐτὸν
 ὥσπερ εἰώθειν δεσπότην ἀπηλλαττόμην, ὡς μὴ
 καταισχύναιμι αὐτὸν ἐν πενιχρῷ τῷ τρίβωνι
 σνμπαρομαρτῶν, ὁ δέ, “Μίκυλλε,” φησί, “θυγατρὸς
 τήμερον ἑστιῶ γενέθλια καὶ παρεκάλεσα τῶν
 φίλων μάλα πολλούς· ἐπεὶ δέ τινά φασιν αὐτῶν
 μαλακῶς ἔχοντα οὐχ οἷόν τε εἶναι συνδειπνεῖν
 μεθʼ ἡμῶν, σὺ  ἀντʼ ἐκείνου ἧκε λονσάμενος, ἢν μὴ
 
 <pb n="190"/>
 ὅ γε κληθεὶς αὐτὸς εἴπῃ ἀφίξεσθαι, ὡς νῦν γε
 ἀμφίβολός ἐστιν.” τοῦτο ἀκούσας ἐγὼ προσκυνήσας
 ἀπῄειν εὐχόμενος ἅπασι θεοῖς ἠπίαλόν
 τινα ἢ πλευρῖτιν ἢ ποδάγραν ἐπιπέμψαι τῷ
 μαλακιζομένῳ ἐκείνῳ οὗ ἔφεδρος ἐγὼ καὶ ἀντίδειπνος
 καὶ διάδοχος ἐκεκλήμην· καὶ τὸ ἄχρι τοῦ
 λουτροῦ αἰῶνα μήκιστον ἐτιθέμην, συνεχὲς ἐπισκοπῶν
 ὁποσάπουν τὸ στοιχεῖον εἴη καὶ πηνίκα
 ἤδη λοῦσθαι<note type="footnote" n="1"></note> δέοι.</p>
 <p>Κἀπειδή ποτε ὁ καιρὸς ἀφίκετο, πρὸς τάχος
 ἐμαυτὸν ἀπορρύψας ἄπειμι κοσμίως μάλα ἐσχηματισμένος,
 ἀναστρέψας τὸ τριβώνιον ὡς ἐπὶ τοῦ
 καθαρωτέρου γένοιτο ἡ ἀναβολή·</p>
 </sp>
 </div>
 
 <div type="textpart" subtype="section" n="10">
 <p>10 καταλαμβάνω
 τε πρὸς ταῖς θύραις ἄλλους τε πολλοῦς καὶ δὴ
 κἀκεῖνον φοράδην ὑπὸ τεττάρων κεκομισμένον, ᾧ
 με ὑποδειπνεῖν ἔδει, τὸν νοσεῖν λεγόμενον, καὶ
 ἐδήλου δὲ πονήρως ἔχων· ὑπέστενε γοῦν καὶ
 ὑπέβηττε καὶ ἐχρέμπτετο μύχιόν τι καὶ δυσπρόσοδον,
 ὠχρὸς ὅλος ὢν καὶ διῳδηκώς, ἀμφὶ τὰ ἑξήκοντα
 ἔτη σχεδόν· ἐλέγετο δὲ φιλόσοφός τις
 εἶναι τῶν πρὸς τὰ μειράκια φλυαρούντων. ὁ γοῦν
 πώγων μάλα τραγικὸς ἦν ἐς ὑπερβολὴν κουριῶν.
 καὶ αἰτιωμένου γε Ἀρχιβίου τοῦ ἰατροῦ διότι
 οὕτως ἔχων ἀφίκετο, “Τὰ καθήκοντα,” ἔφη, “οὐ
 χρὴ προδιδόναι, καὶ ταῦτα φιλόσοφον ἄνδρα, κἂν
 μυρίαι νόσοι ἐμποδὼν ἱστῶνται· ἡγήσεται γὰρ
 Εὐκράτης ὑπερεωρᾶσθαι πρὸς ἡμῶν.” “Οὐ μὲν
 οὖν,” εἶπον ἐγώ, “ἀλλ᾿ ἐπαινέσεταί σε, ἢν οἴκοι
 παρὰ σαυτῷ μᾶλλον ἀποθανεῖν ἐθέλῃς ἤπερ ἐν τῷ
 συμποσίῳ, συναναχρεμψάμενος τὴν ψυχὴν μετὰ
 τοῦ φλέγματος.” ἐκεῖνος μὲν οὖν ὑπὸ μεγαλοφροσύνης
 <note type="footnote">1 λοῦσθαι Cobet: λελοῦσθαι MSS.</note>
 
 <pb n="192"/>
 οὐ προσεποιεῖτο ἀκηκοέναι τοῦ σκαώμματος·
 ἐφίσταται δὲ μετὰ μικρὸν ὁ Εὐκράτης
 λελουμένος καὶ ἰδὼν τὸν Θεσμόπολιν—τοῦτο γὰρ
 ὁ φιλόσοφος ἐκαλεῖτο—“ Διδάσκαλε,” φησίν, “εὖ
 μὲν ἐποίησας αὐτὸς κῶν παῤ ἡμᾶς, οὐ μεῖον δʼ
 ἄν τί σοι ἐγένετο, καὶ ἀπόντι γὰρ ἅπαντα ἑξῆς
 ἀπέσταλτο ἄν·” καὶ ἅμα λέγων εἰσῄει χειραγωγῶν
 τὸν Θεσμόπολιν ἐπερειδόμενον καὶ τοῖς
 οἰκέταις.</p>
 </div>
 
 <div type="textpart" subtype="section" n="11">
 <p>ἐγὼ μὲν οὖν ἀπιέναι παρεσκευαζόμην, ὁ
 δὲ ἐπιστραφεὶς καὶ ἐπὶ πολύ ἐνδοιάσας, ἐπεί με
 πάνυ σκυθραωπὸν εἶδε, “ Πάριθι,” ἔφη, “ καὶ σύ, ὦ
 Μίκυλλε, καὶ συνδείπνει μεθʼ ἡμῶν· τὸν υἱὸν γὰρ
 ἐγὼ κελεύσω ἐν τῇ γυναικωνίτιδι μετὰ τῆς μητρὸς
 ἑστιᾶσθαι, ὡς σὺ χώραν ἔχῃς.” εἰσῄειν οὖν μάτην
 λύκος χανὼν παρὰ μικρόν, αἰσχυνόμενος ὅτι
 ἐδόκουν ἐξεληλακέναι τοῦ συμποσίου τὸ παιδίον
 τοῦ Εὐκράτους.</p>
 <p>Κἀπειδὴ κατακλίνεσθαι καιρὸς ἧν, πρῶτον μὲν
 ἀράμενοι ἀνέθεσαν τὸν Θεσμόπολιν σὐκ ἀπραγμόνως
 μὰ Δία πέντε οἶμαι νεανίσκοι εὐμεγέθεις,
 ὑπαυχένια περιβύσαντες αὐτῷ πάντοθεν, ὡς διαμενοι
 ἐν τῷ σχήματι καὶ ἐπὶ πολὺ καρτερεῖν
 δύναιτο. εἶτα μηδενὸς ἀνεχομένου πλησίον κατακεῖσθαι
 αὐτοῦ ἐμὲ ὑποκατακλίνουσι φέροντες, ὡς
 ὁμοτράπεζοι εἴημεν. τοὐντεῦθεν ἐδειπνοῦμεν, ὦ
 Πυθαγόρα, πολύοψόν τι καὶ ποικίλον δεῖπνον ἐπὶ
 χρυσοῦ πολλοῦ καὶ ἀργύρου· καὶ ἐκπώματα ἦν
 
 <pb n="194"/>
 χρυσᾶ καὶ διάκονοι ὡραῖοι καὶ μουσουργοὶ καὶ
 γελωτοποιοὶ μεταξύ, καὶ ὅλως ἡδίστη τις ἦν ἡ
 διατριβή, πλὴν ἀλλ᾿ ἕν με ἐλύπει οὐ μετρίως, ὁ
 Θεσμόπολις ἐνοχλῶν καὶ ἀρετήν τινα πρός με
 διεξιὼν καὶ διδάσκων ὡς αἱ δύο ἀποφάσεις μίαν
 κατάφασιν ἀποτελοῦσι καὶ ὡς εἰ ἡμέρα ἐστί, νὺξ
 οὐκ ἔστιν, ἐνίοτε δὲ καὶ κέρατα ἔφασκεν εἶναί μοι·
 καὶ τοιαῦτα πολλὰ οὐδὲν δεομένῳ προσφιλοσοφῶν
 συνῄρει καὶ ὑπετέμνετο τὴν εὐφροσύνην, οὐκ
 ἐῶν ἀκούειν τῶν κιθαριζόντων ἢ ᾀδόντων. τοῦτο
 μέν σοι, ὦ ἀλεκτρυών, τὸ δεῖπνον.</p>
 
 
 <sp>
 <speaker>ΑΛΕΚΤΡΥΩΝ</speaker>
 <p>Οὐχ ἥδιστον, ὦ  Μίκυλλε, καὶ μάλιστα ἐπεὶ
 συνεκληρώθης τῷ λήρῳ ἐκείνῳ γέροντι.</p>
 </sp>
 </div>
 
 <div type="textpart" subtype="section" n="12">
 <sp> 
 <speaker>ΜΙΚΥΛΛΟΣ</speaker>
 <p>12 Ἄκουε δὲ ἤδη καὶ τὸ ἐνύπνιον· ᾤμην γὰρ τὸν
 Εὐκράτην αὐτὸν ἄπαιδα ὄντα οὐκ οἶδ᾿ ὅπως ἀποθνήσκειν,
 εἶτα προσκαλέσαντά με καὶ διαθήκας
 θέμενον ἐν αἷς ὁ κληρονόμος ἦν ἁπάντων ἑγώ,
 μικρὸν ἐπισχόντα ἀποθανεῖν· ἐμαυτὸν δὲ παρελθόντα
 ἐς τὴν οὐσίαν τὸ μὲν χρυσίον καὶ τὸ
 ἀργύριον ἐξαντλεῖν σκάφαις τισὶ μεγάλαις ἀέναόν
 τε καὶ πολὺ ἐπιρρέον, τὰ δ᾿ ἄλλα, τὴν ἐσθῆτα καὶ
 τραπέζας καὶ ἐκπώματα καὶ διακόνους, πάντα ἐμὰ
 ὡς τὸ εἰκὸς εἶναι. εἶτα ἐξήλαυνον ἐπὶ λευκοῦ
 ζεύγους, ἐξυπτιάζων, περίβλεπτος ἅπασι τοῖς
 ὁρῶσι καὶ ἐπίφθονος. καὶ προέθεον πολλοὶ καὶ
 παρίππευον<note type="footnote" n="1"></note> καὶ εἵποντο πλείους. ἐγὼ δὲ τὴν
 ἐσθῆτα τὴν ἐκείνου ἔχων καὶ δακτυλίους βαρεῖς
 <note type="footnote">1 παρίππευον Mehler: προίππευον MSS.</note>
 
 <pb n="196"/>
 ὅσον ἑκκαίδεκα ἐξημμένος τῶν δακτύλων ἐκέλευον
 ἑστίασίν τινα λαμπρὰν εὐτρεπισθῆναι ἐς ὑποδοχὴν
 τῶν φίλων· οἱ δέ, ὡς ἐν ὀνείρῳ εἰκός, ἤδη
 παρῆσαν καὶ τὸ δεῖπνον εἰσεκομίζετο καὶ ὁ πότος
 συνεκροτεῖτο. ἐν τούτῳ ὄντα με καὶ φιλοτησίας
 προπίνοντα ἐν χρυσαῖς φιάλαις ἑκάστῳ τῶν
 παρόντων, ἤδη τοῦ πλακοῦντος ἐσκομιζομένου
 ἀναβοήσας ἀκαίρως συνετάραξας μὲν ἡμῖν τὸ
 συμπόσιον, ἀνέτρεψας δὲ τὰς τραπέζας, τὸν δὲ
 πλοῦτον ἐκεῖνον ὑπηνέμιον φέρεσθαι παρεσκεύασας.
 ἆρά σοι ἀλόγως ἀγανακτῆσαι. κατὰ
 σοῦ δοκῶ; ὡς τριέσπερον ἂν ἡδέως ἐπεῖδον τὸν
 ὄνειρόν μοι γενόμενον.</p>
 </sp>
 </div>
 
 <div type="textpart" subtype="section" n="13">
 <sp>
 <speaker>ΑΛΕΚΤΡΩΝ</speaker>
 <p>13 Οὕτω φιλόχρνσος εἷ καὶ φιλόπλουτος, ὦ Μικυλλε,
 καὶ μόνον τοῦτο ἐξ ἅπαντος θαυμάζεις καὶ
 γῇ εὔδαιμον εἶναι, πολὺ κεκτῆσθαι χρυσίον;</p>
 </sp>
 
 <sp>
 <speaker>ΜΙΚΥΛΛΟΣ</speaker>
 <p>Oὐκ ἐγὼ μόνος, ὦ Πυθαγόρα, τοῦτο, ἀλλὰ καὶ
 σὺ αὐτός, ὁπότε Εὔφορβος ἦσθα, χρυσὸν καὶ ἄργυρον
 ἐξημμένος τῶν βοστρύχαων ᾔεις πολεμήσων
 τοῖς Ἀχαιοῖς, καὶ ἐν τῷ πολέμῳ, ἔνθα σιδηροφορεῖν
 ἄμεινον ἦν, σὺ δὲ καὶ τότε ἠξίους χρυσῷ ἀναδεδεμένος
 τοὺς πλοκάρμους διακινδυνεύσειν. καί μο
 δοκεῖ ὁ Ὅμηρος διὰ τοῦτο Χαρίτεσσιν ὁμοίας
 εἰπεῖν σου τὰς κόμας, ὅτι “χρυσῷ τε καὶ ἀργύρῳ
 ἐσφήκωντο.” μακρῷ γὰρ ἀμείνους δηλαδὴ καὶ
 ἐρασμιώτεραι ἐφαίνοντο συναναπεπλεγμέναι τῷ
 χρυσίῳ καὶ συναπολάμπουσαι μετ᾿ αὐτοῦ. καίτοι
 τὰ μὲν σά, ὦ χρυσοκόμη, μέτρια, εἰ Πάνθου υἱὸς
 ὢν ἐτίμας τὸ χρυσίον· ὁ δὲ πάντων θεῶν πατὴρ
 
 <pb n="198"/>
 καὶ ἄνδρων, ὁ Κρόνου καὶ Ῥέας, ὁπότε ἠράσθη τῆς
 Ἀργολικῆς ἐκείνης μείρακος, οὐκ ἔχων εἰς ὅ τι
 ἐρασμιώτερον αὑτὸν μεταβάλοι οὐδὲ ὅπως <note type="footnote" n="1"></note>
 διαφθείρειε τοῦ Ἀκρισίου τὴν φροράν—ἀκούεις
 δήπου ὡς χρυσίον ἐγένετο καὶ ῥυεὶς διὰ τοῦ τέγους
 σιυνῆν τῇ ἀγαπωμενῃ. ὥστε τί ἄν σοι τὸ ἐπὶ
 τούτῳ ἔτι λέγοιμι, ὅσας μὲν χρείας παρέχεται ὁ
 χρνσος, ὡς δὲ οἷς ἂν παρῇ, καλούς τε αὐτοὺς καὶ
 σοφοὺς καὶ ἰσχυροὺς ἀπεργάζεται τιμὴν καὶ δόξαν
 προσάπτων, καὶ ἐξ ἀφανῶν καὶ ἀδόξων ἐνίοτε
 περιβλέπτους καὶ ἀοιδίμους ἐν βραχεῖ τίθησι;</p>
 </sp>
 </div>
 
 <div type="textpart" subtype="section" n="14">
 <p>14 τὸν
 γειτοναα γοῦν μοι τὸν ὁμότεχνον οἴσθα τὸν Σίμαωνα,
 οὐ πρὸ πολλοῦ δειπνήσαντα παρ ἐμοί, ὅτε τὸ
 ἔτνος ψουν τοῖς Κρονίοις δύο τόμους τοῦ ἀλλᾶντος
 ἐμβαλών.</p>
 
 <sp>
 <speaker>ΑΝΚΕΤΡΩΝ</speaker>
 <p>Oἶδα· τὸν σιμόν, τὸν βραχύν, ὃς τὸ κεραμεοῦν
 τρύβλιον ὑφελόμενος χετο ὑπὸ μάλης ἔχων μετὰ
 τὸ δεῖπνον, ὃ μόνον ἡμῖν ὑπῆρχεν· εἶδον γὰρ
 αὐτός, ὦ Mίκυλλε.</p>
 </sp>
 
 <sp>
 <speaker>ΜΙΚΥΛΛΟΣ</speaker>
 <p>Οὐκοῦν ἐκεῖνος αὐτὸ κλέψας εἶτα ἀπωμόσατο<note type="footnote" n="2"></note>
 θεοὺς τοσούτους; ἀλλὰ τί οὐκ ἐβόας καὶ ἐμήνυες
 τότε, ὦ ἀλεκτρυών, ληιζομένους ἡμᾶς ὁρῶν;</p>
 </sp>
 
 <sp>
 <speaker>ΑΛΕΚΤΡΥΩΝ</speaker>
 <p>Ἐκόκκυζον, ὃ μόνον μοι τότε δυνατὸν ἦν. τί δʼ
 οὖν ὁ Σίμων; ἐῴκεις γάρ τι περὶ αὐτοῦ ἐρεῖν.</p>
 </sp>
 
 <sp>
 <speaker>ΜΙΚΥΛΛΟΣ</speaker>
 <p>Ἀνεψιὸς ἧν αὐτῷ πλούσιος ἐς ὑπερβολήν,
 Δριμύλος τοὔνομα. οὗτος ζῶν μὲν οὐδὲ ὀβολὸν
 <note type="footnote">1 ὅπως ἂν ἄλλως? 2 ἀπωμόσατο de Jong : ἐπωμόσατο MSS.</note>
 
 <pb n="200"/>
 ἔδωκε τῷ Σίμωνι—πῶς γάρ, ὃς οὐδὲ αὐτὸς ἥπτετο
 τῶν χρημάτων; ἐπεὶ δὲ ἀπέθανε πρῴην, ἀπόντα
 ἐκεῖνα κατὰ τοὺς νόμους Σίμωνός ἐστι, καὶ νῦν
 ἐκεῖνος ὁ τὰ ῥάκια τὰ πιναρά, ὁ τὸ τρύβλιον
 περιλείχων, ἄσμενος ἐξελαύνει ἁλουργῆ καὶ ὑσγινοβαφῆ
 ἀμπεχόμενος, οἰκέτας καὶ ζεύγη καὶ
 χρυσᾶ ἐκπώματα καὶ ἐλεφαντόποδας τραπέζας
 ἔχων, ὑφʼ ἀπάντων προσκυνούμενος, οὐδὲ προσβλέπων
 ἔτι ἡμᾶς· ἔναγχος γοῦν ἐγὼ μὲν ἰδὼν
 προσιόντα, “Χαῖρε,” ἔφην, “ὦ Σίμων,” ὁ δὲ
 ἀγανακτήσας, “ Εἴπατε,” ἔφη, “τῷ πτωχῷ τούτῳ
 μὴ κατασμικρύνειν μου τοὔνομα· οὐ γὰρ Σίμων,
 ἀλλὰ Σιμωνίδης ὀνομάζομαι.” τὸ δὲ μέγιστον,
 ἤδη καὶ ἐρῶσιν αὐτοῦ αἰ γυναῖκες, ὁ δὲ θρύπτεται
 πρὸς αὐτὰς καὶ ὑπερορᾶ καὶ τὰς μὲν προσίεται
 καὶ ἵλεώς ἐστιν, αἱ δὲ ἀπειλοῦσιν ἀναρτήσειν
 αὑτὰς ἀμελούμεναι. ὁρᾷς ὅσων ἀγαθῶν ὁ χρυσὸς
 αἴτιος, εἴ γε καὶ μεταποιεῖ τοὺς ἀμορφοτέρους
 καὶ ἐρασμίους ἀπεργάζεται ὥσπερ ὁ ποιητικὸς
 ἐκεῖνος κεστός. ἀκούεις δὲ καὶ τῶν ποιητῶν
 λεγόντων·
 <lg><l>χρυσέ, δεξίωμα κάλλιστον</l></lg>
 καὶ
 <lg><l>χρυσὸς γάρ ἐστιν ὃς βροτῶν ἔχει κράτη.</l></lg>
 ἀλλὰ τι μεταξὺ ἐγέλασας, ὦ ἀλεκτρυών;</p>
 </sp>
 </div>
 
 <div type="textpart" subtype="section" n="15">
 <sp>
 <speaker>ΑΛΕΚΤΡΥΩΝ</speaker>
 <p>15 Ὅτι ὑπʼ ἀγνοίας, ὦ Μίκυλλε, καὶ σὺ τὰ ὅμοια
 τοῖς πολλοῖς ἐξηπάτησαι περὶ τῶν πλουσίων· οἱ
 δ᾿ εὖ ἴσθι πολὺ ὑμῶν ἀθλιώτερον τὸν βίον βιοῦσι·
 
 <pb n="202"/>
 λέγω δέ σοι καὶ πενης καὶ πλούσιος πολλάκις
 γενόμενος καὶ ἅπαντος βίου πεπειραμένος· μετὰ
 μικρὸν δὲ καὶ αὐτὸς εἴσῃ ἕκαστα.</p>
 </sp>
 
 <sp>
 <speaker>ΜΙΚΥΛΛΟΣ</speaker>
 <p>Νὴ Δια, καιρὸς γοῦν ἤδη καὶ σὲ εἰπεὶν ὅπως
 ἠλλάγης καὶ ἃ σύνοισθα τῷ βίῳ ἑκάστῳ.</p>
 </sp>
 
 <sp>
 <speaker>ΑΛΕΚΤΡΥΩΝ</speaker>
 <p>Ακουε τοσοῦτόν γε προειδώς, μηδένα με σοῦ
 εὐδαιμονέστερον βιοῦντα ἑωρακέναι.</p>
 </sp>
 
 <sp>
 <speaker>ΜΙΚΥΛΛΟΣ</speaker>
 <p>Ἐμοῦ, ὦ ἀλεκτρυών; οὕτω σοὶ γένοιτο· προάγῃ
 γάρ με λοιδορεῖσθαί σοι. ἀλλὰ εἰπὲ ἀπὸ Εὐφόρβου
 ἀρξάμενος ὅπως ἐς Πυθαγόραν μετεβλήθης,
 εἶτα ἑξῆς ἄχρι τοῦ ἀλεκτρυόνος· εἰκὸς γάρ σε
 ποικίλα καὶ ἰδεῖν καὶ παθεῖν ἐν πολυειδέσι τοῖς
 βίοις.</p>
 </sp>
 </div>
 
 <div type="textpart" subtype="section" n="16">
 <sp> 
 <speaker>ΑΛΕΚΤΡΥΩΝ</speaker>
 <p>16 Ὡς μὲν ἐξ Ἀπόλλωνος τὸ πρῶτον ἡ ψυχή μοι
 καταπταμένη ἐς τὴν γῆν ἐνέδυ ἐς ἀνθρώπου σῶμα
 ἥντινα τὴν καταδίκην ἐκτελοῦσα, μακρὸν ἂν εἴη
 λέγειν, ἄλλως τε οὐδὲ ὅσιον οὔτε ἐμοὶ εἰπεῖν οὔτε
 σοὶ ἀκούειν τὰ τοιαῦτα. ἐπεὶ δὲ Εὔφορβος
 ἐγενόμην <gap reason="omitted"/></p>
 </sp>
 
 <sp>
 <speaker>ΜΙΚΥΛΛΟΣ</speaker>
 <p>Ἐγὼ δὲ πρό γε τούτου, ὦ θαυμάσιε, τίς ἦν;
 τοῦτό μοι πρότερον εἰπέ, εἰ κἀγώ ποτε ἠλλάγην
 ὥσπερ σύ.</p>
 </sp>
 
 <sp>
 <speaker>ΑΛΕΚΤΡΥΩΝ</speaker>
 <p>Καὶ μάλα.</p>
 </sp>
 
 <pb n="204"/>
 <sp>
 <speaker>ΜΙΚΥΛΛΟΣ</speaker>
 <p>Τίς οὖν ἦν, εἴ τι ἔχεις εἰπεῖν; ἐθέλω γὰρ τοῦτο
 εἰδέναι.</p>
 </sp>
 
 <sp>
 <speaker>ΑΛΕΚΤΡΥΩΝ</speaker>
 <p>Συ; μύρμηξ Ἰνδικὸς τῶν τὸ χρυσιον ἀνορυττόντων,</p>
 </sp>
 
 <sp>
 <speaker>ΜΙΚΥΛΛΟΣ</speaker>
 <p>Εἶτα ὤκνουν ὁ κακοδαίμων κἂν ὀλιγα τῶν
 ψηγμάτων ἥκειν ἐς τόνδε τὸν βίον ἐξ εκείνοι
 ἐπισιτισάμενος; ἀλλὰ καὶ τί μετὰ τοῦτο ἔσομαι,
 εἰπέ· εἰκὸς γὰρ εἰδέναι σε. εἰ γάρ τι ἀγαθὸν
 εἴη, ἀπάγξομαι ἤδη ἀναστὰς ἀπὸ τοῦ παττάλου
 ἐφʼ οὗ σὺ ἕστηκας.</p>
 </sp>
 </div>
 
 <div type="textpart" subtype="section" n="17">
 <sp>
 <speaker>ΑΛΕΚΤΡΥΩΝ</speaker>
 <p>17 Οὐκ ἂν μάθοις τοῦτο οὐδεμιᾷ μηχανῇ. πλὴν
 ἀλλὰ ἐπείπερ Εὔφορβος ἐγενόμην—ἐπάνειμι γὰρ
 ἐπʼ ἐκεῖνα—ἐμαχόμην ἐν Ἰλίῳ καὶ ἀποθανὼν ὑπὸ
 Μενελάου χρόνῳ ὕστερον ἐς Πνθαγόραν ἧκον,
 τέως δὲ περιέμενον ἄοικος ἑστώς, ἄχρι δὴ ὁ
 Μνήσαρχος ἐξεργάσηταί μοι τὸν οἶκον.</p>
 </sp>
 
 <sp>
 <speaker>ΜΙΚΤΛΛΟΣ</speaker>
 <p>Ἄσιτος ὤν, ὦ τάν, καὶ ἄποτος;</p>
 </sp>
 
 <sp>
 <speaker>ΑΛΕΚΤΡΥΩΝ</speaker>
 <p>Καὶ μάλα· οὐδὲ γὰρ ἔδει τούτων ἢ μόνῳ τῷ
 σώματι.</p>
 </sp>
 
 <sp>
 <speaker>ΜΙΚΥΛΛΟΣ</speaker>
 <p>Οὐκοῦν τὰ ἐν Ἰλίῳ μοι πρότερον εἰπέ. τοιαῦτα
 ἦν οἷά φησιν Ὅμηρος γενέσθαι αὐτά;</p>
 </sp>
 
 <sp>
 <speaker>ΑΛΕΚΤΡΥΩΝ</speaker>
 <p>Πόθεν ἐκεῖνος ἠπίστατο, ὦ Μίκυλλε, ὃς γινομένων
 ἐκείνων κάμηλος ἐν Βάκτροις ἦν; ἐγὼ δὲ
 
 <pb n="206"/>
 τοσοῦτόν σοί φημι, ὑπερφυὲς μηδὲν γενέσθαι
 τότε, μήτε τὸν Αἴαντα οὕτω μέγαν μήτε τὴν
 Ἑλένην αὐτὴν οὕτω καλὴν ὡς οἴονται. εἶδον γὰρ
 λευκὴν μέν τινα καὶ ἐπιμήκη τὸν τράχηλον, ὡς
 εἰκάζειν κύκνου θυγατέρα εἶναι, τἆλλα δὲ πάνυ
 πρεσβῦτιν, ἡλικιῶτιν σχεδὸν τῆς Ἑκάβης, ἥν
 γε Θησεὺς πρῶτον ἁρπάσας ἐν Ἀφίδναις εἶχε
 κατὰ τὸν Ἡρακλέα γενόμενος, ὁ δὲ Ἡρακλῆς
 πρότερον εἶλε Τροίαν κατὰ τοὺς πατέρας ἡμῶν
 τοὺς τότε μάλιστα. διηγεῖτο γάρ μοι ὁ Πάνθους
 ταῦτα, κομιδῇ μειράκιον ὢν ἑωρακέναι λέγων τὸν
 Ἡρακλέα.</p>
 </sp>
 
 <sp>
 <speaker>ΜΙΚΥΛΛΟΣ</speaker>
 <p>Τί δέ; ὁ Ἀχιλλεὺς τοιοῦτος ἦν, ἄριστος τὰ
 πάντα, ἢ μῦθος ἄλλως καὶ ταῦτα;</p>
 </sp>
 
 <sp>
 <speaker>ΑΛΕΚΤΡΥΩΝ</speaker>
 <p>Ἐκείνῳ μὲν οὐδὲ συνηνέχθην, ὦ Μίκυλλε, σὐδ᾿
 ἂν ἔχοιμί σοι οὕτως ἀκριβῶς τὰ παρὰ τοῖς
 Ἀχαιοῖς λέγειν· πόθεν γάρ, πολέμιος ὤν; τὸν
 μέντοι ἑταῖρον αὐτοῦ τὸν Πάτροκλον οὐ χαλεπῶς
 ἀπέκτεινα διελάσας τῷ δορατίῳ.</p>
 </sp>
 
 <sp>
 <speaker>ΜΙΚΥΛΛΟΣ</speaker>
 <p>Εἶτά σε ὁ Μενέλαος μακρῷ εὐχερέστερον.
 ἀλλὰ ταῦτα μὲν ἱκανῶς, τὰ Πυθαγόρου δὲ ἤδη
 λέγε.</p>
 </sp>
 </div>
 
 <div type="textpart" subtype="section" n="18"> 
 <sp>
 <speaker>ΑΛΕΚΤΡΥΩΝ</speaker>
 <p>18 Τὸ μὲν ὅλον, ὦ Μίκυλλε, σοφιστὴς ἄνθρωπος
 ἦν· χρὴ γάρ, οἶμαι, τἀληθῆ λέγειν· ἄλλως δὲ
 οὐκ ἀπαίδευτος οὐδὲ ἀμελέτητος τῶν καλλίστων
 
 <pb n="208"/>
 μαθημάτων· ἀπεδήμησα δὲ καὶ εἰς Αἴγυπτον,
 ὡς συγγενοίμην τοῖς προφήταις ἐπὶ σοφίᾳ, καὶ
 ἐς τὰ ἄδυτα κατελθὼν ἐξέμαθον τὰς βίβλους τὰς
 Ὥρου καὶ Ἴσιδος, καὶ αὖθις εἰς Ἰταλίαν ἐκπλεύσας
 οὕτω διέθηκα τοὺς κατʼ ἐκεῖνα Ἕλληνας,
 ὥστε θεὸν ἧγόν με.</p>
 </sp>
 
 <sp>
 <speaker>ΜΙΚΥΛΛΟΣ</speaker>
 <p>Ἤκουσα ταῦτα καὶ ὡς δόξειας ἀναβεβιωκέναι
 ἀποθανὼν καὶ ὥς χρισοῦν τὸν μηρὸν ἐπιδείξαιό
 ποτε αὐτοῖς. ἐκεῖνο δέ μοι εἰπέ, τί σοι ἐπῆλθε
 νόμον ποιήσασθαι μήτε κρεῶν μήτα κυάμων
 ἐσθίειν;</p>
 </sp>
 
 <sp>
 <speaker>ΑΛΕΚΤΡΥΩΝ</speaker>
 <p>Μὴ ἀνάκρινε ταῦτα, ἦ Μίκυλλε.</p>
 </sp>
 
 <sp>
 <speaker>ΜΙΚΥΛΛΟΣ</speaker>
 <p>Διὰ τί, ὦ ἀλεκτρυών;</p>
 </sp>
 
 <sp>
 <speaker>ΑΛΕΚΤΡΥΩΝ</speaker>
 <p>Ὅτι αἰσχύνομαι λέγειν πρὸς σὲ τὴν ἀλήθειαν
 περὶ αὐτῶν.</p>
 </sp>
 
 <sp>
 <speaker>ΜΙΚΥΛΛΟΣ</speaker>
 <p>Καὶ μὴν οὐδὲν ὁκνεῖν χρὴ λέγειν πρὸς ἄνδρα
 σύνοικον καὶ φίλον· δεσπότην γὰρ οὐκ ἂν ἔτι
 εἴποιμι.</p>
 </sp>
 
 <sp>
 <speaker>ΑΛΕΚΤΡΥΩΝ</speaker>
 <p>Οὐδὲν ὑγιὲς οὐδὲ σοφὸν ἧν, ἄλλʼ ἑώρων ὅτι
 εἰ μὲν τὰ συνήθη καὶ ταὐτὰ τοῖς πολλοῖς νομίζοιμι,
 ἥκιστα ἐπισπάσομαι τοὺς ἀνθρώπους ἐς
 τὸ θαῦμα, ὅσῳ δʼ ἂν ξενίζοιμι, τοσούτῳ σεμνότερος<note type="footnote" n="1"></note>
 ᾤμην αὐτοῖς ἔσεσθαι. διὰ τοῦτο καινοποιεῖν
 εἱλόμην ἀπόρρητον ποιησάμενος τὴν
 αἰτίαν, ὡς εἰκάζοντες ἄλλος ἄλλως ἄπαντες
 <note type="footnote">1 σεμνότερος Seager : καινότερος MSS.</note>
 
 <pb n="210"/>
 ἐκπλήττωνται καθάπερ ἐπὶ τοῖς ἀσαφέσι τῶν
 χρησμῶν. ὁρᾷς; καταγελᾷς μου καὶ σὺ ἐν τῷ
 μέρει.</p>
 </sp>
 </div>
 
 <div type="textpart" subtype="section" n="19">
 <sp>
 <speaker>ΜΙΚΥΛΛΟΣ</speaker>
 <p>Οὐ τοσοῦτον ὅσον Κροτωνιατῶν καὶ Μεταποντίνων
 καὶ Ταραντίνων καὶ τῶν ἄλλων ἀφώνων
 σοι ἑπομένων καὶ προσκυνούντων τὰ ἴχνη ἃ σὺ
 19 πατῶν ἀπολιμπάνοις. ἀποδυσάμενος δὲ τὸν Πυθαγόραν
 τίνα μετημφιέσω μετ᾿ αὐτόν;</p>
 </sp>
 
 <sp>
 <speaker>ΑΛΕΚΤΡΥΩΝ</speaker>
 <p>Ἀσπασίαν τὴν ἐκ Μιλήτου ἑταίραν·</p>
 </sp>
 
 <sp>
 <speaker>ΜΙΚΥΛΛΟΣ</speaker>
 <p>Φεῦ τοῦ λόγου, καὶ γυνὴ γὰρ σὺν τοῖς ἄλλοις
 ὁ Πυθαγόρας ἐγένετο, καὶ ἦν ποτε χρόνος ὅτε
 καὶ σὺ ᾠοτόκεις, ὦ ἀλεκτρυόνων γενναιότατε, καὶ
 συνῆσθα Περικλεῖ Ἀσπασία οὖσα καὶ ἐκύεις
 ἀπ᾿ αὐτοῦ καὶ ἔρια ἔξαινες καὶ κρόκην κατῆγες
 καὶ ἐγυναικίζου ἐς τὸ ἑταιρικόν;</p>
 </sp>
 
 <sp>  
 <speaker>ΑΛΕΚΤΡΥΩΝ</speaker>
 <p>Πάντα ταῦτα ἐποίουν οὐ μόνος, ἀλλὰ καὶ Τειρεσίας
 πρὸ ἐμοῦ καὶ ὁ Ἐλάτου παῖς ὁ Καινεύς,
 ὥστε ὁπόσα ἂν ἀποσκώψῃς εἰς ἐμὲ, καὶ εἰς ἐκείνους
 ἀποσκώψας ἔσῃ.</p>
 </sp>
 
 <sp>
 <speaker>ΜΙΚΥΛΛΟΣ</speaker>
 <p>Τί οὖν; πότερος ἡδίων ὁ βίος σοι ἦν, ὅτε ἀνὴρ
 ἦσθα ἢ ὅτε σε ὁ Περικλῆς ὤπυιεν;</p>
 </sp>
 
 <pb n="212"/>
 <sp>
 <speaker>ΑΛΕΚΤΡΥΩΝ</speaker>
 <p>Ὁρᾷς οἷον τοῦτο ἠρώτησας, οὐδὲ τῷ Τειρεσίᾳ
 συνενεγκοῦσαν τὴν ἀπόκρισιν;</p>
 </sp>
 
 <sp>
 <speaker>ΜΙΚΥΛΛΟΣ</speaker>
 <p>Ἀλλὰ κἂν σὺ μὴ εἴπῃς, ἱκανῶς ὁ Εὑριπίδης
 διέκρινε τὸ τοιοῦτον, εἰπὼν ὡς τρὶς ἂν ἐθέλοι παῤ
 ἀσπίδα στῆναι ἢ ἅπαξ τεκεῖν.</p>
 </sp>
 
 <sp>
 <speaker>ΑΛΕΚΤΡΥΩΝ</speaker>
 <p>Καὶ μὴν ἀναμνήσω σε, ὦ Μίκυλλε, οὐκ εἰς μακρὰν
 ὠδίνουσαν· ἔσῃ γὰρ γυνὴ καὶ σὺ ἐν πολλῇ τῇ
 περιόδῳ πολλάκις.</p>
 </sp>
 
 <sp>
 <speaker>ΜΙΚΥΛΛΟΣ</speaker>
 <p>Οὐκ ἀπάγηῃ. ὦ ἀλεκτρυών, ἄπαντας οἰόμενος
 Μιλησίους ἢ Σαμίους εἶναι; σὲ γοῦν φασι καὶ
 Πυθαγόραν ὄντα τὴν ὥραν λαμπρὸν πολλάκις</p>
 </sp>
 </div>
 
 <div type="textpart" subtype="section" n="20">
 <p>20 Ἀσπασίαν γενέσθαι τῷ τυράννῳ.—τίς δὲ δὴ μετὰ
 τὴν Ἀσπασίαν ἀνὴρ ἢ γυνὴ αὖθις ἀνεφάνης;</p>
 
 <sp>
 <speaker>ΑΛΕΚΤΡΥΩΝ</speaker>
 <p>Ὁ κυνικὸς Κράτης.</p>
 </sp>
 
 <sp>
 <speaker>ΜΙΚΥΛΛΟΣ</speaker>
 <p>Ὢ Διοσκόρω τῆς ἀνομοιότητος, ἐξ ἑταίρ
 φιλόσοφος.</p>
 </sp>
 
 <sp>
 <speaker>ΑΛΕΚΤΡΥΩΝ</speaker>
 <p>Εἶτα βασιλεύς, εἶτα πένης, καὶ μετʼ ὀλίγον σατράπης,
 εἶτα ἵππος καὶ κολοιὸς καὶ βάτραχος καὶ
 ἄλλα μυρία· μακρὸν ἂν γένοιτο καταριθμησασθαι
 ἕκαστα· τὰ τελευταῖα δὲ ἀλεκτρυὼν πολλάκις,
 ἥσθην γὰρ τῷ τοιούτῳ βίῳ. καὶ παρὰ πολλοῖς
 
 <pb n="214"/>
 ἄλλοις δουλεύσας καὶ πενησι <note type="footnote" n="1"></note> καὶ πλουσίοις, τὰ
 τελευταῖα καὶ σοὶ νῦν σύνειμι καταγελῶν ὁσημέραι
 ποτνιωμένου καὶ οἰμώζοντος ἐπὶ τῇ πενίᾳ καὶ τοὺς
 πλουσίους θαυμάζοντος ὑπʼ ἀγνοίας τῶν ἐκείνοις
 προσόντων κακῶν. εἰ γοῦν ᾔδεις τὰς φροντίδας
 ἃς ἔχουσιν, ἐγέλας ἂν ἐπὶ σαυτῷ πρῶτον οἰηθέντι
 ὑπερευδαίμονα εἶναι τὸν πλοῦτον.</p>
 </sp>
 
 <sp>
 <speaker>ΜΙΚΥΛΛΟΣ</speaker>
 <p>Oὐκοῦν, ὦ Πυθαγόρα—καίτοι τί μάλιστα χαίρεις
 καλούμενος, ὡς μὴ ἐπιταράττοιμι τὸν λόγον
 ἄλλοτε ἄλλον καλῶν;</p>
 </sp>
 
 <sp>
 <speaker>ΑΛΕΚΤΡΥΩΝ</speaker>
 <p>Διοίσει μὲν οὐδὲν ἤν τε Εὔφορβον ἢ <note type="footnote" n="2"></note> Πυθαγόραν,
 ἤν τε Ἀσπασίαν καλῇς ἢ Κράτητα· πάντα
 γὰρ ἐγὼ ταῦτά εἰμι. πλὴν τὸ νῦν ὁρώμενον τοῦτο
 ἀλεκτρυόνα ὀνομάζων ἄμεινον ἂν ποιοῖς, ὡς μὴ
 ἀτιμάζοις εὐτελὲς εἶναι δοκοῦν τὸ ὄρνεον, καὶ
 ταῦτα τοσαύτας ἐν αὑτῷ ψυχὰς ἔχον.</p>
 </sp>
 </div>
 
 <div type="textpart" subtype="section" n="21">
 <sp>
 <speaker>ΜΙΚΥΛΛΟΣ</speaker>
 <p>21 Οὐκοῦν, ὦ ἀλεκτρυών, ἐπειδὴ ἀπάντων σχεδὸν
 ἤδη τῶν βίων ἐπειράθης καὶ πάντα οἶσθα, λέγοις
 ἂν ἤδη σαφῶς ἰδίᾳ μὲν τὰ τῶν πλουσίων ὅπως
 βιοῦσιν, ἰδίᾳ δὲ τὰ πτωχικά, ὥς μάθω εἰ ἀληθῇ
 ταῦτα φὴς εὐδαιμονέστερον ἀποφαίνων με τῶν
 πλουσίων.</p>
 </sp>
 
 <sp>
 <speaker>ΑΛΕΚΤΡΥΩΝ</speaker>
 <p>Ἰδοὺ δὴ οὕτως ἐπίσκεψαι, ὦ Μίκυλλε· σοὶ μὲν
 οὔτε πολέμου πολὺς λόγος, ἢν λέγηται ὡς οἱ πολέμιοι
 προσελαύνουσιν, οὐδὲ φροντίζεις μὴ τὸν
 ἀγρὸν τέμωσιν ἐμβαλόντες ἢ τὸν παράδεισον
 καὶ πένησι Fritzsche : βασιλεῦσι καὶ πένησι MSS.
 <note type="footnote">2 ἢ Mehler: ἤν τε MSS.</note>
 
 <pb n="216"/>
 συμπατήσωσιν ἢ τὰς ἀμπέλους δῃώσαωσιν, ἀλλὰ
 τῆς σάλπιγγγος ἀκούων μόνον, εἴπερ ἄρα, περιβλέπεις
 τὸ κατὰ σεαυτόν, οἷ τραπόμενον χρὴ
 σαωθῆναι καὶ τὸν κίνδυνον διαφυγεῖν· οἱ δʼ εὐλαβοῦνται
 μὲν καὶ ἀμφʼ αὐτοῖς, ἀνιῶνται δὲ ὁρῶντες
 ἀπὸ τῶν τειχῶν ἀγόμενα καὶ φερόμενα ὅσα εἶχον
 ἐν τοῖς ἀγροῖς. καὶ ἤν τε εἰσφέρειν δέῃ, μόνοι
 καλοῦνται, ἤν τε ἐπεξιέναι, προκινδυνεύουσι στρατηγοῦντες
 ἢ ἱππαρχοῦντες· σὺ δὲ οἰσυΐνην ἀσπίδα
 ἔχων, εὐσταλὴς καὶ κοῦφος εἰς σωτηρίαν, ἕτοιμος
 ἑστιᾶσθαι τὰ ἐπινίκια, ἐπειδὰν θύῃ ὁ στρατηγὸς
 νενικκηκώς.</p>
 </sp>
 </div>
 
 <div type="textpart" subtype="section" n="22">
 <p>22 Ἐν εἰρήνῃ τε αὗ σὺ μὲν τοῦ δήμου ὢν ἀναβὰς
 εἰς ἐκκλησίαν τυραννεῖς τῶν πλουσίων, οἱ δὲ
 φρίττουσι καὶ ὑποπτήσσουσι καὶ διανομαῖς ἱλάσκονταί
 σε. λουτρὰ μὲν γὰρ ὡς ἔχοις καὶ θεάματα
 καὶ τἆλλα διαρκῆ ἅπαντα, ἐκεῖνοι πονοῦσι,
 σὺ δὲ ἐξεταστὴς καὶ δοκιμαστὴς πικρὸς ὥσπερ
 δεσπότης, οὐδὲ λόγου μεταδιδοὺς ἐνίοτε, κἄν σοι
 δοκῇ κατεχαλάζησας αὐτῶν ἀφθόνους τοὺς λίθους
 ἣ τὰς οὐσίας αὐτῶν ἐδήμευσας· οὔτε δὲ συκοφάντην
 δέδιας αὐτὸς οὔτε λῃστὴν μὴ ὑφέληται
 τὸ χρυσίον ὑπερβὰς τὸ θριγκίον ἡ διορύξας τὸν
 τοῖχον, οὔτε πράγματα ἔχεις λογιζόμενος ἢ ἀπαιτῶν
 ἢ τοῖς καταράτοις οἰκονόμοις διαπυκτεύων
 καὶ πρὸς τοσαύτας φροντίδας μεριζόμενος,
 ἀλλὰ κρηπῖδα συντελέσας ἑπτὰ ὀβολοὺς τὸν
 μισθὸν ἔχων, ἀπαναστὰς περὶ δείλην ὀψίαν λουσάμενος,
 ἢν δοκῇ, σαπέρδην τινὰ ἢ μαινίδας
 
 <pb n="218"/>
 ἢ κρομμύων κεφαλίδας ὀλίγας πριάμενος εὐφραίνεις
 σεαυτὸν ᾄδων τὰ πολλὰ καὶ τῇ βελτίστῃ
 Πενίᾳ προσφιλοσοφῶν.</p>
 </div>
 
 <div type="textpart" subtype="section" n="23">
 <p>23 Ὥστε διὰ ταῦτα ὑγιαίνεις τε καὶ ἔρρωσαι τὸ
 σῶμα καὶ διακαρτερεῖς πρὸς τὸ κρύος· οἱ πόνοι
 γάρ σε παραθήγοντες οὐκ εὐκαταφρόνητον ἀνταγωνιστὴν
 ἀποφαίνουσι πρὸς τὰ δοκοῦντα τοῖς
 ἄλλοις ἄμαχα εἶναι. ἀμέλει οὐδέν σοι τῶν χαλεπῶν
 τούτων νοσημάτων πρόσεισιν, ἀλλʼ ἤν ποτε
 κοῦφος πυρετὸς ἐπιλάβηται, πρὸς ὀλίγον ὑπηρετήσας
 αὐτῷ ἀνεπήδησας εὐθὺς ἀποσεισάμενος
 τὴν ἄσην, ὁ δὲ φεύγει αὐτίκα φοβηθείς, ψυχροῦ
 σε <note type="footnote" n="1"></note> ὁρῶν ἐμφορούμενον καὶ μακρὰ οἰμώζειν
 λέγοντα ταῖς ἰατρικαῖς περιόδοις· οἱ δὲ ὑπ᾿
 ἀκρασίας ἄθλιοι τί τῶν κακῶν οὐκ ἔχουσι,
 ποδάγρας καὶ φθόας καὶ περιπλευμονίας καὶ
 ὑδέρους; αὖται γὰρ τῶν πολυτελῶν ἐκείνων
 δείπνων ἀπόγονοι.</p>
 <p>Τοιγαροῦν οἱ μὲν αὐτῶν ὥσπερ ὁ Ἴκαρος ἐπὶ
 πολὺ ἄραντες αὐτοὺς καὶ πλησιάσαντες τῷ ἡλίῳ
 οὐκ εἰδότες ὅτι κηρῷ ἥρμοστο αὐτοῖς ἡ πτέρωσις,
 μέγαν ἐνίοτε τὸν πάταγον ἐποίησαν ἐπὶ κεφαλὴν
 ἐς πέλαγος ἐμπεσόντες· ὅσοι δὲ κατὰ τὸν Δαίδαλον
 μὴ πάνυ μετέωρα μηδὲ ὑψηλὰ ἐφρόνησαν
 ἀλλὰ πρόσγεια, ὡς νοτίζεσθαι ἐνίοτε τῇ ἄλμῃ
 τὸν κηρόν, ὡς τὸ πολὺ οὗτοι ἀσφαλῶς διέπτησαν.</p>
 
 <sp>
 <speaker>ΜΙΚΥΛΛΟΣ</speaker>
 <p>Ἐπιεικεῖς τινας καὶ συνετοὺς λέγεις.</p>
 </sp>
 
 <sp>
 <speaker>ΑΛΕΚΤΡΥΩΝ</speaker>
 <p>Τῶν μέντοι γε ἄλλων, ὧ Μίκυλλε, τὰς ναυαγίας
 αἰσχρὰς ἴδοις ἄν, ὅταν ὁ Κροῖσος περιτεσυνέθεον
 <note type="footnote">1 σε Mehler : τε MSS.</note>
 
 <pb n="220"/>
 τιλμένος τὰ πτερὰ γέλωτα παρέχῃ Πέρασις ἀναβαίνων
 ἐπὶ τὴν πυρὰν ἢ Διονύσιος καταλυθεὶς τῆς
 τυραννίδος ἐν Κορίνθῳ γραμματιστὴς βλέπηται,
 μετὰ τηλικαύτην ἀρχὴν παιδία συλλαβίζειν
 διδάσκων.</p>
 </sp>
 </div>
 
 <div type="textpart" subtype="section" n="24">
 <sp>
 <speaker>ΜΙΚΥΛΛΟΣ</speaker>
 <p>24 Εἰπέ μοι, ὦ ἀλεκτρυών, σὺ δὲ ὁπότε βασιλεὺς
 ἦσθα—φὴς γὰρ καὶ βασιλεὺσαί ποτε—ποίου
 τινὸς ἐπειράθης ἐκείνου τοῦ βίου; ἦ που πανευδαίμων
 ἦσθα, τὸ κεφάλαιον ὅ τι πέρ ἐστι τὥν
 ἀγαθὢν ἀπάντων ἔχων;</p>
 </sp>
 
 <sp>
 <speaker>ΑΛΚΤΡΥΩΝ</speaker>
 <p>Μηδὲ ἀναμνήσῃς με, ὦ Μίκυλλε, οὕτω τριςάθλιος
 ἦν τότε, τοῖς μὲν ἔξω πᾶσιν ὅπερ
 ἄφησθα πανευδαίμων εἶναι δοκὼν, ἔνδοθεν δὲ
 μυρίαις ἀνίαις συνών.</p>
 </sp>
 
 <sp> 
 <speaker>ΜΙΚΥΛΛΟΣ</speaker>
 <p>Τίσι ταύταις; Παράδοξα γὰρ καὶ οὐ πάνυ τι
 πιστὰ φής.</p>
 </sp>
 
 <sp>
 <speaker>ΑΛΚΤΡΥΩΝ</speaker>
 <p>Ἦρχον μὲν οὐκ ἀλίγης χώρας, ὦ Μίκυλλε,
 παμφόρου τινὸς καὶ πλήθει ἀνθρώπων καὶ κάλλει
 πόλεων ἐν ταῖς μάλιστα θαυμάζεσθαι ἀξίας
 ποταμοῖς τε ναυσιπόροις καταρρεομένης καὶ θαλάττῃ
 εὐόρμῳ χρωμένης, καὶ στρατιὰ ἦν πολλὴ
 καὶ ἵππος συγκεκροτημένη καὶ δορυφορικὸν οὐκ
 ὀλίγον καὶ τριήρεις καὶ χρημέτων πλῆθος ἀνάριθμον
 καὶ χρυσὸς πάμπολυς καὶ ἡ ἄλλη τἤς
 ἀρχῆς τραγῳδία πᾶσα ἐς ὑπερβολὴν ἐξωγκωμένη,
 ὥστε ὁπότε προΐοιμι, οἱ μὲν πολλοὶ προσεκύνουν
 καὶ θεόν τινα ὁρᾶν ᾤοντο καὶ ἄλλοι ἐπ᾿ ἄλλοις
 <note type="footnote">1 πάνυ τι Cobet: πάντη (πάνυ) MSS.</note>
 
 <pb n="222"/>
 ὀψόμενοί με, οἱ δὲ καὶ ἐπὶ τὰ τέγη
 ἀνιόντες ἐν μεγάλῳ ἐτίθεντο ἀκριβῶς ἑωρακέναι
 τὸ ζεῦγος, τὴν ἐφεστρίδα, τὸ διάδημα, τοὺς
 προπομπεύοντας, τοὺς ἑπομένους. ἐγὼ δὲ εἰδὼς
 ὁπόσα με ἠνία καὶ ἔστρεφεν, ἐκείνοις μὲν τῆς
 ἀνοίας συνεγίνωσκον, ἐμαυτὸν δὲ ἠλέουν ὅμοιον
 ὄντα τοῖς μεγάλοις ἐκείνοις κολοσσοῖς, οἵους ἢ
 Φειδίας ἢ Μύρων ἡ Πραξιτέλης ἐποίησεν· κάκείνων
 γὰρ ἕκαστος ἔκτοσθεν μὲν Ποσειδῶν τις
 ἡ Ζεύς ἐστι πάγκαλος ἐκ χρυσίου καὶ ἐλέφαντος
 συνειργασμένος, κεραυνὸν ἢ ἀστραπὴν ἢ τρίαιναν
 ἔχων ἐν τῇ δεξιᾷ, ἢν δὲ ὑποκύψας ἴδῃς τά γ᾿
 ἔνδον, ὄψει μοχλούς τινας καὶ γόμφους καὶ
 ἥλους διαμπὰξ πεπερονημένους καὶ κορμοὺς καὶ
 σφῆνας καὶ πίτταν καὶ πηλὸν καὶ τοιαύτην
 τινὰ πολλὴν ἀμορφίαν ὑποικουροῦσαν· ἐῶ λέγειν
 μυῶν πλῆθος ἢ μυγαλῶν ἐμπολιτευόμενον αὐτοῖς
 ἐνίοτε. τοιοῦτόν τι καὶ βασιλεία ἐστίν.</p>
 </sp>
 </div>
 
 <div type="textpart" subtype="section" n="25">
 <sp>
 <speaker>ΜΙΚΥΛΛΟΣ</speaker>
 <p>25 Οὐδέπω ἔφησθα τὸν πηλὸν καὶ τοὺς γόμφους
 καὶ μοχλοὺς οἵτινες εἶεν τῆς ἀρχῆς, οὐδὲ τὴν
 ἀμορφίαν ἐκείνην τὴν πολλὴν ἥτις ἐστίν· ὡς τό
 γε ἐξελαύνειν ἀποβλεπόμενον καὶ τοσούτων ἄρχοντα
 καὶ προσκυνούμενον δαιμονίως ἔοικέ σου
 τῷ <note type="footnote" n="1"></note> κολοσσιαίῳ παραδείγματι· θεσπέσιον γάρ
 τι καὶ τοῦτο. σὺ δὲ τὰ ἔνδον ἤδη τοῦ κολοσσοῦ
 λέγε.</p>
 </sp>
 
 <sp>
 <speaker>ΑΛΕΚΤΡΥΩΝ</speaker>
 <p>Τί πρῶτον εἴπω σοι, ὦ Μίκυλλε; τοὺς φόβους
 καὶ τὰ δείματα καὶ ὑποψίας καὶ μῖσος τὸ παρὰ
 <note type="footnote">1 ἔοικέ σου τῷ Fritzsche : ἔοικεν οὕτως, ἔοικεν οὕτος, ἐοικέναι
 σὺ τῷ MSS.</note>
 
 <pb n="224"/>
 τῶν συνόντων καὶ ἐπιβουλάς, καὶ διὰ ταῦτα
 ὕπνον τε ὀλίγον, ἐπιπόλαιον κἀκεῖνον, καὶ ταραχῆς
 μεστὰ ὀνείρατα καὶ ἐννοίας πολυπλόκους
 καὶ ἐλπίδας ἀεὶ πονηράς, ἢ τὴν ἀσχολίαν καὶ
 χρηματισμοὺς καὶ δίκας καὶ ἐκστρατείας καὶ
 προστάγματα καὶ συνθήματα καὶ λογισμούς; ὑφ᾿
 ὧν οὐδὲ ὄναρ ἀπολαῦσαί τινος ἡδέος ἐγγίνεται,
 ἀλλ᾿ ἀνάγκη ὑπὲρ ἁπάντων μόνον διασκοπεῖσθαι
 καὶ μυρία ἔχειν πράγματα·
 <lg>
 <l>οὐδὲ γἀρ Ἀτρείδην Ἀγαμέμνονα</l>
 <l>ὕπνος ἔχε γλυκερὸς πολλὰ φρεσὶν ὁρμαίνοντα,</l>
 </lg>
 καὶ ταῦτα ῥεγκόντων Ἀχαιῶν ἁπάντων. λυπεῖ δὲ
 τὸν μὲν Λυδὸν υἱὸς κωφὸς ὤν, τὸν Πέρσην δὲ
 Κλέαρχος Κύρῳ ξενολογῶν, ἄλλον δὲ Δίων πρὸς
 οὖς τισι τῶν Συρακουσίων κοινολογούμενος, καὶ
 ἄλλον Παρμενίων ἐπαινούμενος καὶ Περδίκκαν
 Πτολεμαῖος καὶ Πτολεμαῖον Σέλευκος· ἀλλὰ κἀκεῖνα
 λυπεῖ, ὁ ἐρώμενος πρὸς ἀνάγκην συνὼν καὶ
 παλλακὶς ἄλλῳ χαίρουσα καὶ ἀποστήσεσθαί τινες
 λεγόμενοι καὶ δύ᾿ ἢ τέτταρες τῶν δορυφόρων
 πρὸς ἀλλήλους διαψιθυρίζοντες. τὸ δὲ μέγιστον,
 ὑφορᾶσθαι δεῖ μάλιστα τοὺς φιλτάτους κἀξ
 ἐκείνων ἀεί τι δεινὸν ἐλπίζειν ἥξειν. ἐγὼ γοῦν
 ὑπὸ τοῦ παιδὸς ἀπέθανον ἐκ φαρμάκων, ὁ δὲ
 καὶ αὐτὸς ὑπὸ τοῦ ἐρωμένου, τὸν δὲ ἄλλος ἴσως
 ὁμοιότροπος θάνατος κατέλαβεν.</p>
 </sp>
 </div>
 
 <div type="textpart" subtype="section" n="26">
 <sp>
 <speaker>ΜΙΚΥΛΛΟΣ</speaker>
 <p>26 Ἄπαγε, δεινὰ ταῦτα φής, ὦ ἀλεκτρυών. ἐμοὶ
 
 <pb n="226"/>
 γοῦν πολὺ ἀσφαλέστερον σκυτοτομεῖν ἐπικεκυφότα
 ἢ πίνειν ἀπὸ χρυσῆς φιάλης κωνείῳ ἢ
 ἀκονίτῳ συνανακραθεῖσαν φιλοτησίαν· ὁ γοῦν
 κίνδυνος ἐμοὶ μέν, εἰ παρολίσθοι τὸ σμιλίον καὶ
 ἁμάρτοι τῆς τομῆς τῆς ἐπʼ εὐθύ, ὀλίγον τι
 αἱμάξαι τοὺς δακτύλους ἐντεμόντα· οἱ δέ, ὡς
 φής, θανάσιμα εὐωχοῦνται, καὶ ταῦτα μυρίοις
 κακοῖς συνόντες. εἰτʼ ἐπειδὰν πέσωσιν, ὄμοιοι
 μάλιστα φαίνονται τοῖς τραγικοῖς ὑποκριταῖς,
 ὧν πολλοὺς ἰδεῖν ἔνεστι τέως μὲν Κέκροπας δῆθεν
 ὄντας ἡ Σισύφους ἡ Τηλέφους, διαδήματα ἔχοντας
 καὶ ξίφη ἐλεφαντόκωπα καὶ ἐπίσειστον κόμην
 καὶ χλαμύδα χρυσόπαστον, ἢν δέ, οἷα πολλὰ
 γίνεται, κενεμβατήσας τις αὐτῶν ἐν μέσῃ τῇ
 σκηνῇ καταπέσῃ, γέλωτα δηλαδὴ παρέχει τοῖς
 θεαταῖς τοῦ προσωπείου μὲν συντριβέντος αὐτῷ
 διαδήματι, ᾑμαγμένης δὲ τῆς ἀληθοῦς κεφαλῆς
 τοῦ ὑποκριτοῦ καὶ τῶν σκελῶν ἐπὶ πολὺ γυμνουμένων,
 ὡς τῆς τε ἐσθῆτος τὰ ἔνδοθεν φαίνεσθαι
 ῥάκια δύστηνα ὄντα καὶ τῶν ἐμβατῶν τὴν ὑπόδεσιν
 ἀμορφοτάτην καὶ οὐχὶ κατὰ λόγον τοῦ
 ποδός. ὁρᾷς ὅπως με καὶ εἰκάζειν ἐδίδαξας ἤδη,
 ὦ βίλτιστε ἀλεκτρυών; ἀλλὰ τυραννὶς μὲν τοιοῦτόν
 τι ὤφθη οὖσα. ἵππος δὲ ἢ κύων ἢ ἰχθὺς ἢ
 βάτραχος ὁπότε γένοιο, πῶς ἔφερες ἐκείνην τὴν
 διατριβήν;</p>
 </sp>
 </div>
 
 <div type="textpart" subtype="section" n="27">
 <sp>
 <speaker>ΑΛΕΚΤΡΥΩΝ</speaker>
 <p>27 Μακρὸν τοῦτον ἀνακινεῖς τὸν λόγον καὶ οὐ τοῦ
 παρόντος καιροῦ· πλὴν τό γε κεφάλαιον, οὐδεὶς
 ὅστις οὐκ ἀπραγμονέστερος τῶν βίων ἔδοξέ μοι
 τοῦ ἀνθρωπείου, μόναις ταῖς φυσικαῖς ἐπιθυμίαις
 καὶ χρείαις συμμεμετρημένος· τελώνην δὲ ἵππον ἢ
 
 <pb n="228"/>
 συκοφάντην βάτραχον ἢ σοφιστην κολοιὸν ἢ ὀψοποιὸν
 κώνωπα ἢ κίναιδον ἀλεκτρυόνα καὶ τἆλλα
 ὅσα ὑμεῖς ἐπιτηδεύετε, οὐκ ἂν ἴδοις ἐν ἐκείνοις.</p>
 </sp>
 </div>
 
 <div type="textpart" subtype="section" n="28">
 <sp>
 <speaker>ΜΙΚΥΛΛΟΣ</speaker>
 <p>28 Ἀληθῆ ἴσως ταῦτα, ὦ ἀλεκτρυών. ἐγὼ δὲ ὂ
 πέπονθα οὐκ αἰσχύνομαι πρὸς σὲ εἰπεῖν· οὐδέπω
 δύναμαι ἀπομαθεῖν τὴν ἐπιθυμίαν ἢν ἐκ παίδων
 εἶχον πλούσιος γενέσθαι, ἀλλὰ μὴν καὶ τοὐνύπνιον
 ἔτι πρὸ τῶν ὀφθαλμῶν ἕστηκεν ἐπιδεικυύμενον τὸ
 χρυσίον, καὶ μάλιστα ἐπὶ τῷ καταράτῳ Σίμωνι
 ἀποπνίγομαι τρυφῶντι ἐν ἀγαθοῖς τοσούτοις.</p>
 </sp>
 
 <sp>
 <speaker>ΑΛΕΚΤΡΥΩΝ</speaker>
 <p> Ἐγώ σε ἰάσομαι, ὦ Μίκυλλε· καὶ ἐπείπερ ἔτι
 νύξ ἐστιν, ἐξαναστὰς ἕπου μοι· ἀπάξω γάρ σε παῤ
 αὐτὸν ἐκεῖνον τὸν Σίμωνα καὶ εἰς τὰς τῶν ἄλλων
 πλουσίων οἰκίας. ὡς ἴδοις οἷα τὰ παῤ αὐτοῖς ἐστι.</p>
 </sp>
 
 <sp> 
 <speaker>ΜΙΚΥΛΛΟΣ</speaker>
 <p>Πῶς τοῦτο, κεκλεισμένων τῶν θυρῶν; εἰ μὴ
 καὶ τοιχωρυχεῖν γε σύ με ἀναγκάσεις.</p>
 </sp>
 
 <sp>
 <speaker>ΑΛΕΚΤΡΥΩΝ</speaker>
 <p>Οὐδαμῶς, ἀλλ᾿ ὁ Ἑρμῆς, οὗπερ ἱερός εἰμι, ἐξαίρετον
 ἔδωκέ μοι τοῦτο, ἤν τις τὸ οὐραῖον πτερὸν τὸ
 μήκιστον, ὃ δι᾿ ἁπαλότητα ἐπικαμπές ἐστι—</p>
 </sp>
 
 <sp>
 <speaker>ΜΙΚΥΛΛΟΣ</speaker>
 <p>Δύο δ᾿ ἔστι σοι τοιαῦτα.</p>
 </sp>
 
 <sp>
 <speaker>ΑΛΕΚΤΡΥΩΝ</speaker>
 <p>Τὸ δεξιὸν τοίνυν ὅτῳ ἂν ἐγὼ ἀποσπάσαι παράσχω
 καὶ ἔχειν,<note type="footnote" n="1"></note> ἐς ὅσον ἂν βούλωμαι ἀνοίγειν τε ὁ
 τοιοῦτος πᾶσαν θύραν δύναται καὶ ὁρᾶν ἅπαντα
 οὐχ ὁρώμενος αὐτός.</p>
 <note type="footnote">1 ἀποσπάσαι παράχω καὶ ἔχειν Fritzsche: ἀποσπάσαι παράσχω
 καὶ ἔχῃ β; ἀποσπάσας παράσχω ἔχειν γ.</note>
 </sp>
 
 <pb n="230"/>
 <sp>
 <speaker>ΜΙΚΥΛΛΟΣ</speaker>
 <p>Ἐλελήθεις με, ὦ ἀλεκτρυών, καὶ σὺ γόης ὤν.
 ἐμοὶ δʼ οὖν ἢν τοῦτο ἅπαξ παράσχῃς, ὄψει τὰ
 Σίμωνος πάντα ἐν βραχεῖ δεῦρο μετενηνεγμένα·
 μετοίσω γὰρ αὐτὰ παρεισελθών, ὁ δὲ αὖθις περιτρώξεται
 ἀποτείνων τὰ καττύματα.</p>
 </sp>
 
 <sp>
 <speaker>ΑΛΕΚΤΡΥΩΝ</speaker>
 <p>Οὐ θέμις γενέσθαι τοῦτο· παρήγγειλε γὰρ ὁ
 Ἑρμῆς, ἤν τι τοιοῦτον ἐργάσηται ὁ ἔχων τὸ πτερόν,
 ἀναβοήσαντά με καταφωρᾶσαι αὐτόν.</p>
 </sp>
 
 <sp>
 <speaker>ΜΙΚΥΛΛΟΣ</speaker>
 <p>Ἀπίθανον λέγεις, κλέπτην τὸν Ἑρμῆν αὐτὸν
 ὄντα τοῖς ἄλλοις φθονεῖν τοῦ τοιούτου. ἀπίωμεν
 δʼ ὅμως· ἀφέξομαι γὰρ τοῦ χρυσίου, ἢν δύνωμαι.</p>
 </sp>
 
 <sp>
 <speaker>ΑΛΕΚΤΡΥΩΝ</speaker>
 <p>Ἀπότιλον, ὦ Μίκυλλε, πρότερον τὸ πτίλον <gap reason="omitted"/>
 τί τοῦτο; ἄμφω ἀπέτιλας.</p>
 </sp>
 
 <sp>
 <speaker>ΜΙΚΥΛΛΟΣ</speaker>
 <p>Ἀσφαλέστερον οὕτως, ὦ ἀλεκτρυών, καὶ σοὶ
 ἧττον ἂν ἄμορφον τὸ πρᾶγμα εἴη, ὡς μὴ χωλεύοις
 διὰ θάτερον τῆς οὐρᾶς μέρος.</p>
 </sp>
 </div>
 
 <div type="textpart" subtype="section" n="29">
 <sp>
 <speaker>ΑΛΕΚΤΡΥΩΝ</speaker>
 <p>29 Εἶεν. ἐπὶ τὸν Σίμωνα πρῶτον ἄπιμεν ἢ παῤ
 ἄλλον τινὰ τῶν πλουσίων;</p>
 </sp>
 
 <sp>
 <speaker>ΜΙΚΥΛΛΟΣ</speaker>
 <p>Οὐ μὲν οὖν, ἀλλὰ παρὰ τὸν Σίμωνα, ὃς ἀντὶ
 δισυλλάβου τετρασύλλαβος ἤδη πλουτήσας εἶναι
 ἀξιοῖ. καὶ δὴ πάρεσμεν τὶ τὰς θύρας. τί οὖν ποιῶ
 τὸ μετὰ τοῦτο;</p>
 </sp>
 
 <pb n="232"/>
 <sp>
 <speaker>ΑΛΕΚΤΡΥΩΝ</speaker>
 <p>Ἐπίθες τὸ πτερὸν ἐπὶ τὸ κλεῖθρον.</p>
 </sp>
 
 <sp>
 <speaker>ΜΙΚΥΛΛΟΣ</speaker>
 <p>Ἰδοὺ δή. ὦ Ἡράκλεις, ἀναπέπταται ὥσπερ
 ὑπὸ κλειδὶ ἡ θύρα.</p>
 </sp>
 
 <sp>
 <speaker>ΑΛΕΚΤΡΥΩΝ</speaker>
 <p>Ἡγοῦ ἐς τὸ πρόσθεν. ὁρᾷς αὐτὸν ἀγρυπνοῦντα
 καὶ λογιζόμενον;</p>
 </sp>
 
 <sp>
 <speaker>ΜΙΚΥΛΛΟΣ</speaker>
 <p>Ὁρῶ νὴ Δία πρὸς ἀμαυράν γε καὶ διψῶσαν
 τὴν θρυαλλίδα, καὶ ὠχρὸς δὲ ἐστὶν οὐκ οἶδʼ ὅθεν,
 ἀλεκτρυών, καὶ κατέσκληκεν ὅλος ἐκτετηκώς, ὑπὸ
 φροντίδων δηλαδή· οὐ γὰρ νοσεῖν ἄλλως ἐλέγετο.</p>
 </sp>
 
 <sp>
 <speaker>ΑΛΕΚΤΡΥΩΝ</speaker>
 <p>Ἄκουσον ἅ φησιν· εἴσῃ γὰρ ὅθεν οὕτως ἔχει.
 Οὐκοῦν τάλαντα μὲν ἑβδομήκοντα ἐκεῖνα πάνυ
 ἀσφαλῶς ὑπὸ τῇ κλίνῃ κατορώρυκται καὶ οὐδεὶς
 ἄλλος οἶδε, τὰ δὲ ἑκκαίδεκα εἶδεν, οἶμαι, Σωσύλος
 ὁ ἱππῶνά ὑπὸ τῇ φάτνη κατακρύπτοντά με·
 ὅλος γοῦν περὶ τὸν ἱππῶνά ἐστιν, οὐ πάνυ
 ἐπιμελὴς ἄλλως οὐδὲ φιλόπονος ὤν. εἰκὸς δὲ
 ἡρπάσθαι παλλῷ πλείω τούτων, ἢ πόθεν γὰρ
 ὁ Τίβειος<note type="footnote" n="1"></note> τάριχος αὑτῷ οὕτω μέγα ὠψωνηκέναι
 χθὲς ἐλέγετο ἢ τῇ γυναικὶ ἐλλόβιον ἐωνῆσθαι
 πέντε δραχμῶν ὅλων; τἀμὰ οὗτοι σπαθῶσι τοῦ
 κακοδαίμονος. ἀλλʼ οὐδὲ τὰ ἐκπώματα ἐν ἀσφαλεῖ
 μοι ἀπόκειται τοσαῦτα ὄντα· δέδια γοῦν μή
 τις ὑπορύξας τὸν τοῖχον ὑφέληται αὐτά· πολλοὶ
 φθονοῦσι καὶ ἐπιβουλεύουσί μοι, καὶ μάλιστα ὁ
 γείτων Μίκυλλος.</p>
 <note type="footnote">1 Τίβειος A.M.H.: Τίβιος MSS.</note>
 </sp>
 
 <pb n="234"/>
 <sp> 
 <speaker>ΜΙΚΥΛΛΟΣ</speaker>
 <p>Νὴ Δία· σοὶ γὰρ ὅμοιος ἐγὼ καὶ τὰ τρύβλια
 ὑπὸ πάλης ἄπειμι ἔχων.</p>
 </sp>
 
 <sp>
 <speaker>ΑΛΕΚΤΡΥΩΝ</speaker>
 <p>Σιώπησον, Μίκυλλε, μὴ καταφωράσῃ παρίοντας
 ἡμᾶς.</p>
 </sp>
 
 <sp> 
 <speaker>ΣΙΜΩΝ</speaker>
 <p>Ἄριστον γοῦ ἄγρυπνον αὐτὸν φυλάττειν· ἅπασαν
 περίειμι διαναστὰς ἐν κύκλῳ τὴν οἰκίαν.
 τίς οὗτος; ὁρῶ δέ γε, τοιχωρύχε <gap reason="omitted"/> μὰ Δία,
 ἐπεὶ κίων γε ὢν τυγχάνεις, εὖ ἔχει. ἀριθμήσω
 αὖθις ἀνορύξας τὸ χρυσίον, μή τί με πρῴην
 διέλαθεν. ἐδοὺ πάλιν ἐψόφηκέ τις· ἐπ᾿ ἐμὲ
 δηλαδή· πολιορκοῦμαι καὶ ἐπιβουλεύομαι πρὸς
 ἁπάντων. ποῦ μοι τὸ ξιφίδιον; ἂν λάβω τινά
 <gap reason="omitted"/> θάπτωμεν αὖθις τὸ χρυσίον.</p>
 </sp>
 </div>
 
 <div type="textpart" subtype="section" n="30">
 <sp>
 <speaker>ΑΛΕΚΤΡΥΩΝ</speaker>
 <p>30 Τοιαῦτα μέν σοι, ὦ Μίκυλλε, τὰ Σίμωνος.
 ἀπίωμεν δὲ καὶ παῤ ἄλλον τίνά, ἕως ἔτι ὀλίγον
 τῆς νυκτὸς λοιπόν ἐστιν.</p>
 </sp>
 
 <sp>
 <speaker>ΜΙΚΥΛΛΟΣ</speaker>
 <p>Ὁ κακοδαίμων, οἷον βιοῖ τὸν βίον. ἐχθροῖς
 οὕτω πλουτεῖν γένοιτο. κατὰ κόρρης δ᾿ οὖν
 τατάξας αὐτὸν ἀπελθεῖν βούλομαι.</p>
 </sp>
 
 <sp>
 <speaker>ΣΙΜΩΝ</speaker>
 <p>Τίς ἐπάταξέ με; λῃστεύομαι ὁ δυστυχής.</p>
 </sp>
 
 <sp>
 <speaker>ΜΙΚΥΛΛΟΣ</speaker>
 <p>Οἴμωζε καὶ ἀγύπνει καὶ ὅμοιος γίγνου τὸ
 χρῶμα τῷ χρυσῷ προστετηκὼς αὐτῷ. ἡμεῖς δὲ
 παρὰ Γνίφωνα, εἰ δοκεῖ, τὸν δανειστὴν ἴωμεν. οὐ
 
 <pb n="236"/>
 μακρὰν δὲ καὶ οὗτος οἰκεῖ. ἀνέῳγε καὶ αὕτη ἡμῖν
 ἡ θύρα.</p>
 </sp>
 </div>
 
 <div type="textpart" subtype="section" n="31">
 <sp>   
 <speaker>ΑΛΕΚΤΡΥΩΝ</speaker>
 <p>31 Ὁρᾷς ἀπαγρυπνοῦντα καὶ τοῦτον ἐπὶ φροντίδων,
 ἀναλογιζόμενον τοὺς τόκους καὶ τοὺς δακτύλους
 κατεσκληκότα, ὃν δεήσει μετ᾿ ὀλίγον πάντα
 ταῦτα καταλιπόντα σίλφην ἢ ἐμπίδα ἢ κυνόμυιαν
 γενέσθαι;</p>
 </sp>
 
 <sp>
 <speaker>ΜΙΚΥΛΛΟΣ</speaker>
 <p>Ὁρῶ κακοδαίμονα καὶ ἀνόητον ἄνθρωπον οἰδὲ
 νῦν πολὺ τῆς σίλφης ἢ ἐμπίδος ἄμεινον βιοῦντα.
 ὡς δὲ καὶ οὗτος ἐκτέτηκεν ὅλος ὑπὸ τῶν λογισμῶν.
 ἐπ᾿ ἄλλον ἀπίωμεν.</p>
 </sp>
 </div>
 
 <div type="textpart" subtype="section" n="32">
 <sp>
 <speaker>ΑΛΕΚΤΡΥΩΝ</speaker>
 <p>32 Παρὰ τὸν σὸν Εὐκράτην, εἰ δοκεῖ. καὶ ἰδοὺ
 γάρ, ἀνέῳγε καὶ αὕτη ἡ θύρα· ὥστε εἰσίωμεν.</p>
 </sp>
 
 <sp>   
 <speaker>ΜΙΚΥΛΛΟΣ</speaker>
 <p>Ἅπαντα ταῦτα μικρὸν ἔμπροσθεν ἐμὰ ἦν.</p>
 </sp>
 
 <sp>
 <speaker>ΑΛΕΚΤΡΥΩΝ</speaker>
 <p>Ἔτι γὰρ σὺ ὀνειροπολεῖς τὸν πολῦτον; ὁρᾷς
 δ᾿ οὖν τὸν Εὐκράτην αὐτὸν μὲν ὑπὸ τοῦ οἰκέτου
 πρεσβύτην ἄνθρωπον <gap reason="omitted"/>;</p>
 </sp>
 
 <sp>
 <speaker>ΜΙΚΥΛΛΟΣ</speaker>
 <p>Ὁρῶ νὴ Δία καταπυγοσύνην καὶ πασχητιασμόν
 τινα καὶ ἀσέλγειαν οὐκ ἀνθρωπίνην·
 τὴν γυναῖκα δὲ ἑτέρωθι ὑπὸ τοῦ μαγείρου καὶ
 αὐτήν <gap reason="omitted"/></p>
 </sp>
 </div>  
 
 <div type="textpart" subtype="section" n="33">
 <sp>
 <speaker>ΑΛΕΚΤΡΥΩΝ</speaker>
 <p>33 Τί οὖν; ἐθέλοις ἂν καὶ τούτων κληρονομεῖν,
 ὦ Μίκυλλε, καὶ πάντα ἔχειν τὰ Εὐκράτους;</p>
 </sp>
 
 <pb n="238"/>
 <sp>
 <speaker>ΜΙΚΥΛΛΟΣ</speaker>
 <p>Μηδαμῶς, ὦ ἀλεκτρυών· λιμῷ ἀπολοίμην πρότερον.
 Χαιρέτω τὸ χρυσίον καὶ τὰ δεῖπνα, δύο
 ὀβολοὶ ἐμοί γε πλοῦτός ἐστι μᾶλλον ἢ τοιχωρυχεῖσθαι
 πρὸς τῶν οἰκετῶν.</p>
 </sp>
 
 <sp>
 <speaker>ΑΛΕΚΤΡΥΩΝ</speaker>
 <p>Ἀλλὰ νῦν γὰρ ἡμέρα ἤδη ἀδη ἀμφὶ τὸ λυκαυγὲς
 αὐτό, ἀπίωμεν οἴκαδε παρ᾿ ἡμᾶς· τὰ λοιπὰ δὲ
 εἰσαῦθις ὄψει, ὦ Μίκυλλε.</p>
 </sp>
 </div>
 </div>
 </body>
 </text>
 </TEI>