<?xml version="1.0" encoding="UTF-8"?>
 <?xml-model href="http://www.stoa.org/epidoc/schema/latest/tei-epidoc.rng" schematypens="http://relaxng.org/ns/structure/1.0"?>
 <TEI xmlns="http://www.tei-c.org/ns/1.0">
 <teiHeader xml:lang="eng">
 <fileDesc>
 <titleStmt>
  <title xml:lang="lat">Icaromenippus</title>
  <author xml:lang="lat">Lucianus Samosatenus</author>
 <editor>A. M. Harmon</editor>
  <funder>Harvard Library Arcadia Fund</funder>
  <principal>Gregory Crane</principal>
  <respStmt>
   <persName xml:id="DDD">Digital Divide Data</persName>
   <resp>Corrected and encoded the text</resp>
  </respStmt>
  <respStmt>
   <persName>Gregory Crane</persName>
   <resp>Editor-in-Chief, Perseus Digital Library</resp>
  </respStmt>
  <respStmt>
   <persName>Matt Munson</persName>
   <resp>Project Manager (University of Leipzig), 2016 - present</resp>
  </respStmt>
  <respStmt>
   <persName>Annette Geßner</persName>
   <resp>Project Assistant (University of Leipzig) 2015 - present</resp>
  </respStmt>
  <respStmt>
   <persName>Thibault Clérice</persName>
   <resp>Lead Developer (University of Leipzig)</resp>
  </respStmt>
  <respStmt>
   <persName>Bruce Robertson</persName>
   <resp>Technical Advisor</resp>
  </respStmt>
 </titleStmt>
 <publicationStmt>
 <authority>Harvard College Library</authority>
  <idno type="filename">tlg0062.tlg021.1st1K-grc1.xml</idno>
 <availability>
 <p>Available under a Creative Commons Attribution-ShareAlike 4.0 International License</p>
 </availability>
 <date>2016</date>
 <publisher>Harvard College Library</publisher>
 <pubPlace>United States</pubPlace>
 </publicationStmt>
 <sourceDesc>
 <listBibl>
 <biblStruct>
 <monogr>
 <title>Lucian</title>
 <editor>
 <persName>
 <name>A. M. Harmon</name>
 </persName>
 </editor>
  <author ref="urn:cts:greekLit:tlg0062" xml:lang="lat">Lucianus Samosatenus</author>
 <imprint>
 <publisher>Harvard University Press</publisher>
 <pubPlace>Cambridge, Mass</pubPlace>
 <date>1960</date>
 </imprint>
 <biblScope unit="volume">2</biblScope>
 </monogr>
  <ref target="https://archive.org/details/lucianhar02luciuoft">The Internet Archive</ref>
 </biblStruct>
 </listBibl>
 </sourceDesc>
 </fileDesc>
 <encodingDesc>
  <p>Text encoded in accordance with the latest EpiDoc standards (January 2014)</p>
  <refsDecl n="CTS">
   <cRefPattern matchPattern="(.+)" n="section" replacementPattern="#xpath(/tei:TEI/tei:text/tei:body/tei:div/tei:div[@n='$1'])"/>
  </refsDecl>
 </encodingDesc>
 <profileDesc>
 <langUsage>
 <language ident="grc">Greek</language>
  <language ident="lat">Latin</language>
 </langUsage>
 </profileDesc>
 <revisionDesc>
 <change/>
 </revisionDesc>
 </teiHeader>
 <text>
 <body>
  <div type="edition" xml:lang="grc" n="urn:cts:greekLit:tlg0062.tlg021.1st1K-grc1">
 <pb n="268"/>
 <head>ΙΚΑΡΟΜΕΝΙΠΠΟΣ Η ΥΠΕΡΝΕΦΕΛΟΣ</head>
 
 <div type="textpart" subtype="section" n="1">       
 <sp>
 <speaker>ΜΕΝΙΠΠΟΣ</speaker>
 <p>1 Οὐκοῦν τρισχίλιοι μὲν ἦσαν ἀπὸ γῆς στάδιοι
 μέχρι πρὸς τὴν σελήνην, ὁ πρῶτος ἡμῖν σταθμός·
 τοὐντεῦθεν δὲ ἐπὶ τὸν ἥλιον ἄνω παραςάγγαι πον
 πεντακόσιοι· τὸ δὲ ἀπὸ τούτου ἐς αὐτὸν ἤδη τὸν
 οὐρανὸν καὶ τὴν ἀκρόπολιν τὴν τοῦ Διὸς ἄνοδος
 καὶ ταῦτα γένοιτ᾿ ἄν<note type="footnote" n="1"></note> εὐζώνῳ ἀετῷ μιᾶς ἡμέρας.</p>
 </sp>
 
 <sp>
 <speaker>ΕΤΑΙΡΟΣ</speaker>
 <p>Τί ταὓτα πρὸς Χαρίτων, ὦ Μένιππε, ἀστρονομεῖς
 καὶ ἡσυχῆ πως ἀναμετρεῖς; πάλαι γὰρ ἐπακροῶμαί
 σου παρακολουθῶν ἡλίους καὶ σελήνας,
 ἔτι δὲ τὰ φορτικὰ ταῦτα σταθμούς τινας καὶ παρασκευή
 σάγγας ὑποξενίζοντος.</p>
 </sp>
 
 <sp>
 <speaker>ΜΕΝΙΠΠΟΣ</speaker>
 <p>Μὴ θαυμάσῃς, ὦ ἐταῖρε, εἰ μετέωρα καὶ διαέρια
 δοκῶ σοι λαλεῖν· τὸ κεφάλαιον γὰρ δὴ πρὸς
 ἐμαυτὸν ἀναλογίζομαι τῆς ἔναγχος ἀποδημίας.</p>
 </sp>
 
 <sp>
 <speaker>ΕΤΑΙΡΟΣ</speaker>
 <p>Εἰτα, ὦγαρε, καθάπερ οί Φοίνικες ἄστροις
 ἐτεκμαιρου τὴν ὁδόν;</p>
 </sp>
 
 <sp>
 <speaker>ΜΕΝΙΠΠΟΣ</speaker>
 <p>Οὐ μὰ Δία, ἀλλ᾿ ἐν αὐτοῖς τοῖς ἄστροις ἐποιούμην
 τὴν ἀποδημίαν.</p>
 <note type="footnote">1 γένοιτ᾿ ἃν Dindorf: γένοιτο MSS.</note>
 </sp>
 
 <pb n="270"/>
 <sp>
 <speaker>ΕΤΑΙΡΟΣ</speaker>
 <p>Ἡράκλεις, μακρόν τινα τὸν ὄνειρον λέγεις, εἴ γε
 σαυτὸν ἔλαθες κατακοιμηθεὶς παρασάγγας ὅλους.</p>
 </sp>
 </div>
 
 <div type="textpart" subtype="section" n="2">
 <sp>
 <speaker>ΜΕΝΙΠΠΟΣ</speaker>
 <p>2 Ὄνειρον γάρ, ὦ τάν, δοκῶ σοι λέγειν ὃς ἀρτίως
 ἀφῖγμαι παρὰ τοῦ Διός;</p>
 </sp>
 
 <sp>
 <speaker>ΕΤΑΙΡΟΣ</speaker>
 <p>Πῶς ἔφησθα; Μένιππος ἡμῖν διοπετὴς πάρεστιν
 ἐξ οὐρανοῦ;</p>
 </sp>
 
 <sp>
 <speaker>ΜΕΝΙΠΠΟΣ</speaker>
 <p>Καὶ μὴν ἐγώ σοι παῤ αὐτοῦ ἐκείνου τοῦ πάνυ
 Διὸς ἥκω τήμερον θαυμάσια καὶ ἀκούσας καὶ ἰδών·
 εἰ δὲ ἀπιστεῖς, καὶ αὐτὸ τοῦτο ὑπερευφραίνομαι
 τὸ πέρα πίστεως εὐτυχεῖν.</p>
 </sp>
 
 <sp>
 <speaker>ΕΤΑΙΡΟΣ</speaker>
 <p>Καὶ πῶς ἂν<note type="footnote" n="1"></note> ἔγωγε, ὦ θεσπέσιε καὶ Ὀλύμπιε
 Μένιππε, γεννητὸς αὐτὸς καὶ ἐπίγειος ὢν ἀπιστεῖν
 δυναίμην ὑπερνεφέλῳ ἀνδρὶ καὶ ἵνα καθʼ Ὅμηρον
 εἴπω τῶν Οὐρανιώνων ἑνί; ἀλλʼ ἐκεῖνά μοι φράσον,
 εἰ δοκεῖ, τίνα τρόπον ἤρθης ἄνω καὶ ὁπόθεν ἐπορίσω
 κλίμακα τηλικαύτην τὸ μέγεθος; τὰ μὲν γὰρ
 ἀμφὶ τὴν ὄψιν οὐ πάνυ ἔοικας ἐκείνῳ τῷ Φρυγί,
 ὥστε ἡμᾶς εἰκάζειν καὶ σὲ οἰνοχοήσοντά που
 ἀνάρπαστον γεγονέναι πρὸς τοῦ ἀετοῦ.</p>
 </sp>
 
 <sp>
 <speaker>ΜΕΝΙΠΠΟΣ</speaker>
 <p>Σὺ μὲν πάλαι σκώπτων δῆλος εἶ, καὶ θαυμαστὸν
 οὐδὲν εἴ σοι τὸ παράδοξον τοῦ λόγον μύθῳ
 δοκεῖ προσφερές. ἀτὰρ οὐδὲν ἐδέησέ μοι πρὸς τὴν
 ἄνοδον οὔτε τῆς κλίμακος οὔτε παιδικὰ γενέσθαι
 τοῦ ἀετοῦ· οἰκεῖα γὰρ ἦν μοι τὰ πτερά.</p>
 <note type="footnote">1 ἂν Belin de Ballou: not in MSS.</note>
 <note type="footnote">2 ἡμᾶς ed. princeps: καὶ ἡμᾶς MSS.</note>
 </sp>
 
 <pb n="272"/>
 <sp>
 <speaker>ΕΤΑΙΡΟΣ</speaker>
 <p>Τοῦτο μὲν ἤδη καὶ ὑπὲρ τὸν Δαίδαλον ἔφησθα,
 εἴ γε πρὸς τοῖς ἄλλοις ἐλελήθεις ἡμᾶς ἱέραξ τις ἢ
 κολοιὸς ἐξ ἀνθρὼπου γενόμενος.</p>
 </sp>
 
 <sp>
 <speaker>ΜΕΝΙΠΠΟΣ</speaker>
 <p>Ὀρθῶς, ὦ ἑταῖρε, καὶ οὐκ ἀπὸ σκοποῦ εἴκασας·
 τὸ Δαιδάλειον γὰρ ἐκεῖνο σόφισμα τῶν πτερῶν
 καὶ αὐτὸς ἐμηχανησάμην.</p>
 </sp>
 </div>
 
 <div type="textpart" subtype="section" n="3">
 <sp>
 <speaker>ΕΤΑΙΡΟΣ</speaker>
 <p>3 Εἶτα, ὦ τολμηρότατε πάντων, οὐκ ἐδεδοίκεις μὴ
 καὶ σύ που τῆς θαλάττης καταπεσὼν Μενίππειόν
 τι πέλαγος ἡμῖν ὥσπερ τὸ Ἰκάριον ἀποδείξῃς ἐπὶ
 τῷ σεαυτοῦ ὀνόματι;</p>
 </sp>
 
 <sp>
 <speaker>ΜΕΝΙΠΠΟΣ</speaker>
 <p>Οὐδαμῶς· ὁ μὲν γὰρ Ἴκαρος ἅτε κηρῷ τὴν πτέρωσιν
 ἡρμοσμένος, ἐπειδὴ τάχιστα πρὸς τὸν ἥλιον
 ἐκεῖνος ἐτάκη, πτερορρυήσας εἰκότως κατέπεσεν·
 ἡμῖν δὲ ἀκήρωτα ἦν τὰ ὠκύπτερα.</p>
 </sp>
 
 <sp>
 <speaker>ΕΤΑΙΡΟΣ</speaker>
 <p>Πῶς λέγεις; ἤδη γὰρ οὐκ οἶδ᾿ ὅπως ἠρέμα με
 προσάγεις πρὸς τὴν ἀλήθειαν τῆς διηγήσεως.</p>
 </sp>
 
 <sp>
 <speaker>ΜΕΝΙΠΠΟΣ</speaker>
 <p>Ὧδέ πως· ἀετὸν εὐμεγέθη συλλαβών, ἔτι δὲ
 γῦπα τῶν καρτερῶν, ἀποτεμὼν αὐταῖς ὠλέναις τὰ
 πτερὰ—μᾶλλον δὲ καὶ πᾶσαν ἐξ ἀρχῆς τὴν ἐπίνοιαν,
 εἴ σοι σχολή, δίειμι.</p>
 </sp>
 
 <sp>
 <speaker>ΕΤΑΙΡΟΣ</speaker>
 <p>Πάνυ μὲν οὖν· ὡς ἐγώ σοι μετέωρός εἶμι
 ὑπὸ τῶν λόγων καὶ πρὸς τὸ τέλος ἤδη κέχηνα τῆς
 ἀκροάσεως· μηδὲ πρὸς Φιλίου με περιίδῃς ἄνω
 που τῆς διηγήσεως ἐκ τῶν ὤτων ἀπηρτημένον.</p>
 </sp>
 </div>
 
 <div type="textpart" subtype="section" n="4">
 <pb n="274"/>
 <sp>
 <speaker>ΜΕΝΙΠΠΟΣ</speaker>
 <p>4 Ἄκουε τοίνυν· οὐ γὰρ ἀστεῖόν γε τὸ θέαμα
 κεχηνότα φίλον ἐγκαταλιπεῖν, καὶ ταῦτα ὡς σὺ
 φὴς ἐκ τῶν ὤτων ἀπηρτημένον.</p>
 <p>Ἐγὼ γὰρ ἐπειδὴ τάχιστα ἐξετάζων τὰ κατὰ
 τὸν βίον γελοῖα καὶ ταπεινὰ καὶ ἀβέβαια τὰ
 ἀνθρώπινα πάντα εὕρισκον, πλούτους λέγω καὶ
 ἀρχὰς καὶ δυναστείας, καταφρονήσας αὐτῶν καὶ
 τὴν περὶ ταῦτα σπουδὴν ἀσχολίαν τῶν ἀληθῶς
 σπουδαίων ὑπολαβὼν ἀνακύπτειν τε καὶ πρὸς τὸ
 πᾶν ἀποβλέπειν ἐπειρώμην· καί μοι ἐνταῦθα πολλήν
 τινα παρεῖχε τὴν ἀπορίαν πρῶτον μὲν αὐτὸς
 οὗτος ὁ ὑπὸ τῶν σοφῶν καλούμενος κόσμος· οὐ
 γὰρ εἶχον εὑρεῖν οὔθ᾿  ὅπως ἐγένετο οὔτε τὸν
 δημιουργὸν οὔτε ἀρχὴν οὔθʼ ὅ τι τὸ τέλος ἐστὶν
 αὐτοῦ. ἔπειτα δὲ κατὰ μέρος ἐπισκοπῶν πολὺ
 μᾶλλον ἀπορεῖν ἠναγκαζόμην· τούς τε γὰρ ἀστέρας
 ἑώρων ὡς ἔτυχετοῦ οὐρανοῦ διερριμμένους καὶ
 τὸν ἥλιον αὐτὸν τι ποτε ἦν ἄρα ἐπόθουν εἰδέναι·
 μάλιστα δὲ τὰ κατὰ τὴν σελήνην ἄτοπά μοι καὶ
 παντελῶς παράδοξα κατεφαίνετο, καὶ τὸ πολυειδὲς
 αὐτῆς τῶν σχημάτων ἀπόρρητόν τινα τὴν αἰτίαν
 ἔχειν ἐδοκίμαζον. οὐ μὴν ἀλλὰ καὶ ἀστραπὴ διαΐξασα
 καὶ βροντὴ καταρραγεῖσα καὶ ὑετὸς ἢ χιὼν
 ἢ χάλαζα κατενεχθεῖσα καὶ ταῦτα δυσείκαστα
 πάντα καὶ ἀτέκμαρτα ἦν.</p>
 </sp>
 </div>
 
 <div type="textpart" subtype="section" n="5">
 <p>5 Οὐκοῦν ἐπειδήπερ οὕτω διεκείμην, ἄριστον εἶναι
 ὑπελάμβανον παρὰ τῶν φιλοσόφων τούτων ταῦτα
 ἕκαστα ἐκμαθεῖν· ᾤμην γὰρ ἐκείνους γε πὰσαν<note type="footnote" n="1"></note>
 ἔχειν ἂν εἰπεῖν τὴν ἀλήθειαν. οὕτω δὲ τοὺς ἀρίστους
 ἐπιλεξάμενος αὐτῶν, ὡς ἐνῆν τεκμήρασθαι
 <note type="footnote">1 γε πᾶσαν Fritzche: πᾶσάν γε MSS.</note>
 
 <pb n="276"/>
 προσώπου τε σκυθρωπότητι καὶ χρόας ὠχρότητι
 καὶ γενείου βαθύτητι—μάλα γὰρ ὑψαγόραι τινὲς
 καὶ οὐρανογνώμονες οἱ ἄνδρες αὐτίκα μοι κατεφάνησαν—τούτοις
 ἐγχειρίσας ἐμαυτὸν καὶ συχνὸν
 ἀργύριον τὸ μὲν αὐτόθεν ἤδη καταβαλών, τὸ δὲ
 εἰσαῦθις ἀποδώσειν ἐπὶ κεφαλαίῳ τῆς σοφίας
 διομολογησάμενος, ἠξίουν μετεωρολέσχης τε διδάσκεσθαι
 καὶ τὴν τῶν ὅλων διακόσμησιν καταμαθεῖν.
 οἱ δὲ τοσοῦτον ἄρα ἐδέησάν με τῆς παλαιᾶς
 ἐκεινης ἀγνοίας ἀπαλλάξαι, ὥστε καὶ εἰς μείζους
 ἀπορίας φέροντες ἐνέβαλον, ἀρχάς τινας καὶ τέλη
 καὶ ἀτόμους καὶ κενὰ καὶ ὕλας καὶ ἰδέας καὶ τὰ
 τοιαῦτα ὁσημέραι μου καταχέοντες. ὃ δὲ πάντων
 ἐμοι γοῦν<note type="footnote" n="1"></note> ἐδόκει χαλεπώτατον, ὅτι μηδὲν ἅτερος
 θατέρῳ λέγοντες ἀκόλουθον ἀλλὰ μαχόμενα πάντα
 καὶ ὑπεναντία, ὅμως πείθεσθαί τέ με ἠξίουν καὶ
 πρὸς τὸν αὑτοῦ λόγον ἕκαστος ὑπάγειν ἐπειρῶντο.</p>
 
 <sp>
 <speaker>ΕΤΑΙΡΟΣ</speaker>
 <p>Ἄτοπον λέγεις, εἰ σοφοὶ ὄντες οἱ ἄνδρες ἐστασίαζον
 πρὸς αὑτοὺς περὶ τῶν λόγων καὶ οὐ τὰ
 αὐτὰ περὶ τῶν αὐτῶν ἐδόξαζον.</p>
 </sp>
 </div>
 
 <div type="textpart" subtype="section" n="6"> 
 <sp>
 <speaker>ΜΕΝΙΠΠΟΣ</speaker>
 <p>6 Καὶ μήν, ὦ ἑταῖρε, γελάσῃ ἀκούσας τήν τε
 ἀλαζονείαν αὐτῶν καὶ τὴν ἐν τοῖς λόγοις τερατουργίαν,
 οἵ γε πρῶτα μὲν ἐπὶ γῆς βεβηκότες καὶ
 μηδὲν τῶν χαμαὶ ἐρχομένων ἡμῶν ὑπερέχοντες,
 ἀλλ᾿ οὐδὲ ὀξύτερον τοῦ πλησίον δεδορκότες, ἔνιοι
 δὲ καὶ ὑπὸ γήρως ἢ ἀργίας ἀμβλυώττοντες, ὅμως
 οὐρανοῦ τε πέρατα διορᾶν ἔφασκον καὶ τὸν ἥλιον
 <note type="footnote">1 γοῦν Fritzsche: δ᾿ οὗν MSS.</note>
 
 <pb n="278"/>
 περιεμετρουν καὶ τοῖς ὑπὲρ τὴν σελήνην ἐπεβάτευον
 καὶ ὥσπερ ἐκ τῶν ἀστέρων καταπεσόντες
 μεγέθη τε αὐτῶν διεξῄεσαν, καὶ πολλάκις, εἰ
 τύχοι, μηδὲ ὁπόσοι στάδιοι Μεγαρόθεν Ἀθήναξέ
 εἰσιν ἀκριβῶς ἐπιστάμενοι τὸ μεταξὺ τῆς σελήνης
 καὶ τοῦ ἡλίου χωρίον ὁπόσων εἴη πηχῶν τὸ
 μέγεθος ἐτόλμων λέγειν, ἀέρος τε ὕψη καὶ θαλάττης
 βάθη καὶ γῆς περιόδους ἀναμετροῦντες, ἔτι
 δὲ κύκλους καταγράφοντες καὶ τρίγωνα ἐπὶ
 τετραγώνοις διασχηματίζοντες καὶ σφαίρας τινὰς
 ποικίλας τὸν οὐρανὸν δῆθεν αὐτὸν ἐπιμετροῦντες.</p>
 </sp>
 </div>
 
 <div type="textpart" subtype="section" n="7">
 <p>7 Ἔπειτα δὲ κἀκεῖνο πῶς οὐκ ἄγνωμον αὐτῶν
 καὶ παντελῶς τετυφωμένον τὸ περὶ τῶν οὕτως
 ἀδήλων λέγοντας μηδὲν ὡς εἰκάζοντας ἀποφαίνεσθαι,
 ἀλλʼ ὑπερδιατείνεσθαί τε καὶ μηδεμίαν
 τοῖς ἄλλοις ὑπερβολὴν ἀπολιμπάνειν, μονονουχὶ
 διομνυμένους μύδρον μὲν εἶναι τὸν ἥλιον, κατοικεῖσθαι
 δὲ τὴν σελήνην, ὑδατοποτεῖν δὲ τοὺς
 ἀστέρας τοῦ ἡλίου καθάπερ ἱμονιᾷ τινι τὴν
 ἰκμάδα ἐκ τῆς θαλάττης ἀνασπῶντος καὶ ἅπασιν
 αὐτοῖς τὸ ποτὸν ἐξῆς διανέμοντος.</p>
 </div>
 
 <div type="textpart" subtype="section" n="8">
 <p>8 Τὴν μὲν γὰρ ἐναντιότητα τῶν λόγων ὁπόση
 ῥᾴδιον καταμαθεῖν. καὶ σκόπει πρὸς Διός, εἰ
 ἐν γειτόνων ἐστὶ τὰ δόγματα καὶ μὴ πάμπολυ
 διεστηκότα· πρῶτα μὲν γὰρ αὐτοῖς ἡ περὶ τοῦ
 κόσμου γνώμη διάφορος, εἴ γε τοῖς μὲν ἀγέννητός
  <pb n="280"/>
  τε καὶ ἀνώλεθρος εἶναι δοκεῖ, οἱ δὲ καὶ τὸν
  δημιουργὸν αὐτοῦ καὶ τῆς κατασκευῆς τὸν τρόπον
  εἰπεῖν ἐτόλμησαν· οὓς καὶ μάλιστα ἐθαύμαζον
  θεὸν μέν τινα τεχνίτην τῶν ὅλων ἐφιστάντας, οὐ
  προστιθέντας δὲ οὔτε ὅθεν ἥκων οὔτε ὅπου ἑστὼς
  ἕκαστα ἐτεκταίνετο, καίτοι πρό γε τῆς τοῦ παντὸς
  γενέσεως ἀδύνατον καὶ χρόνον καὶ τόπον ἐπινοεῖν.</p>
  
  <sp>
   <speaker>ΕΤΑΙΡΟΣ</speaker>
   <p>Μάλα τινάς, ὦ Μένιππε, τολμητὰς καὶ θαυματοποιοὺς
    ἄνδρας λέγεις.</p>
  </sp>
  
  <sp>
   <speaker>ΜΕΝΙΠΠΟΣ</speaker>
   <p>Τί δ᾿ εἰ ἀκούσειας, ὦ θαυμάσιε, περί τε ἰδεῶν
    καὶ ἀσωμάτων ἃ διεξέρχονται ἢ τοὺς περὶ τοῦ
    πέρατός τε καὶ ἀπείρου λόγους; καὶ γὰρ αὖ καὶ
    αὕτη νεανικὴ αὐτοῖς ἡ μάχη, τοῖς μὲν τέλει τὸ
    πᾶν περιγράφουσι, τοῖς δὲ ἀτελὲς τοῦτο εἶναι
    ὑπολαμβάνουσιν· οὐ μὴν ἀλλὰ καὶ παμπόλλους
    τινὰς εἶναι τοὺς κόσμους ἀπεφαίνοντο καὶ τῶν
    ὡς περὶ ἑνὸς αὐτῶν διαλεγομένων κατεγίνωσκον.
    ἕτερος δέ τις οὐκ εἰρηνικὸς ἀνὴρ πόλεμον τῶν ὅλων
    πατέρα εἶναι ἐδόξαζε.</p>
  </sp>
 </div>
   
   <div type="textpart" subtype="section" n="9">
    <p>9 Περὶ μὲν γὰρ τῶν θεῶν τί χρὴ καὶ λέγειν;
     ὅπου τοῖς μὲν ἀριθμός τις ὁ θεὸς ἦν, οἱ δὲ κατὰ
     χηνῶν καὶ κυνῶν καὶ πλατάνων ἐπώμνυντο. καὶ
     οἱ μὲν τοὺς ἄλλους ἅπαντας θεοὺς ἀπελάσαντες
     ἑνὶ μόνῳ τὴν τῶν ὅλων ἀρχὴν ἀπένεμον, ὥστε
     ἠρέμα καὶ ἄχθεσθαί με τοσαύτην ἀπορίαν θεῶν
     ἀκούοντα· οἱ δ᾿ ἔμπαλιν ἐπιδαψιλευόμενοι πολ-
     
 <pb n="282"/>
 λούς τε αὐτοὺς ἀπέφαινον καὶ διελομενοι τὸν μέν
 τινα πρῶτον θεὸν ἐπεκάλουν, τοῖς δὲ τὰ δεύτερα
 καὶ τρίτα ἔνεμον τῆς θειότητος· ἔτι δὲ οἱ μὲν
 ἀσώματόν τι καὶ ἄμορφον ἡγοῦντο εἶναι τὸ θεῖον,
 οἱ δὲ ὡς περὶ σώματος αὐτοῦ διενοοῦντο. εἶτα
 καὶ προνοεῖν τῶν καθʼ ἡμᾶς πραγμάτων οὐ πᾶσιν
 ἐδόκουν οἱ θεοί, ἀλλʼ ἦσάν τινες οἱ τῆς συμπάσης
 ἐπιμελείας αὐτοὺς ἀφιέντες, ὥσπερ ἡμεῖς εἰώθαμεν
 ἀπολύειν τῶν λειτουργιῶν τοὺς παρηβηκότας·
 οὐδὲν γὰρ ὅτι μὴ τοῖς κωμικοῖς δορυφορήμασιν
 ἐοικότας αὐτοὺς εἰσάγουσιν. ἔνιοι δὲ ταῦτα
 πάντα ὑπερβάντες οὐδὲ τὴν ἀρχὴν εἶναι θεούς
 τινας ἐπίστευον, ἀλλʼ· ἀδέσποτον καὶ ἀνηγεμόνευτον
 φέρεσθαι τὸν κόσμον ἀπελίμπανον.</p>
 </div>
 
 <div type="textpart" subtype="section" n="10">
 <p>10 Τοιγάρτοι ταῦτα ἀκούων ἀπιστεῖν μὲν οὐκ
 ἐτόλμων ὑψιβρεμέταις τε καὶ ἠϋγενείοις ἀνδράσιν·
 οὐ μὴν εἶχόν γε ὅπη τῶν λόγων τραπόμενος
 ἀνεπίληπτον τι αὐτῶν εὕροιμι καὶ ὑπὸ θατέρου
 μηδαμῇ περιτρεπόμενον. ὥστε δὴ τὸ Ὁμηρικὸν
 ἐκεῖνο ἀτεχνῶς ἔπασχον· πολλάκις μὲν γὰρ ἂν
 ὥρμησα πιστεύειν τινὶ αὐτῶν,
 <lg><l>ἕτερος δέ με θυμὸς ἔρυκεν.</l></lg></p>
 <p>Ἐφ᾿  οἷς ἅπασιν ἀμηχανῶν ἐπὶ γῆς μὲν ἀκούσεσθαί
 τι περὶ τούτων ἀληθὲς ἀπεγίνωσκον, μίαν
 δὲ τῆς συμπάσης ἀπορίας ἀπαλλαγὴν ᾤμην
 ἔσεσθαι, εἰ αὐτὸς πτερωθείς πως ἀνέλθοιμι εἰς
 τὸν οὐρανόν. τούτου δέ μοι παρεῖχε τὴν ἐλπίδα
 μάλιστα μὲν ἡ ἐπιθυμία <gap reason="omitted"/> <note type="footnote" n="1"></note> καὶ ὁ λογοποιὸς
 Αἴσωπος ἀετοῖς καὶ κανθάροις, ἐνίοτε καὶ καμήλοις
 βάσιμον ἀποφαίνων τὸν οὐρανόν. αὐτὸν μὲν
 <note type="footnote">1 Fritzsche supplies ἔπειτα δὲ: no lacuna in MSS.</note>
 
 <pb n="284"/>
 οὖν πτεροφυῆσαί ποτε οὐδεμιᾷ μηχανῇ δυνατὸν
 εἶναί μοι κατεφαίνετο· εἰ δὲ γυπὸς ἢ ἀετοῦ περιθείμην
 πτερά—ταῦτα γὰρ μόνα ἂν <note type="footnote" n="1"></note> διαρκέσαι
 πρὸς μέγεθος ἀνθρωπίνου σώματος—τάχα ἄν μοι
 τὴν πεῖραν προχωρῆσαι. καὶ δὴ συλλαβὼν τὰ
 ὄρνεα θατέρου μὲν τὴν δεξιὰν πτέρυγα, τοῦ
 γυπὸς δὲ τὴν ἑτέραν ἀπέτεμον εὖ μάλα· εἶτα
 διαδήσας καὶ κατὰ τοὺς ὤμους τελαμῶσι καρτεροῖς
 ἀρμοσάμενος καὶ πρὸς ἄκροις τοῖς ὠκυπτέροις
 λαβάς τινας ταῖς χερσὶ παρασκευάσας ἐπειρώμην
 ἐμαυτοῦ τὸ πρῶτον ἀναπηδῶν καὶ ταῖς χερσὶν
 ὑπηρετῶν καὶ ὥσπερ οἱ χῆνες ἔτι χαμαιπετῶς
 ἐπαιρόμενος καὶ ἀκροβατῶν ἅμα μετὰ τῆς πτήσεως·
 ἐπεὶ δὲ ὑπήκουέ μοι τὸ χρῆμα, τολμηρότερον·
 ἤδη τῆς πείρας ἡπτόμην, καὶ ἀνελθὼν
 ἐπὶ τὴν, ἀκρόπολιν ἀφῆκα ἐμαυτὸν κατὰ τοῦ
 κρημνοῦ φέρων ἐς αὐτὸ τὸ θέατρον.</p>
 </div>
 
 <div type="textpart" subtype="section" n="11">
 <p>ὡς δὲ
 ἀκινδύνως κατεπτόμην, ἤδη καὶ μετέωρα ἐφρόνουν
 καὶ ἄρας ἀπὸ Πάρνηθος ἢ ἀπὸ Ὑμηττοῦ
 μέχρι Γερανείας ἐπετόμην, εἶτʼ ἐκεῖθεν ἐπὶ τὸν
 Ἀκροκόρινθον ἄνω, εἶτα ὑπὲρ Φολόης καὶ Ἐρυμάνθου
 μεέχρι πρὸς τὸ Ταΰγετον.</p>
 <p>Ἤδη δʼ οὖν μοι τοῦ τολμήματος ἐκμεμελετημένου
 τέλειός τε καὶ ὑψιπέτης γενόμενος οὐκέτι
 τὰ νεοττῶν ἐφρόνουν, ἀλλʼ ἐπὶ τὸν Ὄλυμπον
 ἀναβὰς καὶ ὡς ἐνῆν μάλιστα κούφως ἐπισιτισάμενος
 τὸ λοιπὸν ἔτεινον εὐθὺ τοῦ οὐρανοῦ, τὸ μὲν
 πρῶτον ἰλιγγιῶν ὑπὸ τοῦ βάθους; μετὰ δὲ ἔφερον
 καὶ τοῦτο εὐμαρῶς. ἐπεὶ δὲ κατʼ αὐτὴν ἤδη τὴν
 σελήνην ἐγεγόνειν πάμπολυ τῶν νεφῶν ἀποσπάσας,
 ᾐσθόμην κάμνοντος ἐμαυτοῦ, καὶ μάλιστα
 <note type="footnote">1 ἂν Bekker: not in MSS.</note>
 
 <pb n="286"/>
 κατὰ τὴν ἀριστερὰν πτέρυγα τὴν γυπίνην. προσελάσας
 οὖν καὶ καθεζόμενος ἐπʼ αὐτῆς διανεπανόμην
 ἐς τὴν γῆν ἄνωθεν ἀποβλέπων καὶ
 ὥσπερ ὁ τοῦ Ὁμήρου Ζεὺς ἐκεῖνος ἄρτι μὲν τὴν
 τῶν Ἱπποπόλων Θρῃκῶν καθορώμενος, ἄρτι δὲ
 τὴν Μυσῶν, μετʼ ὀλίγον δέ. εἰ δόξειέ μοι, τὴν
 Ἑλλάδα, τὴν Περσίδα καὶ τὴν Ἰνδικήν. ἐξ ὧν
 ἀπάντων ποικίλης τινὸς ἡδονῆς ἐνεπιμπλάμην.</p>
 
 <sp>
 <speaker>ΕΤΑΙΡΟΣ</speaker>
 <p>Οὐκοῦν καὶ ταῦτα λέγοις ἄν, ὦ Μένιππε, ἵνα
 μηδὲ καθʼ ἓν ἀπολειπώμεθα τῆς ἀποδημίας, ἀλλʼ
 εἴ τί σοι καὶ ὁδοῦ πάρεργον ἱστόρηται, καὶ τοῦτο
 εἰδῶμεν· ὡς ἔγωγε οὐκ ὀγίγα προσδοκῶ ἀκούσεσθαι
 σχήματός τε πέρι γῆς καὶ τῶν ἐπʼ αὐτῆς
 ἁπάντων, οἷά σοι ἄνωθεν ἐπισκοποῦντι κατεφαίνετο.</p>
 </sp>
 
 <sp>
 <speaker>ΜΕΝΙΠΠΟΣ</speaker>
 <p>Καὶ ὀρθῶς γε, ὦ ἑταῖρε, εἰκάζεις· διόπερ ὡς
 οἷόν τε ἀναβὰς ἐπὶ τὴν σελήνην τῷ λόγῳ συναποδήμει
 τε καὶ συνεπισκόπει τὴν ὅλην τῶν ἐπὶ
 γῆς διάθεσιν.</p>
 </sp>
 </div>
 
 <div type="textpart" subtype="section" n="12">
 <p>12 καὶ πρῶτόν γέ μοι πάνυ μικρὰν
 δόκει τινὰ τὴν γῆν ὁρᾶν, πολὺ λέγω τῆς σελήνης
 βραχυτέραν, ὥστε ἐγὼ ἄφνω κατακύψας ἐπὶ πολὺ
 ἠπόρουν ποῦ εἴη τὰ τηλικαῦτα ὅρη καὶ ἡ τοσαύτη
 θάλαττα· καὶ εἴ γε μὴ τὸν Ῥοδίων κολοσσὸν
 ἐθεασάμην καὶ τὸν ἐπὶ τῇ Φάρῳ πύργον, εὖ ἴσθι,
 παντελῶς ἄν με ἡ γῇ διέλαθε. νῦν δὲ ταῦτα
 ὑψηλὰ ὄντα καὶ ὑπερανεστηκότα καὶ ὁ Ὠκεανὸς
 ἠρέμα πρὸς τὸν ἥλιον ὑποστίλβων διεσήμαινέ
 μοι γῆν εἶναι τὸ ὁρώμενον. ἐπεὶ δὲ ἅπαξ τὴν
 ὄψιν ἐς τὸ ἀτενὲς ἀπηρεισάμην, ἅπας ὁ τῶν
 
 <pb n="288"/>
 ἀνθρώπων βίος ἤδη κατεφαίνετο, οὐ κατὰ ἔθνη
 μόνον καὶ πόλεις, ἀλλὰ καὶ αὐτοὶ σαφῶς οἱ
 πλέοντες, οἱ πολεμοῦντες, οἱ γεωργοῦντες, οἱ
 δικαζόμενοι, τὰ γύναια, τὰ θηρία, καὶ πάνθ᾿
 ἀπλῶς ὁπόσα τρέφει ζείδωρος ἄρουρα.</p>
 
 <sp>
 <speaker>ΕΤΑΙΡΟΣ</speaker>
 <p>Παντελῶς ἀπίθανα φὴς ταῦτα καὶ αὑτοῖς
 ὑπεναντία· ὃς γὰρ ἀρτίως, ὦ Μένιππε, τὴν γῆν
 ἐξήτεις ὑπὸ τοῦ μεταξὺ διαστήματος ἐς βραχὺ
 συνεσταλμένην, καὶ εἴ γε μὴ ὁ κολοσσὸς ἐμήνυσέ
 σοι, τάχα ἂν ἄλλο τι ᾠήθης ὁρᾶν, πῶς νῦν
 καθάπερ Λυγκεύς τις ἄφνω γενόμενος ἅπαντα
 διαγινώσκεις τὰ ἐπὶ γῆς, τοὺς ἀνθοώπους, τὰ
 θηρία, μικροῦ δεῖν τὰς τῶν ἐμπίδων νεοττιάς;</p>
 </sp>
 </div>
 
 <div type="textpart" subtype="section" n="13">
 <sp>
 <speaker>ΜΕΝΙΠΠΟΣ</speaker>
 <p>13 Εὖ γε <note type="footnote" n="1"></note> ὑπέμνησας· ὃ γὰρ μάλιστα ἐχρῆν
 εἰπεῖν, τοῦτο οὐκ οἶδʼ ὅπως παρέλιπον. ἐπεὶ γὰρ
 αὐτὴν μὲν ἐγνώρισα τὴν γῆν ἰδών, τὰ δʼ ἄλλα οὐχ
 οἷός τε ἦν καθορᾶν ὑπὸ τοῦ βάθους ἅτε τῆς ὄψεως
 μηκέτι ἐφικνουμένης, πάνυ μʼ ἠνία τὸ χρῆμα καὶ
 πολλὴν παρεῖχε τὴν ἀπορίαν. κατηφεῖ δὲ ὄντι
 μοι καὶ ὀλίγου δεῖν δεδακρυμένῳ ἐφίσταται κατόπιν
 ὁ σοφὸς Ἐμπεδοκλῆς, ἀνθρακίας τις ἰδεῖν
 καὶ σποδοῦ ἀνάπλεως καὶ κατωπτημένος· κἀγὼ μὲν
 ὡς εἶδον,—εἰρήσεται  γάρ—ὑπεταράχθην καί τινα
 σεληναῖον δαίμονα ᾠήθην ὁρᾶν· ὁ δέ, “Θάρρει,”
 φησίν, “ὦ Μένιππε,
 <lg>
 <l>‘οὔτις τοι θεός εἰμι, τί μ’ ἀθανάτοισιν ἐΐσκεις;’</l>
 </lg>
 <note type="footnote">1 γε Fritzsche: με MSS.</note>
 
 <pb n="290"/>
 ὁ φυσικὸς οὗτός εἰμι Ἐμπεδοκλῆς· ἐπεὶ γὰρ ἐς
 τοὺς κρατῆρας ἐμαυτὸν φέρων ἐνέβαλον, ὁ καπνός
 με ἀπὸ τῆς Αἴτνης ἁρπάσας δεῦρο ἀνήγαγε, καὶ
 νῦν ἐν τῇ σελήνῃ κατοικῶ ἀεροβατῶν τὰ πολλὰ
 καὶ σιτοῦμαι δρόσον. ἥκω τοίνυν σε ἀπολύσων
 τῆς παρούσης ἀποριας· ἀνιᾷ γάρ σε, οἶμαι, καὶ
 στρέφει τὸ μὴ σαφῶς τὰ ἐπὶ γῆς ὁρᾶν.” “Εὖ γε
 ἐποίησας,” ἦν δʼ ἐγώ, “βέλτιστε Ἐμπεδόκλεις,
 κἀπειδὰν τάχιστα κατάπτωμαι πάλιν ἐς τὴν
 Ἑλλάδα, μεμνήσομαι σπένδειν τέ σοι ἐπὶ τῆς
 καπνοδόκης κάν ταῖς νουμηνίαις πρὸς τὴν σελήνην
 τρὶς ἐγχανὼν προσεύχεσθαι.” “Ἀλλὰ μὰ τὸν
 Ἐνδυμίωνα,” ἦ δʼ ὅς, “οὐχὶ τοῦ μισθοῦ χάριν
 ἀφῖγμαι, πέπονθα δέ τι τὴν ψυχὴν ἰδών σε
 λελυπημένον. ἀτὰρ οἶσθα ὅ τι δράσας ὀξυδερκὴς
 γενήσῃ;”</p>
 </sp>
 </div>
 
 <div type="textpart" subtype="section" n="14">
 <p>“Μὰ Δί᾿ ,” ἦν δʼ ἐγώ, “ἢν μὴ σύ μοι
 τὴν ἀχλύν πως ἀφέλῃς ἀπὸ τῶν ὀμμάτων· νῦν
 γὰρ δὴ λημᾶν οὐ μετρίως δοκῶ.” “Καὶ μὴν οὐδέν
 σε,” ἦ δ᾿  ὅς, “ἐμοῦ δεήσει· τὸ γὰρ ὀξυδερκὲς αὐτὸς
 ἤδη γῆθεν ἥκεις ἔχων.” “Τί οὖν τοῦτό ἐστιν; οὐ
 γὰρ οἶδ᾿ ,” ἔφην. “Οὐκ οἶσθα,” ἦ δʼ ὅς, “ἀετοῦ
 τὴν πτέρυγα τὴν δεξιὰν περικείμενος;” “Καὶ
 μάλα,” ἦν δʼ ἐγώ· “τί δʼ οὖν πτέρυγι καὶ ὀφθαλμῷ
 κοινόν ἐστιν;” “Ὅτι,” ἦ δʼ ὅς, “παρὰ πολὺ
 τῶν ἄλλων ζῴων ἀετός ἐστιν ὀξυωπέστατος, ὥστε
 μόνος ἀντίον δέδορκε τῷ ἡλίῳ, καὶ τοῦτό ἐστιν ὁ
 γνήσιος καὶ βασιλεὺς ἀετός, ἢν ἀσκαρδαμυκτὶ
 πρὸς τὰς ἀκτῖνας βλέπῃ.” “Φασὶ ταῦτα,” ἦν δʼ
 
 <pb n="292"/>
 ἐγώ, “καί μοι ἤδη μεταμέλει ὅτι δεῦρο ἀνιὼν
 οὐχὶ τὼ ὀφθαλμὼ τοῦ ἀετοῦ ἐνεθέμην τοὺς ἐμοὺς
 ἐξελών· ὡς νῦν γε ἡμιτελὴς ἀφῖγμαι καὶ οὐ πάντα
 βασιλικῶς ἐνεσκευασμένος, ἀλλʼ ἔοικα τοῖς νόθοις
 ἐκείνοις καὶ ἀποκηρύκτοις.” “Καὶ μὴν πάρα σοί,”
 ἦ δ᾿ ὅς, “αὐτίκα μάλα τὸν ἕτερον ὀφθαλμὸν ἔχειν
 βασιλικόν· ἢν γὰρ ἐθελήσῃς μικρὸν ἀναστὰς
 ἐπισχὼν τοῦ γυπὸς τὴν πτέρυγα θατέρᾳ μόνῃ
 πτερύξασθαι, κατὰ λόγον τῆς πτέρυγος τὸν δεξιὸν
 ὀφθαλμὸν ὀξυδερκὴς ἔσῃ· τὸν δὲ ἕτερον οὐδεμία
 μηχανὴ μὴ οὐκ ἀμβλύτερον δεδορκέναι τῆς μερίδος
 ὄντα τῆς χείρονος.” “Ἅλις,” ἦν δʼ ἐγώ, “εἰ καὶ
 ὁ δεξιὸς μόνος ἀετῶδες βλέποι· οὐδὲν γὰρ ἂν
 ἔλαττον γένοιτο, ἐπεὶ καὶ τοὺς τέκτονας πολλάκις
 ἑωρακέναι μοι δοκῶ θατέρῳ τῶν ὀφθαλμῶν
 ἄμεινον πρὸς τοὺς κανόνας ἀπευθύνοντας τὰ
 ξύλα.”</p>
 </div>
 
 <div type="textpart" subtype="section" n="15">
 <p>Ταῦτα εἰπὼν ἐποίουν ἅμα τὰ ὑπὸ τοῦ Ἐμπεδοκλέους
 παρηγγελμένα· ὁ δὲ κατʼ ὀλίγον ὑπαπιὼν
 15 ἐς καπνὸν ἠρέμα διελύετο. κἀπειδὴ τάχιστα
 ἐπτερυξάμην, αὐτίκα φῶς με <note type="footnote" n="1"></note> πάμπολυ περιέλαμψε
 καὶ τὰ τέως λανθάνοντα πάντα διεφαίνετο·
 κατακύψας γοῦν ἐς τὴν γῆν ἑώρων σαφῶς τὰς
 πόλεις, τοὺς ἀνθρώπους, τὰ γιγνόμενα, καὶ οὐ τὰ
 ἐν ὑπαίθρῳ μόνον, ἀλλὰ καὶ ὁπόσα οἴκοι ἔπραττον
 οἰόμενοι λανθάνειν, Πτολεμαῖον μὲν συνόντα
 τῇ ἀδελφῇ. Λυσιμάχῳ δὲ τὸν υἱὸν ἐπιβουλεύοντα,
 τὸν Σελεύκου δὲ Ἀντίοχον Στρατονίκῃ διανεύοντα
 λάθρα τῇ μητρυιᾷ, τὸν δὲ Θετταλὸν Ἀλέξανδρον
 ὑπὸ τῆς γυναικὸς ἀναιρούμενον καὶ Ἀντίγονον
 <note type="footnote">1 φῶς με A.M.H.: με φῶς γε γ, U; με φῶς μέγα (i. e. μέ γε?)
 Ν ; φῶς γε I.</note>
 
 <pb n="294"/>
 μοιχευοντα τοῦ υἱοῦ τὴν γυναῖκα καὶ Ἀττάλῳ τὸν
 υἱὸν ἐγχέοντα τὸ φάρμακον, ἑτέρωθι δʼ αὖ
 Ἀρσάκην φονεύοντα τὸ γύναιον καὶ τὸν εὐνοῦχον
 Ἀρβάκην ἕλκοντα τὸ ξίφος ἐπὶ τὸν Ἀρσάκην,
 Σπατῖνος δὲ ὁ Μῆδος ἐκ τοῦ συμποσίου πρὸς τῶν
 δορυφορούντων εἵλκετο ἔξω τοῦ ποδὸς σκύφῳ
 χρυσῷ τὴν ὀφρὺν κατηλοημένος. ὅμοια δὲ τούτοις
 ἔν τε <note type="footnote" n="1"></note> Λιβύῃ καὶ παρὰ Σκύθαις καὶ Θρᾳξὶ
 γινόμενα ἐν τοῖς βασιλείοις ἦν ὁρᾶν, μοιχεύοντας,
 φονεύοντας, ἐπιβουλεύοντας, ἁρπάζοντας, ἐπιορκοῦντας,
 δεδιότας, ὑπὸ τῶν οἰκειοτάτων προδιδομένους.</p>
 </div>
 
 <div type="textpart" subtype="section" n="16">
 <p>16 Καὶ τὰ μὲν τῶν βασιλέων τοιαύτην παρέσχε
 μοι τὴν διατριβήν, τὰ δὲ τῶν ἰδιωτῶν πολὺ γελοιότερα·
 καὶ γὰρ αὖ κἀκείνους ἑώρων, Ἑρμόδωρον
 μὲν τὸν Ἐπικούρειον χιλίων ἕνεκα δραχμῶν
 ἐπιορκοῦντα, τὸν Στωϊκὸν δὲ Ἀγαθοκλέα περὶ
 μισθοῦ τῷ μαθητῇ δικαζόμενον, Κλεινίαν δὲ τὸν
 ῥήτορα ἐκ τοῦ Ἀσκληπιείου φιάλην ὑφαιρούμενον,
 τὸν δὲ Κυνικὸν Ἡρόφιλον ἐν τῷ χαμαιτυπείῳ
 καθεύδοντα. τί γὰρ ἂν τοὺς ἄλλους λέγοιμι, τοὺς
 τοιχαρνχοῦντας, τοὺς δεκαξομένους, <note type="footnote" n="2"></note> τοὺς δανείζοντας,
 τοὺς ἐπαιτοῦντας; <note type="footnote" n="3"></note> ὅλως γὰρ ποικίλη καὶ
 παντοδαπή τις ἦν ἡ θέα.</p>
 
 <sp>
 <speaker>ΕΤΑΙΡΟΣ</speaker>
 <p>Καὶ μὴν καὶ ταῦτα, ὦ Μένιππε, καλῶς εἶχε
 λέγειν· ἔοικε γὰρ οὐ τὴν τυχοῦσαν τερπωλήν σοι
 παρεσχῆσθαι.</p>
 </sp>
 
 <sp>
 <speaker>ΜΕΝΙΠΠΟΣ</speaker>
 <p>Πάντα μὲν ἑξῆς διελθεῖν, ὦ φιλότης, ἀδύνατον,
 <note type="footnote">1 ἔν τε Bekker: ἐν τῇ MSS.</note>
 <note type="footnote">2 δεκαζομένους Fritzsche: δικαζομένους MSS.</note>
 <note type="footnote">3 ἐπαιτοῦντας Lehmann: ἀπαιτοῦντας MSS.</note>
 
 <pb n="296"/>
 ὅπου γε καὶ ὁρᾶν αὐτὰ ἔργον ἦν· τὰ μέντοι κεφάλαια
 τῶν πραγμάτων τοιαῦτα ἐφαίνετο οἷά φησιν
 Ὁμηρος τὰ ἐπὶ τῆς ἀσπίδος· οὗ μὲν γὰρ ἦσαν
 εἰλαπίναι καὶ γάμοι, ἑτέρωθι δὲ δικαστήρια καὶ
 ἐκκλησίαι, καθ᾿  ἕτερον δὲ μέρος ἔθυέ τις, ἐν
 γειτόνων δὲ πενθῶν ἄλλος ἐφαίνετο· καὶ ὅτε μὲν
 ἐς τὴν Γετικὴν ἀποβλέψαιμι, πολεμοῦντας ἂν
 ἑώρων ποὺς Γέτας· ὅτε δὲ μεταβαίην ἐπὶ τοὺς
 Σκύθας, πλανωμένους ἐπὶ τῶν ἁμαξῶν ἦν ἰδεῖν·
 μικρὸν δὲ ἐγκλίνας <note type="footnote" n="1"></note> τὸν ὀφθαλμὸν ἐπὶ θάτερα
 τοὺς Αἰγυπτίους γεωργοῦντας ἐπέβλεπον, καὶ ὁ
 Φοῖνιξ <note type="footnote" n="2"></note> ἐνεπορεύετο καὶ ὁ Κίλιξ ἐλῄστευεν
 καὶ ὁ Λάκων ἐμαστιγοῦτο καὶ ὁ Ἀθηναῖος
 ἐδικάζετο.</p>
 </sp>
 </div>
 
 <div type="textpart" subtype="section" n="17">
 <p>17 ἀπάντων δὲ <note type="footnote" n="3"></note> τούτων ὑπὸ τὸν
 αὐτὸν γινομένων χρόνον ὥρα σοι ἤδη ἐπινοεῖν
 ὁποῖός τις ὁ κυκεὼν οὗτος ἐφαίνετο. ὥσπερ ἂν εἴ
 τις παραστησάμενος πολλοὺς χορευτάς, μᾶλλον
 δὲ πολλοὺς χορούς, ἔπειτα προστάξειε τῶν ᾀδόντων
 ἑκάστῳ τὴν συνῳδίαν ἀφέντα ἴδιον ᾄδειν
 μέλος, φιλοτιμουμένου δὲ ἑκάστου καὶ τὸ ἴδιον
 περαίνοντος καὶ τὸν πλησίον ὑπερβαλέσθαι τῇ
 μεγαλοφωνίᾳ προθυμουμένου—ἆρα ἐνθυμῇ πρὸς
 Διὸς οἵα γένοιτʼ ἂν ἡ ᾠδή;</p>
 
 <sp>
 <speaker>ΕΤΑΙΡΟΣ</speaker>
 <p>Παντάπασιν, ὦ Μένιππε, παγγέλοιος καὶ
 τεταραγμένη.</p>
 </sp>
 
 <sp>
 <speaker>ΜΕΝΙΠΠΟΣ</speaker>
 <p>Καὶ μήν, ὦ ἑταῖρε, τοιοῦτοι πάντες εἰσὶν οἱ ἐπὶ
 γῆς χορευταὶ κὰκ τοιαύτης ἀναρμοστίας ὁ τῶν
 <note type="footnote">1 ἐγκλίνας Fritzsche: ἐπικλίνας MSS.</note>
 <note type="footnote">2 Φοῖνιξ Fritzsche: Φοῖνιξ δὲ MSS.</note>
 <note type="footnote">3 ἀπάντων δὲ Bekker : ἀπάντων MSS.</note>
 
 <pb n="298"/>
 ἀνθρώπων βίος συντέτακται, οὐ μόνον ἀπῳδὰ
 φθεγγομένων, ἀλλὰ καὶ ἀνομοίων τὰ σχήματα καὶ
 τἀναντία κινουμένων καὶ ταὐτὰν οὐδὲν ἐπινοούντων,
 ἄχρι ἂν αὐτῶν ἕκαστον ὁ χορηγὸς ἀπελάσῃ
 τῆς σκηνῆς οὐκέτι δεῖσθαι λέγων· τοὐντεῦθεν δὲ
 ὅμοιοι πάντες ἤδη σιωπῶντες, οὐκέτι τὴν συμμιγῆ
 καὶ ἄτακτον ἐκείνην ᾠδὴν ἀπᾴδοντες. ἀλλ᾿  ἐν
 αὐτῷ γε ποικίλῳ καὶ πολυειδεῖ τῷ θεάτρῳ πάντα
 μὲν γελοῖα δήπουθεν ἦν τὰ γινόμενα.</p>
 </sp>
 </div>
 
 <div type="textpart" subtype="section" n="18">
 <p>18 Μάλιστα δὲ ἐπʼ ἐκείνοις ἐπῄει μοι γελᾶν τοῖς
 περὶ γῆς ὅρων ἐρίζουσι καὶ τοῖς γέγα φρονοῦσιν
 ἐπὶ τῷ τὸ Σικυώνιον πεδίον γεωργεῖν ἢ Μαραθῶνος
 ἔχειν τὰ περὶ τὴν Οἰνόην ἢ Ἀχαρνῆσι
 πλέθρα κεκτῆσθαι χίλια· τῆς γοῦν Ἑλλάδος ὅλης
 ὡς τότε μοι ἄνωθεν ἐφαίνετο δακτύλων οὔσης τὸ
 μέγεθος τεττάρων, κατὰ λόγον, οἶμαι, ἡ Ἀττικὴ
 πολλοστημόριον ἦν. ὥστε ἐνενόουν ἐφʼ ὁπόσῳ
 τοῖς πλουσίοις τούτοις μέγα φρονεῖν κατελείπετο·
 σχεδὸν γὰρ ὁ πολυπλεθρότατος αὐτῶν μίαν τῶν
 Ἐπικουρείων ἀτόμων ἐδόκει μοι γεωργεῖν. ἀποβλέψας
 δὲ δὴ καὶ ἐς τὴν Πελοπόννησον, εἶτα
 τὴν Κυνουρίαν <note type="footnote" n="1"></note> γῆν ἰδὼν ἀνεμνήσθην περὶ ὅσου
 χωρίου, κατʼ οὐδὲν Αἰγυπτίου φακοῦ πλατυτέρου,
 τοσοῦτοι ἔπεσον Ἀργείων καὶ Αακεδαιμονίων
 μιᾶς ἡμέρας. καὶ μὴν εἴ τινα ἴδοιμι ἐπὶ χρυσῷ
 μέγα φρονοῦντα, ὅτι δακτυλίους τε εἶχεν ὀκτὼ
 καὶ φιάλας τέτταρας, πάνυ καὶ ἐπὶ τούτῳ ἂν
 ἐγέλων· τὸ γὰρ Πάγγαιον ὅλον αὐτοῖς μετάλλοις
 κεγχριαῖον ἦν τὸ μέγεθος.</p>
 </div>
 
 <div type="textpart" subtype="section" n="19">
 <sp>
 <speaker>ΕΤΑΙΡΟΣ</speaker>
 <p>19 Ὦ μακάριε Μένιππε τῆς παραδόξου θέας.
 <note type="footnote">1 Κυνουρίαν Palmer : Κυνοσουρίαν MSS.</note>
 
 <pb n="300"/>
 αί δὲ δὴ πόλεις πρὸς Διὸς καὶ οἱ ἄνδρες αὐτοὶ
 πηλίκοι διεφαίνοντο  ἄνωθεν;<note type="footnote" n="1"></note></p>
 </sp>
 
 <sp>
 <speaker>ΜΕΝΙΠΠΟΣ</speaker>
 <p>Οἶμαί σε πολλάκις ἤδη μυρμηκων ἀγορὰν
 ἑωρακέναι, τοὺς μὲν εἰλουμένους περὶ τὸ στόμα
 τοῦ φωλεοῦ κἀν τῷ μέσῳ πολιτευομένους, <note type="footnote" n="2"></note> ἐνίους
 δ᾿ ἐξιόντας, ἑτέρους δὲ ἐπανιόντας αὖθις εἰς τὴν
 πόλιν· καὶ ὁ μέν τις τὴν κόπρον ἐκφέρει, ὁ δὲ
 ἁρπάσας ποθὲν ἢ κυάμου λέπος ἢ πυροῦ ἡμίτομον
 θεῖ φέρων. εἰκὸς δὲ εἶναι παῤ αὐτοῖς κατὰ λόγον
 τοῦ μυρμήκων βίου καὶ οἰκοδόμους τινὰς λόγον
 δημαγωγοὺς καὶ πρυτάνεις καὶ μουσικοὺς καὶ
 φιλοσόφους. πλὴν αἵ γε πόλεις αὐτοῖς ἀνδράσι
 ταῖς μυρμηκιαῖς μάλιστα ἐῴκεσαν. εἰ δέ σοι
 μικρὸν δοκεῖ τὸ παράδευγμα, τὸ ἀνθρώπους
 εἰκάσαι τῇ μυρμήκων πολιτείᾳ, τοὺς παλαιοὺς
 μύθους ἐπίσκεψαι τῶν Θετταλῶν· εὑρήσεις γὰρ
 τοὺς Μυρμιδόνας, τὸ μαχιμώτατον φῦλον, ἐκ
 μυρμήκων ἄνδρας γεγονότας.</p>
 <p>Ἐπειδὴ δ᾿ οὖν πάντα ἱκανῶς ἑώρατο<note type="footnote" n="3"></note> καὶ
 κατεγεγέλαστό μοι, διασείσας ἑμαυτὸν ἀνεπτόμην
 δώματ᾿ ἐς αἰγιόχοιο Διὸς μετὰ δαίμονας ἄλλους.</p>
 </sp>
 </div>
 
 <div type="textpart" subtype="section" n="20">
 <p>20 οὔπω στάδιον ἀνεληλύθειν καὶ ἡ Σελήνη γυναικείαν
 φωνὴν προϊεμένη, “Μένιππε,” φησίν,
 “οὕτως ὄναιο, διακόνησαί μοί τι πρὸς τὸν Δία.”
 “Λέγοις ἄν,” ἦν δ᾿ ἐγώ· “βαρὺ γὰρ οὐδέν, ἢν
 μή τι φέρειν δέῃ.” “Πρεσβείαν,” ἔφη, “τινὰ
 οὐ χαλεπὴν καὶ δέησιν ἀπένεγκε<note type="footnote" n="4"></note> παῤ ἐμοῦ τῷ
 <note type="footnote">1 ἄνωθεν Cobet: ἄνω MSS.</note>
 <note type="footnote">2 περὶ τὸ στόμα . . . πολιτευομένους margin of Γ: not elsewhere.
 (κἀν A. M. H.: καὶ Γ.) 3 ἑώρατο Struve: ἑωρᾶτο MSS.</note>
 <note type="footnote">4 ἀπένεγκε Cobet: ἀπένεγκαι, ἀπενέγκαι MSS.</note>
 
 <pb n="302"/>
 Διί· ἀπείρηκα γὰρ ἤδη, Μένιππε, πολλὰ καὶ
 δεινὰ παρὰ τῶν φιλοσόφων ἀκούουσα, οἷς οὐδὲν
 ἕτερόν ἐστιν ἔργον ἢ τἀμὰ πολυπραγμονεῖν,
 τίς εἰμι καὶ πηλίκη, καὶ διʼ ἤντινα αἰτίαν
 διχότομος ἢ ἀμφίκυρτος γίγνομαι. καὶ οἱ μὲν
 κατοικεῖσθαί μέ φασιν, οἱ δὲ κατόπτρου δίκην
 ἐπικρέμασθαι τῇ θαλάττῃ, οἱ δὲ ὅ τι ἂν ἕκαστος
 ἐπινοήσῃ τοῦτό μοι προσάπτουσι. τὰ τελευταῖα
 δὲ καὶ τὸ φῶς αὐτὸ κλοπιμαῖόν τε καὶ νόθον
 εἶναί μοί φασιν ἄνωθεν ἧκον παρὰ τοῦ Ἡλίου,
 καὶ οὐ παύονται καὶ πρὸς τοῦτόν με ἀδελφὸν
 ὄντα συγκροῦσαι καὶ στασιάσαι προαιρούμενοι·
 οὐ γὰρ ἱκανὰ ἦν αὐτοῖς ἃ περὶ αὐτοῦ εἰρήκασι τοῦ
 Ἡλίου, λίθον αὐτὸν εἶναι καὶ μύδρον διάπυρον.</p>
 </div>
 
 <div type="textpart" subtype="section" n="21">
 <p>21 “Καίτοι πόσα ἐγὼ συνεπίσταμαι αὐτοῖς ἃ πράττουσι
 τῶν νυκτῶν αἰσχρὰ καὶ κατάπτυστα οἱ
 μεθʼ ἡμέραν σκυθρωποὶ καὶ ἀνδρώδεις τὸ βλέμμα
 καὶ τὸ σχῆμα σεμνοὶ καὶ ὑπὸ τῶν ἰδιωτῶν
 ἀποβλεπόμενοι; κἀγὼ μὲν ταῦτα ὁρῶσα ὅμως
 σιωπῶ· οὐ γὰρ ἡγοῦμαι πρέπειν ἀποκαλύψαι
 καὶ διαφωτίσαι τὰς νυκτερινὰς ἐκείνας διατριβὰς
 καὶ τὸν ὑπὸ<note type="footnote" n="1"></note> σκηνῆς ἑκάστου βίον, ἀλλὰ κἄν
 τινα ἴδω αὐτῶν μοιχεύοντα ἢ κλέπτοντα ἢ ἄλλο
 τι τολμῶντα νυκτερινώτατον, εὐθὺς ἐπισπασαμένη
 τὸ νέφος ἐνεκαλυψάμην, ἴνα μὴ δείξω τοῖς
 πολλοῖς γέροντας ἄνδρας βαθεῖ πώγωνι καὶ
 ἀρετῇ ἐνασχημονοῦντας. οἱ δὲ οὐδὲν ἀνιᾶσι διασπαράττοντές
 με τῷ λόγῳ καὶ πάντα τρόπον
 ὑβρίζοντες, ὥστε νὴ τὴν Νύκτα πολλάκις ἐβουλευσάμην
 μετοικῆσαι ὅτι πορρωτάτω, ἵνʼ αὐτῶν
 τὴν περίεργον ἂν γλῶτταν διέφυγον.</p>
 <note type="footnote">1 ὑπὸ Genser, Sommerbrodt: ἐπὶ MSS.</note>
 
 <pb n="304"/>
 <p>“Μέμνησο οὖν ταῦτά τε ἀπαγγεῖλαι τῷ Διὶ καὶ
 προσθεῖναι δʼ ὅτι μὴ δυνατόν ἐστί μοι κατὰ
 χώραν μένειν, ἢν μὴ τοὺς φυσικοὺς ἐκεῖνος
 ἐπιτρίψῃ καὶ τοὺς διαλεκτικοὺς ἐπιστομίσῃ καὶ
 τὴν Στοὰν κατασκάψῃ καὶ τὴν Ἀκαδημίαν
 καταφλέξῃ καὶ παύσῃ τὰς ἐν τοῖς περιπάτοις
 διατριβάς· οὕτω γὰρ ἂν εἰρήνην ἀγάγοιμι καὶ
 παυσαίμην<note type="footnote" n="1"></note> ὁσημέραι παῤ αὐτῶν γεωμετρουμένη.”</p>
 </div>
 
 <div type="textpart" subtype="section" n="22">
 <p>22 “Ἔσται ταῦτα,” ἦν δʼ ἐγώ, καὶ ἅμα πρὸς
 τὸ ἄναντες ἔτεινον τὴν ἐπὶ τοῦ οὐρανοῦ,
 <lg>
 <l>ἔνθα μὲν οὔτε βοῶν οὔτʼ ἀνδρῶν φαίνετο ἔργα·</l>
 </lg>
 μετʼ ὀλίγον γὰρ καὶ ἡ σελήνη βραχεῖά μοι καθεωρᾶτο
 καὶ τὴν γῆν ἤδη ἀπέκρυπτον.</p>
 <p>Λαβὼν δὲ τὸν ἥλιον ἐν δεξιᾷ διὰ τῶν ἀστέρων
 πετάμενος τριταῖος ἐπλησίασα τῷ οὐρανῷ, καὶ
 τὸ μὲν πρῶτον ἐδόκει μοι ὡς εἶχον εὐθὺς εἴσω
 παριέναι· ῥᾳδίως γὰρ ᾤμην διαλαθεῖν ἅτα ἐξ
 ἡμισείας ὢν ἀετός, τὸν δὲ ἀετὸν ἠπιστάμην ἐκ
 παλαιοῦ συνήθη τῷ Διί· ὕστερον δὲ ἐλογισάμην
 ὡς τάχιστα καταφωράσουσί με γυπὸς τὴν ἑτέραν
 πτέρυγα περικείμενον. ἄριστον γοῦν κρίνας τὸ
 μὴ παρακινδυνεύειν ἔκοπτον προσελθὼν τὴν
 θύραν. ὑπακούσας δὲ ὁ Ἑρμῆς καὶ τοὔνομα
 ἐκπυθόμενος ἀπῄει κατὰ σπουδὴν φράσων τῷ
 Διί, καὶ μετʼ ὀλίγον εἰσεκλήθην πάνυ δεδιὼς καὶ
 τρέμων, καταλαμβάνω τε πάντας ἅμα συγκαθημένους
 οὐδὲ αὐτοὺς ἀφρόντιδας· ὑπετάραττε γὰρ
 ἡσυχῆ τὸ παράδοξον μου τῆς ἐπιδημίας, καὶ ὅσον
 οὐδέπω πάντας ἀνθρώπους ἀφίξεσθαι προσεδόκων
 τὸν αὐτὸν τρόπον ἐπτερωμένους.</p>
 </div>
 
 <div type="textpart" subtype="section" n="23">
 <p>23 ὁ δὲ Ζεὺς μάλα
 <note type="footnote">1 καὶ παυσαίμην margin of Γ : not elsewhere.</note>
 
 <pb n="306"/>
 φοβερῶς, δριμύ τε καὶ τιτανῶδες εἰς ἐμὲ ἀπιδών,
 φησί<note type="footnote" n="1"></note>
 <lg>
 <l>“Τίς πόθεν εἶς ἀνδρῶν, πόθι τοι πόλις ἠδὲ</l>
 <l>τοκῆες;”</l>
 </lg></p>
 <p>Ἐγὼ δὲ ὡς τοῦτ᾿ ἤκουσα, μικροῦ μὲν ἐξέθανον
 ὑπὸ τοῦ δέους, εἱστήκειν δὲ ὅμως ἀχανὴς καὶ
 ὑπὸ τῆς μεγαλοφωνίας ἐμβεβροντημένος. χρόνῳ
 δ᾿ ἐμαυτὸν ἀναλαβὼν ἅπαντα διηγούμην σαφῶς
 ἄνωθεν ἀρξάμενος, ὡς ἐπιθυμήσαιμι τὰ μετέωρα
 ἐκμαθεῖν, ὡς ἔλθοιμι παρὰ τοὺς φιλοσόφους, ὡς
 τἀναντία λεγόντων ἀκούσαιμι, ὡς ἀπαγορεύσαιμι
 διασπώμενος ὑπὸ τῶν λόγων, εἶτα ἑξῆς τὴν
 ἐπίνοιαν καὶ τὰ πτερὰ καὶ τὰ ἄλλα πάντα μέχρι
 πρὸς τὸν οὐρανόν· ἐπὶ πᾶσι δὲ προσέθηκα τὰ
 ὑπὸ τῆς Σελήνης ἐπεσταλμένα. μειδιάσας δ᾿
 οὖν ὁ Ζεὺς καὶ μικρὸν ἐπανεὶς τῶν ὀφρύων, “Τί
 ἂν λέγοις,” φησίν, “Ὤτου πέρι καὶ Ἐφιάλτου,
 ὅπου καὶ Μένιππος ἐτόλμησεν ἐς τὸν οὐρανὸν
 ἀνελθεῖν; ἀλλὰ νῦν μὲν ἐπὶ ξένια<note type="footnote" n="2"></note> σε καλοῦμεν,
 αὔριον δέ,” ἔφη, “ἔφη, “περὶ ὧν ἥκεις χρηματίσαντες
 ἀποπέμψομεν.” καὶ ἅμα ἐξαναστὰς ἐβάδιζεν ἐς
 τὸ ἐπηκοώτατον τοῦ οὐρανοῦ· καιρὸς γὰρ ἦν
 ἐπὶ τῶν εὐχῶν καθέζεσθαι.</p>
 </div>
 
 <div type="textpart" subtype="section" n="24">
 <p>24 Μεταξύ τε προϊὼν ἀνέκρινέ με περὶ τῶν ἐν
 τῇ γῇ προγμάτων, τὰ πρῶτα μὲν ἐκεῖνα, πόσου
 νῦν ὁ πυρός ἐστιν ὤνιος ἐπὶ τῆς Ἑλλάδος, καὶ
 εἰ σφόδρα ὑμῶν ὁ πέρυσι χειμὼν καθίκετο, καὶ
 εἰ τὰ λάχανα δεῖται πλείονος ἐπομβρίας. μετὰ
 <note type="footnote">1 Punctuation A. M. H.: see translation. Fritzsche inserts
 βριμησάμενος after φοβερῶς; Baar, Sommerbrodt, and others
 excise φοβερῶς; but note μεγαλοφωνίας below, 2 ξενίᾳ MSS.</note>
 
 <pb n="308"/>
 δὲ ἠρώτα εἴ τις ἔτι λείπεται τῶν ἀπὸ Φειδίου
 καὶ δι᾿ ἣν αἰτίαν ἐλλείποιεν Ἀθηναῖοι τὰ Διάσια
 τοσούτων ἐπῶν, καὶ εἰ τὸ Ὀλυμπίειον<note type="footnote" n="1"></note> αὐτῷ<note type="footnote" n="2"></note>
 ἐπιτελέσαι διανοοῦνται, καὶ εἰ συνελήφθησαν οἱ
 τὸν ἐν Δωδώνῃ νεὼν σεσυληκότες.</p>
 <p>Ἐπεὶ δὲ περὶ τούτων ἀπεκρινάμην, “Εἰπέ μοι,
 Μένιππε,” ἔφη, “περὶ δὲ ἐμοῦ οἱ ἄνθρωποι τίνα
 γνώμην ἔχουσι;” “Τίνα,” ἔφην, “δέσποτα, ἢ
 τὴν εὐσεβεστάτην, βασιλέα σε πάντων εἶναι
 θεῶν;” “Παίζεις ἔχων,” ἔφη· “τὸ δὲ φιλόκαινον
 αὐτῶν ἀκριβῶς οἶδα, κἂν μὴ λέγῃς. ἦν γάρ ποτε
 χρόνος, ὅτε καὶ μάντις ἐδόκουν αὐτοῖς καὶ ἰατρὸς
 καὶ πάντα ὅλως ἦν ἐγώ,
 <lg>
 <l>μεσταὶ δὲ Διὸς πᾶσαι μὲν ἀγυιαί,</l>
 <l>πᾶσαι δ᾿ ἀνθρώπων ἀγοραί·</l>
 </lg>
 καὶ ἡ Δωδώνη τότε καὶ ἡ Πῖσα λαμπραὶ καὶ
 περίβλεπτοι πᾶσιν ἦσαν, ὑπὸ δὲ τοῦ καπνοῦ
 τῶν θυσιῶν οὐδὲ ἀναβλέπειν μοι δυνατόν· ἐξ οὗ
 δὲ ἐν Δελφοῖς μὲν Ἀπόλλων τὸ μαντεῖον κατεστήσατο,
 ἐν Περγάμῳ δὲ τὸ ἰατρεῖον ὀ Ἀσκληπιὸς
 καὶ τὸ Βενδίδειον ἐγένετο ἐν Θρᾴκῃ καὶ τὸ
 Ἀνουβίδειον ἐν Αἰγύπτῳ καὶ τὸ Ἀρτεμίσιον
 ἐν Ἐφέσῳ, ἐπὶ ταῦτα μὲν ἅπαντες θέουσι καὶ
 πανηγύρεις ἀνάγουσι καὶ ἑκατόμβας παριστᾶσι
 καὶ χρυσᾶς πλίνθους ἀνατιθέασιν<note type="footnote" n="3"></note> ἐμὲ δὲ παρηβηκότα
 ἱκανῶς τετιμηκέναι νομίζουσιν, ἂν διὰ
 <note type="footnote">1 Ὀλυμπίειον Cobet: Ὀλύμπειον, Ὀλύμπιον MSS.</note>
 <note type="footnote">2 αὐτῷ Seager: αὐτῶν MSS.</note>
 <note type="footnote">3 καὶ χρυσᾶς πλίνθονς ἀνατιθέασι margin of Γ: not
 elsewhere.</note>
 
 <pb n="310"/>
 πέντε  ὅλων ἐτῶν θύσωσιν ἐν Ὀλυμπίᾳ. τοιγαροῦν
 ψυχροτέρους ἄν μου τοὺς βωμοὺς ἴδοις τῶν Πλάτωνος
 νόμων ἢ τῶν Χρυσίππου συλλογισμῶν.”</p>
 </div>
 
 <div type="textpart" subtype="section" n="25">
 <p>25 Τοιαῦθ᾿  ἅμα διεξιόντες ἀφικνούμεθα ἐς τὸ χωρίον
 ἔνθα ἔδει αὐτὸν καθεζόμενον διακοῦσαι τῶν
 εὐχῶν. θυρίδες δὲ ἦσαν ἑξῆς τοῖς στομίοις τῶν
 φρεάτων ἐοικυῖαι πώματα ἔχουσαι, καὶ παρʼ ἑκάστῃ
 θρόνος ἔκειτο χρυσοῦς. καθίσας οὖν ἑαυτὸν
 ἐπὶ τῆς πρώτης ὁ Ζεὺς καὶ ἀφελὼν τὸ πῶμα
 παρεῖχε τοῖς εὐχομένοις ἑαυτόν· εὔχοντο δὲ πανταχόθεν
 τῆς γῆς διάφορα καὶ ποικίλα. συμπαρακύψας
 γὰρ καὶ αὐτὸς ἐπήκουον ἅμα τῶν εὐχῶν.
 ἦσαν δὲ τοιαίδε, “Ὦ Ζεῦ, βασιλεῦσαί μοι
 γένοιτο·” “Ὦ Ζεῦ, τὰ κρόμμυά μοι φῦναι καὶ τὰ
 σκόροδα·” “Ὦ θεοί, τὸν πατέρα μοι ταχέως ἀποθανεῖν·”
 ὁ δέ τις ἂν ἔφη, “Εἴθε κληρονομήσαιμι
 τῆς γυναικός,” “Εἴθε λάθοιμι ἐπιβουλεύσας τῷ
 ἀδελφῷ,” “Φένοιτό μοι νικῆσαι τὴν δίκην,” “Δὸς
 στεφθῆναι τὰ Ὀλύμπια.” τῶν πλεόντων δὲ ὁ μὲν
 βορέαν εὔχετο ἐπιπνεῦσαι, ὁ δὲ νότον, ὁ δὲ γεωργὸς
 ᾔτει ὑετόν, ὁ δὲ γναφεὺς ἥλιον.</p>
 <p>Ἐπακούων δὲ ὁ Ζεὺς καὶ τὴν εὐχὴν ἑκάστην
 ἀκριβῶς ἐξετάζων οὐ πάντα ὑπισχνεῖτο,
 <lg>
 <l>ἀλλ᾿  ἕτερον μὲν ἔδωκε πατήρ, ἕτερον δʼ ἀνένευσε·</l>
 </lg>
 τὰς μὲν γὰρ δικαίας τῶν εὐχῶν προσίετο ἄνω διὰ
 τοῦ στομίου καὶ ἐπὶ τὰ δεξιὰ κατετίθει φέρων,
 τὰς δὲ ἀνοσίους ἀπράκτους αὖθις ἀπέπεμπεν ἀποφυσῶν
 
 <pb n="312"/>
 κάτω, ἵνα μηδὲ πλησίον γένοιντο τοῦ
 οὐρανοῦ. ἐπὶ μιᾶς δέ τινος εὐχῆς καὶ ἀποροῦντα
 αὐτὸν ἐθεασάμην· δύο γὰρ ἀνδρῶν τἀναντία εὐχομένων
 καὶ τὰς ἴσας θυσίας ὑπισχνουμένων οὐκ
 εἶχεν ὁποτέρῳ μᾶλλον ἐπινεύσειεν αὐτῶν, ὥστε δὴ
 τὸ Ἀκαδημαῖκὸν ἐκεῖνο ἐπεπόνθει καὶ οὐδέν τι
 ἀποφήνασθαι δυνατὸς ἦν, ἀλλ᾿  ὥσπερ ὁ Πύρρων
 ἐπεῖχεν ἔτι καὶ διεσκέπτετο.</p>
 </div>
 
 <div type="textpart" subtype="section" n="26">
 <p>26 Ἐπεὶ δὲ ἱκανῶς ἐχρημάτισε ταῖς εὐχαῖς, ἐπὶ τὸν
 ἑξῆς μεταβὰς θρόνον καὶ τὴν δευτέραν θυρίδα
 κατακύψας τοῖς ὅρκοις ἐσχόλαζε καὶ τοῖς ὀμνύουσι.
 χρηματίσας δὲ καὶ τούτοις καὶ τὸν Ἐπικούρειον
 Ἑρμόδωρον ἐπιτρίψας μετεκαθέζετο ἐπὶ τὸν
 ἑξῆς θρόνον κληδόσι καὶ φήμαις καὶ οἰωνοῖς
 προσέξων. εἶτ᾿  ἐκεῖθεν ἐπὶ τὴν τῶν θυσιῶν
 θυρίδα μετῄει, διʼ ἧς ὁ καπνὸς ἀνιὼν ἀπήγγελλε
 τῷ Διὶ τοῦ θύοντος ἑκάστου τοὔνομα. ἀποστὰς δὲ
 τούτων προσέταττε τοῖς ἀνέμοις καὶ ταῖς ὥραις ἃ
 δεῖ ποιεῖν· “Τήμερον παρὰ Σκύθαις ὑέτω, παρὰ
 Λίβυσιν ἀστραπτέτω, παῤ Ἕλλησι νιφέτω, σὺ
 δὲ ὁ Βορέας πνεῦσον ἐν Λυδίᾳ, σὺ δὲ ὁ Νότος
 ἡσυχίαν ἄγε, ὁ δὲ Ζέφυρος τὸν Ἀδρίαν διακυμαινέτω,
 καὶ τῆς χαλάζης ὅσον μέδιμνοι χίλιοι
 διασκεδασ θήτωσαν ὑπέρ Καππαδοκίας.”</p>
 </div>
 
 <div type="textpart" subtype="section" n="27">
 <p>27 Ἀπάντων δὲ ἤδη σχεδὸν αὐτῷ διῳκημένων
 ἀπῄειμεν ἐς τὸ συμπόσιον· δείπνου γὰρ ἤδη καιρὸς
 ἦν· καί με ὁ Ἑρμῆς παραλαβὼν κατέκλινε
 παρὰ τὸν Πᾶνα καὶ τοὺς Κορύβαντας καὶ τὸν
 Ἄττιν καὶ τὸν Σαβάζιον, τοὺς μετοίκους τούτους
 καὶ ἀμφιβόλους θεούς. καὶ ἄρτον τε ἡ Δημήτηρ
 παρεῖχε καὶ ὁ Διόνυσος οἶνον καὶ ὁ Ἡρακλῆς
 
 <pb n="314"/>
 κρέα καὶ μύρτα ἡ Ἀφροδίτη καὶ ὁ Ποσειδῶν μαινίδας.
 ἅμα δὲ καὶ τῆς ἀμβροσίας ἡρέμα καὶ τοῦ
 νέκταρος παρεγευόμην· ὁ γὰρ βέλτιστος Γανυμήδης
 ὑπὸ φιλανθρωπίας εἰ θεάσαιτο ἀποβλέποντά
 που τὸν Δία, κοτύλην ἂν ἢ καὶ δύο τοῦ νέκταρος
 ἐνέχει μοι φέρων. οἱ δὲ θεοί, ὡς Ὅμηρός που λέγει
 (καὶ αὐτός, οἶμαι, καθάπερ ἐγὼ τἀκεῖ τεθεαμένος),
 οὔτε σῖτον ἔδουσιν, “οὐ πίνουσʼ αἴθοπα αἶνον,”
 ἀλλὰ τὴν ἀμβροσίαν παρατίθενται καὶ τοῦ νέκταρος
 μεθύσκονται, μάλιστα δὲ ἥδονται σιτούμενοι
 τὸν ἐκ τῶν θυσιῶν καπνὸν αὐτῇ κνισῃ ἀνενηνευμένον<note type="footnote" n="1"></note>
 καὶ τὸ αἷμα δὲ τῶν ἱερείων, ὃ τοῖς βωμοῖς
 οἱ θύοντες περιχέουσιν.</p>
 <p>Ἐν δὲ δείπωῳ ὅ τε Ἀπόλλων ἐκιθάρισε καὶ
 ὁ Σιληνὸς κόρδακα ὠρχήσατο καὶ αἱ Μοῦσαι ἀναστᾶσαι
 τῆς τε Ἡσιόδου Θεογονίας ᾖσαν ἡμῖν
 καὶ τὴν πρώτην ᾠδὴν τῶν ὕμνων τῶν Πινδάρου.
 κἀπειδὴ κόρος ἦν, ἀνεπαυόμεθα ὡς εἶχεν ἕκαστος
 ἱκανῶς ὑποβεβρεγμένοι.<note type="footnote" n="2"></note></p>
 </div>
 
 <div type="textpart" subtype="section" n="28">
 <p>28 ἄλλοι μέν ῥα θεοί τε καὶ ἀνέρες ἱπποκορυσταὶ
 εὗδον παννύχιοι, ἐμὲ δʼ οὐκ ἔχε νήδυμος ὕπνος·
 ἀνελογιζόμην γὰρ πολλὰ μὲν καὶ ἄλλα, μάλιστα
 δὲ ἐκεῖνα, πῶς ἐν τοσούτῳ χρόνῳ ὁ Ἀπόλλων οὐ
 φύσειε πώγωνα ἢ πῶς γίνοιτο<note type="footnote" n="3"></note> νὺξ ἐν οὐρανῷ τοῦ
 ἡλίου παρόντος ἀεὶ καὶ συνευωχουμένου.
 Τότε μὲν οὖν μικρόν τι κατέδαρθον. ἕωθεν δὲ
 διαναστὰς ὁ Ζεὺς προσέταττε κηρύττειν ἐκκλη
 <note type="footnote">1 ἀνενηνεγμένον Struve: ἀνηνεγμένον MSS.</note>
 <note type="footnote">2 ὑποβεβρεγμένοι Ϛ, vulg.: ὑποβεβρεγμένος MSS.</note>
 <note type="footnote">3 γίνοιτο A. M. H. : ἐγίνετο, ἐγένετο MSS.; γίνετα. vulg.</note>
 
 <pb n="316"/>
 σίαν.</p>
 </div>
 
 <div type="textpart" subtype="section" n="29">
 <p>29 κἀπειδὴ παρῆσαν ἅπαντες, ἅρχεται λέγειν·
 “Τὴν μὲν αἰτίαν τοῦ συναγαγεῖν ὑπᾶς ὀ χθιζὸς
 οὗτος ξένος παρέσχηται· πάλαι δὲ βουλόμενος
 ὑμῖν κοινώσασθαι περὶ τῶν φιλοσόφων, μάλιστα
 ὑπὸ τῆς Σελήνης καὶ ὧν ἐκείνη μέμφεται προτραπεὶς
 ἔγνων μηκέτ᾿ ἐπὶ πλέον παρατεῖναι τὴν
 διάσκεψιν.</p>
 <p>“Γένος γάρ τι ἀνθρώπων ἐστὶν φιλόνεικον κενόδοξον
 ὀξύχολον ὑπόλιχνον ὑπόμωρον τετυφωμένον
 ὕβρεως ἀνάπλεων καὶ ἵνα καθ᾿ Ὅμηρον εἴπω
 ‘ἐτώσιον ἄχθος ἀρούρης.‘ οὗτοι τοίνυν εἰς
 συστήματα διαιρεθέντες καὶ διαφόρους λόγων
 λαβυρίνθους επινοήσαντες οἱ μὲν Στωϊκοὺς
 ὡνομάκασιν ἑαυτούς, οἱ δὲ Ἀκαδημαϊκούς, οἱ δὲ
 Ἐπικουρείους, οἱ δὲ Περιπατητικοὺς καὶ ἄλλα
 πολλῷ γελοιότερα τούτων· ἔπειτα δὲ ὄνομα σεμνὸν
 τὴν ἀρετὴν περιθέμενοι καὶ τὰς ὀφρῦς ἐπάραντες
 καὶ τὰ μέτωπα ῥυτιδώσαντες<note type="footnote" n="1"></note> καὶ τοὺς πώγωνας
 ἐπισπασάμενοι περιέρχονται ἐπιπλάστῳ σχήματι
 κατάπτυστα ἤθη περιστέλλοντες, ἐμφερεῖς μάλιστα
 τοῖς τραγικοῖς ἐκείνοις ὑποκριταῖς, ὧν ἢν
 ἀφέλῃ τις τὰ προσωπεῖα καὶ τὴν χρυσόπαστον
 ἐκείνην στολήν, τὸ καταλειπόμενόν ἐστι γελοῖον
 ἀνθρώπιον ἑπτὰ δραχμῶν ἐς τὸν ἀγῶνα
 μεμισθωμένον.</p>
 </div>
 
 <div type="textpart" subtype="section" n="30">
 <p>30 “Τοιοῦτοι δὲ ὄντες ἀνθρώπων μὲν ἁπάντων
 καταφρονοῦσι, περὶ θεῶν δὲ ἀλλόκοτα διεξέρχονται·
 καὶ συνάγοντες εὐεξαπάτητα μειράκια
 τήν τε πολυθρύλητον ἀρετὴν τραγῳδοῦσι καὶ τὰς
 τῶν λόγων ἀπορίας ἐκδιδάσκουσι, καὶ πρὸς μὲν
 <note type="footnote">1 καὶ τὰ μέτωπα ῥυτιδώσαντες margin of Γ: not elsewhere.</note>
 
 <pb n="318"/>
 τοὺς μαθητὰς καρτερίαν ἀεὶ καὶ σωφροσύνην καὶ
 τὸ αὐταρκὲς<note type="footnote" n="1"></note> ἐπαινοῦσι καὶ πλούτου καὶ ἡδονῆς
 καταπτύουσι, μόνοι δὲ καὶ καθʼ ἑαυτοὺς γενόμενοι
 τί ἂν λέγοι τις ὅσα μὲν ἐσθίουσιν, ὅσα δὲ
 ἀφροδισιάζουσιν, ὅπως δὲ περιλείχουσι τῶν
 ὀβολῶν τὸν ῥύπον;</p>
 <p>“Τὸ δὲ πάντων δεινότατον, ὅτι μηδὲν αὐτοὶ μήτε
 κοινὸν μήτε ἴδιον ἐπιτελοῦντες, ἀλλʼ ἀχρεῖοι καὶ
 περιττοὶ καθεστῶτες
 <lg>
 <l>οὕτε ποτʼ ἐν πολέμῳ ἐναρίθμιοι οὔτʼ ἐνὶ βουλῇ,</l>
 </lg>
 ὅμως τῶν ἄλλων κατηγοροῦσι καὶ λόγους τινὰς
 πικροὺς συμφορήσαντες καὶ λοιδορίας καινὰς<note type="footnote" n="2"></note> ἐκμεμελετηκότες
 ἐπιτιμῶσι καὶ ὀνειδίζουσι τοῖς
 πλησίον, καὶ οὗτος αὐτῶν τὰ πρῶτα φέρεσθαι
 δοκεῖ ὃς ἂν μεγαλοφωνότατός τε ᾖ καὶ ἰταμώτατος
 καὶ πρὸς τὰς βλασφημιας θρασύτατος.</p>
 </div>
 
 <div type="textpart" subtype="section" n="31">
 <p>καίτοι
 τὸν διατεινόμενον αὐτὸν καὶ βοῶντα καὶ κατηγοροῦντα
 τῶν ἄλλων ἢν ἔρῃ, ‘Σὺ δὲ δὴ τί
 πράττων τυγχάνεις ἢ τί φῶμεν πρὸς θεῶν σε πρὸς
 τὸν βίον συντελεῖν;’ φαίη ἄν, εἰ τὰ δίκαια καὶ
 ἀληθῇ θέλοι λέγειν, ὅτι ‘Πλεῖν μὲν ἢ γεωργεῖν ἢ
 στρατεύεσθαι ἤ τινα τέχνην μετιέναι περιττὸν
 εἶναί μοι δοκεῖ, κέκραγα δὲ καὶ αὐχμῶ καὶ ψυχρολουτῶ
 καὶ ἀνυπόδητος τοῦ χειμῶνος περιέρχομαί
 καὶ τρίβωνα ῥυπαρὸν περιβέβλημαι<note type="footnote" n="3"></note> καὶ ὥσπερ ὁ
 Μῶμος τὰ ὑπὸ τῶν ἄλλων γιγνόμενα συκοφαντῶ,
 καὶ εἰ μέν τις ὠψώνηκε τῶν πλουσίων πολυτελῶς
 ἢ ἑταίραν ἔχει, τοῦτο πολυπ ραγμονῶ καὶ ἀγανακτῶ,
 <note type="footnote">1 καὶ τὸ αὐταρκὲς margin of  Γ.</note>
 <note type="footnote">2 καινὰς margin of Γ: τινὰς vulg.</note>
 <note type="footnote">3 καὶ τρίβωνα ῥυπαρὸν περιβέβλημαι margin of Γ : not elsewhere.</note>
 
 <pb n="320"/>
 εἰ δὲ τῶν φίλων τις ἢ ἑταίρων κατάκειται
 νοσῶν ἐπικουρίας τε καὶ θεραπείας δεόμενος,
 ἀγνοῶ.᾿</p>
 </div>
 
 <div type="textpart" subtype="section" n="32">
 <p>“Τοιαῦτα μέν ἐστιν ὑμῖν, ὦ θεοί, ταῦτα τὰ θρέμματα.
 32 οἱ δὲ δὴ Ἐπικούρειοι αὐτῶν λεγόμενοι
 μάλα δὴ καὶ ὑβρισταί εἰσι καὶ οὐ μετρίως ἡμῶν
 καθάπτονται μήτε ἐπιμελεῖσθαι τῶν ἀνθ ρωπίνων
 λέγοντες τοὺς θεούς μήτε ὅλως τὰ γιγνόμενα
 ἐπισκοπεῖν· ὥστε ὥρα ὑμῖν λογίζεσθαι διότι ἢν
 ἅπαξ οὗτοι πεῖσαι τὸν βίον δυνηθῶσιν, οὐ μετρίως
 πεινήσετε. τίς γὰρ ἂν ἔτι θύσειεν ὑμῖν πλέον
 οὐδὲν ἕξειν προσδοκῶν;</p>
 <p>“Ἂ μὲν γὰρ ἡ Σελήνη αἰτιᾶται, πάντες ἠκούσατε
 τοῦ ξένου χθὲς διηγουμένου. πρὸς ταῦτα
 βουλεύεσθε ἂ καὶ τοῖς ἀνθρώποις γένοιτʼ ἂν ὠφελιμώτατα
 καὶ ἡμῖν ἀσφαλέστατα.”</p>
 </div>
 
 <div type="textpart" subtype="section" n="33">
 <p>33 Εἰπόντος ταῦτα τοῦ Διὸς ἡ ἐκκλησία διετεθορύβητο,<note type="footnote" n="1"></note>
 καὶ εὐθὺς ἐβόων ἅπαντες, “κεραύνωσον,”
 “κατάφλεξον,” “ἐπίτριψον,” “ἐς τὸ βάραθρον,”
 “ἐς τὸν Τάρταρον,” “ὡς τοὺς Γίγαντας.” ἡσυχίαν
 δὲ ὁ Ζεὺς αὖθις παραγγείλας, “Ἔσται ταῦτα ὡς
 βούλεσθε,” ἔφη, “καὶ πάντες ἐπιτρίψονται αὐτῇ
 διαλεκτικῇ, πλὴν τό γε νῦν εἶναι οὐ θέμις
 κολασθῆναί τινα· ἱερομηνία ἐστιν, ὠς ἴστε,
 μηνῶν τούτων τεττάρων, καὶ ἤδη τὴν ἐκεχειρίαν
 περιηγγειλάμην. ἐς νέωτα οὖν ἀρχομένου ἦρος
 κακοὶ κακῶς ἀπολοῦνται τῷ σμερδαλέῳ κεραυνῷ.”</p>
 <p>ἦ καὶ κυανέῃσιν ἐπʼ ὀφρύσι νεῦσε Κρονίων.</p>
 </div>
 
 <div type="textpart" subtype="section" n="34">
 <p>34 “Περὶ δὲ τουτουὶ Μενίππου ταῦτα,” ἔφη, “μοι
 <note type="footnote">1 διετεθορύβητο Bekker: διετεθρύλλητο (διατεθ.) γ; διεθρυλλεῖτο
 β.</note>
 
 <pb n="322"/>
 δοκεῖ· περιαιρεθέντα αὐτὸν τὰ πτερά, ἵνα μὴ καὶ
 αὔθις ἔλθῃ ποτέ, ὑπὸ τοῦ Ἑρμοῦ ἐς τὴν γῆν
 κατενεχθῆναι τήμερον.” καὶ ὁ μὲν ταῦτα εἰπὼν
 διέλυσε τὸν σύλλογου, ἐμὲ δὲ ὁ Κυλλήνιος τοῦ 
 δεξιοῦ ὠτὸς ἀποκρεμάσας περὶ ἐσπέραν χθὲς κατέθηκε
 φέρων ἐς τὸν Κεραμεικόν.</p>
 <p>Ἅπαντα ἀκήκοας, ἅπαντα, ὦ ἑταῖρε, τἀξ
 οὐρανοῦ· ἄπειμι τοίνυν καὶ τοῖς ἐν τῇ Ποικίλῃ
 περιπατοῦσι τῶν φιλοσόφων αὐτὰ ταῦτα
 εὐαγγελιούμενος.</p>
 </div>
 </div>
 </body>
 </text>
 </TEI>