<ti:work xmlns:ti="http://chs.harvard.edu/xmlns/cts" groupUrn="urn:cts:greekLit:tlg0057" xml:lang="grc" urn="urn:cts:greekLit:tlg0057.tlg027">
  <ti:title xml:lang="eng">Quod animi mores corporis temperamenta sequantur</ti:title>
  <ti:edition urn="urn:cts:greekLit:tlg0057.tlg027.1st1K-grc1" workUrn="urn:cts:greekLit:tlg0057.tlg027">
    <ti:label xml:lang="eng">Quod animi mores corporis temperamenta sequantur</ti:label>
    <ti:description xml:lang="eng">Galen, Quod animi mores corporis temperamenta sequantur</ti:description>
  </ti:edition>
</ti:work>
