<?xml version="1.0" encoding="UTF-8"?><TEI.2>
<teiHeader type="text">
<fileDesc>
<titleStmt>
<title type="sub">Machine readable text</title>
<title n="Comp.Pel.Marc." type="work">Comparison of Pelopidas and Marcellus</title>
<author n="Plut.">Plutarch</author>
<editor n="Perrin" role="editor">Bernadotte Perrin</editor>
<sponsor>Perseus Project, Tufts University</sponsor>
<principal>Gregory Crane</principal>
<respStmt>
<resp>Prepared under the supervision of</resp>
<name>Lisa Cerrato</name>
<name>William Merrill</name>
<name>Elli Mylonas</name>
<name>David Smith</name>
</respStmt>
<funder n="org:NEH">The National Endowment for the Humanities</funder>
</titleStmt>
<extent/>
<publicationStmt>
<publisher>Trustees of Tufts University</publisher>
<pubPlace>Medford, MA</pubPlace>
<authority>Perseus Project</authority>
</publicationStmt>
<sourceDesc>
<biblStruct>
<analytic n="Comp.Pel.Marc."/>
<monogr>
<author>Plutarch</author>
<title>Plutarch's Lives</title>
<respStmt>
<resp>with an English Translation by</resp>
<name>Bernadotte Perrin</name>
</respStmt>
<imprint>
<pubPlace>Cambridge, MA</pubPlace>
<publisher>Harvard University Press</publisher>
<pubPlace>London</pubPlace>
<publisher>William Heinemann Ltd.</publisher>
<date>1917</date>
</imprint>
<biblScope type="volume">5</biblScope>
</monogr>
<idno type="ISBN">0674990978</idno>
</biblStruct>
</sourceDesc>
</fileDesc>
<encodingDesc>
<editorialDecl>
<correction method="silent">
<p>optical character recognition</p>
</correction>
</editorialDecl>
<refsDecl doctype="TEI.2">
<state unit="chapter" delim="."/>
<state unit="section"/>
</refsDecl>
</encodingDesc>
<profileDesc>
<langUsage>
<language id="greek">Greek</language>
</langUsage>
</profileDesc>
<revisionDesc>
<change>
<date>03/10</date>
<respStmt>
<name>RS</name>
<resp/>
</respStmt>
<item>tagged and parsed</item>
</change>
</revisionDesc>
</teiHeader>
<text>
<body>
<pb id="p.522"/>
<div1 type="chapter" n="1">
<div2 type="section" n="1">
<p>
ὅσα μὲν οὖν ἔδοξεν ἡμῖν ἀναγραφῆς ἄξια  <pb id="paris.1624.316"/> τῶν ἱστορημένων περὶ Μαρκέλλου καὶ Πελοπίδου, ταὐτά ἔστι. τῶν δὲ κατὰ τὰς φύσεις καὶ τὰ ἤθη κοινοτήτων ὥσπερ ἐφαμίλλων οὐσῶν καὶ γὰρ ἀνδρεῖοι καὶ φιλόπονοι καὶ θυμοειδεῖς καὶ μεγαλόφρονες ἀμφότεροι γεγόνασιν, ἐκεῖνο δόξειεν ἂν διαφορὰν ἔχειν μόνον, ὅτι Μάρκελλος μὲν ἐν πολλαῖς πόλεσιν ὑποχειρίοις γενομέναις σφαγὰς ἐποίησεν, Ἐπαμεινώνδας δὲ καὶ Πελοπίδας οὐδένα πώποτε κρατήσαντες ἀπέκτειναν οὐδὲ πόλεις ἠνδραποδίσαντο. λέγονται δὲ Θηβαῖοι μηδὲ Ὀρχομενίους ἂν οὕτω μεταχειρίσασθαι παρόντων ἐκείνων· 
</p>
</div2>
<div2 type="section" n="2">
<p>ἐν δὲ
ταῖς πράξεσι θαυμαστὰ μὲν καὶ μεγάλα τοῦ Μαρκέλλου τὰ πρὸς Κελτούς, ὠσαμένου 
<pb id="p.524"/>
τοσοῦτον πλῆθος ἱππέων ὁμοῦ καὶ πεζῶν ὀλίγοις τοῖς περὶ αὐτὸν ἱππεῦσιν, ὃ ῥᾳδίως ὑφʼ ἑτέρου στρατηγοῦ γεγονὸς οὐχ ἱστόρηται, καὶ τὸν ἄρχοντα τῶν πολεμίων ἀνελόντος· ἐν ᾧ τρόπῳ Πελοπίδας ἔπταισεν ὁρμήσας ἐπὶ ταὐτά, προαναιρεθεὶς δὲ ὑπὸ τοῦ τυράννου καὶ παθὼν πρότερον ἢ δράσας.
</p>
</div2>
<div2 type="section" n="3">
<p>οὐ
μὴν ἀλλὰ τούτοις μὲν ἔστι παραβαλεῖν τὰ Λεῦκτρα καὶ Τεγύρας, ἐπιφανεστάτους καὶ μεγίστους ἀγώνων, κρυφαίαν δὲ σὺν λόχῳ κατωρθωμένην πρᾶξιν οὐκ ἔχομεν τοῦ Μαρκέλλου παραβαλεῖν οἷς Πελοπίδας περὶ τὴν ἐκ φυγῆς κάθοδον καὶ ἀναίρεσιν τῶν ἐν Θήβαις τυράννων ἔπραξεν, ἀλλʼ ἐκεῖνο πολὺ πάντων ἔοικε πρωτεύειν τῶν ὑπὸ σκότῳ καὶ διʼ ἀπάτης γεγενημένων τὸ ἔργον.
</p>
</div2>
<div2 type="section" n="4">
<p>Ἀννίβας φοβερὸς μὲν καὶ δεινὸς ἐνέκειτο 
Ῥωμαίοις,<note anchored="yes" place="unspecified" resp="ed">
<foreign lang="greek">ἐνέκειτο Ῥωμαίοις</foreign> Coraës and Bekker, after an early anonymous critic: <foreign lang="greek">ἐνέκειτο.</foreign>
</note> ὥσπερ ἀμέλει Λακεδαιμόνιοι 
τότε Θηβαίοις, ἐνδοῦναι δὲ τούτους μὲν Πελοπίδᾳ καὶ περὶ Τεγύρας καὶ περὶ Λεῦκτρα βέβαιόν ἐστιν, <pb id="paris.1624.317"/> Ἀννίβαν δὲ Μάρκελλος, ὡς μὲν οἱ περὶ Πολύβιον λέγουσιν, οὐδὲ ἅπαξ ἐνίκησεν, ἀλλʼ ἀήττητος ὁ ἁνὴρ δοκεῖ διαγενέσθαι μέχρι Σκηπίωνος·
</p>
</div2>
<div2 type="section" n="5">
<p>
ἡμεῖς δὲ Λιβίῳ, Καίσαρι καὶ Νέπωτι καὶ τῶν Ἑλληνικῶν τῷ βασιλεῖ Ἰόβᾳ πιστεύομεν, ἥττας τινὰς καὶ τροπὰς ὑπὸ Μαρκέλλου τῶν σὺν Ἀννίβᾳ, γενέσθαι· μεγάλην δὲ αὗται ῥοπὴν οὐδεμίαν ἐποίησαν, ἀλλʼ ἔοικε ψευδόπτωμά τι γενέσθαι περὶ τὸν Λίβυν ἐν ταῖς συμπλοκαῖς ἐκείναις.
</p>
</div2>
<div2 type="section" n="6">
<p>ὃ δὴ
κατὰ λόγον καὶ προσηκόντως ἐθαυμάσθη, μετὰ τοσαύτας τροπὰς στρατοπέδων καὶ φόνους στρατηγῶν καὶ σύγχυσιν ὅλης ὁμοῦ τῆς Ῥωμαίων ἡγεμονίας <pb id="p.526"/>
εἰς ἀντίπαλα τῷ θαρρεῖν καθισταμένων· ὁ γὰρ ἐκ πολλοῦ τοῦ πάλαι περιδεοῦς καὶ καταπεπληγότος αὖθις ἐμβαλὼν τῷ στρατεύματι ζῆλον καὶ φιλονεικίαν πρὸς τοὺς πολεμίους,
</p>
</div2>
<div2 type="section" n="7">
<p>καὶ
τοῦτο δὴ τὸ μὴ ῥᾳδίως τῆς νίκης ὑφιέμενον, ἀλλὰ καὶ ἀμφισβητοῦν τε καὶ φιλοτιμούμενον ἐπάρας καὶ θαρρύνας, εἷς ἀνὴρ ἦν, Μάρκελλος· εἰθισμένους γὰρ ὑπὸ τῶν συμφορῶν, εἰ φεύγοντες ἐκφύγοιεν Ἀννίβαν, ἀγαπᾶν, ἐδίδαξεν αἰσχύνεσθαι σῳζομένους μεθʼ ἥττης, αἰδεῖσθαι δὲ παρὰ μικρὸν ἐνδόντας, ἀλγεῖν δὲ μὴ κρατήσαντας. </p>
</div2>
</div1>
<div1 type="chapter" n="2">
<div2 type="section" n="1">
<p>
ἐπεὶ τοίνυν Πελοπίδας μὲν οὐδεμίαν ἡττήθη μάχην στρατηγῶν, Μάρκελλος δὲ πλείστας τῶν καθʼ αὑτὸν Ῥωμαίων ἐνίκησε, δόξειεν ἂν ἴσως τῷ δυσνικήτῳ πρὸς τὸ ἀήττητον ὑπὸ πλήθους τῶν κατωρθωμένων ἐπανισοῦσθαι. καὶ μὴν οὗτος μὲν εἷλε Συρακούσας, ἐκεῖνος δὲ τῆς Λακεδαίμονος ἀπέτυχεν. ἀλλʼ οἶμαι μεῖζον εἶναι τοῦ καταλαβεῖν Σικελίαν τὸ τῇ Σπάρτῃ προσελθεῖν καὶ διαβῆναι πρῶτον ἀνθρώπων πολέμῳ τὸν Εὐρώταν,
</p>
</div2>
<div2 type="section" n="2">
<p>εἰ μὴ
νὴ Δία τοῦτο μὲν φήσει τις τὸ ἔργον Ἐπαμεινώνδᾳ μᾶλλον ἢ Πελοπίδᾳ προσήκειν, ὥσπερ καὶ τὰ Λεῦκτρα, τῶν δὲ Μαρκέλλῳ διαπεπραγμένων ἀκοινώνητον εἶναι τὴν δόξαν. καὶ γὰρ Συρακούσας μόνος εἷλε, καὶ Κελτοὺς ἄνευ τοῦ συνάρχοντος ἐτρέψατο, καὶ πρὸς Ἀννίβαν μηδενὸς συλλαμβάνοντος, ἀλλὰ καὶ πάντων ἀποτρεπόντων, ἀντιταξάμενος καὶ μεταβαλὼν τὸ σχῆμα τοῦ πολέμου πρῶτος ἡγεμὼν τοῦ τολμᾶν κατέστη. </p>
</div2>
</div1>
<div1 type="chapter" n="3">
<div2 type="section" n="1">
<p>
τὴν τοίνυν τελευτὴν ἐπαινῶ μὲν οὐδετέρου 
<pb id="p.528"/>
τῶν ἀνδρῶν, ἀλλʼ ἀνιῶμαι καὶ ἀγανακτῶ τῷ παραλόγῳ τοῦ συμπτώματος· καὶ θαυμάζω μὲν ἐν μάχαις τοσαύταις ὅσαις ἀποκάμοι τις ἂν καταριθμῶν, μηδὲ τρωθέντα τὸν Ἀννίβαν, ἄγαμαι δὲ καὶ τὸν ἐν τῇ Παιδείᾳ Χρυσάνταν, ὃς διηρμένος κοπίδα καὶ παίειν μέλλων πολέμιον, ὡς ὑπεσήμηνεν ἡ σάλπιγξ ἀνακλητικόν, ἀφεὶς τὸν ἄνδρα μάλα πρᾴως καὶ κοσμίως ἀνεχώρησεν.
</p>
</div2>
<div2 type="section" n="2">
<p>οὐ
μὴν ἀλλὰ τὸν Πελοπίδαν ποιεῖ συγγνωστὸν ἅμα τῷ 
τῆς μάχης καιρῷ παραθερμον ὄντα καὶ πρὸς τὴν 
ἄμυναν οὐκ ἀγεννῶς ἐκφέρων ὁ θυμός· ἄριστον 
μὲν γὰρ νικῶντα σῴζεσθαι τὸν στρατηγόν, “εἰ δὲ 
θανεῖν, εἰς ἀρετὴν καταλύσαντα βίον,” ὡς Εὐριπίδης 
φησίν.<note anchored="yes" place="unspecified" resp="ed">
<quote rend="blockquote">
<l>
<foreign lang="greek">Εἰ δὲ θανεῖν θέμις, ὧδε θανεῖν καλόν,</foreign>
</l>
<l>
<foreign lang="greek">εἰς ἀρετὴν καταλυσαμένους βίον</foreign>
</l>
</quote> 
(Nauck, Trag. Graec. Frag.<hi rend="super">2</hi> p. 679). Cf. Plutarch, Morals, p. 24 d.</note> οὕτω γὰρ οὐ πάθος, ἀλλὰ πρᾶξις 
γίνεται τοῦ τελευτῶντος ὁ θάνατος,
</p>
</div2>
<div2 type="section" n="3">
<p>
πρὸς δὲ τῷ θυμῷ τοῦ Πελοπίδου καὶ τὸ τέλος αὐτὸ τὸ τῆς νίκης ἐν τῷ πεσεῖν τὸν τύραννον ὁρώμενον οὐ παντάπασιν ἀλόγως ἐπεσπάσατο τὴν ὁρμήν· χαλεπὸν γὰρ ἑτέρας οὕτω καλὴν καὶ λαμπρὰν ἐχούσης ὑπόθεσιν ἀριστείας ἐπιλαβέσθαι. Μάρκελλος δὲ, μήτε χρείας μεγάλης ἐπικειμένης, μήτε τοῦ παρὰ τὰ δεινὰ πολλάκις ἐξιστάντος τὸν λογισμὸν ἐνθουσιασμοῦ παρεστῶτος, ὠσάμενος ἀπερισκέπτως εἰς κίνδυνον οὐ στρατηγοῦ πτῶμα, προδρόμου δέ τινος ἢ κατασκόπου πέπτωκεν,
</p>
</div2>
<div2 type="section" n="4">
<p>
ὑπατείας πέντε καὶ τρεῖς θριάμβους καὶ σκῦλα καὶ τροπαιοφορίας <pb id="paris.1624.318"/> ἀπὸ βασιλέων τοῖς προαποθνῄσκουσι Καρχηδονίων Ἴβηρσι καὶ Νομάσιν ὑποβαλών. ὥστε νεμεσῆσαι αὐτοὺς ἐκείνους ἑαυτοῖς τοῦ <pb id="p.530"/>
κατορθώματος, ἄνδρα Ῥωμαίων ἄριστον ἀρετῇ καὶ δυνάμει μέγιστον καὶ δόξῃ λαμπρότατον ἐν τοῖς Φρεγελλανῶν προδιερευνηταῖς
παραναλῶσθαι. 
</p>
</div2>
<div2 type="section" n="5">
<p>
χρὴ δὲ ταῦτα μὴ κατηγορίαν εἶναι τῶν ἀνδρῶν νομίζειν, ἀλλʼ ὡς ἀγανάκτησίν τινα καὶ παρρησίαν ὑπὲρ αὐτῶν ἐκείνων πρὸς αὐτοὺς καὶ τὴν ἀνδρείαν αὐτῶν, εἰς ἣν τὰς ἄλλας κατανάλωσαν ἀρετάς ἀφειδήσαντες τοῦ βίου καὶ τῆς ψυχῆς, ὥσπερ ἑαυτοῖς, οὐ ταῖς πατρίσι μᾶλλον καὶ φίλοις καὶ συμμάχοις, ἀπολλυμένων. 
</p>
</div2>
<div2 type="section" n="6">
<p>μετὰ δὲ τὸν θάνατον Πελοπίδας μὲν τοὺς συμμάχους ταφεῖς ἔσχεν, ὑπὲρ ὧν ἀπέθανε, Μάρκελλος δὲ τοὺς πολεμίους, ὑφʼ ὧν ἀπέθανε, ζηλωτὸν μὲν οὖν ἐκεῖνο καὶ μακάριον, κρεῖττον δὲ καὶ μεῖζον εὐνοίας χάριν ἀμειβομένης ἔχθρα λυποῦσαν ἀρετὴν θαυμάζουσα. τὸ γὰρ καλὸν ἐνταῦθα τὴν τιμὴν ἔχει μόνον, ἐκεῖ δὲ τὸ λυσιτελὲς καὶ ἡ χρεία μᾶλλον ἀγαπᾶται τῆς ἀρετῆς. </p>
</div2>
</div1>
</body>
</text>
</TEI.2>
