<?xml version="1.0" encoding="UTF-8"?>
<?xml-model href="http://www.stoa.org/epidoc/schema/latest/tei-epidoc.rng" schematypens="http://relaxng.org/ns/structure/1.0"?>
<TEI xmlns="http://www.tei-c.org/ns/1.0">
  <teiHeader xml:lang="eng">
    <fileDesc>
      <titleStmt>
        <title xml:lang="lat">Abdicatus</title>
        <author xml:lang="lat">Lucianus Samosatenus</author>
        <editor>A. M. Harmon</editor>
        <funder>Harvard Library Arcadia Fund</funder>
        <principal>Gregory Crane</principal>
        <respStmt>
          <persName xml:id="DDD">Digital Divide Data</persName>
          <resp>Corrected and encoded the text</resp>
        </respStmt>
        <respStmt>
          <persName>Gregory Crane</persName>
          <resp>Editor-in-Chief, Perseus Digital Library</resp>
        </respStmt>
        <respStmt>
          <persName>Matt Munson</persName>
          <resp>Project Manager (University of Leipzig), 2016 - present</resp>
        </respStmt>
        <respStmt>
          <persName>Annette Geßner</persName>
          <resp>Project Assistant (University of Leipzig) 2015 - present</resp>
        </respStmt>
        <respStmt>
          <persName>Thibault Clérice</persName>
          <resp>Lead Developer (University of Leipzig)</resp>
        </respStmt>
        <respStmt>
          <persName>Bruce Robertson</persName>
          <resp>Technical Advisor</resp>
        </respStmt>
      </titleStmt>
      <publicationStmt>
        <authority>Harvard College Library</authority>
        <idno type="filename">tlg0062.tlg052.1st1K-grc1.xml</idno>
        <availability>
          <p>Available under a Creative Commons Attribution-ShareAlike 4.0 International License</p>
        </availability>
        <date>2016</date>
        <publisher>Harvard College Library</publisher>
        <pubPlace>United States</pubPlace>
      </publicationStmt>
      <sourceDesc>
        <listBibl>
          <biblStruct>
            <monogr>
              <title>Lucian</title>
              <editor>
                <persName>
                  <name>A. M. Harmon</name>
                </persName>
              </editor>
              <author ref="urn:cts:greekLit:tlg0062" xml:lang="lat">Lucianus Samosatenus</author>
              <imprint>
                <publisher>Harvard University Press</publisher>
                <pubPlace>Cambridge, Mass</pubPlace>
                <date>1962</date>
              </imprint>
              <biblScope unit="volume">5</biblScope>
            </monogr>
            <ref target="https://archive.org/details/lucianhar05luciuoft">The Internet Archive</ref>
          </biblStruct>
        </listBibl>
      </sourceDesc>
    </fileDesc>
    <encodingDesc>
      <p>Text encoded in accordance with the latest EpiDoc standards (January 2014)</p>
      <refsDecl n="CTS">
        <cRefPattern matchPattern="(.+)" n="section" replacementPattern="#xpath(/tei:TEI/tei:text/tei:body/tei:div/tei:div[@n='$1'])"/>
      </refsDecl>
    </encodingDesc>
    <profileDesc>
      <langUsage>
        <language ident="grc">Greek</language>
        <language ident="lat">Latin</language>
      </langUsage>
    </profileDesc>
    <revisionDesc>
      <change/>
    </revisionDesc>
  </teiHeader>
<text>
<body>
  <div type="edition" xml:lang="grc" n="urn:cts:greekLit:tlg0062.tlg052.1st1K-grc1">
<pb n="476"/>
<head>ΑΠΟΚΗΡΥΤΤΟΜΕΝΟΣ</head>
<p>Ἀποκηρυχθείς τις ἰατρικὴν ἐξέμαθεν. μανέντα τὸν πατέρα
καὶ ὑπὸ τῶν ἄλλων ἰατρῶν ἀπεγνωσμένον ἰασάμενος φαρμάκου
δόσει ἀνελήφθη αὖθις ἐς τὸ γένος. μετὰ ταῦτα μεμηνυῖαν τὴν
μητρυιὰν ἰάσασθαι κελευόμενος <gap reason="omitted"/> ἀποκηρύττεται.<note type="footnote" n="1"></note></p>

<div type="textpart" subtype="section" n="1">
<p>1 Οὐ καινὰ μὲν ταῦτα, ὦ ἄνδρες δικασταί, οὐδὲ
παράδοξα τὰ <note type="footnote" n="2"></note> ὑπὸ τοῦ. πατρὸς ἐν τῷ παρόντι
γιγνόμενα,οὐδὲ νῦν  πρῶτον  τὰ τοιαῦτα ὀργίζεται,
ἀλλὰ πρόχειρος οὗτος ὁ νόμος αὐτῷ καὶ συνήθως
ἐτὶ τοῦτ᾿  ἀφικνεῖται τὸ δικαστήριον. ἐκεῖνο δὲ
καινότερον νῦν δυστυχῶ, ὅτι ἕγκλημα μὲν ἴδιον
οὐκ ἔχω, κινδυνεύω δὲ τιμωρίαν ὑποσχεῖν ὑπὲρ
τῆς τέχνης εἰ μὴ πάντα δύναται πείθεσθαι τούτῳ
κελεύοντι, οὗ τί γένοιτʼ ἂν ἀτοπώτερον, θερα-
πεύειν ἐκ προστάγμματος, οὐκέθʼ ὡς ἡ τέχνη
δύναται, ἀλλʼ ὡς ὁ πατὴρ βούλεται ; ἐβουλόμην
μὲν οὖν τὴν ἰατρικὴν καὶ τοιοῦτόν τι ἔχειν
<note type="footnote">1 κελευόμενος ἀποκηρύττεται ΓΝUBC. The lacuna is
variously filled by conjectural aupplements: μὴ βουλόμενος
ZM: καὶ μὴ βονλόμενος διὰ τὸ λέγειν μὴ δύνασθαι B marg.;
καὶ λέγων μὴ δύνασθαι ς, edd.</note>
<note type="footnote">2 τὰ Γ2 (Fritzsche): not in other MSS.</note>
<note type="footnote">1 The words in italics are aupplied to give the approximate
sense of those lost in the Greek text.</note>
<note type="footnote">2 The law permitting a father to disown his son, and the
court before which his complaint had to be presented. No</note>

<pb n="478"/>
φάρμακον ὃ μὴ μόνον τοὺς μεμηνότας ἀλλὰ καὶ
τοὺς ἀδίκως ὀργιζομένους παύειν ἐδύνατο, ἵνα καὶ
τοῦτο τοῦ πατρὸς τὸ νόσημα ἰασαίμην. νυνὶ
δὲ τὰ μὲν τῆς μανίας αὐτῷ τέλεον πέπαυται,
τὰ δὲ τῆς ὀργῆς  μᾶλλον ἐπιτείνεται, καὶ τὸ
δεινότατον, τοῖς μὲν ἄλλοις ἅπασιν σωφρονεῖ,
κατʼ ἐμοῦ δὲ τοῦ θεραπεύσαντος μόνου μαίνεται.
τὸν μὲν οὖν μισθὸν τῆς θεραπείας ὁρᾶτε οἶον
ἀπολαμβάνω, ἀποκηρυττόμενος ὑπʼ αὐτοῦ πάλιν
καὶ τοῦ γένους ἀλλοτριούμενος δεύτερον, ὥσπερ
διὰ τοῦτ᾿  ἀναληφθεὶς πρὸς ὀλίγον ἵνʼ ἀτιμότερος
γένωμαι πολλάκις ἐκπεσὼν τῆς οἰκίας.</p>
</div>

<div type="textpart" subtype="section" n="2">
<p>2 Ἐγὼ δὲ ἐν μὲν τοῖς δυνατοῖς οὐδὲ <note type="footnote" n="1"></note> κελευσθῆναι
περιμένω· πρῴην γοῦν ἄκλτητος ᾖκον ἐπὶ τὴν
βοήθειαν. ὅταν δέ τι ᾖ τελέως ἀπεγνωσμένον,
οὐδʼ ἐπιχειρεῖν βούλομαι. ἐπὶ δὲ τῆς γυναικὸς
ταύτης εἰκότως καὶ ἀτολό τερός εἰμι· λογίζομαι
γὰρ οἷα πάθοιμʼ ἄν ὑπὸ τοῦ πατρὸς ἀποτυχών,
ὃς οὐδὲ ἀρξάμενος τῆς θεραπείας ἀποκηρύττομαι.
ἄχθομαι μὲν οὖν, ὦ ἄνδρες δικασταί,
ἐπὶ τῇ μητρυιᾷ χαλεπῶς ἐχούσῃ (χρηστὴ γὰρ
ἦν) καὶ ἐπὶ τῷ πατρὶ διʼ ἐκείνην ἀνιωμέῳ, τὸ
δὲ μέγιστον, ἐπʼ ἐμαυτῷ ἀπειθεῖν δοκοῦντι καὶ
ἃ προστάττομαι  ὑπουργεῖν οὐ δυναμένῳ καὶ διʼ
ὑπερβολὴν τῆς νόσου καὶ ἀσθένειαν τῆς τέχνης
 πλὴν οὐ δίκαιον· οἶμαι ἀποκηρύττεσθαι τὸν ἃ
μὴ δύναται ποιεῖν μηδὲ τὴν ἀρχὴν ὑπισχνούμενον.</p>
</div>

<div type="textpart" subtype="section" n="3">
<p>3 Διʼ ἃς μὲν οὖν αἰτίας καὶ πρότερον ἀπεκήρυξέ με
διον συνιδεῖν ἐκ τῶν παρόντων. ἐγὼ δὲ καὶ
πρὸς ἐκείνας μέν, ὡς οἴομαι, ἱκανῶς τῷ μετὰ
<note type="footnote">1 οὐδὲ UΓ:οὐδὲν ΓΝΖ(ΒC).</note>

  <pb n="480"/>
  ταῦτα βίῳ ἀπελογησάμην, καὶ ταυτὶ δὲ ἃ νῦν
  ἐγκαλεῖ ὡς ἂν οἷός τε ὦ ἀπολύσομαι, μικρὰ ὑμῖν
  διηγησάμενος τῶν ἐμῶν.</p>
  <p>Ὁ γὰρ δυσάγωγος καὶ δυσπειθὴς ἐγώ, ὁ καταισχύνων
  τὸν πατέρα καὶ ἀνάξια πράττων τοῦ
  γένους, τότε μὲν αὐτῷ τὰ πολλὰ ἐκεῖνα βοῦντι καὶ
  διατεινομένῳ ὀλίγα χρῆναι ἀντιλέγειν ᾠόμην.
  ἀπελθὼν δὲ τῆς οἰκίας ἐνόμιζόν μοι δικαστήριον
  ἔσεσθαι μέγα καὶ ψῆφον ἀληθῆ τὸν μετὰ ταῦτα
  βίον καὶ τὸ φαίνεσθαι πάμπολυ τῶν τοῦ πατρὸς
  ἐγκλημάτων ἐκείνων ἐφεστηκότα καὶ περὶ τὰ κάλλιστα
  τῶν ἐπιτηδευμάτων ἐσπουδακότα καὶ τοῖς
  ἀρίστοις συνόντα. προεωρώμην δὲ καὶ τοιοῦτό τι
  καὶ ὑπώπτευον ἤδη<note type="footnote" n="1"></note> ὡς οὐ σφόδρα καθεστηκότος
  πατρὸς<note type="footnote" n="2"></note> ἀδίκως ὀργίζεσθαι καὶ ἐγκλήματα ψευδῆ
  καθ᾿ υἱοῦ συντιθέναι· καὶ ἦσάν τινες οἱ μανίας ἀρχὴν
  ταῦτα εἶναι νομίζοντες καὶ ἀπειλὴν καὶ ἀκροβολισμὸν
  οὐκ ἐς μακρὰν ἐπιπεσουμένου τοῦ κακοῦ,
  μῖσος ἄλογον καὶ νόμον ἀπηνῆ καὶ βλασφημίας
  προχείρους καὶ δικαστήριον σκυθρωπὸν καὶ βοὴν
  καὶ ὀργὴν καὶ ὅλως χολῆς μεστὰ πάντα. διὸ δὴ
  τάχα μοι καὶ ἰατρικῆς δεήσειν ποτὲ προσεδόκων.</p>
</div>
  
  <div type="textpart" subtype="section" n="4">
  <p>4 Ἀποδημήσας οὖν καὶ τοῖς εὐδοκιμωτάτοις τῶν
  ἐπὶ τῆς ἀλλοδαπῆς ἰατρῶν συγγενόμενος καὶ πόνῳ
  πολλῷ καὶ προθυμίᾳ λιπαρεῖ χρησάμενος ἐξέμαθον
  τὴν τέχνην. ἐπανελθὼν δὲ καταλαμβάνω
  τὸν πατέρα σαφῶς ἤδη μεμηνότα καὶ ὑπὸ τῶν
    <note type="footnote">1 ἤδη Pellet: μὴ δὴ MSS.</note>
  
<pb n="482"/>
ἐπιχωρίων ἰατρῶν ἀπεγνωσμένον, οὐκ ἐς βάθος
ὁρώντων οὐδʼ ἀκριβῶς φυλοκρινούντων <note type="footnote" n="1"></note> τὰς νόσους.
πλὴν ὅπερ γε εἰκὸς ἦν ποιεῖν χρηστὸν
υἱόν, οὔτε ἐμνησικάκησα τῆς ἀποκηρύξεως οὔτε
μετάπεμπτος γενέσθαι περιέμεινα· οὐδὲ γὰρ εἶχόν
τι αὐτῷ ἴδιον ἐγκαλεῖν, ἀλλὰ πάντα ἐκεῖνα ἦν
ἀλλότρια τὰ ἁμαρτήματα καὶ ὥσπερ ἔφην ἤδη,
τῆς νόσου. παρελθὼν οὖν ἄκλητος οὐκ εὐθὺς
ἰασάμην· οὐ γὰρ οὕτω ποιεῖν· ἔθος ἐστὶν ἡμῖν
οὐδὲ ταῦτα ἡ τέχνη παραινεῖ, ἀλλὰ πάντων πρῶτον
τοῦτο διδασκόμεθα συνορᾶν εἴτε ἰάσιμόν ἐστι τὸ
νόσημα εἴτε ἀνήκεστον καὶ ὑπερβεβηκός τοὺς
ὅρους τῆς τέχνης. καὶ τηνικαῦτα, ἢν μὲν εὐμεταχείριστον
ᾖ, ἐπιχειροῦμεν καὶ πᾶσαν σπουδὴν
ἐσφερόμεθα σῶσαι τὸν νοσοῦντα· ἢν δὲ κεκρατηκὸς
δη καὶ νενικηκὸς τὸ πάθος ἴδωμεν, οὐδὲ τὴν
ἀρχὴν προσαπτόμεθα, νόμον τινὰ παλαιὸν τῶν
προπατόρων τῆς τέχνης ἰατρῶν φυλάττοντες,
οἴ φασι μὴ δεῖν ἐπιχερεῖν τοῖς κεκρατημένοις.</p>
<p>Ἰδὸν οὖν τὸν πατέρα ἔτι ἐντὸς τῆς ἐλπίδος καὶ
τὸ πάθος οὐχ ὑπὲρ τὴν τέχνην, ἐπὶ πολὺ τηρήσας
καὶ ἀκριβῶς ἐξετάσας ἕκαστα ἐπεχείρουν ἤδη καὶ
τὸ φάρμακον τεθαρρηκότως ἐνέχεον, καίτοι πολλοὶ
τῶν παρόντων ὑπώπτευον τὴν δόσιν καὶ τὴν
ἴασιν διέβαλλον καὶ πρὸς κατηγορίας παρεσκευάζοντο.</p>
</div>

<div type="textpart" subtype="section" n="5">
<p>5 παρῆν δὲ καὶ ἡ μητρυιὰ φοβουμένη καὶ
ἀπιστοῦσα, οὐ τῷ μισεῖν· ἐμέ, ἀλλὰ τῷ δεδιέναι
καὶ ἀκριβῶς εἰδέναι πονηρῶς ἐκεῖνον διακείμενον·
ἠπίστατο γὰρ μόνη τὰ πάντα συνοῦσα καὶ
<note type="footnote">1 φυλοκρινούντων ΓUΝ : φιλοκρινοέντων Ζ(ΒC); cf. Phal.
Π,9.</note>

<pb n="484"/>
ὁμοδίαιτος τῇ νόσῳ. πλὴν ἀλλ᾿  ἔγωγε οὐδὲν
ἀποδειλιάσας—ἠπιστάμην γὰρ οὐ ψευσόμενά με
τὰ σημεῖα οὐδὲ προδώσουσαν τὴν τέχνην—ἐπῆγον
τὴν ἴασιν ἐν καιρῷ τῆς ἐπιχερήσεως, καίτοι
κἀμοί τινες τῶν φίλων συνεβούλευον μὴ θρασύνεσθαι,
μὴ καὶ διαβολήν τινα μείζω ἔνέγκῃ μοιτὸ
ἀποτυχεῖν ὡς ἀμυνομένῳ τὸν πατέρα φαρμάκῳ
καὶ μνησικακήσαντι ὧν ἐπεπόνθειν ὑπʼ
αὐτοῦ.</p>
<p>Καὶ τὸ κε λαιον, σῶος οὗτος εὐθὺς ἦν καὶ
ἐσωφρόνει πάλιν καὶ πάντα διεγίγ ωσκεν· οἱ
παρόντες δὲ ἐθαύμαζον, ἐπῄνει δὲ καὶ ἡ μητρυιὰ
καὶ φανερὰ πᾶσιν ἦν χαίρουσα κἀμοὶ εὐδοκιμοῦντι
κἀκείνῳ σωφρονοῦντι. οὗ ος δʼ οὖν (μαρτυρεῖν
γὰρ αὐτῷ ἔχω) μήτε μελλή σας  μήτε σύμβουλόν
τινα περὶ τούτων προσλαβ ών, ἐπειδὴ τὸ πᾶν
ἤκουσε τῶν παροντων, ἔλυε μὲν τὴν ἀποκήρυξιν,
υἱὸν δὲ ἐξ ὑπαρχῆς ἐποιεῖτό με, σωτῇρα καὶ
εὐεργέτην ἀποκαλῶν καὶ ἀκριβῇ πεῖραν εἰλ ηφ έναι
ὁμολογῶν καὶ περὶ τῶν ἔμπρ θεν ἐκείνων ἀπολογούμενος.
τοῦτο γενόμον εὔφρ ινε μὲν πολλούς,
ὅσοι παρῆσαν χρηστοί, τει δὲ ἐμκείνους ὅσοις
ἀποκήρυξις υἱοῦ ἡδίων ἀν ψεως. εἶδον γοῦν
τότε οὐ πάντας ὁμοίως ἡδομ υς τῷ πράγματι,
ἀλλ᾿  εὐθύς τινος καὶ χρόαν τρεπομένην καὶ βλέμμα
τεταραγμένον καὶ πρόσω ον ὠργισμ νον, οἷον ἐκ
φθόνου καὶ ους γίνεται.</p>
</div>

<div type="textpart" subtype="section" n="6">
<p>Ἡμεῖς μὲν οὖν, ὡς τὸ εἰκός, ἐν εὐφροσύναις καὶ
6 θυμηδίαις ἦμεν, ήλους ἀπειληφότες· ἡ μητρυιὰ
δὲ μετὰ, μικρὸν εὐθὺς νοσεῖν ἤρξατο νόσον, ὦ
ἄνδρες δικασταί, χαλεπὴν καὶ παρ ογον· ἀρχόμενον

<pb n="486"/>
γὰρ εὐθὺς τὸ δεινὸν παρεφύλαξα. <note type="footnote" n="1"></note> οὐ γὰρ
ἀπλοῦν οὐδὲ ἐπιπόλαιον τῆς μανίας τὸ εἶδος,
ἀλλά τι παλαιὸν ὑποικουροῦν ἐν τῇ ψυχῇ κακὸν
ἀπέρρηξε καὶ ἐς τοὐμφανὲς ἐξενίκησε. πολλὰ
μὲν οὖν καὶ ἄλλα ἡμῖν ἐστι σημεῖα τῶν ἀνιάτως
μεμηνότων, ἓν δὲ ἐκεῖνο καινὸν ἐπὶ τῆς γυναικὸς
ταύτης παρεφύλαξα· πρὸς μὲν γὰρ τοὺς
ἄλλους ἡμερωτέρα καὶ πραεῖα ἐστι καὶ παρόντων
εἰρήνην· ἄγει ἡ νόσος, ἂν δέ τινα ἰατρὸν ἴδῃ καὶ
τοῦτ᾿  ἀκούσῃ μόνον, κατ᾿ ἐκείνου μάλιστα παροξύνεται,
ὅπερ καὶ αὐτὸ τοῦ πονηρῶς καὶ ἀνηκέστως
ἔχειν ἐστὶ τεκμήριον.</p>
</div>

<div type="textpart" subtype="section" n="7">
<p>Ταῦτα ὁρῶν ἐγὼ μὲν ἡνιώμην καὶ τὴν γυναῖκα
ᾤκτειρον ἀξίαν οὖσαν καὶ παρὰ τὸ προσῆκον
7 δυστυχοῦσαν. ὁ πατὴρ δὲ ὑπὸ ἰδιωτείας (οὐ
γὰρ οἶδεν οὔτε ἀρχὴν τοῦ κατέχοντος κακοῦ
οὔτε τὴν αἰτίαν οὔτε τὸ μέτρον τοῦ πάθους)
ἐκέλευεν ἰᾶσθαι καὶ τὸ ὅμοιον ἐκχέαι φάρμακον·
οἴεται<note type="footnote" n="2"></note> γὰρ ἓν εἶναι μανίας εἶδος καὶ μίαν τὴν
νόσον καὶ τἀρρώστημα ταὐτὸν καὶ παραπλησίαν
τὴν θεραπείαν δεχόμενον.<note type="footnote" n="3"></note> ἐπεὶ δέ, ὅπερ ἀληθέστατον,
ἀδύνατον εἶναί φημι σώζεσθαι τὴν γυναῖκα
καὶ ἡττῆσθαι ὑπὸ τῆς νόσου ὁμολογῶ, ἀγανακτεῖ
καὶ ὀργίζεται καί φησιν ἑκόντα καθυφίεσθαι
καὶ προδιδόναι τὴν ἄνθρωπον, ἐγκαλῶν ἐμοὶ τὴν
ἀσθένειαν τῆς τέχνης. καὶ πάσχει μὲν σύνηθες
τοῖς λυπουμένοις· ὀργίζονται γοῦν ἅπαντες τοῖς
μετὰ παρρησίας τἀληθῆ λέγουσιν. πλὴν ἔγωγε
ὡς ἂν οἷός τε ὦ δικαιολογήσομαι πρὸς αὐτὸν καὶ
ὑπέρ ἐμαυτοῦ καὶ τῆς τέχνης.</p>
<note type="footnote">1 παρεφύλαξα (CM)AF: παρεφυλάξατο ΓΝΖUB.</note>
<note type="footnote">2 οἴεται ΓUZCM : ᾤετο BN, edd.</note>
</div>

  <div type="textpart" subtype="section" n="8">
  <pb n="488"/>
  <p>8 Καὶ πρῶτόν γε ἀπὸ τοῦ νόμου ἄρξομαι καθ᾿
  ὃν οὗτός με ἀποκηρῦξαι βούλεται, ἵν᾿ εἰδῇ οὐδέθ᾿
  ὁμοίαν οὖσαν αὐτῷ νῦν τε καὶ πρότερον τὴν
  ἐξουσίαν. οὐ γὰρ ἅπασιν, ὦ πάτερ, ὁ νομοθέτης
  οὐδὲ πάντας υἱέας οὐδὲ ὁσάκις ἂν ἐθέλωσιν
  ἀποκηρύττειν συγκεχώρηκεν οὐδ᾿ ἐπὶ πάσαις
  αἰτίαις, ἀλλ᾿ ὥσπερ τοῖς πατράσιν τὰ τηλικαῦτα
  ὀργίζεσθαι ἐφῆκεν, οὕτω καὶ τῶν παίδων προὐνόησεν,
  ὡς μὴ ἀδίκως αὐτὸ πάσχωσιν· καὶ διὰ
  τοῦτο οὐκ ἐλευθέραν ἐφῆκε γίγνεσθαι οὐδὲ ἄκριτον
  τὴν τιμωρίαν, ἀλλ᾿ ἐς δικαστήριον ἐκάλεσε καὶ
  δοκιμαστὰς ἐκάθισε τοὺς μήτε πρὸς ὀργὴν μήτε
  διαβολὴν<note type="footnote" n="1"></note> τὸ δίκαιον κρινοῦντας. ᾔδει γὰρ πολλοῖς
  πολλάκις ἀλόγους αἰτίας ὀργῆς παρισταμένας.
  καὶ τὸν μὲν ψευδεῖ τινι διαβολῇ πειθόμενον,
  τὸν δὲ οἰκέτῃ πιστεύοντα ἢ γυναίῳ ἐχθρῷ. οὔκουν
  ἡγεῖτο ἀδίκαστον γίγνεσθαι τὸ πρᾶγμα οὐδ᾿ ἐξ
  ἐρήμης τοὺς παῖδας εὐθὺς ἁλίσκεσθαι, ἀλλὰ καὶ
  ὕδωρ ἐγχεῖται καὶ λόγος ἀποδίδοται καὶ ἀνεξέταστον
  οὐδὲν καταλείπεται.</p>
  </div>
    
  <div type="textpart" subtype="section" n="9">
  <p>9 Ἐπεὶ τοίνυν ἔξεστιν, καὶ τοῦ μὲν ἐγκαλεῖν
  μόνου ὁ πατὴρ κύριος, τοῦ κρῖναι δὲ εἰ εὔλογα
  αἰτιᾶται ὑμεῖς οἱ δικάζοντες, αὐτὸ μὲν ὅ μοι
  ἐπιφέρει καὶ ἐφ᾿ ᾧ νῦν ἀγανακτεῖ μηδέπω σκοπεῖτε,
  πρότερον δὲ ἐκεῖνο ἐξετάσατε, εἰ ἔτι δοτέον
  ἀποκηρύττειν αὐτῷ ἅπαξ ἀποκηρύξαντι καὶ χρησαμένῳ
  τῇ παρὰ τοῦ νόμου ἐξουσίᾳ καὶ ἀποπληρώσαντι
  τὴν πατρικὴν ταύτην δυναστείαν, εἷτ᾿
    <note type="footnote">1 διαβολὴν ΓUΝ(Β): πρὸς διαβολὴν ΖCMF.</note>
  
<pb n="490"/>
αὖθις ἀναλαβόντι καὶ λύσαντι τὴν ἀποκήρυξιν.
ἐγὼ μὲν γὰρ ἀδικώτατον εἶναί φημι τὸ τοιοῦτον,
ἀπεράντους γίνεσθαι καὶ <note type="footnote" n="1"></note> τῶν παίδων τὰς
τιμωρίας καὶ πολλὰς τὰς καταδίκας καὶ τὸν
φόβον ἀΐδιον καὶ τὸν νόμον ἄρτι μὲν ουνοργίζεσθαι,
μετὰ μικρὸν δὲ λύεσθαι, καὶ πάλιν ὁμοίως
ἰσχυρὸν εἶναι, καὶ ὅλως ἄνω καὶ κάτω στρέφεσθαι
τὰ δίκαια πρὸς τὸ ἐπὶ καιροῦ δοκοῦν πατράσιν.
ἀλλὰ τὸ μὲν πρῶτον ἄξιον ἐφιέναι καὶ ἀγανακτοῦντι
συναγανακτεῖν καί κύριον τῆς τιμωρίας
ποιεῖν τὸν γεγεννηκότα· ἢν δὲ ἅπαξ ἀναλώσῃ
τὴν ἐξουσίαν καὶ καταχρήσηται τῷ νόμῳ καὶ
ἐμπλησθῇ τῆς ὀργῆς, εἶτα μετὰ ταῦτα ἀναλάβῃ,
χρηστὸν εἶναι μεταπεισθείς, ἐπὶ τούτων ἀνάγκη
μένειν <note type="footnote" n="2"></note> καὶ μηκέτι μεταπηδᾶν μηδὲ μεταβουλεύεσθαι
μηδὲ μεταποιεῖν τὴν κρίσιν.</p>
<p>Τοῦ<note type="footnote" n="3"></note> μὲν γὰρ τὸν γενντηθέντα πονηρὸν ἢ χρηστὸν
ἀποβήσεσθαι οὐδέν, οἶμαι, γνώρισμα ἦν, καὶ διὰ
τοῦτο τοὺς ἀναξίους τοῦ γένους παραιτεῖσθαι
συγκεχώρηται τοῖς ὅτε ἠγνόουν ἀναθρεψαμένοις.</p>
</div>

<div type="textpart" subtype="section" n="10">
<p>10 ὅταν δὲ μὴ κατʼ ἀνάγκην ἀλλ᾿  ἐπʼ ἐξουσίας
αὐτός τις ἀφʼ ἑαυτοῦ <note type="footnote" n="4"></note> καὶ δοκιμάσας ἀναλάβῃ,
τίς ἔτι μηχανὴ μεταβάλλεσθαι, ἢ τίς ἔτι χρῆσις
ὑπόλοιπος τοῦ νόμου ; φαίη γὰρ ἂν πρὸς σὲ ὁ
νομοθέτης, “ Εἰ πονηρὸς οὗτος ἦν καὶ τοῦ ἀποκηρυχθῆναι
ἄξιος, τί παθὼν ἀνεκάλεις ; τί δʼ
αὖθις ἐπανῆγες ἐς τὴν οἰκίαν ; τί δʼ ἔλυες τὸν
νόμον; ἐλεύθερος γὰρ ἦσθα καὶ τοῦ μὴ ποιεῖν
ταῦτα κύριος. οὐ γὰρ δὴ ἐντρυφᾶν σοι δοτέον
<note type="footnote">1 καὶ ΓUZNB: κατὰ (C)A, not in F.</note>
<note type="footnote">2 μένειν Ν(Fritsache): μὲν μένειν ΓUZ cett.; cf. p.494, n. 1.</note>
<note type="footnote">3 τοῦ Ν(CΜ): τοῦτο ΓUΖB.</note>

<pb n="492"/>
τοῖς νόμοις οὐδὲ πρὸς τὰς σὰς μεταβολὰς συνάγεσθαι
τὰ δικαστήρια, οὐδὲ ἄρτι μὲν λύεσθαι
ἄρτι δὲ κυρίους εἶναι τοὺς νόμους καὶ τοὺς
δικαστὰς καθῆσθαι μάρτυρας, μᾶλλον δὲ ὑπηρέτας,
τῶν σοὶ δοκούντων, ὁτὲ μὲν κολάζοντας ὁτὲ δὲ
διαλλάττοντας, ὁπόταν σοι δοκῇ. ἅπαξ γεγέννηκας,
ἅπαξ ἀνατέτραφας, ἅπαξ καὶ τὸ ἀποκηρύττειν
ἀντὶ τούτων ἔχεις, καὶ τότε, ἢν δικαίως αὐτὸ
ποιεῖν δοκῆς· τὸ δʼ ἄπαυστον τοῦτο καὶ ἀΐδιον
καὶ πολύ ῥᾴδιον <note type="footnote" n="1"></note> μεῖζον ἤδη τῆς πατρικῆς ἐστιν
ἐξουσίας.</p>
</div>

  <div type="textpart" subtype="section" n="11">
<p>11 Μὴ δή, πρὸς Διός, ὦ ἄνδρες δικασταί, συγχωρήσητε
αὐτῷ ἑκούσιον τὴν ἀνάληψιν πεποιημένῳ
καὶ λύσαντι τὴν γνῶσιν τοῦ πάλαι δικαστηρίου
καὶ ἀκυρώσαντι τὴν ὀργὴν αὖθις τὴν<note type="footnote" n="2"></note>  αὐτὴν
τιμωρίαν ἀνακαλεῖν· καὶ ἐπὶ τὴν ἐξουσίαν τὴν
πατρικὴν ἀνατρέχειν, ἧς ἔξωρος ἤδη καὶ ἕωλος
ἡ προθεσμία καὶ μόνῳ τούτῳ ἄκυρος καὶ προδεδαπανημένη; 
ὁρᾶτε γάρ που καὶ ἐν τοῖς ἄλλοις
δικαστηρίοις ὡς ἀπὸ μὲν τῶν κλήρῳ λαχόντων
δικαστῶν, ἤν τις ἄδικον οἴηται γεγενῆσθαι τὴν
κρίσιν, δίδωσιν ὁ νόμος ἐς ἕτερον ἐφεῖναι δικαστήριον·
ἢν δέ τινες ἑκόντες αὐτοὶ σύνθωνται δικαστὰς
καὶ προελόμενοι ἐπιτρέψωσιν διαιτᾶν, οὐκέτι.
οἷς γὰρ ἐξῆν μηδὲ τὴν ἀρχὴν ἐμμένειν,<note type="footnote" n="3"></note> εἰ τούτους
πις αὐθαίρετος εἵλετο, στέργειν ἐστὶ δίκαιος τοῖς
ἐγνωσμένοις. οὕτω δὴ καὶ σύ, ὃν ἐξῆν μηκέτʼ
ἀναλαμβάνειν εἴ ἀνάξιος<note type="footnote" n="4"></note> ἐδόκει τοῦ γένους,
τοῦτον εἰ χρηστὸν ἡγησάμενος εἶναι πάλιν ἀνείληφας,
<note type="footnote">1 πολὺ ῥᾴδιον ΓΖ: πολὺ καὶ ῥᾴδιον other ΜSS.: cf.
Mer., 9, 3, πολὺ ἀφόρητος.</note>
<note type="footnote">2 αὖθις ἐπὶ τὴν ΜSS.: ἐπὶ excised by Fritzsche.</note>

<pb n="494"/>
οὐκέτʼ ἀποκηρύττειν· ἔξεις· ὅτι γὰρ οὐκ
ἄξιος αὖθις παθεῖν ταῦτα, ὑπʼ αὐτοῦ σοῦ μεμαρτύρηται
καὶ χρηστὸς ἤδη ἀνωμολόγηται. ἀμετανόητον
οὖν τὴν ἀνάληψιν καὶ τὴν διαλλαγὴν βέβαιον
εἶναι προσήκει μετὰ κρίσιν οὕτω πολλὴν καὶ δύο
δικαστήρια, ἓν μὲν<note type="footnote" n="1"></note> τὸ πρῶτον, ἐφʼ οὗ παρῃτήσω,
δεύτερον δὲ τὸ σόν, ὅτε μετεβουλεύσω καὶ ἀνάδαστον
ἐποίησας· τὰ πρότερον ἐγνωσμένα λύσας
βεβαιοῖς τὰ μετʼ ἐκείνα βεβουλευμένα. μένε
τοίνυν ἐπὶ τῶν τελευταίων καὶ φύλαττε τὴν σαυτοῦ
κρίσιν· πατέρα σε εἶναι δεῖ· τοῦτο γὰρ ἔδοξέ
σοι, τοῦτʼ ἐδοκίμασας, τοῦτʼ ἐκύρωσας.</p>
</div>

<div type="textpart" subtype="section" n="12">
<p>12 Ἐγὼ μὲν οὐδʼ εἰ μὴ φύσει παῖς ἦν, θέμενος
δὲ ἀποκηρύττειν ἤθελες, ἐξεῖναι ἄν σοι ᾠόμην·
ὃ γὰρ τὴν ἀρχὴν μὴ ποιεῖν δυνατὸν ἦν, τοῦτʼ
ἄδικον λύειν ἅπαξ γενόμενον. τὸν δὲ καὶ φύσει
καὶ αὖθις προαιρέσει καὶ γνώμῃ ἐσπεποιημένον,
πῶς εὔλογον αὖθις ἀπωθεῖσθαι καὶ πολλάκις τῆς
μιᾶς οἰκειότητος ἀποστερεῖν ; εἰ δʼ οἰκέτης ὢν
ἐτύγχανον, καὶ τὸ μὲν πρῶτον πονηρὸν οἰόμενος
ἐπέδησας, μεταπεισθεὶς δὲ ὡς οὐδὲν ἠδίκουν
ἐλεύθερον ἀφῆκας εἶναι, ἆρʼ ἄν σοι πρὸς καιρὸν
ὀργισθέντι αὖθις ἐξῆν ἐς τὴν ὁμοίαν δουλείαν
ἐπανάγειν ; οὐδαμῶς. τὰ γὰρ τοιαῦτα βέβαια καὶ
διὰ παντὸς κύρια ὑπάρχειν οἱ νόμοι ἀξιοῦσιν.</p>
</div>

<div type="textpart" subtype="section" n="13">
<p>Ὑπὲρ μὲν οὖν τοῦ μηκέτι ἐξεῖναι τούτῳ ἀποκηρύττειν
ὃν ἅπαξ ἀποκηρύξας ἑκὼν ἀνέλαβεν
13 ἔτι πολλὰ εἰπεῖν ἔχων ὅμως παύσομαι. σκέψασθε
δὲ ἤδη ὅντινα ὄντα καὶ ἀποκηρύξει·<note type="footnote" n="2"></note> καὶ οὐ δή
<note type="footnote">1 μὲν N(BCM): μὲν εἰ ΓΖ, μένει U.</note>
<note type="footnote">2 MSS. have με either after ὄντα (A) or after ἀποκηρύξει:
it is better out.</note>

  <pb n="496"/>
  που τοῦτό φημι, ὡς τότε μὲν ἰδιώτην, νῦν δὲ
  ἰατρόν· οὐδὲν γὰρ ἂν πρὸς τοῦτο ἡ τέχνη συναγωνίσαιτο·
  οὐδ᾿ ὅτι τότε μὲν νέον, νῦν δὲ ἤδη καὶ
  προβεβηκότα καὶ τὸ πιστὸν τοῦ μηδὲν ἀδικῆσαι
  ἂν παρὰ τῆς ἡλικίας ἔχοντα· μικρὸν γὰρ ἴσως καὶ
  τοῦτο. ἀλλὰ τότε μέν, εἰ καὶ μηδὲν ἠδικημένος,
  ὡς ἂν ἔγωγε φαίην, ἀλλ᾿ οὐδὲ εὖ πεπονθὼς παρῃτεῖτο
  τῆς οἰκίας, νῦν δὲ σωτῆρα ἔναγχος καὶ εὐεργέτην
  γεγενημένον. οὗ τί γένοιτ᾿ ἂν ἀχαριστότερον,
  σωθέντα δι᾿ ἐμὲ καὶ τηλικοῦτον κίνδυνον διαπεφευγότα
  τοῖς τοιούτοις εὐθὺς ἀμείβεσθαι, τῆς
  θεραπείας ἐκείνης οὐδένα λόγον ἔχοντα, ἀλλ᾿
  οὕτω ῥᾳδίως ἐπιλελῆσθαι καὶ ἐπὶ τὴν ἐρημίαν
  ἐλαύνειν τὸν ἐφησθέντ᾿ ἂν δικαίως ἐφ᾿ οἷς ἀδίκως
  ἐξεβέβλητο, μὴ μόνον δ᾿ οὐ<note type="footnote" n="1"></note> μνησικακήσαντα,
  ἀλλὰ καὶ σώσαντα καὶ σωφρονεῖν
  παρασκευάσαντα;</p>
</div>
  
  <div type="textpart" subtype="section" n="14">
  <p>14 Οὐ γὰρ σμικρόν, ὦ ἄνδρες δικασταί, οὐδὲ τὸ
  τυχὸν εὖ πεποιηκὼς αὐτόν, ὅμως τῶν τοιούτων
  νῦν ἀξιοῦμαι. ἀλλ᾿ εἰ καὶ οὗτος ἀγνοεῖ τὰ τότε,
  πάντες ὑμεῖς ἴστε οἷα ποιοῦντα αὐτὸν καὶ πάσχοντα
  καὶ ὅπως διακείμενον ἐγὼ παραλαβών,
  τῶν μὲν ἄλλων ἰατρῶν ἀπεγνωκότων, τῶν δὲ
  οἰκείων φευγόντων καὶ μηδὲ πλησίον προσιέναι
  τολμώντων, τοιοῦτον ἀπέφηνα ὡς καὶ κατηγορεῖν
  δύνασθαι καὶ περὶ τῶν νόμων διαλέγεσθαι. μᾶλλον
  δέ, ὁρᾷς, ὦ πάτερ, τὸ παράδειγμα· τοιοῦτον ὄντα
  σε παῤ ὀλίγον οἵα νῦν ἡ γυνή ἐστιν, πρὸς τὴν
  ἀρχαίαν φρόνησιν ἐπανήγαγον. οὐ δὴ δίκαιον
  τοιαύτην μοι γενέσθαι ἀντ᾿ ἐκείνων τὴν ἀμοιβὴν
    <note type="footnote">1 δ᾿ οὐ ed. Flor., οὐ MSS.</note>
  
<pb n="498"/>
οὐδὲ κατʼ ἐμοῦ σε μόνου σωφρονεῖν· ὅτι γὰρ μὴ
μικρὰ ὑπʼ ἐμοῦ εὐηργέτησαι, καὶ ἀπʼ αὐτῶν ὧν
ἐγκαλεῖς δῇλόν ἐστιν· ὃν<note type="footnote" n="1"></note> γὰρ ὡς ἐν ἐσχάτοις
οὖσαν τὴν γυναῖκα καὶ παμπονηρῶς ἔχουσαν
οὐκ ἰώμενον μισεῖς, πῶς οὐ πολὺ μᾶλλον ὅτι σε
τῶν ὁμοίων ἀπήλλαξα ὑπεραγαπᾷς καὶ χάριν
ὁμολογεῖς, τῶν οὕτω δεινῶν ἀπηλλαγμένος ; σὺ
δέ, ὅπερ ἀγνωμονέστατον, σωφρονήσας εὐθὺς ἐς
δικαστήριον ἄγεις καὶ σεσωσμ ένος κολάζεις καὶ ἐπὶ
τὸ ἀρχαῖον ἐκεῖνο μῖσος ἀνατρέχεις καὶ τὸν αὐτὸν
ἀναγινώσκεις νόμον. καλὸν γοῦν τὸν μισθὸν
ἀποδίδως τῇ τέχνῃ καὶ ἀξίας ἀμοιβὰς τῶν φαρμάκων
ἐπὶ τὸν ἰατρὸν ὑγιαίνων μόνον.</p>
</div>

<div type="textpart" subtype="section" n="15">
<p>15 Ὑμεῖς δέ, ὦ ἄνδρες δικασταί, τὸν εὐεργέτην
τούτῳ κολάζειν ἐπιτρέψετε καὶ τὸν σώσαντα
ἐξελαύνειν καὶ τὸν σωφρονίσαντα μισεῖν καὶ τὸν
ἀναστήσαντα τιμωρεῖσθαι; οὐκ, ἤν γε τὰ δίκαια
ποιῆτε. καὶ γὰρ εἰ τὰ μέγιστα νῦν ἁμαρτάνων
ἐτύγχανον, ἦν μοί τις οὐ μικρὰ προοφειλομ
χάρις, ἐς ἣν ἀποβλ έποντα τοῦτον καὶ ἧς μεμνημένον
καλῶς εἶχε τῶν μὲν παρόν καταφρονεῖν,
διʼ ἐκεῖνα δὲ πρόχειρον τὴν συγγνώμην ἔχειν,
καὶ μάλιστα εἰ τηλικαύτη τις ἡ εὐεργεσία  τυγχάνοι
ὡς πάντα ὑπερπαίειν τὰ μετὰ  ταῦτα. ὅπερ
οἶμαι κἀμοὶ πρὸς τοῦτον ὑπάρ ειν, ὃν ἔσωσα,
καὶ ὃς τοῦ βίου παντὸς χρεώστης ἐστί μοι, καὶ
ᾧ τὸ εἶναι καὶ τὸ σωφρονεῖν καὶ τὸ  συνιέναι
παρέσχημαι, καὶ μάλιστα ὅτε οἱ ἄλλοι   πάντες
ἤδη ἀπεγνώκεσαν καὶ ἥττους εἶναι ὡμολόγουν τῆς
νόσου.</p>
</div>

<div type="textpart" subtype="section" n="16">
<p>16 Τοῦτο γὰρ μείζω οἶμαι ποιεῖν· τὴν ἐμὴν εὐερ
<note type="footnote">1 ὃν Ν : ὃς  ΓUΖΒ.</note>

  <pb n="500"/>
  γεσίαν, ὃς οὔτε ὢν τότε οὔτε ἀναγκαίαν τῆς
  θεραπείας ἔχων αἰτίαν ἀλλὰ ἐλεύθερος καθεστὼς
  καὶ ἀλλότριος, τῆς φυσικῆς αἰτίας ἀφειμένος, ὅμως
  οὐ περιεῖδον, ἀλλ᾿ ἐθελοντής, ἄκλητος, αὐτεπάγγελτος
  ἧκον· ἐβοήθησα, προσελιπάρησα, ἰασάμην,
  ἀνέστησα, καὶ τὸν πατέρα ἐμαυτῷ διεφύλαξα,
  καὶ ὑπὲρ τῆς ἀποκηρύξεως ἀπελογησάμην, καὶ
  τῇ εὐνοίᾳ τὴν ὀργὴν ἔπαυσα, καὶ τὸν νόμον ἔλυσα
  τῇ φιλοστοργίᾳ, καὶ μεγάλη ςεὐεργεσίας τὴν ἐς τὸ
  γένος ἐπάνοδον ἐπριάμην, καὶ ἐν οὕτως ἐπισφαλεῖ
  καιρῷ τὴν πρὸς τὸν πατέρα πίστιν ἐπεδειξάμην,
  καὶ μετὰ τῆς τέχνης ἐμαυτὸν ἐσεποίησα, καὶ
  γνήσιος υἱὸς ἐν τοῖς δεινοῖς ἀνεφάνην.</p>
  <p>Πόσα γὰρ οἴεσθε παθεῖν με, πόσα καμεῖν
  παρόντα, ὑπηρετοῦντα, καιροφυλακοῦντα, νῦν μὲν
  εἴκοντα τῇ τοῦ πάθους ἀκμῇ, νῦν δὲ τὴν τέχνην
  ἐπάγοντα πρὸς ὀλίγον ἐνδιδόντος τοῦ κακοῦ;
  ἔστιν δὲ τῶν ὄντων ἁπάντων τούτων ἐν τῇ ἰατρικῇ
  τὸ ἐπισφαλέστατον τοὺς τοιούτους ἰᾶσθαι καὶ
  πλησιάζειν οὕτω διακειμένοις· ἐς γὰρ τοὺς
  πλησίον πολλάκις ἀφιᾶσι τὴν λύτταν, ἐπιζέσαντος
  τοῦ πάθους. καὶ ὅμως πρὸς οὐδὲν τούτων ἀπώκνησα
  οὐδὲ ἀπεδειλίασα, συνὼν δὲ καὶ πάντα
  τρόπον ἀντεξεταζόμενος τῇ νόσῳ τὸ τελευταῖον
  ἐκράτησα τῷ φαρμάκῳ.</p>
</div>
  
  <div type="textpart" subtype="section" n="17">
  <p>17 Μὴ γὰρ τοῦτ᾿ ἀκούσας εὐθὺς ὑπολάβῃ τις
  “Ποῖος δὲ ἢ πόσος ὁ κάματος ἐγχέαι φάρμακον;”
  πολλὰ γὰρ πρὸ τούτου γενέσθαι δεῖ, καὶ προοδοποιῆσαι
  τῇ πόσει καὶ προπαρασκευάσαι ῥᾴδιον
  
<pb n="502"/>
ἐς ἴασιν τὸ σῶμα καὶ τῆς ἀπάσης ἕξεως φροντίσαι
κενοῦντα καὶ ἰσχναίνοντα καὶ οἷς χρὴ τρέφοντα καὶ
κινοῦντα ἐς ὅσον χρήσιμον καὶ ὕπνους ἐπινοοῦντα
καὶ ἠρεμίας μηχανώμενον, ἅπερ οἱ μὲν ἄλλο τι
νοσοῦντες ῥᾳδίως πεισθεῖεν ἄν, οἱ μεμηνότες δὲ
διὰ τὴν ἐλευθερίαν τοῦ νοῦ δυσάγωγοι καὶ δυσηνιόχητοι
καὶ τῷ ἰατρῷ ἐπισφαλεῖς καὶ τῇ θεραπείᾳ
δυσκαταγώνιστοι. ὅταν γοῦν πολλάκις οἰήθωμεν <note type="footnote" n="1"></note>
ἤδη πλησίον γενέσθαι τοῦ τέλους καὶ ἐλπίσωμεν,
ἐμπεσόν τι μικρὸν ἀμάρτημα ἐπακμάσαντος τοῦ
πάθους ἅπαντα ῥᾳδίως ἐκεῖνα ἀνέτρεφε καὶ
ἐνεπόδισε<note type="footnote" n="2"></note> τὴν θεραπείαν καὶ τὴν τέχνην διέσφηλε.</p>
</div>

<div type="textpart" subtype="section" n="18">
<p>18 Τὸν οὖν ταῦτα πάντα ὑπομεμεντηκότα καὶ
οὕτω χαλεπῷ νοσήματι προσπαλαίσαντα καὶ πάθος
ἁπάντων παθῶν τὸ δυσαλωτότατον νενικηκότα
ἔτι τούτῳ ἀποκηρύττειν ἐπιτρέψετε, καὶ τοὺς
νόμους ὡς βούλεται ἑρμηνεύειν κατʼ εὐεργέτου
συγχωρήσετε, καὶ τῇ φύσει πολεμεῖν αὐτὸν
ἐάσετε;</p>
<p>Ἐγὼ τῇ φύσει πειθόμενος, ὦ ἄνδρες δικασταί,
σώζω και διαφυλάττω τὸν πατέρα ἐμαυτῷ
κἂν ἀδικῇ· οὑτοσὶ <note type="footnote" n="3"></note> δὲ τὸν εὐεργετηκότα παῖδα
τοῖς νόμοις, ὥς φησιν, ἀκολουθῶν διαφθείρει
καὶ τοῦ γένους ἀποστερεῖ. μισόπαις οὗτος, ἐχὼ
φιλοπάτωρ γίγνομαι. ἐγὼ τὴν φύσιν ἀσπάζομαι,
οὗτος τὰ τῆς φύσεως παρορᾷ καὶ <note type="footnote" n="4"></note> καθυβρίζει
δίκαια<note type="footnote" n="5"></note> ὢ πατρὸς μισοῦντος ἀδίκως· ὢ παιδὸς
φιλοῦντος ἀδικώτερον. ἐγκαλῶ γὰρ ἐμαυτῷ, τοῦ
<note type="footnote">1 οἰήθωμεν W.A. Hirschig:   ποιήσωμεν  MSS.</note>
<note type="footnote">2 ἐνεπόδισε NC: ἀνεπόισε ΓUΖ  cett.</note>

<pb n="504"/>
πατρὸς ἀναγκάζοντος, ὅτι μισούμενος οὐ δέον
φιλῶ καὶ φιλῶ πλέον ἢ προσῆκεν. καίτοι γε ἡ
φύσις τοῖς πατράσιν τοὺς παῖδας μᾶλλον ἢ τοῖς
παισὶν τοὺς πατέρας ἐπιτάττει φιλεῖν. ἀλλʼ οὗτος
ἑκὼν καὶ τοὺς νόμους παρορᾷ,<note type="footnote" n="1"></note> οἳ τοὺς οὐδὲν
ἠδικηκότας παῖδας τῷ γένει φυλάττουσιν, καὶ
τὴν φύσιν, ἣ τοὺς γεννήσαντας ἕλκει πρὸς πόθον
τῶν γεγεννημένων πολύν. οὐχ ὅπως μείζους
ἀρχὰς εὐνοίας ἔχων πρὸς ἐμέ μείζονα τὰ δίκαιά
μοι τῆς εὐνοίας ἐσφέρει καὶ ἐπιδίδωσιν, ἢ τό γε
ἔλαττον ἐμὲ μιμεῖται καὶ ζηλοῖ τοῦ φίλτρου·
ἀλλʼ, οἴμοι τῆς συμφορᾶς, προσέτι καὶ μισεῖ
φιλοῦντα καὶ ἀγαπῶντα ἐλαύνει καὶ εὐεργετοῦντα
ἀδικεῖ καὶ ἀσπαζόμενον ἀποκηρύττει, καὶ τοὺς
φιλόπαιδας νόμους ὡς μισόπαιδας κατʼ ἐμοῦ
μεταχειρίζεται. ὢ μάχης ἣν ἐσάγεις, πάτερ, τοῖς
νόμοις κατὰ τῆς φύσεως.</p>
</div>

<div type="textpart" subtype="section" n="19">
<p>19 Οὐκ ἔστι ταῦτα, οὐκ ἔστιν ὡς θέλεις· κακῶς
ἑρμηνεύεις, ὁ πάτερ, καλῶς κειμένους τοὺς
νόμους. οὐ πολεμεῖ φύσις καὶ νόμος ἐν ταῖς
εὐνοίαις, ἀλλʼ ἀκολουθοῦσιν ἀλλήλοις ἐνταῦθα καὶ
συναγωνίζονται τῇ λύσει τῶν ἀδικημάτων. ὑβρίζεις
τὸν εὐεργέτην, ἀδικεῖς τὴν φύσιν. τί καὶ
τοὺς νόμους συναδικεῖς τῇ φύσει ; οὓς καλοὺς
καὶ δικαίους καὶ φιλόπαιδας εἶναι θέλοντας οὐ
συγχωρεῖς, καθʼ ἑνὸς παιδὸς ὡς κατὰ πολλῶν
κινῶν πολλάκις καὶ ἡσυχάζειν οὐκ ἐῶν ἐν ταῖς
τιμωρίαις τοὺς ἐν ταῖς τῶν παίδων πρὸς τοὺς
πατέρας εὐνοίαις ἡσυχάζειν ἐθέλοντας, καίτοι
γε ἐπὶ τοῖς μηδὲν ἡμαρτηκόσιν μηδὲ κειμένους.
καὶ μὴν οἵ γε νόμοι καὶ ἀχαριστίας δικάζεσθαι
<note type="footnote">1 παρορᾷ omitted in ΓΖ.</note>

<pb n="506"/>
διδόασιν κατὰ τῶν τοὺς εὐεργέτας μὴ ἀντευποιούντων.
ὁ δὲ πρὸς τῷ μὴ ἀμείβεσθαι καὶ ἐπʼ
αὐτοῖς οἷς πέπονθε<note type="footnote" n="1"></note> κολάζειν ἀξιῶν, σκέψασθε
εἴ τινα ὑπερβολὴν ἀδικίας ἀπολέλοιπεν.
Ὡς μὲν οὖν οὔτε ἀποκηρύττειν ἔτι τούτῳ
ἔξεστιν ἅπαξ ἤδη τὴν πατρικὴν ἐξουσίαν ἀποπληρώσαντι
καὶ χρησαμένῳ τοῖς νόμοις, οὔτε ἄλλως
δίκαιον εὐεργέτην ἐς τὰ τηλικαῦτα γεγενημένον
ἀπωθεῖσθαι καὶ τῆς οἰκίας παραιτεῖσθαι, ἱκανῶς,
οἶμαι, δέδεικται.</p>
</div>

<div type="textpart" subtype="section" n="20">
<p>20 ἤδη δὲ καὶ ἐπʼ αὐτὴν τὴν
αἰτίαν ἔλθωμεν τῆς ἀποκηρύξεως καὶ τὸ ἔγκλημα
ἐξετάσωμεν ὁποῖόν ἐστιν. ἀνάγκη δὲ αὖθις
ἐπὶ τὴν γνώμην ἀναδραμεῖν τοῦ νομοθέτου· ἵνα
γάρ σοι τοῦτο πρὸς ὀλίγον δῶμεν, τὸ ἐξεῖναι
ὁσάκις ἂν θέλῃς ἀποκηρύττειν, καὶ κατά γε τοῦ
εὐεργέτου προσέτι τὴν ἐξουσίαν ταύτην συγχωρήσωμεν,
οὐχ ἁπλῶς, οἶμαι, οὐδὲ ἐπὶ πάσαις αἰτίαις
ἀποκηρύξεις. οὐδὲ τοῦθʼ ὁ νομοθέτης φησίν,
ὅ τι ἂν τύχῃ ὁ πατὴρ αἰτιασάμενος, ἀποκηρυττέτω,
καὶ ἀπόχρη θελῆσαι μόνον καὶ μέμψασθαι.
τί γὰρ ἂν ἔδει δικαστηρίου; ἀλλʼ ἐν ὑμῖν<note type="footnote" n="2"></note> ποιεῖ
τοῦτο, ὦ ἄνδρες δικασταί, σκοπεῖν εἴτε ἐπὶ μεγάλοις
καὶ δικαίοις ὁ πατὴρ ὀργίζεται εἴτε καὶ μή.
αὐκοῦν τοῦτο ἤδη ἐξετάσατε. ἄρξομαι δὲ ἀπὸ
τῶν μετὰ τὴν μανίαν εὐθύς.</p>
<note type="footnote">1 οἷς εὖ πέπονθε (MF) edd.</note>
<note type="footnote">2 ἐν ὑμῖν Harmon (ἐφʼ ὑμῖν Madvig): ὑμῖν MSS. N).</note>
<note type="footnote">1 The existence of a law making ingratitude (ἀχαριστία)
actionable was part of the accepted tradition of the Greek
rhetorical schools (Sopater in Walz, Rhetores Graeci, VIII,
176 and 239; Cyrus, ibid., 391; cf. Seneca, de Benef., III, 6, 1).
For its existence outside the schools the evidence is conflict-</note>
</div>

<div type="textpart" subtype="section" n="21">
<pb n="508"/>
<p>21  Τὰ μὲν δὴ πρῶτα τῆς σωφροσύνης τοῦ πατρὸς
λύσις ἦν τῆς ἀποκηρύξεως, καὶ σωτὴρ καὶ εὐεργέτης
καὶ πάντα ἦν ἐγώ. καὶ οὐδέν, οἶμαι, τούτοις
ἔγκλημα προσεῖναι ἐδύνατο. τὰ μετὰ ταῦτα δέ, τί
τῶν πάντων αἰτιᾷ; τίνα θεραπείαν, τίνα ἐπιμέλειαν
υἱοῦ παρῆκα; πότε ἀπόκοιτος ἐγενόμην ; τίνας
πότους ἀκαίρους, τίνας κώμους ἐγκαλεῖς; τίς
ἀσωτία ; τίς πορνοβοσκὸς ὕβρισται ; τίς ᾐτιάσατο
; οὐδὲ εἷς. καὶ μὴν ταῦτʼ ἐστὶν ἐφ᾿  οἷς
μάλιστα ὁ νόμος ἀποκηρύττειν ἐφίησιν.
“ Ἀλλὰ νοσεῖν ἤρξατο ἡ μητρυιά᾿᾿ τί οὖν ;
ἐμοὶ τοῦτʼ ἐγκαλεῖς καὶ νόσου δίκην ἀπαιτεῖς;</p>
</div>

<div type="textpart" subtype="section" n="22">
<p>22 “ οὔ,᾿᾿ φησίν. ἀλλὰ τί ; “ θεραπεύειν προσταττόμενος
οὐ θέλεις, καὶ διὰ τοῦτʼ ἄξιος ἄν εἴης
ἀποκηρύξεως ἀπειθῶν τῷ πατρί.᾿᾿ ἐγὼ δὲ τὸ
μὲν οἷα προστάττοντι αὐτῷ ὑπακούειν οὐ δυνάμενος
ἀπειθεῖν δοκῷ πρὸς ὀλίγον ὑπερθήσομαι·
πρότερον δὲ ἀπλῶς ἐκεῖνό φημι, ὡς οὐ πάντα
προστάττειν οὔτε τούτῳ δίδωσιν ὁ νόμος οὔτʼ
ἐμοὶ τὸ πείθεσθαι πᾶσιν πάντως ἀναγκαῖον. ἐν
δʼ οὖν τοῖς τῶν προσταγμάτων τὰ μὲν ἀνεύθυνά
ἐστιν, τὰ δὲ ὀργῆς καὶ τιμωρίας ἄξια. ἐὰν νοσῆς
αὐτός, ἐγὼ δὲ ἀμελῶ· ἐὰν τῶν κατʼ οἶκον ἐπιμελεῖσθαι
κελεύῃς, ἐγὼ δὲ ὀλιγωρῶ· ἐὰν τὰ κατʼ
ἀγρὸν ἐπισκοπεῖν προστάττῃς, ἐγὼ δὲ ὀκνῶπαντα
ταῦτα καὶ τὰ τοιαῦτα εὐλόγους ἔχει τὰς
προφάσεις καὶ τὰς μέμψεις πατρικάς. τὰ δὲ
ἄλλα ἐφʼ ἡμῖν ἐστιν τοῖς παισίν, ὄντα τῶν τεχνῶν
καὶ τῆς τούτων χρήσεως, καὶ μάλιστα εἰ μηδὲν ὁ
πατὴρ αὐτὸς ἀδικοῖτο. ἐπεί τοι ἂν τῷ γραφεῖ<note type="footnote" n="1"></note>
<note type="footnote">1 τῷ γραφεῖ (MC)A, ed. Flor.: τῳ γράφειν ΓUΖΝB.</note>

<pb n="510"/>
πατὴρ προστάττῃ, “ ταῦτα μέν, τέκνον, γράφε,
ταυτὶ δὲ μή,᾿᾿ καὶ τῷ μουσικῷ, “τήνδε μὲν τὴν
ἁρμονίαν κροῦε, ταύτην δὲ μή,᾿᾿ καὶ τῷ χαλκεύοντι,
“ τοιαῦτα μὲν χάλκευε, τοιαῦτα δὲ μή,᾿᾿
ἆρʼ ἄν τις ἀνάσχοιτο ἀποκηρύττοντα, ὅτι μὴ κατὰ
τὰ ἐκείνῳ δοκοῦντα ὁ παῖς χρῆται τῇ τέχνῃ;
οὐδὲ εἷς, οἶμαι.</p>
</div>

<div type="textpart" subtype="section" n="23">
<p>23 Γὸ δὲ τῆς ἰατρικῆς ὅσῳ σεμνότερόν ἐστιν καὶ
τῷ βίῳ χρησιμώτερον, τοσούτῳ καὶ ἐλευθεριώτερον
εἶναι προσήκει τοῖς χρωμένοις, καί τινα
προνομίαν ἔχειν τὴν τέχνην δίκαιον τῇ ἐξουσίᾳ
τῆς χρήσεως, ἀναγκάζεσθαι δὲ μηδὲν μηδὲ προστάττεσθαι
πρᾶγμα ἱερὸν καὶ θεῶν παίδευμα καὶ
ἀνθρώπων σοφῶν ἐπιτήδευμα, μηδʼ ὑπὸ δουλείαν
γενέσθαι νόμου μηδʼ ὑπὸ ψῆφον <note type="footnote" n="1"></note> καὶ τιμωρίαν
δικαστηρίου, μηδὲ ὑπὸ φόβον<note type="footnote" n="2"></note> καὶ πατρὸς ἀπειλὴν
καὶ ὀργὴν ἰδιωτικήν. ὥστε καὶ εἰ τοῦτό σοι
σαφῶς οὑτωσὶ καὶ διαρρήδην ἔλεγον, “ Οὐ βούλομαι
οὐδὲ θεραπεύω δυνάμενος, ἀλλʼ ἐμαυτῷ
μόνῳ τὴν τέχνην οἶδα καὶ πατρί, τοῖς δὲ ἄλλοις
ἅπασιν ἰδιώτης εἶναι βούλομαι,᾿᾿ τίς τύραννος
οὕτω βίαιος ὡς ἀναγκάσαι ἄν καὶ ἄκοντα χρῆσθαι
τῇ τέχνῃ ; τὰ γὰρ τοιαῦτα ἱκετείαις καὶ δεήσεσιν,
οὐ νόμοις καὶ ὀργαῖς καὶ δικαστηρίοις ὑπάγειν,
οἶμαι, προσήκει· πείθεσθαι τὸν ἰατρὸν χρή,
οὐ κελεύεσθαι· βούλεσθαι, οὐ φοβεῖσθαι· ἐπὶ τὴν
θεραπείαν οὐκ ἄγεσθαι, ἑκόντα δὲ ἐρχόμενον
ἥδεσθαι<note type="footnote" n="3"></note> πατρικῆς δὲ ἀνάγκης ἄμοιρος ἡ τέχνη,<note type="footnote" n="4"></note>
<note type="footnote">1 ψῆφον Κ. G. P. Schwarz: φόβον MSS.</note>
<note type="footnote">2 φόβον K. G. P. Schwarz: ψῆφον ΜSS.</note>
<note type="footnote">3 εὐχόμενον ἰδέσθαι 11.</note>

<pb n="512"/>
ὅπου γε τοῖς ἰατροῖς καὶ δημοσίᾳ αἰ πόλεις τιμὰς
καὶ προεδρίας καὶ ἀτελείας καὶ προνομίας διδόασιν.</p>
</div>

<div type="textpart" subtype="section" n="24">
<p>24 Ταῦτα μὲν οὖν ἀπλῶς ἂν εἶχον εἰπεῖν ὑπέρ τῆς
τέχνης, εἰ καὶ σοῦ διδαξαμένου με καὶ πολλὰ
ἐπιμεληθέντος καὶ ἀναλώσαντος ὡς μάθοιμι πρὸς
μίαν ὅμως θεραπείαν ταύτην, δυνατὴν οὖσαν,
ἀντέλεγον. νυνὶ δὲ κἀκεῖνο ἐννόησον, ὡς παντάπασιν
ἄγνωμον ποιεῖς οὐκ ἐῶν με χρῆσθαι μετʼ
ἐλευθερίας ἐμῷ κτήματι. ταύτην ἐγὼ τὴν τέχνην
οὐχ υἱὸς ὢν σὸς ἐξέμαθον οὐδὲ τῷ σῷ νόμῳ
ὑποκείμενος, καὶ ὅμως αὐτὴν μεμάθηκά σοι—καὶ
πρῶτος αὐτῆς ἀπολέλαυκας —οὐδὲν παρὰ σοῦ πρὸς
τὸ μαθεῖν ἔχων. τίνα διδάσκαλον ἐμισθώσω;
τίνα φαρμάκων παρασκευήν ; οὐδʼ ἡντιναοῦν·
ἀλλὰ πενόμενος ἐγὼ καὶ τῶν ἀναγκαίων ἀπορούμενος
καὶ ὑπὸ τῶν διδασκάλων ἐλεούμενος ἐπαιδευόμην,
καί μοι τοιαῦτα παρὰ τοῦ πατρὸς
ᾖν  πρὸς τὸ μαθεῖν ἐφόδια, λύπη καὶ ἐρημία καὶ
ἀπορία καὶ μῖσος οἰκείων καὶ ἀποστροφὴ συγγενῶν.
ἀντὶ τούτων τοίνυν χρῆσθαί μου τῇ τέχνῃ ἀξιοῖς
καὶ δεσπότης εἶναι θέλεις τῶν ὅτ᾿  οὐκ ἦσθα
δεσπότης πεπορισμένων; ἀγάπα εἴ τί σε καὶ
πρότερον ἑκὼν οὐ προοφείλων εὐ ἐποίησα, μηδεμίαν
μηδὲ τότε<note type="footnote" n="1"></note> χάριν ἀπαιτεῖσθαι δυνάμενος.</p>
</div>

<div type="textpart" subtype="section" n="25">
<p>25 Οὐ δὴ δεῖ τὴν εὐποιίαν τὴν ἐμὴν ἀνάγκην ἐς τὸ
λοιπόν μοι γενέσθαι, οὐδὲ τὸ ἑκόντα εὐεργετῆσαι
ἀφορμὴν τοῦ ἄκοντα κελεύεσθαι καταστῆναι, οὐδὲ
ἔθος ὑπάρξαι τοῦτο, τὸ ἅπαξ τινὰ ἰασάμενον πάντας
ἐς ἀεὶ θεραπεύειν ὁπόσους ἄν ὁ θεραπευθεὶς θέλῃ·
ἐπεὶ δεσπότας ἂν οὕτως καθʼ ἡμῶν εἶημεν τοὺς
<note type="footnote">1 τότε Ν : τὸ ΓΖUBC (του F).</note>

<pb n="514"/>
θεραπευομένους κεχειροτοντηκότες καὶ μισθὸν τὸ
δουλεύειν αὐτοῖς καὶ τὸ πάντα κελεύουσιν ὑπηρετεῖν
προσδεδωκότες <note type="footnote" n="1"></note> οὗ τί γένοιτʼ ἄν ἀδικώτερον;
διότι σε νοσήσαντα χαλεπῶς οὕτως ἀνέστησα,
διὰ τοῦτο νομίζεις ἐξεῖναί σοι καταχρῆσθαί μου
τῇ τέχνῃ;</p>
</div>

<div type="textpart" subtype="section" n="26">
<p>26 Ταῦτα μὲν οὖν εἶχον ἄν λέγειν, εἰ καὶ δυνατὰ
μὲν οὗτος προσέταττεν, ἐγὼ δὲ μὴ πάντως ἄπασι
μηδὲ πρὸς ἀνάγκην ὑπήκουον. νῦν δὲ ἤδη σκέφασθε
καὶ οἷά ἐστιν αὐτοῦ τὰ ἐπιτάγματα· “Ἐπεὶ
γὰρ ἐμὲ ἰάσω,” φησίν, “μεμηνότα, μέμηνεν δὲ
καὶ ἡ γυνὴ καὶ ὅμοια πάσχει τοῦτο γὰρ οἴεται—
“καὶ ὑπὸ τῶν ἄλλων ὁμοίως ἀπέγνωσται, δύνασαι
δὲ σὺ πάντα ὡς ἔδειξας, ἰῶ καὶ ταύτην καὶ ἀπάλλαττε
δη τῆς νόσου.” τοῦτο δέ, οὑτωσὶ μὲν ἀπλῶς
ἀκοῦσαι, πάνυ εὔλογον ἄν δόξειεν, καὶ μάλιστα
ἰδιώτῃ καὶ ἀπείρῳ ἰατρικῆς· εἰ δέ μου ἀκούσαιτε <note type="footnote" n="2"></note>
ὑπὲρ τῆς τέχνης δικαιολογουμένου, μάθοιτʼ ἄν ὡς
οὔτε πάντα ἡμῖν δυνατά ἐστιν οὔθʼ αἰ τῶν νοσημάτων
φύσεις παραπλήσιοι οὔτʼ ἴασις ἡ αὐτὴ οὔτε
φάρμακα τὰ αὐτὰ ἐπὶ πάντων ἰσχυρά, καὶ τότʼ
ἔσται δῆλον ὡς πάμπολυ τοῦ μὴ βούλεσθαί τι τὸ
μὴ δύνασθαι διαφέρει. ἀνάσχεσθε δέ μου τὰ περὶ
τούτων φιλοσοφοῦντος, καὶ μὴ ἀπειρόκαλον μηδὲ
ἐξαγώνιον μηδὲ ἀλλότριον ἢ ἄκαιρον ἡγήσησθε
τὸν περὶ τῶν τοιούτων λόγον.</p>
</div>

<div type="textpart" subtype="section" n="27">
<p>27 Πρῶτα μὲν δὴ σωμάτων φύσεις καὶ κράσεις
οὐχ αἱ αὐταί, κἄν ὅτι μάλιστα ἐκ τῶν ὁμοίων

<pb n="516"/>
συνεστάναι ὁμολογῶνται, ἀλλὰ τὰ μὲν τῶνδε,
σὰ δὲ τῶνδε μᾶλλον <note type="footnote" n="1"></note> ἢ ἔλαττον μετέχει. καὶ λέγω
τοῦτο ἔτι περὶ τῶν ἀνδρείων, ὡς οὐδὲ ταῦτα
πᾶσιν ἴσα ἢ ὅμοια οὔτε τῇ κράσει οὔτε τῇ συστάσει.
διάφορα δὴ <note type="footnote" n="2"></note> καὶ μεγέθει καὶ εἴδει ἀνάγκη καὶ τὰ
νοσήματα ἐγγίγνεσθαι αὐτοῖς, καὶ τὰ μὲν εὐίατα
εἶναι καὶ πρὸς τὴν θεραπείαν ἀναπεπταμένα,
τὰ δὲ τέλεον ἀπεγνωσμένα καὶ ῥᾳδίως ἁλισκόμενα
καὶ κατὰ κράτος ὑπὸ τῶν νοσημάτων λαμβανόμενα.
τό τοίνυν οἴεσθαι πάντα πυρετὸν ἢ πᾶσαν
φθόην ἢ περιπλευμονίαν ἢ μανίαν μίαν καὶ τὴν
αὐτὴν οὖσαν τῷ γένει ὁμοίαν ἐπὶ παντὸς εἶναι
σώματος, οὐ σωφρονούντων οὐδὲ λελογισμένοων
οὐδὲ τὰ τοιαῦτα ἐξητακότων ἐστὶν ἀνθρώπων,
ἀλλὰ τὸ αὐτὸ ἐν μὲν τῷδε ῥᾴδιον ἰᾶσθαι, ἐν δὲ
τῷδε οὐκέτι. ὥσπερ οἶμαι καὶ πυρὸν ἢν τὸν
αὐτὸν ἐς διαφόρους χώρας ἐμβάλῃς, ἄλλως μὲν
ἐν τῇ πεδινῇ καὶ βαθείᾳ καὶ ποτιζομένῃ καὶ
εὐηλίῳ καὶ εὐηνέμῳ καὶ ἐξειργασμένῃ ἀναφύσεται,
εὐθαλὴς οἶμαι καὶ εὔτροφος καὶ πολύχους καρπός,
ἄλλως δὲ ἐν ὄρει καὶ ὑπολίθῳ γηδίῳ, ἄλλως δὲ
ἐν δυσηλίῳ, ἄλλως δὲ ἐν ὑπωρείᾳ, καὶ ὅλως διαφόρως
καθʼ ἑκάστους τόπους. οὕτω δὲ καὶ τὰ
νοσήματα παρὰ τοὺς ὑποδεξαμένους τόπους ἢ
εὔφορα καὶ <note type="footnote" n="3"></note> εὔτροφα ἢ ἐλάττω γίγνεται. τοῦτο
τοίνυν ὑπερβὰς ὁ πατὴρ καὶ ὅλον ἀνεξέταστον
καταλιπὼν ἀξιοῖ πᾶσαν μανίαν τὴν ἐν ἀπόντι
σώματι ὁμοίαν εἶναι καὶ τὴν θεραπείαν ἴσην.</p>
</div>

<div type="textpart" subtype="section" n="28">
<p>28 Πρὸς δὲ τούτοις τοσούτοις οὖσιν, ὅτι τὰ γυναικεῖα
σώματα πάμπολυ τῶν ἀνδρείων διαφέρει πρός
<note type="footnote">1 μᾶλλον N vulg.: omitted in ΓZUB(C)A.</note>
<note type="footnote">2 διάφορα δὴ ΓΖ: δνάφορα γὰρ δὴ NUB.</note>

<pb n="518"/>
τε νόσου διαφορὰν καὶ πρὸς θεραπείας ἐλπίδα ἢ
ἀπόγνωσιν ῥᾴδιον καταμαθεῖν· τὰ μὲν γὰρ τῶν
ἀνδρῶν εὐπαγῆ καὶ εὔτονα, πόνοις καὶ κινήσεσιν
καὶ ὑπαιθρίῳ διαίτῃ γεγυμνασμένα, τὰ δὲ ἔκλυτα καὶ
ἀσυμπαγῆ, ἐνσκιᾳτροφημένα <note type="footnote" n="1"></note> καὶ λευκὰ αἵματος
ἐνδείᾳ καὶ θερμοῦ ἀπορίᾳ καὶ ὑγροῦ περιττοῦ <note type="footnote" n="2"></note>
ἐπιρροίᾳ. εὐαλωτότερα τοίνυν τῶν ἀνδρείων καὶ
ταῖς νόσοις ἐκκείμενα καὶ τὴν ἴασιν οὐ περιμένοντα
καὶ μάλιστα πρὸς μανίας εὐχερέστερα· ἅτε
γὰρ πολὺ μὲν τὸ ὀργίλον καὶ κοῦφον καὶ ὀξυκίνητον
ἔχουσαι, ὀλίγην δὲ τὴν τοῦ σώματος αὐτοῦ
δύναμιν, ῥᾳδίως ἐς τὸ πάθος τοῦτο
κατολισθάνουσιν.</p>
</div>

<div type="textpart" subtype="section" n="29">
<p>29 Οὐ δίκαιον τοίνυν παρὰ τῶν ἰατρῶν τὴν ὁμοίαν
ἐπʼ ἀμφοῖν θεραπείαν ἀπαιτεῖν, εἰδότας ὡς πολὺ
τοὐν μέσῳ, βίῳ παντὶ καὶ πράξεσιν ὅλαις καὶ
πᾶσιν ἐπιτηδεύμασιν ἐξ ἀρχῆς εὐθὺς κεχωρισμένον.
ὅταν τοίνυν λέγης ὅτι μέμηνε, προστίθει καὶ
ὅτι γυνὴ οὖσα μέμηνε, καὶ μὴ σύγχει πάντα ταῦτα
τῷ τῆς μανίας ὑπάγων ὀνόματι ἑνὶ καὶ τῷ αὐτῷ
δοκοῦντι, ἀλλὰ χωρίσας, ὥσπερ ἐστὶ δίκαιον,.
τῇ φύσει, τὸ δυνατὸν ἐφʼ ἑκάστου σκόπει. καὶ
γὰρ ἡμεῖς, ὅπερ ἐν ἀρχῇ τῶν λόγων εἰπὼν μέμνημαι,
τοῦτο πρῶτον ἐπισκοποῦμεν, φύσιν σώματος
τοῦ νοσοῦντος καὶ κρᾶσιν, καὶ τίνος πλείονος
μετέχει, καὶ εἰ θερμότερον ἢ ψυχρότερον, καὶ <note type="footnote" n="4"></note>
<note type="footnote">1 ἐνσκιαιτροφημένα U: ἐν σκιᾷ τροφημένα Γ; cf. Plut, Mor.
476 e. ἐν σκιᾷ τραφημένα B, ἐν σκκιᾷ τετραφημένα N, ἐσκιατραφημένα
Ζ1: ἐσκιατροφημένα CMF vulg.</note>

  <pb n="520"/>
  ἀκμάζον ἢ παρηβηκός, καὶ μέγα ἢ μικρόν, καὶ
  πιμελὲς ἢ ὀλιγόσαρκον, καὶ πάντα τὰ τοιαῦτα. καὶ
  ὅλως ἄν τις αὐτὰ προεξετάσῃ, πάνυ ἀξιόπιστος ἂν
  εἴη ἀπογιγνώσκων τι ἢν ὑπισχνούμενος.</p>
</div>
  
  <div type="textpart" subtype="section" n="30">
  <p>30 Ἐπεὶ καὶ τῆς μανίας αὐτῆς μυρία εἴδη ἐστὶν καὶ
  παμπόλλας ἔχει τὰς αἰτίας καὶ οὐδὲ τὰς προσηγορίας
  αὐτὰς ὁμοίας· οὐ γὰρ ταὐτὸν παρανοεῖν καὶ
  παραπαίειν καὶ λυττᾶν καὶ μεμηνέναι, ἀλλὰ ταῦτα
  πάντα τοῦ μᾶλλον ἢ ἧττον ἔχεσθαι τῇ νόσῳ ὀνόματά
  ἐστιν. αἰτίαι τε τοῖς μὲν ἀνδράσιν ἄλλαι, ταῖς δὲ
  γυναιξὶν ἕτεραι, καὶ τῶν ἀνδρῶν αὐτῶν τοῖς μὲν νέοις
  ἄλλαι, τοῖς δὲ γεγηρακόσιν διάφοροι, οἷον νέοις
  μὲν πλῆθος<note type="footnote" n="1"></note> ὡς τὸ πολύ, γέροντας δὲ καὶ διαβολὴ
  ἄκαιρος καὶ ὀργὴ ἄλογος πολλάκις κατ᾿ οἰκείων
  ἐμπεσοῦσα τὸ μὲν πρῶτον διετάραξεν, εἶτα κατ᾿
  ὀλίγον ἐς μανίαν περιέτρεψεν. γυναικῶν δὲ πολλὰ
  καθικνεῖται καὶ ῥᾳδίως ἐς τὴν νόσον ἐπάγεται,
  μάλιστα δὲ μῖσος κατά τινος πολὺ ἢ φθόνος ἐπ᾿
  ἐχθρῷ εὐτυχοῦντι ἢ λύπη τις ἢ ὀργή· κατ᾿ ὀλίγον
  ταῦτα ὑποτυφόμενα καὶ μακρῷ χρόνῳ ἐντρεφόμενα
  μανίαν ἀποτελεῖ.</p>
  </div>
    
  <div type="textpart" subtype="section" n="31">
  <p>31 Τοιαῦτά σοι, ὦ πάτερ, καὶ ἡ γυνὴ πέπονθεν καὶ
  ἴσως τι λελύπηκεν αὐτὴν ἔναγχος· οὐδὲν<note type="footnote" n="2"></note> γὰρ
  ἐκείνη ἐμίσει. πλὴν ἔχεταί γε καὶ οὐκ ἂν ἐκ τῶν
  παρόντων ὑπ᾿ ἰατροῦ θεραπευθῆναι δύναιτο· ὡς
  εἴ γε ἄλλος τις ὑπόσχοιτο, εἴ τις ἀπαλλάξειε,
  μίσει τότε ὡς ἀδικοῦντα ἐμέ. καὶ μὴν κἀκεῖνο,
    <note type="footnote">1 This word, which has perhaps elicited more conjectures
  than any other in Lucian, is right. Its use as a synonym
  of πληθώρα, though not recognised in the dictionaries, is
  abundantly documented in Galen; e.g., De San. Tuenda,
  IV, 2, 13: τοῦ τοιούτου πλήθους ὃ δὴ καὶ πληθώραν ὀνομάζουσι.</note>
  
<pb n="522"/>
ὦ πάτερ, οὐκ ἄν ὀκνήσαιμι εἰπεῖν, ὅτι εἰ καὶ μὴ
τελέως οὕτως ἀπέγνωστο, ἀλλά τις ἔτι σωτηρίας
ἐλπὶς ὑπεφαίνετο, οὐκ ἄν οὐδὲ οὕτω ῥᾳδίως
προσηψάμην οὐδʼ αὖ προχείρως φάρμακον ἐγχέαι
ἐτόλμησα, δεδιὼς τὴν τύχην καὶ τὴν παρὰ τῶν
πολλῶν δυσφημίαν. ὁρᾷς ὡς οἴονται πάντες
εἶναί τι μῖσος πρὸς τοὺς προγόνους πάσαις μητρυιαῖς
κἂν ὦσι χρησταί, καί τινα κοινὴν μανίαν
ταύτην<note type="footnote" n="1"></note> γυναικείαν αὐτὰς μεμηνέναι. τάχʼ ἄν
οὖν<note type="footnote" n="2"></note> τις ὑπώπτευσεν, ἄλλως χωρήσαντος τοῦ
κακοῦ καὶ τῶν φαρμάκων οὐ δυντηθέντων, κακοήθη
καὶ δολερὰν τὴν θεραπείαν γεγονέναι.</p>
</div>

<div type="textpart" subtype="section" n="32">
<p>32 Καὶ τὰ μὲν τῆς γυναικός, πάτερ, οὕτως ἔχει,
καὶ πάνυ σοι τετηρηκὼς λέγω—οὔ ποτε ῥᾷον ἕξει,
κἄν μυριάκις πίῃ τοῦ φαρμάκου. διὰ τοῦτ’
ἐπιχειρεῖν οὐκ ἄξιον, εἰ μὴ πρὸς μόνον τὸ ἀποτυχεῖν
με κατεπείγεις καὶ κακοδοξίᾳ περιβαλεῖν θέλεις.
ἔασον ὑπὸ τῶν ὁμοτέχνων φθονεῖσθαι. ἐὰν δέ
με ἀποκηρύξῃς πάλιν, ἐγὼ μὲν καίτοι πάντων
ἔρημος γενόμενος οὐδὲν κατὰ σοῦ δεινὸν εὔξομαι·
τί δ’ ἄν, ὅπερ μὴ γένοιτο, αὖθις ἡ νόσος ἐπανέλθῃ;
φιλεῖ γάρ πως τὰ τοιαῦτα ἐρεθιζόμενα παλινδρομεπιν.
τι με πρᾶξαι δεήσει; θεραπεύσω μέν
εὖ ἴσθι καὶ τότε καὶ οὔ ποτε λείψω τὴν τάξιν
ἣν τοὺς παῖδας ἕταξεν ἡ φύσις, οὐδὲ τοῦ γένους τὸ
ἐπ’ ἐμαυτῷ ἐπιλήσομαι. εἶτʼ ἄν σωφρονήσῃς,
αὖθις ἀναλαμβάνειν πώποτε πιστεῦσαί με δεῖ;
ὁρᾷς; ἤδη καὶ ταῦτα ποιῶν ἐπισπᾷ τὴν· νόσον καὶ</p>
<note type="footnote">1 ταύτην Z(MFC) edd.: ταύτῃ ΓUNB.</note>
<note type="footnote">2 τάχ᾿ ἂν οὖν Jacobitz: κάκα οὖν ΓUNBAZ2, τάχα ἂν Z1M.</note>
</div>
</div>
</body>
</text>
</TEI>