<ti:work xmlns:ti="http://chs.harvard.edu/xmlns/cts" groupUrn="urn:cts:greekLit:tlg0565" xml:lang="grc" urn="urn:cts:greekLit:tlg0565.tlg002">
  <ti:title xml:lang="lat">De signis Fracturarum</ti:title>
  <ti:edition urn="urn:cts:greekLit:tlg0565.tlg002.1st1K-grc1" workUrn="urn:cts:greekLit:tlg0565.tlg002">
    <ti:label xml:lang="lat">De signis Fracturarum</ti:label>
    <ti:description xml:lang="lat">Soranus, De signis Fracturarum, Ilberg, Teubner, 1927</ti:description>
  </ti:edition>
</ti:work>
