﻿<?xml version="1.0" encoding="UTF-8"?>
<?xml-model href="http://www.stoa.org/epidoc/schema/latest/tei-epidoc.rng" schematypens="http://relaxng.org/ns/structure/1.0"?>
<TEI xmlns="http://www.tei-c.org/ns/1.0">
<teiHeader>
<fileDesc>
<titleStmt>
 <title>De signis Fracturarum</title>
 <author>Soranus</author>
<editor>Johannes Ilberg</editor>
 <funder>Harvard Library Arcadia Fund</funder>
 <principal>Gregory Crane</principal>
 <respStmt>
  <persName xml:id="DDD">Digital Divide Data</persName>
  <resp>Corrected and encoded the text</resp>
 </respStmt>
 <respStmt>
  <persName>Gregory Crane</persName>
  <resp>Editor-in-Chief, Perseus Digital Library</resp>
 </respStmt>
 <respStmt>
  <persName>Matt Munson</persName>
  <resp>Project Manager (University of Leipzig), 2016 - present</resp>
 </respStmt>
 <respStmt>
  <persName>Annette Gessner</persName>
  <resp>Project Assistant (University of Leipzig) 2015 - present</resp>
 </respStmt>
 <respStmt>
  <persName>Thibault Clérice</persName>
  <resp>Lead Developer (University of Leipzig)</resp>
 </respStmt>
 <respStmt>
  <persName>Bruce Robertson</persName>
  <resp>Technical Advisor</resp>
 </respStmt>
</titleStmt>
<publicationStmt>
<authority>Harvard College Library</authority>
<idno type="filename">tlg0565.tlg002.1st1K-grc1.xml</idno>
<availability>
 <p>Available under a Creative Commons Attribution-ShareAlike 4.0 International
 License</p>
</availability>
<date>2016</date>
<publisher>Harvard College Library</publisher>
<pubPlace>United States</pubPlace>
</publicationStmt>
<sourceDesc>
<listBibl>
 <biblStruct>
 <monogr>
  <title>Sorani Gynaeciorum Libri IV De signis Fracturarum De Fasciis Vita Hippocratis Secundum Soranum</title>
  <editor>
	<persName>
	 <name>Johannes Ilberg</name>
	</persName>
  </editor>
  <author ref="urn:cts:greekLit:tlg0565">Soranus</author>
  <imprint>
	<publisher>Teubner</publisher>
	<pubPlace>Leipzig</pubPlace>
	<date>1927</date>
  </imprint>
  <biblScope unit="volume">4</biblScope>
 </monogr>
  <ref target="http://cmg.bbaw.de/epubl/online/cmg_04.html">Corpus Medicorum Graecorum/Latinorum</ref>
 </biblStruct>
</listBibl>
</sourceDesc>
</fileDesc>
<encodingDesc>
 <p>Text encoded in accordance with the latest EpiDoc standards (January 2014)</p>
 <refsDecl n="CTS">
  <cRefPattern matchPattern="(.+)" n="paragraph" replacementPattern="#xpath(/tei:TEI/tei:text/tei:body/tei:div/tei:p[@n='$1'])"/>
 </refsDecl>
</encodingDesc>
<profileDesc>
<langUsage>
<language ident="grc">Greek</language>
</langUsage>
</profileDesc>
<revisionDesc>
<change/>
</revisionDesc>
</teiHeader>
<text>
	<body>
	 <div type="edition" xml:lang="grc" n="urn:cts:greekLit:tlg0565.tlg002.1st1K-grc1">
<pb n="155"/>
<head>ϹΩΡΑΝΟΥ ΠΕΡΙ ϹΗΜΕΙΩΝ ΚΑΤΑΓΜΑΤΩΝ</head><note type="marginal">44 Cocch.</note>
<p n="1">1. [Ἐπὶ κρανίου] Κάταγμά ἐϲτι διαίρεϲιϲ ὀϲτοῦ· κατ’ εἶδοϲ
δὲ ἐπὶ κρανίου τὸ μὲν ὠνόμαϲται ῥωγμή, τὸ δὲ ἐγκοπή, τὸ δὲ
καμάρωϲιϲ, τὸ δὲ ἐγγείϲωμα, τὸ δὲ ἐμπίεϲμα, τὸ δὲ ἀποϲκεπαρνιϲμόϲ,
<lb n="5"/> ὡϲ δὲ ἔνιοι λέγουϲιν, καὶ ἀπήχημα καὶ ἕλιγμα.</p>
<p n="2">2, Ῥωγμὴ μὲν οὖν ἐϲτιν ἁπλῆ ῥῆξιϲ ὀϲτέου παραπληϲία ταῖϲ <lb n="1"/>
ὁρωμέναιϲ ἐπὶ τῶν ὑελῶν ϲκευαρίων, ἡ μὲν ἄγαν ϲτενὴ καὶ τριχο-
ειδήϲ, ἡ δὲ ποϲῶϲ πλατυτέρα, διαφέρουϲα κατὰ μῆκοϲ (ἐπεὶ ποτὲ μὲν
κατὰ τῶν πλείϲτων ἐπιδιήκει μερῶν τοῦ κρανίου, ποτὲ δὲ ἐνδοτέρω
<lb n="10"/> ῥαφῆϲ ὁρίζεται) καὶ κατὰ βάθοϲ (ἣ γὰρ ἐξ ἐπιπολῆϲ μόνηϲ ῥήγνυϲθαι
〈ϲυμβαίνει〉 τὴν ἐπιφάνειαν ἢ μέχρι διπλόηϲ ἢ μέχρι μηνίγγων).
καταλαμβάνεται δὲ προανεϲταλμένων τῶν ὑποκειμένων τῇ ὄψει, ϲτενοῦ <lb n="2"/>
δὲ ὄντοϲ τοῦ τραύματοϲ μηλώϲει, λεπτῆϲ γὰρ μηλωτίδοϲ ἐντεθείϲηϲ
τραχύτηϲ ὑποπεϲεῖται. διακρίνεται δὲ τῆϲ ῥαφῆϲ τῷ εὐθυτενεϲτέραν
<lb n="15"/> μὲν εἶναι τὴν ῥωγμὴν νύττειν τε καὶ τραχύνειν ἐνιάκιϲ τὰ ἐπικείμενα,
ϲκολιωτέραν δὲ τὴν ῥαφὴν καὶ μηδέποτε τραχύνουϲαν. τὴν δὲ ἄχρι <lb n="3"/>
μηνίγγων καταληπτέον ἐκ τῶν παρεπομένων μήνιγγι νυϲϲομένῃ καὶ
φλεγμαινούϲῃ καὶ διαπυῖϲκούϲῃ, τὴν γὰρ μηδὲν τούτων ἐπιφέρουϲαν
οὐδὲ καταλαμβάνειν εὔχρηϲτον, τότε γὰρ δεῖται τῆϲ ἀναϲκευῆϲ, ὅταν
<lb n="20"/> ἐπιφέρῃ τι τῶν εἰρημένων.</p>
<p n="3">3. Ἐγκοπὴ δέ ἐϲτι ῥῆξιϲ ὀϲτέου πλαγία γινομένη διὰ πρόϲπτω-
ϲιν ἐπάκμου ϲώματοϲ. καὶ ταύτηϲ δὲ παρὰ τὸ βάθοϲ ἡ διαφορὰ παρα-
πληϲία τῇ ῥωγμῇ. | καταληπτὴ δὲ τῆ ὁράϲει μέχρι τοῦ ποτε καὶ τὸν <lb n="47"/>
τῆϲ μήνιγγοϲ ὁρᾶϲθαι παλμόν.</p>
<lb n="25"/><p n="4">4. Καμάρωϲιϲ δέ ἐϲτιν δυεῖν ὀϲτέων ἀνάκλαϲιϲ πρὸϲ ἄλληλα
τὴν ϲυνέρειϲιν ποιηϲαμένων, ὅταν ἔπακμόν τι ϲφηνωθὲν μετὰ βίαϲ
ἀναϲπαϲθῇ. καταλαμβάνει δὲ τοῦτο ὄψιϲ. πρὸϲ δὲ τὴν ϲημείωϲιν
ὄγκοϲ ὑποπεϲεῖται μετὰ τραχύτητοϲ. ἔϲθ᾿ ὁπότε δὲ καὶ τῆϲ διπλόηϲ
ϲῳζομένηϲ, καθ’ ὃ ϲυνήρεικεν ἀλλήλοιϲ τὰ χείλη, δι’ ἧϲ κενεμβατεῖ
<lb n="30"/> καθιέμενον τὸ ἄκρον τῆϲ μηλωτίδοϲ.</p>
<note type="footnote">2—p. 156,16 § 1–9] Ps. Galen. Defin. medie. 316–324, XIX 431 sq. K.;
Paul. VI 90; cf Oribus. Coll. XLVI 11–15; 17 (ex. Heliodoro)</note>
<note type="footnote">1 in mg. ϲλς΄ 2 ἐπὶ κρανίου titulo alia manu adiectum seclusi
4 ἐγγιϲωμα, ut solet 6 in mg. ϲλζ’ 10 ὄριζονται: correxi 11 ϲυμβαίνει
addidi 14 τὸ ευθυγενεϲτεραν: corr. Cocchius 17 μηνίγγων (alt.): corr. Cocchius</note>
<note type="footnote">21 in mg. ϲλη΄ προπτωϲιν: corr. Schocne 22 ἐπαγνουϲϲωματοϲ: corr.
Ϲocchius 23 μέχρι οὗ: correxi 25 in mg. ϲλθ΄ δυειν: δυοῖν Cocchius</note>
<note type="footnote">26 ϲυνέρεϲιν: corr. Cocchius επαγμον 29 ϲυνειρηκεν: corr. Cocchius</note>

<pb n="156"/>
<p n="5">5. Ἐ γγείϲω aμα δἐ ὀϲτέου ῥαγέντοϲ ὑπὸ τὸ ἀντικείμενον
ὑποδρομή, θλίψιν ἐπιφέρουϲα μηνίγγων, ποτὲ μὲν κατὰ πᾶν ἀπολελυ-
μένηϲ τῆϲ κατὰ βάϲιν ϲυνεχείαϲ, ποτὲ δὲ κατά τι μενούϲηϲ·</p>
<p n="6">6. Ἐμ πίεϲμα δὲ ῥῆξιϲ ὀϲτέου πολυμερὴϲ μετὰ τοῦ ὑφιζηκέναι
τὸ καταγὲν ὡϲ καὶ θλίψιν ἀποτελεῖν. καταλαμβάνει δὲ ἑκάτερον ὄψιϲ <lb n="5"/>
καὶ μήλωϲιϲ, κοῖλον γὰρ ἑκάτερον μετὰ τῆϲ ἐν κύκλῳ τραχύτητοϲ
ὑποπίπτει καὶ ϲυνεῖκον τὸ καταγὲν ὀϲτοῦν πάντωϲ.</p><lb n="10"/>
<p n="7">7, Ἀποϲκεπαρνιϲμὸϲ δὲ ὁλοτελὴϲ ὸϲτοῦ ἀποκοπὴ παράλοξοϲ
καθάπερ ἐπὶ τῶν ϲκεπάρνοιϲ ἀποπελεκωμένων ξύλων· καὶ ἀποϲύρματα
λέγεται ϲυναφαιρουμένηϲ καὶ τῆϲ ἐπικειμένηϲ ϲαρκόϲ.</p>
<p n="8">8. Ἄπη χημα δέ ἐϲτιν κατ’ ἐνίουϲ ἡ ἐκ τῶν ἀντικειμένων
τοῖϲ πεπληγόϲι μέρεϲιν τοῦ κρανίου γενομένη ῥωγμὴ δίχα ηραύματοϲ
τῶν ἐπικειμένων·</p>
<p n="9">9. ῷλάϲμα δὲ κατ’ ἐνίουϲ τὸ ἐπὶ τῶν παιδίων τοῦ ὀϲτέου
κοίλωμα, παραπληϲίωϲ τοῦ ἐπὶ τῶν δερματίνων ὴ μολυβίνων ληκύθων <lb n="15"/>
ἄνευ ῥήξεωϲ. ὁ μέντοι Δημή τριοϲ τοῦτο ἐμπίεϲμα καλεῖ.</p>
<p n="10">10. Περϊ δὲ τοῖϲ ἄλλοιϲ τόποιϲ κατάγματα γίνεται τὰ μὲν
ϲγιδακηδόν, ὅϲα ἀπ’ εὐθείαϲ ϲχίζεται, τὰ δὲ καυληδὸν ἢ ῥαφανηδὸν
ἢϲικυηδόν, τὰ δὲ εἰϲ ὄνυχα ἢ καλαμηδὸν ὑπολόξωϲ κατὰ πέραϲ εἰϲ
<lb n="48"/> ὅλληλα, ὥϲτε περιφέρειαν ἔπακμον γίνεϲθαι ϲχήματι ὄνυχοϲ <lb n="20"/>
πληϲίαν, τὰ δὲ κατὰ ἀπόθραυϲιν ὡϲ πανταχόθεν ἀπολελυμένην ἔχειν
τὴν ϲυνέχειαν, τὰ δὲ ἀλφιτηδὸν καὶ καρυηδόν, ὅϲα εἰϲ ἄραγμα πολυ-
μερῶϲ εἰϲ λεπτὰ μέρη ῥήγνυται.</p>
<p n="11">11. Περὶ ῥινόϲ. ῥινὸϲ μὲν οὑν καταγείϲηϲ ϲημείωϲιϲ γίνεται ἡ
ϲκολίωϲιϲ, ἐνίοτε 〈δὲ〉 καὶ ἀποθραύεταί τι μέροϲ αὐτῆϲ καὶ διὰ τῶν <lb n="25"/>
δακτύλων μετάγεται. τὴν δὲ ἄνευ πάϲηϲ διαϲτροφῆϲ ῥῆξιν διὰ
μηλωτίδοϲ καταλαμβάνομεν ἢ καὶ δακτύλων, ἐπινυϲϲομένων τῶν ἐπι-
κειμένων.</p>
<lb n="1"/><p n="12">12. Περἱ γἐνυοϲ. γένυϲ δὲ ῥαφανηδὸν μὲν πολλάκιϲ, ϲχιδα-
κηδὸν δὲ ὀλιγάχιϲ κατάγνυται. ποτὲ δὲ καὶ κατὰ θραῦϲιν ἀδιάϲτροφοϲ <lb n="30"/>
μένει ἢ διαϲτρέφεται ϲυννεύουϲα ἢ παραλλάϲϲουϲα ἄνω ὴ κάτω, ἔϲω
ἢ ἔξω περιτρεπομένη. ϲημειωτέον δὲ τὸ ἐπὶ ταύτηϲ κάταγμα τῇ
ὑπεροχῇ καὶ τῇ κοιλότητι καὶ τῆ διαϲτροφῇ τῇ πρόϲ τι τῶν εἰρημένων
μερῶν, ὥϲτε μὴ κεῖϲθαι τοὺϲ ὀδόνταϲ αὐτοῖϲ καταλλήλωϲ, καὶ τῷ πρὸϲ
<lb n="2"/> τὴν διὰ τῶν δακτύλων κίνηϲιν ψόφον γίνεϲθαι κοὶ νυγμόν. ἐν δὲ τῆ <lb n="35"/>
ϲυννεύϲει τὴν ὑπεροχὴν ἐν τῇ εὐρυχωρίᾳ τοῦ ϲτόματοϲ εὺρίϲκομεν.
γινομένηϲ δὲ περιοχῆϲ ἡ κοιλότητοϲ κὰν ταῖϲ ἐξαρθρήϲεϲι διακριτέον
<note type="footnote">16 Δημήτριοϲ] Herophileumm dicit 17 § 10] Paul. VI 89, 2; cf. Ps.
Galea. Introd. 20, XIV 792 24 § 11] Paul. VI 91 29 § 12] Paul. VI 92</note>
<note type="footnote">1 in mg. ϲμ 4 it mg. ϲμα 8 in mg. ϲμβ’ 9 ἀποπελεκομένων v:
correri 11 in mg. ϲμγ′ 14 in mg. ϲμδ παίδων: correxi 17 ἐn
πg. ϲμε 18 ὡϲ: ὅϲα sϲrpsi: ὡϲ ἐπ’ εὐθ. ϲχίζεϲθαι Kin 20 εναγμον: cor-
rexi 22 καgυῖδον 24 in mg. ϲμe 25 δὲ addidi 29 in mg. ϲμζ</note>

<pb n="157"/>
τὸ πρὸϲ τοῖϲ κορωνοῖϲ ῥαφανηδὸν γινόμενον κάταγμα διὰ τοῦ κινεῖ-
ϲθαι κατὰ τὴν διὰ τῶν δακτύλων παραγωγήν, τὸ ἐξάρθρημα δὲ ἀκίνη-
τον εἰναι μέχρι τῆϲ διαϲτάϲεωϲ.</p>
<p n="13">13, Περὶ κλειδόϲ. κλειδὸϲ δὲ καταγείϲηϲ ϲχιδακηδὸν μὲν πλατυ-
<lb n="5"/> τέραν αὐτῆϲ τὴν θέϲιν ὁρῶμεν, πρόϲ τε τὴν ἐπέρειϲιν τῶν δακτύλων
ἐντυποῦται τὸ δέρμα εἰϲ παραμήκη κοιλότητα καὶ προϲεπινύττεται·
ῥαφανηδὸν δέ, πρὸϲ τὴν ἐπέρειϲιν τῶν δακτύλων κινούμενον ὑπὸ <lb n="48a"/>
πίπτει τὸ ὀϲτοῦν καὶ πρὸϲ τὴν παραγωγὴν διὰ τῆϲ ψαύϲεωϲ τρίζει,
ὁ δὲ θώραξ φαίνεται ϲτενότεροϲ περιτροπῆϲ γενομένηϲ, ὁρᾶται δὲ καὶ
<lb n="10"/> διαϲτροφὴ καὶ ὄγκοϲ καὶ κοιλότηϲ· εἰϲ ὄνυχα δέ, τὸ ἄκρον τοῦ κατά-
γματοϲ ϲτεγνότερον ὑποπίπτει καὶ ϲκόλοπι παραπληϲίωϲ νύϲϲει τὸ
ϲύγκριμα· ἀλφιτηδὸν δέ, πολλάκιϲ καὶ ἀνωμαλία τοῖϲ δακτύλοιϲ ὑπο-
πίπτει.</p>
<p n="14">14. Περὶ ὠμοπ λάτηϲ. τῆϲ ὠμοπλάτηϲ τὸ μὲν τραπεζῶδεϲ.
<lb n="15"/> εἰ καὶ ϲπανίωϲ, ῥήγνυται καὶ ἐμπιεζεῖται,</p>
<p n="15">15. Περὶ ῥἀ χεωϲ. — ἡ δὲ ῥάχιϲ θραύεται. καταλαμβάνεται δὲ
τραύματοϲ μὲν γενομένου διὰ τῆϲ ὄψεωϲ, χωρὶϲ δὲ τραύματοϲ ἡ μὲν
ἁπλῆ ῥῆξιϲ διὰ τῆϲ πρὸϲ τούϲ δακτύλουϲ ὑποπιπτούϲηϲ ἀνωμαλίαϲ ϲὺν
τῷ τοπικῷ πόνῳ, τὸ δὲ ἐμπίεϲμα διὰ τῆϲ κοιλότητοϲ καὶ ἀλγήματοϲ
<lb n="20"/> νυγματώδουϲ καὶ νάρκηϲ τοῦ παρακειμένου βραχίονοϲ καὶ εἴξεωϲ καὶ
ψόφου.</p>
<p n="16">16. Περὶ ϲτέρνου. ϲτέρνου δὲ ἡ μεϲότηϲ μὲν διαιρεῖται καὶ
ἐμπιεζεῖται, τὸ δὲ ἄκρον ἀποθραύεται. τὴν μὲν οὖν ῥῆξιν ϲημειωτέον
διὰ τῆϲ πρὸϲ τοὺϲ δακτύλουϲ ἀνωμαλίαϲ καὶ τοῦ ψόφου, ἐμπίεϲμα <lb n="51"/>
<lb n="25"/> 〈δὲ〉 διὰ τῆϲ κοιλότητοϲ καὶ τῆϲ ϲυνείξεωϲ, ἑπομένηϲ δυϲπνοίαϲ καὶ
βηχὸϲ καὶ νύξεωϲ, ποτὲ δὲ καὶ αἵματοϲ ἀναγωγῆϲ.</p>
<p n="17">17. Περὶ πλευρᾶϲ. πλευρᾶϲ δὲ καταγείϲηϲ ἀνωμαλία πρὸϲ
τοὺϲ δακτύλουϲ ὑποπεϲεῖται καὶ ψόφοϲ καὶ διαϲτροφὴ καὶ ὡϲ ἐπὶ τὸ
πλεῖϲτον εἰϲ τὸ ἔνδον ἀπόνευϲιϲ ἄλγημά τε νυγματῶδεϲ μετὰδυϲπνοίαϲ
<lb n="20"/> καὶ βηχόϲ, ἐνιάκιϲ δὲ καὶ ἀναγωγῆϲ αματοϲ.</p>
<p n="18">18. Περὲ ἰϲχίων. τὰ δὲ τῶν ἰϲχίων ὀϲτᾶ κατὰ πέραϲ θραύεται
καὶ κατὰ τὴν μεϲότητα παρὰ μῆκοϲ ῥήγνυται καὶ ἐμπιεζεῖται νυγμα-
τώδειϲ πόνουϲ ἀποτελοῦντα καὶ τοῦ παρακειμένου ϲκέλουϲ νάρκαν.
μετακτέον οὑν τὴν ἐπὶ τῆϲ ὠμοπλάτηϲ ϲημείωϲιν, ὡϲαύτωϲ δὲ κἀπὶ
<lb n="25"/> τῶν τῆϲ ἥβηϲ ὀϲτῶν.</p>
<note type="footnote">4 § 13] Paul VI 93 14 614] Paul VI 94 22 § 16] Paul. VI 95</note>
<note type="footnote">27 § 17] Paul. VI 96; additur cura Soravi. II p. 150, 9 — 15 Herib.</note>
<note type="footnote">31 § 18 Paul VI 97</note>
<note type="footnote">4 in mg. ϲμη ϲχιδακιδον 12 ανωμαλα: corr. CocchiIs 14
mg. ϲμθ’ 15 post ἐμπιεζεῖται lacuna haud pauca hausta esse colt. v. 34
putavit Schoene; adversa12 vidotur Paul. 16 in mg. ϲν᾿ 18 ὑποπίπτει: corr.
Kind ανωμαλια ϲυν: corr. Cocchius 20 νυγματωδηϲ: corr. Ϲocohi??
22 in mg. ϲνα′ 24 τὴν . . . ἀνωμαλίαν: correx 25 δὲ adieci 27 fa4
mg. ϲνβ’ 29 αποπνευϲιϲ: ϲοττ. Cocchius 31 mg. ϲνγ’ 32 νυγματω-
δηϲ 34 χαχη</note>

<pb n="158"/>
<p n="19">19. Περὶ βραχίονοϲ καὶ μηροῦ. βραχίονοϲ δὲ καταγέντοϲ
ἢ μηροῦ διαϲτροφὴ γίνεται πρὸϲ τοὺϲ τέϲϲαραϲ τόπουϲ, πλεοναζόντωϲ
δὲ ἐπὶ μηροῦ γίνεται πρὸϲ τὸν ἔμπροϲθεν 〈καὶ πρὸϲ τὸν ἔξω〉, καὶ
γὰρ εἰϲ τούτουϲ φυϲικῶϲ γεγαύϲωται. παρέπεται δὲ ὄγκοϲ εἰϲ ὃ δια-
ϲτρέφεται, κοιλότηϲ δὲ ἐξ οὐ μετάγεται, κίνηϲιϲ δὲ πρὸϲ τὴν διὰ τῶν <lb n="5"/>
χειρῶν παραγωγὴν καὶ ψόφοϲ καὶ ϲυναίρεϲιϲ τοῦ μήκουϲ,</p>
<p n="20">20. Περὶ πή χεοϲ καὶ κν ήμηϲ. — τῶν δὲ τοῦ πήχεοϲ ὸϲτῶν
καὶ τῶν τῆϲ κνήμηϲ ἑκατέρων μὲν καταγέντων τὰ ὅμοια τοῖϲ ἐπὶ
βραχίονοϲ καὶ μηροῦ. τοῦ δὲ ἑτέρου τῶν ὀϲτῶν ἡ διαϲτροφὴ μὲν
ἥττων, παραλλάττει δὲ εἰϲ δύο τόπουϲ, τὸν ἔμπροϲθεν καὶ τὸν ὀπίϲω, <lb n="10"/>
καὶ εἰ μὲν ὁ πῆχυϲ ἔπαθεν, τὸν ἔϲω, εἰ δὲ κερκίϲ, τὸν ἑξω, καὶ εἰ μὲν
ἡ κνήμη, καὶ τὸν ὀπίϲω, εἰ δὲ ἡ περόνη, καὶ τὸν ἔμπροϲθεν.</p>
<p n="21">21. Πsρὶ ἐπίγονα τίδοϲ. ἐπιγονατίδοϲ δὲ καταγείϲηϲ κίνηϲιϲ
ὑποπίπτει τῆϲ κατ’ αὐτὴν ϲυνεχείαϲ καὶ κοιλότηϲ καὶ ψόφοϲ.</p>
<lb n="51a"/><p n="22">22, Περὶ καρ ποῦ καὶ μετακαρπίου καὶ ϲκυταλίδων <lb n="15"/>
καὶ ταρϲοῦ καὶ δακτύλων. τὰ δὲ τοῦ καρπο= καὶ μετακαρπίου
καὶ ϲκυταλίδων καὶ ταρϲοῦ καὶ δακτύλων ἁπάντων ὸϲτά καταγνύμενα
κινεῖται καὶ ψοφεῖ, παραπληϲίωϲ δὲ καὶ ζτὸ κυβοειδέϲ.</p>
<p n="23">23. Περὶ ἄϲτρα γαίου. ἀϲτράγαλοϲ δὲ οὐ κατάγνυται διὰ τὸ
περιέχεϲθαι περόνῃ καὶ κυβοειδεῖ, διὰ δὲ τὴν αὐτὴν αἰτίαν οὕτε τοῦ <lb n="20"/>
ὠτὸϲ οὕτε τοῦ τραχήλου ὁ ϲπόνδυλοϲ, κέκρυπται γὰρ τῇ κοιλότητι.</p>
<p n="24">24. Κοινῶϲ δὲ ἐπὶ πάντων ϲημειωτέον κίνδυνον , ὅπου μετὰ
τραύματοϲ καὶ μετ’ ἐκπορπήϲεωϲ τῶν καταγέντων ὀϲτῶν γέγονεν
πεῖϲιϲ, ἐπινύϲϲεται δὲ κύρια μέρη καὶ ϲυμπάθεια παρακολουθεῖ καὶ
μελαϲμοὶ καὶ ἀφωνίαι καὶ καταψύξειϲ. καὶ 〈τὰ〉 εἰϲ τὰ παρὰ τοῖϲ <lb n="25"/>
ἄρθροιϲ δὲ γινόμενα τῶν κατὰ μέϲα τὰ κῶλα χαλεπώτερα ϲημειωτέον,
οὐ γὰρ ἐξ ἴϲου δέχεται τὴν ἐπίδεϲιν. καὶ περὶ καταγμάτων ἀπόχρη
τοϲαῦτα.</p>
<note type="footnote">1 §12] Iaul. VI 99;102; aiscriέatιιr t. II p. 152. 14 -154, 2 Hλib. bracϲhii
fraoturrrum cura Noroiea e 〈Cairttrgumenis videlicet petιtet § 20] PsI
VI 100; 104 13 § 21] Iaυl. PI 1o3 15 § 22] Paul. VI 1o1
19 § 23] PaμI. VI 1o5</note>
<note type="footnote">1 ln my. ϲνδ’ 2 τεϲϲαρηϲ πλεοναζοντοϲ: corr. Cocchius 3 καὶ πρὸϲ
τὸν ἔξω addiAi coll. Paul. 6 ϲυνερειϲιϲ: corr. nA 1 im mmρ. ϲνε′
10 ηττον 11 η μὲν η δὲ η fεν 13 i my. ϲνϲ’ 14 αυτηϲ:
corr Schoene κοιλοτητοϲ: corr. Coochius 15 in mg. ϲζ′ ϲκυτο’
12 im mg. ϲνη’ 21 γὰρ Coccius. δὲ 22 in nιρ. ϲνθ’ 23 εκπορπιϲεωϲ:
corr. Sehoene 25 τὰ add. Schoemε 26 κοίλα: corr. Cocchius
27 εππιδοϲιν: correxi</note>
</div>
</body>
</text>
</TEI>
