<ti:work xmlns:ti="http://chs.harvard.edu/xmlns/cts" groupUrn="urn:cts:greekLit:tlg0057" xml:lang="grc" urn="urn:cts:greekLit:tlg0057.tlg087">
  <ti:title xml:lang="eng">In Hippocratis De victu acutorum</ti:title>
  <ti:edition urn="urn:cts:greekLit:tlg0057.tlg087.1st1K-grc1" workUrn="urn:cts:greekLit:tlg0057.tlg087">
    <ti:label xml:lang="eng">In Hippocratis De victu acutorum</ti:label>
    <ti:description xml:lang="eng">Galen, In Hippocratis De victu acutorum</ti:description>
  </ti:edition>
</ti:work>
