<ti:work xmlns:ti="http://chs.harvard.edu/xmlns/cts" groupUrn="urn:cts:greekLit:tlg0057" xml:lang="grc" urn="urn:cts:greekLit:tlg0057.tlg084">
  <ti:title xml:lang="eng">De substantia facultatum naturalium fragmentum</ti:title>
  <ti:edition urn="urn:cts:greekLit:tlg0057.tlg084.1st1K-grc1" workUrn="urn:cts:greekLit:tlg0057.tlg084">
    <ti:label xml:lang="eng">De substantia facultatum naturalium fragmentum</ti:label>
    <ti:description xml:lang="eng">Galen, De substantia facultatum naturalium fragmentum</ti:description>
  </ti:edition>
</ti:work>
