<?xml version="1.0" encoding="UTF-8"?>
<?xml-model href="http://www.stoa.org/epidoc/schema/latest/tei-epidoc.rng" schematypens="http://relaxng.org/ns/structure/1.0"?>
<TEI xmlns="http://www.tei-c.org/ns/1.0">
    <teiHeader>
        <fileDesc>
            <titleStmt><title>De substantia facultatum naturalium fragmentum</title>
                <author>Galen</author>
                <editor>Karl Gottlob Kühn</editor>
                <funder>Andrew W. Mellon Foundation</funder>
                <respStmt>
          <resp>Published original versions of the electronic texts</resp>
          <orgName ref="http://www.graeco-arabic-studies.org/">A Digital Corpus for Graeco-Arabic Studies, funded by the Andrew W. Mellon Foundation</orgName>
          <persName>Mark Schiefsky, Harvard University</persName>
          <persName>Gregory R. Crane, Universität Leipzig</persName>
          <persName>Uwe Vagelpohl, University of Warwick</persName>
        </respStmt>
        <respStmt>
          <resp>Keyboarding</resp>
          <orgName xml:id="DDD">Digital Divide Data</orgName>
        </respStmt>
        <respStmt>
          <resp>Editor-in-Chief, Perseus Digital Library</resp>
          <persName>Gregory R. Crane</persName>
        </respStmt>
        <respStmt>
          <resp>Project Manager (University of Leipzig), 2016 - present</resp>
          <persName>Matt Munson</persName>
        </respStmt>
        <respStmt>
          <resp>Project Assistant (University of Leipzig), 2015 - present</resp>
          <persName>Annette Geßner</persName>
        </respStmt>
        <respStmt>
          <resp>Lead Developer (University of Leipzig)</resp>
          <persName>Thibault Clérice</persName>
        </respStmt>
        <respStmt>
          <resp>Technical Advisor</resp>
          <persName>Bruce Robertson</persName>
        </respStmt>
      </titleStmt>
      <publicationStmt>
                <authority>A Digital Corpus for Graeco-Arabic Studies, funded by the Andrew W.
                    Mellon Foundation</authority>
                <publisher>University of Leipzig</publisher>
                <pubPlace>Germany</pubPlace>
                <idno type="filename">tlg0057.tlg084.1st1K-grc1.xml</idno>
                <availability>
                    <licence target="https://creativecommons.org/licenses/by-sa/4.0/">Available
                        under a Creative Commons Attribution-ShareAlike 4.0 International
                        License</licence>
                </availability>
                <date>2016</date>
            </publicationStmt>
            <sourceDesc>
                <biblStruct>
                    <monogr>
                        <title>Claudii Galeni Opera Omnia</title>
                        <author>Galen</author>
                        <editor>Karl Gottlob Kühn</editor>
                        <imprint>
                            <publisher>Cnobloch</publisher>
                            <pubPlace>Lipsiae</pubPlace>
                            <biblScope unit="vol">4</biblScope>
                            <biblScope unit="pp" from="757" to="766">757-766</biblScope>
                            <date>1822</date>
                        </imprint>
                    </monogr>
                    <ref target="https://catalog.hathitrust.org/Record/009723957">HathiTrust</ref>
                </biblStruct>
            </sourceDesc>
        </fileDesc>
        <encodingDesc>
            <p>The following text is encoded in accordance with EpiDoc standards and with the
                CTS/CITE Architecture.</p>
            <refsDecl n="CTS">
                <cRefPattern matchPattern="(.+)" n="work" replacementPattern="#xpath(/tei:TEI/tei:text/tei:body/tei:div/tei:div[@n='$1'])"/>
            </refsDecl>
        </encodingDesc>
        <profileDesc>
            <langUsage>
                <language ident="greek">Greek</language>
            </langUsage>
        </profileDesc>
    </teiHeader>
    <text>
        <body>

            <div type="edition" xml:lang="grc" n="urn:cts:greekLit:tlg0057.tlg084.1st1K-grc1">
                <div type="textpart" subtype="work" n="1">
                <pb n="757"/>

                <head>ΓΑΛΗΝΟΥ ΠΕΡΙ ΟΥΣΙΑΣ ΤΩΝ ΦΥΣΙΚΩΝ <lb/>ΔΥΝΑΜΕΩΝ.</head>
                <p>Καί τις ἴσως δόξει διαφωνίας ἀξιόλογον εἶναι τῶν <lb/>λεγόντων, θερμὰ μὲν εἶναι
                    τὰ ζῶα, ψυχρὰ δὲ τὰ φυτὰ, <lb/>μὴ γινώσκων, ὡς, ὅταν μὲν ἀκριβέστερόν τις
                    ἐπεξέρχηται, <lb/>πᾶν τὸ ἀκόλουθον ζητουμένῳ ἄχρι τῆς ἐσχάτης ἐπιστήμης,
                    <lb/>ὅταν δὲ περί τινος ἄλλου πράγματος σκοπούμενος ἐν παρέργῳ, <lb/>περὶ τούτων
                    τὸ πρὸς τὴν πρόχειρον αἴσθησιν θερμὸν <lb/>ἢ ψυχρὸν λέγων ἀρκεῖται. Πλάτων γοῦν
                    αὐτὸς ἔμψυχα <lb/>μὲν ἀεὶ λέγει τὰ ζῶα, τοὺς λίθους δὲ καὶ τὰς πόας καὶ <pb n="758"/>
                    <milestone unit="ed2page" n="4"/>τὰ ξύλα, καὶ καθόλου φάναι τὰ φυτὰ πάντα τῶν
                    ἀψύχων <lb/>σωμάτων εἶναί φησιν. ἀλλ’ ὅταν ἐν Τιμαίῳ τὴν φυσικὴν <lb/>θεωρίαν
                    ὀλιγίστοις ἀκροαταῖς, κατακολουθεῖν ἐπιστημονικοῖς <lb/>λόγοις δυναμένοις,
                    ἀποχωρήσας τῶν τοῖς πολλοῖς <lb/>δοκούντων, εἰς ὅλον τὸν κόσμον ἐκτετάσθαι λέγῃ
                    τὴν ψυχὴν <lb/>αὐτοῦ, διαφωνίαν οὐ χρὴ τοῦτο νομίζειν εἶναι, τἀνδρὸς <lb/>ἑαυτῷ
                    τἀναντία λέγοντος, ὥσπερ οὐδ’ Ἀριστοτέλους ἢ <lb/>Θεοφράστου, τὰ μὲν τοῖς
                    πολλοῖς γεγραφότων, τὰς δὲ <lb/>ἀκροάσεις τοῖς ἑταίροις. ὅταν γάρ τι τῶν
                    ἐκφευγόντων <lb/>ἅπασαν αἴσθησιν δόγμα πολλῶν λόγων δεόμενον εἰς ἀπόδειξιν
                    <lb/>ἀκαίρως λέγηται, προσκρούει τοῖς ἀκούουσιν. οὔκουν <lb/>χρὴ περὶ τῶν
                    τοιούτων ἀποφαίνεσθαι πρὶν τοῦ κατὰ βραχὺ <lb/>διὰ μακρᾶς ἀποδείξεως ἐπὶ τὸ
                    συμπέρασμα τοῦ λόγου παντὸς <lb/>ἀφικέσθαι, οὐδὲ διὰ τῶν λίθων, καὶ τῶν
                    ὀστράκων, <lb/>καὶ τῆς ψάμμου, καὶ τῶν κατακαιομένων ἢ σηπομένων νεκρῶν
                    <lb/>ζώων τὴν τοῦ κόσμου διήκειν ψυχήν. εἰ γὰρ ἀπλῶς <lb/>οὕτως ἀναφανδὸν
                    ἀκουόντων τῶν πολλῶν ὁ Πλάτων εἶπέ <lb/>τι τοιοῦτον, κατεγίνωσκον ἂν οἱ παρόντες
                    αὐτοῦ πάντες. <pb n="759"/> ἐγὼ δ’ οὖν, ἀφ’ ὧν μὲν κινούμενος ἐπὶ τὴν δόξαν
                    ταύτην <lb/>ἀφίκετο, δι’ ἑτέρων ὑπομνημάτων ἐδήλωσα, μὴ συναποφηνάμενος
                    <lb/>αὐτῷ ἢ διατεινόμενος. οὐδὲ γὰρ αὐτὸς ἐκεῖνος οὕτως <lb/>ἀποφαίνεται τὰ τῆς
                    φυσικῆς θεωρίας, ἀλλ’ ἄχρι τοῦ <lb/>πιθανοῦ καὶ εἰκότος αὐτὴν προέρχεσθαί φησιν.
                    ὅτι μέντοι <lb/>τὰ φυτὰ κινήσεως ἀρχὴν ἐν αὑτοῖς ἔχει καὶ τὴν τῶν <lb/>οἰκείων
                    τε καὶ ἀλλοτρίων αἴσθησιν, ἀληθὲς εἶναι νομίζω, <lb/>λέγειν δὲ ἀκαίρως τὰ
                    τοιαῦτα φυλάττομαι μᾶλλον ἢ αὐτὸς <lb/>ἐκεῖνος, ἀλλ’ ἐὰν ἔρηταί μέ τις, τί
                    πλεονεκτεῖ τῶν φυτῶν <lb/>τὰ ζῶα, τήν τε αἴσθησιν λέγω καὶ τὴν καθ’ ὁρμὴν
                    κίνησιν <lb/>καὶ τάς τε δυνάμεις, ἃς εἶπον ἄρτι, τήν τε ἑλκτικὴν, <lb/>καὶ τὴν
                    ἀποκριτικὴν, καὶ τὴν καθεκτικήν τε καὶ ἀλλοιωτικὴν, <lb/>οὐ ψυχικὰς, ἀλλὰ
                    φυσικὰς ὀνομάζων, μηδὲν ἐκ τούτου <lb/>μήτε τὴν ἰατρικὴν τέχνην μήτε τὴν ἠθικὴν
                    φιλοσοφίαν <lb/>βλαπτομένην ὁρῶν. ὅταν δὲ τῆς ἠθικῆς φιλοσοφίας <lb/>τὸ φυσικὸν
                    μέρος, ὁποῖόν τι Πλάτων ἡγεῖται, λέγειν ἀναγκαῖόν <lb/>μοι γένηται, τινὰ μὲν
                    ἄντικρυς ἐπαινῶ, καὶ συναποφαίνομαι <lb/>τἀνδρί· περί τινων δὲ ἄχρι τοῦ πιθανοῦ
                    προσέρχομαι, <pb n="760"/> καθάπερ ἐπ’ ἐνίων ἀπορῶ παντάπασιν, οὐδεμίαν
                    <lb/>ἔχων ῥοπὴν ἐπὶ τῶν διαφωνουμένων, ὡς εἴη τὸ ἕτε<milestone unit="ed1page" n="343"/>ρον <lb/>αὐτῶν πιθανώτερον. ὥσπερ, ὅτι ψυχὴν ἔχομεν, ἐπίστανται
                    <lb/>πάντες ἄνθρωποι, θεώμενοι μὲν ἐναργῶς καὶ τὰ διὰ τοῦ <lb/>σώματος
                    ἐνεργούμενα, βαδιζόντων καὶ τρεχόντων, καὶ παλαιόντων, <lb/>αἰσθανομένων τε
                    πολυειδῶς, ἐννοοῦντες δὲ καὶ <lb/>τῶν ἔργων τούτων αἰτίαν τινὰ ὑπάρχειν ἔκ τινος
                    ἀξιώματος <lb/>πιστοῦ φύσει πᾶσιν ἡμῖν, καθ’ ὃ μηδὲν ἀναιτίως γίνεσθαι
                    <lb/>νοοῦμεν, ἀλλὰ διὰ τὸ μὴ γινώσκειν, ἥτις ἐστὶν ἡ αἰτία τῶν <lb/>ἔργων
                    τούτων, ὄνομα θεμένων ἀπὸ τοῦ δύνασθαι ποιεῖν ἃ <lb/>ποιεῖ, δύναμιν εἶναι τῶν
                    γινομένων ἑκάστου ποιητικήν. <lb/>οὕτω γοῦν καὶ τὴν σκαμμωνίαν ἅπαντές φασι
                    δύναμιν ἔχειν <lb/>καθαρτικὴν, ὥσπερ τὸ μέσπιλον ἐφεκτικὴν γαστρός. οἱ δὲ
                    <lb/>τὴν φυσικὴν ὀνομαζομένην ἐκπονήσαντες θεωρίαν, ἄλλως <lb/>ἄλλοι πείσαντες
                    ἑαυτοὺς, οἱ μὲν ἀσωμάτους τινὰς ἀπεφήναντο <lb/>δυνάμεις ἐνοικεῖν ταῖς αἰσθηταῖς
                    οὐσίαις, οἱ δὲ αὐτὰς <lb/>ἐνεργεῖν τὰς οὐσίας κατ’ ἰδίαν ἑκάστην φύσιν, ἤτοι γε
                    <lb/>ἐκ τῆς τῶν τεττάρων στοιχείων κράσεως γενομένην, ἢ ποιᾶς <pb n="761"/>
                    συνθέσεως τῶν πρώτων σωμάτων, ἅ τινες μὲν ἄτομα, τινὲς <lb/>δὲ ἀμερῆ, τινὲς δὲ
                    ὁμοιομερῆ φασιν εἶναι. καὶ γάρτοι καὶ <lb/>τὴν ψυχὴν ἡμῶν αὐτὴν οἱ μὲν ἀσώματόν
                    τινα νομίζουσιν <lb/>οὐσίαν εἶναι, τινὲς δὲ πνεῦμα, καθάπερ ἄλλοι μηδὲ εἶναί
                    <lb/>τινα ὕπαρξιν αὐτῆς ἰδίαν, ἀλλὰ τὴν ἰδιότητα τῆς τοῦ <lb/>
                    <milestone unit="ed2page" n="5"/>σώματος οὐσίας, ὧν ποιεῖν πέφυκε, τούτων ἔχειν
                    λέγεσθαι <lb/>δυνάμεις, οὐκ οὐσῶν τινων ἐκείνων ἰδίαν φύσιν ἐχουσῶν, <lb/>ἀλλὰ
                    τῆς ἐνεργούσης οὐσίας κατ’ αὐτὴν πρὸς τὰ γινόμενα, <lb/>δι’ αὐτῆς τε καὶ ὑπ’
                    αὐτῆς δυνάμεις ἔχειν λεγομένης, ὧν <lb/>πέφυκε δρᾷν. ἐγὼ τοίνυν ἐν τούτοις μέσην
                    τινὰ τάξιν <lb/>ἐμαυτὸν ἔταξα. περὶ γὰρ ἄλλων δογμάτων ἀποφαινόμενος <lb/>ἁπλῶς,
                    τῶν μὲν, ὡς εἰδείην τὴν ἐν αὐτοῖς ἀλήθειαν, τῶν <lb/>δὲ, ὡς οὐδὲν αὐτῆς εἰδείην,
                    ἐν οἷς ἄρτι διῆλθον, ἄχρι τοῦ <lb/>πιθανοῦ προσέρχομαι, βέλτιον μὲν εἶναι
                    νομίζων, εἴπερ <lb/>ἐγνώκειν οὕτω περὶ αὐτῶν, ὡς ἀποφαίνεσθαι, καθάπερ ἐπ’
                    <lb/>ἄλλων, οὐ μὴν ἀναπείθων ἐμαυτὸν, ὥσπερ ἕτεροι, βεβαίαν <lb/>ἔχειν γνῶσιν,
                    ὧν οὐκ ἔσχον ἀπόδειξιν βεβαίαν. εἰπεῖν οὖν ﻿<pb n="762"/> βούλομαι καὶ περὶ τῶν
                    τοιούτων ἁπάντων, ὅσα τὴν μὲν <lb/>γνῶσιν οὐκ ἀναγκαίαν ἔχει πρὸς ὑγίειαν
                    σώματος ἢ τὰς <lb/>τῆς ψυχῆς ἠθικὰς ἀρετὰς, ἐπεκόσμησε δ’ ἂν, εἴπερ ἐγνώσθη
                    <lb/>βεβαίως, διὰ τῶν γιγνωσκομένων ἀκριβῶς, ἀποτελούμενα <lb/>κατὰ ἰατρικήν τε
                    καὶ τὴν ἠθικὴν φιλοσοφίαν, ἣν ἐγώ <lb/>φημι χρησίμην τε ἅμα καὶ δυνατὴν εἶναι
                    πᾶσι τοῖς βουλομένοις <lb/>ἀσκῆσαι· καὶ γέγραπταί μοι περὶ τούτου δύο βιβλία.
                    <lb/>νυνὶ δὲ ὅπερ ὑπεσχόμην προσάξω, τὴν ἀρχὴν ἐνθένδε ποιησάμενος. <lb/>ὅτι μὲν
                    ἐκ τῆς τῶν δ’ στοιχείων κράσεως ἅπαντα <lb/>τὰ παρ’ ἡμῖν σώματα γίγνεται,
                    βεβαίως γιγνώσκειν φημί· <lb/>καὶ προσέτι δι’ ὅλων αὐτῶν κεραννυμένων, οὐχ, ὡς
                    Ἐμπεδοκλῆς <lb/>ἡγεῖτο, κατὰ σμικρὰ μόρια καταθραυομένων. εἴτε δὲ <lb/>τῶν
                    σωματικῶν οὐσιῶν ὅλων δι’ ἀλλήλων ἰουσῶν, εἴτε τῶν <lb/>ποιοτήτων μόνων, οὔτ’
                    ἀναγκαῖον εἶναί φημι γινώσκειν, <lb/>οὔτε ἀποφαίνομαι. πιθανώτερον δὲ εἶναι
                    νομίζω, κατὰ τὰς <lb/>ποιότητας γίγνεσθαι τὰς κράσεις. τήν γε μὴν ψυχὴν, εἰ
                    <lb/>μὲν ἀθάνατος οὖσα ταῖς σωματικαῖς οὐσίαις κεραννυμένη τὰ <lb/>ζῶα διοικεῖ,
                    γινώσκειν βεβαίως οὐκ ἀπαγγέλλομαι, καθάπερ <pb n="763"/> οὐδὲ εἰ μηδεμία καθ’
                    ἑαυτήν ἐστιν ἡ οὐσία ψυχῆς. ἐκεῖνο <lb/>μέντοι φαίνεταί μοι σαφῶς, ὅτι, κᾂν
                    εἰσοικίζηται τοῖς σώμασι, <lb/>δουλεύει ταῖς φύσεσιν αὐτῶν, αἵπερ εἰσὶν, ὡς
                    ἔφην, <lb/>ἐκ τῆς τῶν στοιχείων ποιᾶς κράσεως γιγνόμεναι. καὶ κατὰ <lb/>γε τοῦτο
                    πρὸς τὴν ἰατρικὴν τέχνην οὐδὲν ἡγοῦμαι βλαβήσεσθαι <lb/>διὰ τὴν ἄγνοιαν τῆς
                    καλουμένης ἐμψυχώσεώς τε <lb/>καὶ μετεμψυχώσεως. ἐπιτήδειόν τε γὰρ εἶναι τὸ σῶμα
                    χρὴ <lb/>τὸ δεξόμενον τὴν ψυχὴν, ἀλλοιωθέντος τε αὐτοῦ μεγάλην <lb/>ἀλλοίωσιν ἐν
                    τῇ κράσει παραχρῆμα τὴν ψυχὴν ἐξιέναι, ψυχομένου <lb/>μέντοι σφοδρῶς ἐν ταῖς
                    κενώσεσι τοῦ αἵματος, καὶ <lb/>ἐν ταῖς πόσεσι τῶν ψυχόντων φαρμάκων, ὅταν τε
                    σφοδρῶς <lb/>ᾖ τὸ περιέχον ψυχρὸν, ἀμέτρως τε θερμαινομένου κατά τε <lb/>τοὺς
                    πυρετοὺς καὶ τὰς εἰσπνοὰς τῆς φλογὸς, ἢ τῶν ὑπερθερμαινόντων <lb/>φαρμάκων
                    πόσεις. οὐ μόνον δὲ οὕτως ἀλλοιωθείσης <lb/>τῆς κράσεως τοῦ σώματος τὴν ψυχὴν
                    ὁρῶμεν <lb/>αὐτοῦ χωριζομένην, ἀλλὰ κᾀπειδὰν τῆς ἀναπνοῆς στερηθείη <lb/>πάντως,
                    κᾀνταῦθά τινος γινομένης ἀλλοιώσεως κατὰ τὸ σῶμα. <lb/>τηρουμένης οὖν τῆς
                    φυσικῆς εὐκρασίας ἐν τῷ σώματι, τὴν <pb n="764"/> ψυχὴν αὐτοῦ χωρισθῆναι δοκῶ
                    μοι γινώσκειν ἀδύνατον εἶναι. <lb/>καὶ διὰ τοῦτο τὴν οὐσίαν αὐτῆς, ἥτις ἐστὶν,
                    οὐκ ἀναγκαῖον <lb/>οὔτε εἰς τὰς ἰάσεις τῶν νοσημάτων οὔτε εἰς φυλακὴν τῆς
                    <lb/>ὑγιείας ἐπίστασθαι, καθάπερ οὐδὲ εἰς τὴν ἠθικὴν φιλοσοφίαν, <lb/>πρακτικήν
                    τε καὶ πολιτικήν. ὀνομαζέτω γὰρ αὐτὴν <lb/>ἕκαστος, ὡς ἂν ἐθέλῃ, χωρίζων τῆς
                    θεωρητικῆς. ἐπιπλέον δὲ <lb/>περὶ τούτων ἐν ἑτέροις ὑπομνήμασι γέγραπταί μοι.
                    τῶν δὲ <lb/>φυσικῶν δυνάμεων ἔτι δεδειγμένων, ὁπόσαι τε καὶ ὁποῖαί <lb/>εἰσι,
                    ζήτησίς τις γίνεται κατὰ ἀκολουθίαν, ὅπως φαμὲν <lb/>αὐτὰς ἕλκειν μὲν <milestone unit="ed2page" n="6"/>τὸ οἰκεῖον, ἀποκρίνειν δὲ τὸ ἀλλότριον. <lb/>ἀδύνατον
                    γὰρ εἶναι φαίνεται προγνωρίσαι σαφῶς, <lb/>ὁποῖον μέν τι τὸ οἰκεῖόν ἐστιν,
                    ὁποῖον δέ τι τὸ ἀλλότριον, <lb/>ἢ τὴν ὁλκὴν τῶν οἰκείων, ἢ τὴν ἀπόκρισιν τῶν
                    ἀλλοτρίων <lb/>ποιεῖσθαι. τὸ δὲ γνωρίζειν αἰσθητικῆς δυνάμεως ἔργον <lb/>εἶναι
                    φαίνεται. διὰ τοῦτο οὖν ἐν τῷ λόγῳ τούτῳ παρακοή <lb/>τίς ἐστι, καίτοι σαφῶς
                    εἰρηκότος τοῦ Πλάτωνος· Ἕτερόν <lb/>ἐστι γένος αἰσθήσεως ἐν τοῖς φυτοῖς·
                    οἰομένων τῶν ἀκουόντων <lb/>εἶναί τινα γνωριστικὴν δύναμιν ἐν αὐτοῖς τῶν οἰκείων
                        <pb n="765"/> τε καὶ ἀλλοτρίων. τούτων γὰρ μόνων ἐστὶν ἡ διάγνωσις αὐτοῖς,
                    <lb/>ἥ τε καθ’ ἡδονὴν, ἥ τε κατ’ ἀνίαν, ἥ τε κατά τινα παραπλησίαν <lb/>τούτοις
                    ἢ ἀνάλογα τὰ παθήματα γιγνομένη, τῶν <lb/>ἄλλων αἰσθητικῶν διαγνώσεων οὐ
                    μετεχούσης τῆς φυτικῆς <lb/>ψυχῆς. οὔτε γὰρ τῶν ὁρατῶν, οὔτε τῶν ἀκουστικῶν,
                    οὔτε <lb/>τῶν ὀσφραντῶν, οὔτε τῶν γευστῶν, οὔτε τῶν ἁπτῶν ποιοτήτων <lb/>ἔχει
                    διάγνωσιν, ἀλλὰ μόνον τῶν τρέφειν ἢ μὴ τρέφειν <lb/>δυναμένων. τὰ μὲν γὰρ
                    τρέφειν δυνάμενα πρὸς ἑαυτὴν <lb/>ἕλκουσα, καὶ κατέχουσα, καὶ πέπτουσα, καὶ
                    μεταβάλλουσα <lb/>πρὸς τὸ οἰκεῖον τῆς τρεφομένης οὐσίας, τὰ δὲ μὴ <lb/>δυνάμενα
                    τρέφειν οὐ προσίεται. ὥστε μοι Πλάτων ὀρθῶς <lb/>δοκεῖ λέγειν, αἴσθησιν ἔχειν τὰ
                    φυτὰ, τῶν οἰκείων τε καὶ <lb/>ἀλλοτρίων δηλονότι, καὶ κατὰ τοῦτο ζῶα προσηκόντως
                    ἂν <lb/>λεχθῆναι, μετὰ τοῦ μηδὲ τῆς ἐξ αὑτῶν κινήσεως ἐστερῆσθαι. <lb/>ἀλλὰ μηδὲ
                    τῆς τοιαύτης γνώσεως ἀναγκαίας οὔσης εἰς τὴν <lb/>ἰατρικὴν φιλοσοφίαν, ἀρκοῦμαι
                    διὰ τὴν ἀκολουθίαν μόνην <lb/>ἄχρι τοῦ πιθανοῦ προερχόμενος ἐπαινεῖν τὸν
                    Πλάτωνα, <pb n="766"/> καὶ ζῶα καλοῦντα τὰ φυτὰ, καὶ μετέχειν αἰσθήσεως μόνης
                    <lb/>φάσκοντα, τῆς τῶν οἰκείων τε καὶ ἀλλοτρίων διαγνωστικῆς, <lb/>ἥτις ἂν
                    ἀκριβὴς σκοπὸς τοῦ γένους τῶν ἡδέων τε καὶ οὐχ <lb/>ἡδέων οὖσα φανεῖται. δι’
                    οὐδὲν γὰρ ἄλλο δυνατὸν εἰπεῖν, <lb/>ἕλκειν αὐτὰ τὸ οἰκεῖον, ἢ ἐξομοιοῦν ἑαυτοῖς,
                    ἢ διὰ τὴν <lb/>ἀπόλαυσίν τε καὶ τὴν ἐγγινομένην αὐτοῖς ἡδονήν. ἀλλ’, ὡς
                    <lb/>ἔφην, ἀρκεῖ πρὸς ἰατρικὴν ἐπίστασθαι τοῦτο μόνον, ὡς ἕλκει <lb/>μὲν τὸ
                    οἰκεῖον, ᾧπερ καὶ τρέφεται, ἀποκρίνει δὲ τὸ <lb/>ἀλλότριον. ἔτι δὲ μᾶλλον εἰς
                    φιλοσοφίαν ἠθικὴν ἄχρηστος <lb/>ἡ τῶν τοιούτων ἀκριβὴς γνῶσις, ὅθεν οὐδὲ ὁ
                    Πλάτων αὐτῆς <lb/>ἐμνημόνευσεν. </p>
                </div>
            </div>
        </body>
    </text>
</TEI>
