<?xml version="1.0" encoding="UTF-8"?>
<?xml-model href="http://www.stoa.org/epidoc/schema/latest/tei-epidoc.rng" schematypens="http://relaxng.org/ns/structure/1.0"?>
<TEI xmlns="http://www.tei-c.org/ns/1.0">
  <teiHeader>
    <fileDesc>
  <titleStmt><title>De gigantibus</title>
    <author>Philo Judaeus</author>
  <editor>Paul Wendland</editor>
  <sponsor>University of Leipzig</sponsor>
  <funder>European Social Fund Saxony</funder>
  <principal>Gregory Crane</principal>
  <principal>Monica Berti</principal>
  <meeting/>
  <respStmt>
          <persName>Gregory R. Crane</persName>
          <resp>Editor-in-Chief, Perseus Digital Library</resp>
        </respStmt>
        <respStmt>
          <persName xml:id="DDD">Digital Divide Data</persName>
          <resp>Corrected and encoded the text</resp>
        </respStmt>
        <respStmt>
          <persName>Matt Munson</persName>
          <resp>Project Manager (University of Leipzig), 2016 - present</resp>
        </respStmt>
        <respStmt>
          <persName>Annette Geßner</persName>
          <resp>Project Assistant (University of Leipzig), 2015 - present</resp>
        </respStmt>
        <respStmt>
          <persName>Thibault Clérice</persName>
          <resp>Lead Developer (University of Leipzig)</resp>
        </respStmt>
        <respStmt>
          <persName>Bruce Robertson</persName>
          <resp>Technical Advisor</resp>
        </respStmt>
        <respStmt>
          <persName>Greta Franzini</persName>
          <resp>Project Manager (University of Leipzig), 2013-2014</resp>
        </respStmt>
        <respStmt>
          <persName>Frederik Baumgardt</persName>
          <resp>Technical Manager (University of Leipzig), 2013-2015</resp>
        </respStmt>
        <respStmt>
          <persName>Simona Stoyanova</persName>
          <resp>Project Manager (University of Leipzig), 2015</resp>
          <resp>Project Assistant (University of Leipzig), 2013-2014</resp>
        </respStmt>
      </titleStmt>
      <publicationStmt>
  <authority>University of Leipzig</authority>
  <idno type="filename">TO BE ADDED BY LEIPZIG</idno>
  <availability>
   <p>Available under a Creative Commons Attribution-ShareAlike 4.0 International
   License</p>
  </availability>
  <date>2014</date>
  <publisher>University of Leipzig</publisher>
  <pubPlace>Germany</pubPlace>
  </publicationStmt>
  <sourceDesc>
  <listBibl xml:lang="lat">
   <biblStruct>
   <monogr>
    <title>Philonis Alexandrini Opera Quae Supersunt</title>
    <editor>
    <persName>
     <name xml:lang="lat">Paul Wendland</name>
    </persName>
    </editor>
    <author ref="urn:tmp">Philo Judaeus</author>
    <imprint>
    <publisher>Typis et Impensis Georgii Reimeri</publisher>
    <pubPlace>Berolini</pubPlace>
    <date>1897</date>
    </imprint>
    <biblScope unit="volume">vol. ii</biblScope>
   </monogr>
   </biblStruct>
  </listBibl>
  </sourceDesc>
 </fileDesc>
 <encodingDesc>
  <p>Text encoded in accordance with the latest EpiDoc standards (January 2014)</p>
   <refsDecl n="CTS">
        <cRefPattern n="chapter" matchPattern="(.+)" replacementPattern="#xpath(/tei:TEI/tei:text/tei:body/tei:div/tei:div[@n='$1'])"/>
      </refsDecl>
    </encodingDesc>
 <profileDesc>
  <langUsage>
  <language ident="grc">Greek</language>
  <language ident="lat">Latin</language>
  </langUsage>
 </profileDesc>
 <revisionDesc>
  <change/>
 </revisionDesc>
 </teiHeader>
  <text>
    <body><div type="edition" n="urn:cts:greekLit:tlg0018.tlg007.opp-grc1">
<pb n="42"/>
<head>ΦΙΛΩΝΟΣ</head>
<head>ΠΕΡΙ ΓΙΓΑΝΤΩΝ</head>
<div type="textpart" subtype="chapter" n="1">
<p><milestone unit="altref" n="1"/> „Καὶ δὴ ἐγένετο, ἡνίκα ἤρξαντο οἱ ἄνθρωποι πολλοὶ γίνεσθαι <note type="marginal">p. 262 M.</note>
ἐπὶ τῆς γῆς, καὶ θυγατέρες ἐγεννήθησαν αὐτοῖς“ (Gen. 6,1). ἄξιον οἶμαι
διαπορῆσαι, διὰ τί μετὰ τὴν Νῶε καὶ τῶν υἱῶν αὐτοῦ γένεσιν εἰς
πολυανθρωπίαν ἐπιδίδωσιν ἡμῶν τὸ γένος. ἀλλ’ ἴσως οὐ χαλεπὸν
ἀποδοῦναι τὴν αἰτίαν· ἀεὶ γὰρ ἐπειδὰν τὸ σπάνιον φανῇ, πάμπολυ τὸ <lb n="5"/>
 ἐναντίον εὑρίσκεται.</p></div>

<div type="textpart" subtype="chapter" n="2">
<p>ἑνὸς οὖν εὐφυΐα τὴν περὶ μυρίους διαδείκνυσιν
ἀφυίαν, καὶ τὰ τεχνικὰ μέντοι καὶ ἐπιστημονικὰ καὶ ἀγαθὰ καὶ καλὰ
ὄντα ὀλίγα τὴν τῶν ἀτέχνων καὶ ἀνεπιστημόνων καὶ ἀδίκων καὶ συνόλως
 φαύλων ἄπειρον ὅσην πληθὺν ἐπεσκιασμένην ἀποφαίνει.</p></div>

<div type="textpart" subtype="chapter" n="3">
<p>οὐχ ὁρᾷς ὅτι
καὶ ἐν τῷ παντὶ ἥλιος εἷς ὢν τὸ μυρίον καὶ βαθὺ σκότος κατὰ γῆν καὶ <lb n="10"/>
κατὰ θάλατταν κεχυμένον ἐπιλάμψας ἀνασκίδνησιν; εἰκότως οὖν καὶ ἡ
τοῦ δικαίου Νῶε γένεσις καὶ τῶν υἱῶν αὐτοῦ τοὺς ἀδίκους πολλοὺς
διασυνίστησι· τῷ γὰρ ἐναντίῳ τὰ ἐναντία πέφυκέ πὼς μάλιστα γνωρίζεσθαι.
</p></div>

<div type="textpart" subtype="chapter" n="4">
<p>ἄδικος δὲ οὐδεὶς ἄρρενα γενεὰν ἐν ψυχῇ σπείρει τὸ παράπαν, ἀλλὰ
θηλυγονοῦσιν ἐκ φύσεως ἄνανδροι καὶ κατεαγότες καὶ θηλυδρίαι τὰ <lb n="15"/>
φρονήματα, δένδρον οὐδὲν ἀρετῆς, οὗ καλοὺς καὶ γενναίους ἐξ ἀνάγκης
ἔδει τοὺς καρποὺς γενέσθαι, πάντα δὲ κακίας καὶ παθῶν, ὧν γυναικώδεις
<note type="footnote">φίλωνος περὶ γιγάντων MAH, φίλωνος ἰουδαίου σοφοῦ περὶ γιγάντων λόγος η΄ U, τοῦ αὐτοῦ
περὶ γιγάντων P 1 πολλοὶ γίνεσθαι] πληθύνεσθαι U 5 τι σπάνιον coni. Cohn
σπάνιον x003E; conicio 6 ἀνευρίσκεται U οὖν] τοῦ ἐν U
δεικνύντος U 7 τὰ oni. U καὶ ἀγαθὰ καὶ om. U 9 ἀπαῖρον U ὅσην
scripsi: ὅσον codd., corr. in οὖσαν Η πλῆθος U ἀπεσκιασμένην HP, ταῖς κακίαις
μενηγὸς (sic!) U 11 θάλασσαν U ἀποσκίδνησιν U καὶ om. U 12 υἱῶν]
μερῶν U 13 τὸ ἐναντίον conicio 16 νοήματα L δένδρον U: ὧν ἄρα δένδρον M,
ὧν ἄρα AP, ὡς ἄρα H, ὄντες, δένδρον coni. Diels οὗ MH: οὐ AUP 17 παθῶν]
καρπῶν U 17. 43,1 ὧν αἱ γυναικώδεις εἰσὶ βλάσται U</note>

<pb n="43"/>
αἱ βλάσται, φυτεύσαντες·</p></div>

<div type="textpart" subtype="chapter" n="5">
<p>οὗ χάριν θυγατέρας οἱ ἄνθρωποι οὗτοι γεννῆσαι λέγονται, υἱὸν δὲ οὐδεὶς αὐτῶν. ἐπεὶ γὰρ ὁ δίκαιος ἀρρενογονεῖ Νῶε
τέλειον καὶ ὀρθὸν λόγον καὶ ἄρρενα ὄντως μετιών, θηλυτόκος ἡ κατὰ
 τοὺς πολλοὺς ἀδικία πάντως  <milestone unit="altpage2" n="p. 263 M."/> ἀναφαίνεται· ἀμήχανον γὰρ τὰ αὐτὰ πρὸς
<lb n="5"/> τῶν ἐναντίων, ἀλλὰ μὴ τὰ ἐναντία πάλιν γενέσθαι.</p>
</div>

<div type="textpart" subtype="chapter" n="6">
<p><milestone unit="altref" n="2"/> „Ἰδόντες δὲ οἱ ἄγγελοι τοῦ θεοῦ τὰς θυγατέρας τῶν ἀνθρώπων, ὅτι καλαί εἰσιν, ἔλαβον ἑαυτοῖς γυναῖκας ἀπὸ πασῶν, ὧν ἐξελέξαντο“
(Gen. 6,2). οὗς ἄλλοι φιλόσοφοι δαίμονας, ἀγγέλους Μωυσῆς εἴωθεν
ὀνομάζειν· ψυχαὶ δ᾿ εἰσὶ κατὰ τὸν ἀέρα πετόμεναι.</p></div>

<div type="textpart" subtype="chapter" n="7">
<p>καὶ μηδεὶς ὑπολάβῃ <lb n="10"/> μῦθον εἶναι τὸ εἰρημένον· ἀνάγκη γὰρ ὅλον δι’ ὅλων τὸν κόσμον
ἐψυχῶσθαι, τῶν πρώτων καὶ στοιχειωδῶν μερῶν ἑκάστου τὰ οἰκεῖα καὶ
πρόσφορα ζῷα περιέχοντος, γῆς μὲν τὰ χερσαῖα, θαλάττης δὲ καὶ
ποταμῶν τὰ ἔνυδρα, πυρὸς δὲ τὰ πυρίγονα — λόγος δὲ ἔχει ταῦτα κατὰ
Μακεδονίαν μάλιστα γίνεσθαι —, οὐρανοῦ δὲ τοὺς ἀστέρας.</p></div>

<div type="textpart" subtype="chapter" n="8">
<p>καὶ γὰρ <lb n="15"/> οὗτοι ψυχαὶ ὅλαι δι’ ὅλων ἀκήρατοί τε καὶ θεῖαι, πρὸ καὶ κύκλῳ
κινοῦνται τὴν συγγενεστάτην νῷ κίνησιν· νοῦς γὰρ ἕκαστος αὐτῶν
ἀκραιφνέστατος. ἔστιν οὖν ἀναγκαῖον καὶ τὸν ἀέρα ζῴων πεπληρῶσθαι·
ταῦτα δὲ ἡμῖν ἐστιν ἀόρατα, ὅτιπερ καὶ αὐτὸς οὐχ ὁρατὸς αἰσθήσει.
</p></div>

<div type="textpart" subtype="chapter" n="9">
<p>ἀλλ’ οὐ παρ’ ὅσον ἀδύνατος ἡ ὄψις ψυχῶν φαντασιωθῆναι τύπους, διὰ <lb n="20"/> τοῦτ’ οὔκ εἰσιν ἐν ἀέρι ψυχαί, καταλαμβάνεσθαι δ’ αὐτὰς ἀναγκαῖον
ὑπὸ νοῦ, ἵνα πρὸς τῶν ὁμοίων τὸ ὅμοιον θεωρῆται. ἐπεὶ καὶ τί φήσομεν;
</p></div>

<div type="textpart" subtype="chapter" n="10">
<p>πάνθ’ ὅσα χερσαῖα καὶ ἔνυδρα οὐκ ἀέρι καὶ πνεύματι ζῇ; τί δέ; οὐκ ἀέρος κακωθέντος τὰ λοιμικὰ συνίστασθαι παθήματα φιλεῖ, ὡς ἂν αἰτίου
τῆς ψυχώσεως ἑκάστοις; τί δέ; ὁπότε ἀπήμων καὶ ἀβλαβὴς εἴη, ὁποῖον
<lb n="25"/> ἐν ταῖς βορείοις μάλιστα αὔραις εἴωθε γίνεσθαι, οὐ καθαρωτέρου
σπῶντα τοὐ πνεύματος πρὸς πλείονα καὶ κραταιοτέραν διαμονὴν ἐπιδί-
δωσιν;</p></div>

<div type="textpart" subtype="chapter" n="11">
<p>ἆρ’ οὖν εἰκὸς δι’ οὗ τὰ ἄλλα, ἔνυδρά τε καὶ χερσαῖα, ἐψύχωται, ἔρημον εἶναι ἡ ψυχῶν ἀμοιρεῖν; τοὐναντίον μὲν οὖν, εἰ καὶ τὰ ἄλλα
<note type="footnote">1 θυγατέρας post οὗτοι transpos. Α 2 υἱῶν Α 3 θηλυτόκος AUH2: θηλυκοτόκος
MH1P 4 τοὺς om. Α 5 ἔμπαλιν coni. Mang. γενέσθαι MAP, mg. H:
ἰδέσθαι text. H, γεννᾶσθαι U 8 οἱ ἄλλοι U Μωυσῆς ἀγγέλους U Μώσης
MAHP 9 ποτώμεναι H1P μήτις U ὑπολάβοι Α 10 εἶναι
τὸ evanida in U, τὸ fort. deest. 11 ἐμψυχῶσθαι H1L 15 ὅλοι Α
ὅλαι δι’ om. U παρ’ ὃ AUP 18 εἰσιν Η 19 οὐ] οὐδὲ PH1
20 ἐν om. H1P 21 πρὸς τοῦ ὁμοίου conicio καὶ eras. Η φήσωμεν U ut
vid. 23 φιλίως ἀναιτίου U 24 ὁποῖος conicio 25 ταῖς] τοῖς H
26 πνεύματος] πατρὸς L &lt;πάντα&gt; πρὸς conicio πλείω Α 28
ἢ U: om. ceteri τὸ ἐναντίον Α</note>

<pb n="44"/>
πάντα ζῴων ἄγονα ἦν, μόνος ἀὴρ ὤφειλε ζῳοτοκῆσαι τὰ ψυχῆς κατ’
</p></div>

<div type="textpart" subtype="chapter" n="12">
<p> ἐξαίρετον χάριν παρὰ τοῦ δημιουργοῦ σπέρματα λαβών. <milestone unit="altref" n="3"/> τῶν οὖν
ψυχῶν αἱ μὲν πρὸς σώματα κατέβησαν, αἱ δὲ <milestone unit="altpage1" n="p. 264 Μ"/>  οὐδενὶ τῶν γῆς μορίων 
ἠξίωσάν ποτε συνενεχθῆναι. ταύταις ἀφιερωθείσαις καὶ τῆς τοῦ πατρὸς
θεραπείας περιεχομέναις ὑπηρέτισι καὶ διακόνοις ὁ δημιουργὸς εἴωθε <lb n="5"/>
 χρῆσθαι πρὸς τὴν τῶν θνητῶν ἐπιστασίαν.</p></div>

<div type="textpart" subtype="chapter" n="13">
<p>ἐκεῖναι δ’ ὥσπερ εἰς ποταμὸν
τὸ σῶμα καταβᾶσαι ποτὲ μὲν ὑπὸ συρμοῦ δίνης βιαιοτάτης ἁρπασθεῖσαι
κατεπόθησαν, ποτὲ δὲ πρὸς τὴν φορὰν ἀντισχεῖν δυνηθεῖσαι τὸ μὲν
 πρῶτον ἀνενήξαντο, εἶτα ὅθεν ὥρμησαν, ἐκεῖσε πάλιν ἀνέπτησαν.</p></div>

<div type="textpart" subtype="chapter" n="14">
<p>αὗται
μὲν οὖν εἰσι ψυχαὶ τῶν ἀνόθως φιλοσοφησάντων, ἐξ ἀρχῆς ἄχρι <lb n="10"/>
τέλους μελετῶσαι τὸν μετὰ σωμάτων ἀποθνῄσκειν βίον, ἵνα τῆς ἀσωμάτου
 καὶ ἀφθάρτου παρὰ τῷ ἀγενήτῳ καὶ ἀφθάρτῳ ζωῆς μεταλάχωσιν,</p></div>

<div type="textpart" subtype="chapter" n="15">
<p>αἱ δὲ
καταποντωθεῖσαι τῶν ἄλλων ἀνθρώπων ὅσοι σοφίας ἠλόγησαν ἐκδόντες
ἀστάτοις καὶ τυχηροῖς πράγμασιν ἑαυτοὺς, ὧν οὐδὲν εἰς τὸ κράτιστον
τῶν ἐν ἡμῖν, ψυχὴν ἢ νοῦν, ἀναφέρεται, πάντα δὲ ἐπὶ τὸν συμφυᾶ <lb n="15"/>
νεκρὸν ἡμῶν, τὸ σῶμα, ἢ ἐπὶ τὰ ἀψυχότερα τούτου, δόξαν λέγω καὶ
χρήματα καὶ ἀρχὰς καὶ τιμὰς καὶ ὅσα ἄλλα ὑπὸ τῶν μὴ τεθεαμένων
τὰ πρὸς ἀλήθειαν καλὰ ἀπάτῃ ψευδοῦς δόξης ἀναπλάττεται ἢ ζωγραφεῖται.
</p></div>

<div type="textpart" subtype="chapter" n="16">
<p> <milestone unit="altref" n="4"/> ψυχὰς οὖν καὶ δαίμονας καὶ ἀγγέλους ὀνόματα μὲν διαφέροντα, ἓν
δὲ καὶ ταὐτὸν ὑποκείμενον διανοηθεὶς ἄχθος βαρύτατον ἀποθήσῃ δεισιδαιμονίαν. <lb n="20"/>
<note type="footnote">1 φίλε U 2 post λαβὼν add. ἀθανάτου ψυχάς U 3 τὰ σώματα Α
4 ἠξιώθησαν U ταύταις codd.: αἷς Mang. 5 περιεχομέναις UH2: περιεχομέναις αἷς
MAH1P 6 ἐπιστασίαν scripsi: ἐπίστασιν MAUP, σύστασιν Η 7 ποτὲ MAUE:
τοτὲ HP δεινῆς U 8 ποτὲ MAUPE: τοτὲ Η 9 ὥρμησαν MAH1P:
ὡρμήθησαν UH2E ἀνέπτησαν E: ἀπέπτησαν ceteri 10 ἀνόθως Mang.: ἄνωθέν πως
MAHP, ἄνωθεν εὐσθενῶς UE 11 τὸν] τῶν Α ἀποθνήσκει Α 12 ἀγενήτω
Hbr: ἀγεννήτω ceteri 13 καταποντωθεῖσαι MAHP: καταποθεῖσαι UE, καταποντισθεῖσαι
L 14 πνεύμασιν Η οὐδεὶς τὸ U 14. 15 τὸ — ἡμῖν om. Ε 15 τῶν
ἐν ἡμῖν om. U δ’ U 16 ψυχρότερα Α 17 ὑπὸ MAHE: ἀπὸ UP
18 τὰ om. HP 19 οὑν δαίμονας HP ὀνόματι μὲν διαφέροντας E 20 ἀποθήση
Η: ἀποθήσει MAP, ἀποθήσεις UE</note>
<note type="footnote">2 sqq. Origenes Contra Celsum V 55 p. 620: καὶ τῶν πρὸ ἡμῶν τις ταῦτα ἀνήγαγεν εἰς
τὸν περὶ ψυχῶν λόγον ἐν ἐπιθυμία γενομένων τοῦ ἐν σώματι ἀνθρώπων βίου, ἅπερ (leg.
ὅνπερ) τροπολογῶν ἔφασκε λελέχθαι θυγατέρας ἀνθρώπων. Comment. in loannem VI 25
p. 142: ἥντινα κατάβασιν αἰνίσσεσθαί τινες ὑπειλήφασι τὴν τῶν ψυχῶν κάθοδον ἐπὶ τὰ σώ·
μάτα, θυγατέρας ἀνθρώπων τροπικώτερον τὸ γήινον σκῆνος λέγεσθαι ὑπειληφότες.
6 — 45, 8 ἐκεῖναι δ’ ὥσπερ — ἀγγέλων πονηρῶν exstaut iu Epitome Περὶ κόσμου (= E)
cap. 3, II p. 604,38 — 605,26 M. consensum codicum, non editionum lectiones adnotavi.
16 cf. Aristot. fr. 60.</note>

<pb n="45"/>
ὥσπερ γὰρ ἀγαθοὺς δαίμονας καὶ κακοὺς λέγουσιν οἱ πολλοὶ
καὶ ψυχὰς ὁμοίως, οὕτως καὶ ἀγγέλους τοὺς μὲν τῆς προσρήσεως ἀξίους
πρεσβευτάς τινας ἀνθρώπων πρὸς θεὸν καὶ θεοῦ πρὸς ἀνθρώπους ἱεροὺς
καὶ ἀσύλους διὰ τὴν ἀνυπαίτιον καὶ παγκάλην ταύτην ὑπηρεσίαν, τοὺς δ’
<lb n="5"/> ἔμπαλιν ἀνιέρους καὶ ἀναξίους τῆς προσρήσεως καὶ αὐτὸς ὑπολαμβάνων
οὐχ ἁμαρτήσει.</p></div>

<div type="textpart" subtype="chapter" n="17">
<p>μαρτυρεῖ δέ μου τῷ λόγῳ τὸ παρὰ τῷ ὑμνογράφῳ εἰρημένον ἐν ᾄσματι τούτῳ· „ἐξαπέστειλεν εἰς αὐτοὺς ὀργὴν θυμοῦ αὐτοῦ,
θυμὸν καὶ ὀργὴν καὶ θλῖψιν, ἀποστολὴν δι’ ἀγγέλων πονηρῶν“ (Psalm.
 77,49). οὗτοί  <milestone unit="altpage2" n="p. 265 Μ."/> εἰσιν οἱ πονηροὶ τὸ ἀγγέλων ὄνομα ὑποδυόμενοι, τὰς
<lb n="10"/> μὲν ὀρθοῦ λόγου θυγατέρας, ἐπιστήμας καὶ ἀρετάς, οὐκ εἰδότες, τἀς δὲ
τῶν ἀνθρώπων θνητὰς θνητῶν ἀπογόνους ἡδονὰς μετερχόμενοι γνήσιον
μὲν οὐδὲν ἐπιφερομένας κάλλος, ὃ διανοίᾳ μόνῃ θεωρεῖται, νόθον δὲ
εὐμορφίαν, δι’ ἧς ἡ αἴσθησις ἀπατᾶται.</p></div>

<div type="textpart" subtype="chapter" n="18">
<p>λαμβάνουσι δὲ οὐ πάσας ἅπαντες τὰς θυγατέρας, ἀλλ’ ἔνιοι ἐνίας ἐκ μυρίων ὅσων ἐπελέξαντο
<lb n="15"/> ἑαυτοῖς, οἱ μὲν τὰς δι’ ὄψεως, ἕτεροι δὲ τὰς δι’ ἀκοῆς, τὰς δ’ αὖ διὰ
γεύσεως καὶ γαστρὸς ἄλλοι, τινὲς δὲ τὰς μετὰ γαστέρα, πολλοὶ δὲ καὶ
τῶν πορρωτάτω διῳκισμένων ἀντελάβοντο τὰς μηκίστας ἐν ἑαυτοῖς
τείνοντες ἐπιθυμίας· ποικίλαι γὰρ ἐξ ἀνάγκης αἱ ποικίλων ἡδονῶν αἱρέσεις,
ἄλλων ᾠκειωμένων ἄλλαις.</p>
<lb n="20"/> </div>

<div type="textpart" subtype="chapter" n="19">
<p><milestone unit="altref" n="5"/> ’Ev δὴ τοῖς τοιούτοις ἀμήχανον τὸ τοῦ θεοῦ καταμεῖναι καὶ διαιωνίσαι πνεῦμα, ὡς δηλοῖ καὶ αὐτὸς ὁ νομοθέτης. „εἶπε“ γάρ φησι
„κύριος ὁ θεός· οὐ καταμενεῖ τὸ πνεῦμά μου ἐν τοῖς ἀνθρώποις εἰς τὸν
αἰῶνα διὰ τὸ εἶναι αὐτοὺς σάρκας“ (Gen. 6,3).</p></div>

<div type="textpart" subtype="chapter" n="20">
<p>μένει μὲν γὰρ ἔστιν ὅτε, καταμένει δ’ οὐκ εἰσάπαν παρὰ τοῖς πολλοῖς ἡμῖν. τίς γὰρ οὕτως
<note type="footnote">1 γὰρ UE: om. ’P, δὲ Η 2 2 οὕτω E τῆς] τῆς ἀγαθῆς Η 2 προρρήσεως
ΑΕ ἀξίους om. HP 3 πρεσβύτας U 3. 4 ἀσύλους καὶ ἱεροὺς HP 4 post
ἀσύλους add. φύλακας Ε πανάλην (sic) U 5 προρρήσεως Α καὶ αὐτὸς] καὶ
ὑπαιτίους coni. Mang. 6 ἁμαρτήσεις UH2E 6. 7 λόγῳ ὁ ὑμνογράφος οὑτωσὶ
λέγων Ε 7 τοῦτο U (coni. Mang.) 8 θυμὸν — ἀποστολὴν om. E ἀποστελεῖ Α
9 οὗτοι] spat. 5 litt. M οἱ ante τὸ add. H 2 τὸ om. M 1 1 θνητὰς
τῶν ἀνθρώπων HP θνητῶν θνητὰς U 13 εὐμορφίαν ἧ αἴσθησις ἀπάγεται U
14 ἐνίας MHP: ἐνίας ἃς A, ἅς U ὅσον Α ἐπελέξαντο MAU: ἐξελέξαντο HP
15 δὲ om. HP 17 ἀντελάβοντο scripsi: ἀνελάβοντο codd. πρὸς μήκιστον τὰς
ἐν conicio vel μηκίστας τὰς ἐν μηκίστας MAU: ἡκίστας (s. s. μ) P, ποικίλας in
ras. H 18 τείναντες U(?) 19 ᾠκειωμένων ΑΗ2: ἐκειουμένων U, οἰκειωμένων
MH1P 20 τὸ om. U 22 οὐ μὴ καταμείνῃ U εἰς
om. U 23 μὲν om. U 24 καταμενεῖ AP οὐκ] οὐδ’ Η</note>
<note type="footnote">2. 3 cf. Platonis Symposion p. 202 E</note>

<pb n="46"/>
ἄλογος ἢ ἄψυχός ἐστιν, ὡς μηδέποτε ἔννοιαν τοῦ ἀρίστου μήθ’ ἑκὼν
μήτ’ ἄκων λαβεῖν; ἀλλὰ γὰρ καὶ τοῖς ἐξαγίστοις ἐπιποτᾶται πολλάκις
αἰφνίδιος ἡ τοῦ καλοῦ φαντασία συλλαβεῖν δ’ αὐτὴν καὶ φυλάξαι παρ’
 ἑαυτοῖς ἀδυνατοῦσιν.</p></div>

<div type="textpart" subtype="chapter" n="21">
<p>οἴχεται γὰρ εὐθέως μεταναστᾶσα, τοὺς προσεληλυθότας
οἰκήτορας νόμον καὶ δίκην ἐκδεδιῃτημένους ἀποστραφεῖσα, πρὸς <lb n="5"/>
οὓς οὐδ’ ἄν ποτε ἧκεν, εἰ μὴ τοῦ διελέγξαι χάριν τοὺς ἀντὶ καλῶν
 αἰσχρὰ αἱρουμένους.</p></div>

<div type="textpart" subtype="chapter" n="22">
<p>λέγεται δὲ θεοῦ πνεῦμα καθ’ ἕν μὲν τρόπον ὁ
ῥέων ἀὴρ ἀπὸ γῆς, τρίτον στοιχεῖον ἐποχούμενον ὕδατι — παρό φησιν
ἐν τῇ κοσμοποιίᾳ· „πνεῦμα θεοῦ ἐπεφέρετο ἐπάνω τοῦ ὕδατος“ (Gen.
1,2), ἐπειδήπερ ἐξαιρόμενος ὁ ἀὴρ κοῦφος ὢν ἄνω φέρεται ὕδατι βάσει <lb n="10"/>
χρώμενος —, καθ’ ἕτερον δὲ τρόπον ἡ ἀκήρατος ἐπιστήμη, ἧς πᾶς ὁ
 σοφὸς εἰκότως μετέχει.</p></div>

<div type="textpart" subtype="chapter" n="23">
<p>δηλοῖ δὲ ἐπὶ τοῦ τῶν ἁγίων ἔργων δημιουργοῦ
καὶ τεχνίτου φάσκων, ὅτι „ἀνεκάλεσεν ὁ θεὸς τὸν Βεσελεὴλ καὶ
ἐνέπλησεν αὐτὸν πνεύματος θείου, σοφίας, συνέσεως, ἐπιστήμης, ἐπὶ
παντὶ ἔργῳ διανοεῖσθαι“ (Exod. 31, 2 — 3)· ὥστε τὸ τί ἐστι πνεῦμα <lb n="10"/>
</p></div>

<div type="textpart" subtype="chapter" n="24">
<p> θεῖον ὁρικῶς διὰ τῶν λεχθέντων ὑπογράφεσθαι. <milestone unit="altref" n="6"/> τοιοῦτόν ἐστι καὶ
τὸ Μωυσέως πνεῦμα, ὃ ἐπιφοιτᾷ τοῖς ἑβδομήκοντα πρεσβυτέροις τοῦ
διενεγκεῖν ἑτέρων καὶ βελτιωθῆναι χάριν· <milestone unit="altpage1" n="p. 266 Μ"/>  οἷς οὐδὲ πρεσβυτέροις πρὸς 
ἀλήθειαν ἔνεστι γενέσθαι μὴ μεταλαβοῦσι τοῦ πανσόφου πνεύματος
ἐκείνου. λέγεται γὰρ ὅτι „ἀφελῶ ἀπὸ τοῦ πνεύματος τοῦ ἐπὶ σοὶ καὶ <lb n="20"/>
 ἐπιθήσω ἐπὶ τοὺς ἑβδομήκοντα πρεσβυτέρους“ (Num. 11,17).</p></div>

<div type="textpart" subtype="chapter" n="25">
<p>ἀλλὰ μὴ
νομίσῃς οὕτως ἀφαίρεσιν κατὰ ἀποκοπὴν καὶ διάζευξιν γίνεσθαι, ἀλλ’ οἵα
<note type="footnote">1 ἢ UH2: om. MAH2P 3 συμφυλάξαι U 4 ἀμηχανοῦσιν U 4.5 προσεληλυθότας
UH1P προεληλυθότας MA, μετεληλυθότας H2 5 ἐκδεδιητημένους U: ἐκδεδιητημένοις
MAP, ἐκδεδιητημένην Η ἀποστραφεῖσα om. U 6 οὐδ’] οὐκ U
7 προαιρουμένους U 8 ἀπὸ MAH1P: τὸ ἀπὸ U, ἐπὶ H2 παρ’ ὃ MAU
10 ἐξαιρούμενος P ὁ om. U 12 δ’ U ἔργου HP 13 ὅτι
ἀνεκάλεσεν HP: ὅταν ἐκάλεσεν MA, ὅτι ἐκάλεσε U ὁ θεὸς] (??) U 14
ἐπλήρωσεν U ἐπὶ] ἐν U 16 ὁριστικῶς U 17 Μωυσέος AHP
ἐπεφοίτησε U 18. 19 πρὸς ἀλήθειαν ἔνεστι προσγενέσθαι U, ἔνεστι γενέσθαι πρὸς ἀλήθειαν
HP 19 μεταλαχοῦσι Α 20 ἀπό om. V 22 post οὕτως add. τὴν H 2
γίνεσθαι καὶ διάζευξιν U</note>
<note type="footnote">22 sqq. Origenes Contra Celsum VI 70 p. 685: ἀεὶ γὰρ ὁ θεὸς μεταδίδωσι τοῖς
μετέχειν αὐτοῦ τοῦ ἰδίου πνεύματος οὐ κατὰ ἀποτομὴν καὶ διαίρεσιν ἐγγινομένου τοῖς ἀξίοις,
Ilomilia in Numeros VI 2 p. 287: quod dixit, quia assumens de spiritu Moysi dedit
septuaginta senioribus spiritum, non ita intellegas, quasi materialem aliquam corporeamque
substantiam auferens deus a Moyse in septuaginta secuerit portiones et ifa unicuique
seniorum exiguam particulam dederit. impium est ita intelligere naturara spiritus sancti. sed hoc modo figuram mystici huius sermonis adverte, quasi Moyses et spiritus
qui erat in Moyse clarissimi cuiusdam luminis fuerit lucerna, ex qua alias septuaginta
lucernas accenderit deus, ad quas ita principalis iilius luminis splendor pervenerit,
ut origo ipsa luminis nihil damni ex commercio derivationis acceperit. cf.
Augustini Quaest. libr. IV 55 —6 Clem. Alex. Strom. I § 12 p. 323 P: τὰ φρέατα ἐξαντλούμενα
διειδέστερον ὕδωρ ἀναδίδωσι, τρέπεται δέ εἰς φθορὰν ὦν μεταλαμβάνει οὐδείς.</note>

<pb n="47"/>
γένοιτ’ ἄν ἀπὸ πυρὸς ὅ, κἄν μυρίας δᾷδας ἐξάψῃ, μένει μήδ’ ὁτιοῦν ἐλαττωθὲν
ἐν ὁμοίῳ. τοιαύτη τίς ἐστι καὶ τῆς ἐπιστήμης ἡ φύσις· τοὺς γὰρ
φοιτητὰς καὶ γνωρίμους ἀποφήνασα ἐμπείρους πάντας κατ’ οὐδὲν μέρος
ἐλαττοῦται, πολλάκις δὲ καὶ πρὸς τὸ ἄμεινον ἐπιδίδωσιν, ὥσπερ φασὶ
<lb n="5"/> τὰς ἀπαντλουμένας πηγάς· καὶ γὰρ ἐκείνας λόγος ἔχει τότε μᾶλλον
γλυκαίνεσθαι.</p></div>

<div type="textpart" subtype="chapter" n="26">
<p>αἱ γὰρ συνεχεῖς πρὸς ἑτέρους ὁμιλίαι μελέτην καὶ ἄσκησιν ἐμποιοῦσαι ὁλόκληρον τελειότητα ἐργάζονται. εἰ μὲν οὖν τὸ ἴδιον αὐτοῦ
Μωυσέως πνεῦμα ἤ τινος ἄλλου γενητοῦ τοσούτῳ πλήθει γνωρίμων
ἔμελλε διανέμεσθαι, κἂν κατακερματισθὲν εἰς μοίρας τοσαύτας ἐμειοῦτο.
</p></div>

<div type="textpart" subtype="chapter" n="27">
<p><lb n="10"/> νῦν δὲ τὸ ἐπ’ αὐτῷ πνεῦμά ἐστι τὸ σοφόν, τὸ θεῖον, τὸ ἄτμητον, τὸ ἀδιαίρετον, τὸ ἀστεῖον, τὸ πάντῃ δι’ ὅλων ἐκπεπληρωμένον· ὅπερ
ὠφελοῦν οὐ βλάπτεται οὐδὲ μεταδοθὲν ἑτέροις οὐδ’ αὖ προστεθὲν
ἐλαττοῦται τὴν σύνεσιν καὶ ἐπιστήμην καὶ σοφίαν. </p></div>

<div type="textpart" subtype="chapter" n="28">
<p><milestone unit="altref" n="7"/> διὸ δὴ πνεῦμα θεῖον μένειν μὲν δυνατὸν ἐν ψυχῇ, διαμένειν δὲ ἀδύνατον, ὡς εἴπομεν.
<lb n="15"/> καὶ τί θαυμάζομεν; οὐδὲ γὰρ ἄνου τὸ παράπαν οὐδενὸς ἐχυρὰ καὶ
βέβαιος ἐγγίνεται κτῆσις ἀντιρρεπόντων καὶ πρὸς ἑκάτερα ταλαντευόντων
τῶν ἀνθρωπίνων πραγμάτων καὶ ἄλλοτε ἀλλοίας ἐνδεχομένων μεταβολάς.
</p></div>

<div type="textpart" subtype="chapter" n="29">
<p>αἴτιον δὲ τῆς ἀνεπιστημοσύνης μέγιστον ἡ σὰρξ καὶ ἡ πρὸς σάρκα οἰκείωσις· καὶ αὐτὸς δὲ ὁμολογεῖ φάσκων „διὰ τὸ εἶναι αὐτοὺς σάρκας“
<lb n="20"/> μὴ δύνασθαι τὸ θεῖον πνεῦμα καταμεῖναι. καίτοι καὶ γάμος καὶ παιδοτροφία
καὶ πορισμὸς τῶν ἀναγκαίων ἀδοξία τε μετὰ ἀχρηματίας καὶ
πραγματεῖαι, ὧν αἱ μὲν ἴδιαι αἱ δὲ κοιναί, καὶ μυρία ἄλα. πρὶν σοφίαν
<note type="footnote">1 ἐξάψῃς conicio μένει post ὁμοίῳ posuit U 2 καὶ om. U τοὺς μὲν
γὰρ U 3 ἅπαντας ἀποφήνασα ἐμπείρους κατ’ U ἅπαντας P 8 Μωυσέως
U: Μώσεως ceteri γεννητοῦ Α γνωρίμων Mang.: γνώριμον U, γνωρίμω
ceteri 10 νυνὶ U αὐτὸν P 12 οὐδὲ Α: οὐ MPH1, om. UH2
μεταδοθὲν ἑτέροις om. U ἑτέροις M: ἑτέρω ceteri προστιθοῦν U 13 διὸ]
αἱ U 14 post θεῖον add. εἰσὶ U καταμένειν coni. Mang. 15 οὐδενὸς
om. U ὀχυρὰ P1 16 κτίσις Α ἑκάτερα MAU, mg. H, mg. P: ἄλληλα text.
HP 17 ἄλλας coni. Mang. ἐνδεχομένων UH: ἐκδεχομένων MAP
μεταβολάς] τροπάς U 19 σάρκα U 22 πραγματειῶν αἱ U 22. 48,1 πρὶν
ἀνομβρῆσαι σοφίαν ἀλλ’ U</note>

<pb n="48"/>
 ἀνθῆσαι, κατεμάραναν.</p></div>

<div type="textpart" subtype="chapter" n="30">
<p>ἀλλ’ οὐδὲν οὕτως ἐμπόδιον πρὸς αὔξησιν αὐτῆς,
ὡς ἡ σαρκῶν φύσις. αὕτη γὰρ καθάπερ τις θεμέλιος ἀγνοίας καὶ
ἀμαθίας πρῶτος καὶ μέγιστος ὑποβέβληται, ᾧ τῶν εἰρημένων ἕκαστον
 ἐποικοδομεῖται.</p></div>

<div type="textpart" subtype="chapter" n="31">
<p>ψυχαὶ μὲν γὰρ ἄσαρκοι καὶ ἀσώματοι ἐν τῷ τοῦ
παντὸς θεάτρῳ διημερεύουσαι θεμάτων καὶ ἀκουσμάτων θείων. <milestone unit="altpage1" n="p. 267 M."/>  ὧν 
ἄπληστος αὐτὰς εἰσελήλυθεν ἔρως, μηδενὸς κωλυσιεργοῦντος ἀπολαύουσιν.<lb n="6"/>
ὅσαι δὲ τὸν σαρκῶν φόρτον ἀχθοφοροῦσι, βαρυνόμεναι καὶ πιεζόμεναι
ἄνω μὲν βλέπειν εἰς τὰς οὐρανίους περιόδους ἀδυνατοῦσι. κάτω δὲ
ἑλκυσθεῖσαι τὸν αὐχένα βιαίως δίκην τετραπόδων γῇ προσερρίζωνται.
</p></div>

<div type="textpart" subtype="chapter" n="32">
<p> <milestone unit="altref" n="8"/> (8.) παρὸ καὶ τὰς ἐκνόμους καὶ ἐκθέσμους ὁμιλίας τε καὶ μίξεις <lb n="10"/>
ἐγνωκὼς ὁ νομοθέτης ἀναιρεῖν προοιμιάζεται τὸν τρόπον τοῦτον· „ἄνθρωπος
ἄνθρωπος πρὸς πάντα οἰκεῖον σαρκὸς αὐτοῦ οὐ προσελεύσεται
ἀποκαλύψαι ἀσχημοσύνην· ἐγὼ κύριος“ (Lev. 18,6). πῶς ἄν τις προτρέψαιτο
μᾶλλον σαρκὸς καὶ τῶν σαρκὸς οἰκείων καταφρονεῖν ἢ τοῦτον
 τὸν τρόπον;</p></div>

<div type="textpart" subtype="chapter" n="33">
<p>καίτοι οὐκ ἀποτρέπει μόνον, ἀλλὰ καὶ παγίως ἀποφαίνεται, <lb n="15"/>
ὅτι ὁ πρὸς ἀλήθειαν ἄνθρωπος οὐ προσελεύσεταί ποτε ἑκὼν ταῖς φίλαις
καὶ συγγενέσι σώματος ἡδοναῖς, ἀλλοτρίωσιν δὲ τὴν πρὸς αὐτὰς ἀεὶ
μελετήσει. τὸ μὲν οὖν μὴ ἅπαξ ἀλλὰ δὶς φάναι „ἄνθρωπος ἄνθρωπος“
σημεῖόν ἐστι τοῦ μὴ τὸν ἐκ σώματος καὶ ψυχῆς ἀλλὰ τὸν ἀρετῇ
κεχρημένον δηλοῦσθαι. ὄντως γὰρ ὁ ἀληθινὸς οὗτός ἐστιν, ὃν καὶ τῶν <lb n="20"/>
παλαιῶν λύχνον τις μεσημβρίας ἁψάμενος πρὸς τοὺς πυνθανομένους
 ἄνθρωπον ἔφη ζητεῖν.</p></div>

<div type="textpart" subtype="chapter" n="34">
<p>τὸ δὲ μὴ πρὸς πάντα οἰκεῖον προσέρχεσθαι τῆς
σαρκὸς ἔχει λόγον ἀναγκαῖον. ἔνια γὰρ προσετέον, οἷον αὐτὰ τὰ
ἐπιτήδεια, οἷς χρώμενοι ζῆν ἀνόσως καὶ ὑγιεινῶς δυνησόμεθα, τὰ δὲ
<note type="footnote">2 σαρκὸς U 3 ἕκαστος U 4 γὰρ om. Α 5 θελημάτων H
6 αὐτὰς U: εἰς ταύτας MA, εἰς τοσαύτας P, εἰς τοσοῦτον Η (sed υ et ὂν in ras.)
7 τὸν] τῶν AU τὸν φόρτον U 8 οὐρανίας, s. s. οὑς Η ὁδοὺς U
9 προσερρίζονται Α 10 παρ’ ὃ U, παρ’ ὧν corr. ex παρὸ Α 12 ἄνθρωπος
om. UH1, ἀνθρώπω AP 1 πρὸς πᾶσαν σάρκα οἰκίαν U 14. 15 τὸν τρόπον
τοῦτον U 16 ποτε om. U 17 αὐτὰ H 2, αὐτὴν P 18 ἄνθρωπος ἀνθρώπῳ Α
19 prius τὸν om. P τὸν ἐν ἀρετὴ U 20 ὄντος Α ὃν] ὃς corr. ex ὃν
A, ὁ U, ὡς coni. Mang. 20. 21 τὸν παλαιὸν Α 21 τις] τῆς corr. ex τις Α
ἐν μεσημβρία τις λύχνον U 22 πάντα τὰ οἰκεῖα U 23 ἀναγκαῖον] ἀναπτύξαι
ἄξιον coni. Mang. ἔνια μὲν γὰρ U προσεκτέον Α 24 δὲ om. H1P</note>
<note type="footnote">18 — 20 Origenes Homilia XXIV 2 in Numeron p. 363 (ad Num. 30,2): quae est ista
repetencli nominis causa? . . . . ilie interior est homo . . . in ilio namqne est habitaculum
virtutum. refutalnr haec. interpretalio in Anguslini Locutionum libr. III 59 (ad
Levit. 24,15) 21 Laert. Diog. VI 41.</note>

<pb n="49"/>
περιττὰ σκορακιστέον, ὑφ’ ὧν ἐξαπτόμεναι αἱ ἐπιθυμίαι τὰ σπουδαῖα
πάντα ῥύμῃ μιᾷ καταφλέγουσι.</p></div>

<div type="textpart" subtype="chapter" n="35">
<p>μὴ πρὸς πάντα οὖν τὰ τῇ σαρκὶ φίλα αἱ ὀρέξεις ἀνηρεθίσθωσαν· ἡδοναὶ γὰρ αἱ ἀτίθασοι πολλάκις, ὅταν κυνῶν
τρόπον προσσαίνωσιν, ἐξ ὑποστροφῆς ἀνίατα ἔδακον. ὥστε τὴν ἀρετῆς
<lb n="5"/> φίλην ὀλιγόδειαν πρὸ τῶν σώματος οἰκείων ἀσπαζόμενοι τὸν πολὺν καὶ
ἀνήνυτον ὄχλον ἀσπόνδων ἐχθρῶν καταλύωμεν. ἐὰν δέ πού τις καιρὸς
βιάζηται πλείω τῶν μετρίων καὶ ἱκανῶν λαμβάνειν, αὐτοὶ μὴ προσερχώμεθα·
λέγει γὰρ· „οὐ προσελεύσεται αὐτὸς ἀποκαλύψαι ἀσχημοσύνην“.
</p></div>

<div type="textpart" subtype="chapter" n="36">
<p><milestone unit="altref" n="9"/> τί δὲ τοῦτό ἐστιν, ἄξιον ἀναπτύξαι· πολλάκις οὐ γενόμενοί τινες <lb n="10"/> πορισταὶ χρημάτων ἄφθονον ἔσχον περιουσίαν, ἕτεροι δὲ δόξαν οὐκ
ἐπιτηδεύσαντες ἐπαίνων δημοσίᾳ καὶ τιμῶν ἠξιώθησαν, τοῖς δὲ οὐδὲ
μικρὰν ἰσχὺν ἐλπίσασι μεγίστη προσεγένετο εὐτονία.</p></div>

<div type="textpart" subtype="chapter" n="37">
<p>μαθέτωσαν δὴ πάντες οὗτοι μηδενὶ προσέρχεσθαι γνώμῃ τῶν εἰρημένων, τοῦτο δέ ἐστι
μὴ θαυμάζειν αὐτὰ καὶ ἀποδέχεσθαι πλέον τοῦ μετρίου κρίνοντας ἕκαστον
 αὐτῶν οὐκ  <milestone unit="altpage2" n="p. 268 M."/> ἀγαθὸν [μόνον], ἀλλὰ καὶ μέγιστον κακόν, τὰ χρήματα, τὴν
<lb n="16"/> δόξαν, τὴν σωμάτων δύναμιν. φιλαργύροις μὲν γὰρ ἡ πρὸς ἀργύριον,
φιλοδόξοις δὲ ἡ πρὸς δόξαν, φιλάθλοις δὲ καὶ φιλογυμνασταῖς ἡ πρὸς
ἰσχὺν πρόσοδος οἰκεία· τὸ γὰρ ἄμεινον, ψυχήν, τοῖς χείροσιν ἐκδεδώκασιν,
ἀψύχοις ὅσοι δὲ ἐντὸς ἑαυτῶν εἰσι,</p></div>

<div type="textpart" subtype="chapter" n="38">
<p>τὰς λαμπρὰς καὶ περιμαχήτους <lb n="20"/> εὐπραγίας ὑπηκόους ἀποφαίνουσιν ὡς ἡγεμόνι τῷ νῷ, προσιούσας μὲν
δεχόμενοι πρὸς ἐπανόρθωσιν, μακρὰν δὲ ἀφεστηκυίαις οὐ προσερχόμενοι,
ὡς καὶ δίχα αὐτῶν δυνηθέντες ἂν εὐδαιμονῆσαι.</p></div>

<div type="textpart" subtype="chapter" n="39">
<p>ὁ δὲ μετιὼν καὶ κατ’ ἴχνος βαίνειν ἐθέλων αἰσχρᾶς ἀναπίμπλησι δόξης φιλοσοφίαν· οὗ χάριν
λέγεται „ἀποκαλύψαι τὴν ἀσχημοσύνην“. πῶς γὰρ οὐκ ἐναργῆ καὶ
<lb n="25"/> πρόδηλα τὰ ὀνείδη τῶν λεγόντων μὲν εἶναι σοφῶν, πωλούντων δὲ σοφίαν
καὶ ἐπευωνιζόντων, ὥσπερ φασὶ τοὺς ἐν ἀγορᾷ τὰ ὤνια προκηρύττοντας,
τοτὲ μὲν μικροῦ λήμματος, τοτὲ δὲ ἡδέος καὶ εὐπαραγώγου λόγου, τοτὲ
δὲ ἀβεβαίου ἐλπίδος ἀπὸ μηδενὸς ἠρτημένης ἐχυροῦ, ἔστι δ’ ὅτε καὶ
<note type="footnote">3 ἀνηρεθίσθωσαν Μ: ἀνηρεθήσθωσαν Α, ἀνερεθίσθωσαν UH1P, ἀνερεθιζέσθωσαν Η 2
ἀτίθασσοι AU, τιθασοὶ coni. Mang. 4 προσσαίνωσιν M: προσαίνωσιν HP, πρὸς ἕνωσιν
Α, προσγενῶσιν U ἐπιστροφῆς H 5 ὀλιγοδέειαν H1P 6 καταλύωμεν
PH1: καταλύσωμεν U, καταλύομεν MAH2 7 ἱκανῶς P 7. 8 προσερχόμεθα Α
9 δ’ ἐπὶ τοῦτο U 10 τῶν χρημάτων HP 11 οὐδὲ] οὐ Α 13 δ’ ἐστὶ U
15 μόνον om. U οὐ μόνον οὐκ ἀγαθόν conicio 16 τὴν τῶν σωμάτων U
17 alterum δὲ om, MAH1 18 πρόσοδος] δύναμις U ψυχὴν MAUP, mg. Η:
τῆς ψυχῆς text. H 19 ἐντὸς ἑαυτῶν MA: ἐν τοῖς ἑαυτῶν U, ἑαυτῶν P, ἑαυτῶν
ἐντός H 23 ἐμπίπλησι AH1, sed ἐμπι in ras. Α δόξης om. P 24 γὰρ om. Α
25 φιλοσοφίαν U 27 ποτὲ ter A ἡδέως U 28 δὲ ἀβεβαίου] δι’ ἀβεβαίου 2
διὰ βεβαίου Η 1, δὲ διὰ βεβαίου P. δὲ δι’ ἀβεβαίου L αἰσχροῦ U
Philonis opera vol. II 4</note>

<pb n="50"/>
</p></div>

<div type="textpart" subtype="chapter" n="40">
<p> ὑποσχέσεων, αἳ διαφέρουσιν ὀνειράτων οὐδέν; <milestone unit="altref" n="10"/> τὸ δὲ ἐπιφερόμενον
„ἐγὼ κύριος“ παγκάλως καὶ σφόδρα παιδευτικῶς εἴρηται. ἀντίθες γάρ,
φησίν ὦ γενναῖε, τὸ σαρκὸς ἀγαθὸν τῷ τῆς ψυχῆς καὶ τῷ τοῦ παντὸς
ἀγαθῷ· οὐκοῦν τὸ μὲν σαρκός ἐστιν ἄλογος ἡδονή, τὸ δὲ ψυχῆς καὶ
 τοῦ παντὸς ὁ νοῦς τῶν ὅλων, ὁ θεός.</p></div>

<div type="textpart" subtype="chapter" n="41">
<p>ἐφάμιλλός γε ἡ ἀσύγκριτος <lb n="5"/>
σύγκρισις, ὡς παρὰ τὴν ἐγγὺς ὁμοιότητα ἀπατηθῆναι· εἰ μὴ καὶ τὰ
ἔμψυχα ἀψύχοις ἐρεῖ τις καὶ τὰ λογικὰ ἀλόγοις καὶ ἡρμοσμένα ἀναρμόστοις
καὶ περιττοῖς ἄρτια καὶ φωτὶ σκότος καὶ ἡμέραν νυκτὶ καὶ πάντα
 τἀναντία τοῖς ἐναντίοις τὰ αὐτὰ πρὸς ἀλήθειαν εἶναι.</p></div>

<div type="textpart" subtype="chapter" n="42">
<p>καίτοι καὶ εἰ
ταῦτα τῷ γένεσιν ἐνδεδέχθαι κοινωνίαν τινὰ ἔχει καὶ συγγένειαν, ἀλλά <lb n="10"/>
γε ὁ θεὸς οὐδὲ τῷ ἀρίστῳ τῶν φύντων ὅμοιος, ὅτιπερ τὸ μὲν γέγονέ τε
 καὶ πείσεται, ὁ δ’ ἐστὶν ἀγένητός τε καὶ ποιῶν ἀεί.</p></div>

<div type="textpart" subtype="chapter" n="43">
<p>καλὸν δὲ μὴ
λιποτακτῆσαι μὲν τῆς τοῦ θεοῦ τάξεως, ἐν ᾗ τοὺς τεταγμένους πάντας
ἀριστεύειν ἀνάγκη, αὐτομολῆσαι δὲ πρὸς τὴν ἄνανδρον καὶ κεκλασμένην
ἡδονήν, ἣ βλάπτει μὲν τοὺς φίλους, ὠφελεῖ δὲ τοὺς ἐχθρούς. καινοτάτη <lb n="15"/>
γάρ τις αὐτῆς ἡ φύσις· οἷς μὲν ἄν ἐθελήσῃ τῶν ἰδίων ἀγαθῶν μεταδοῦναι,
τούτους εὐθὺς ἐζημίωσεν, οὓς δ’ ἄν ἀφελέσθαι, τὰ μέγιστα ὤνησε·
</p></div>

<div type="textpart" subtype="chapter" n="44">
<p>βλάπτει μὲν γὰρ ὅταν διδῷ, χαρίζεται δὲ ὅταν ἀφαιρῆται. ἐὰν οὖν, ὦ
ψυχή, προσκαλῆταί σέ τι τῶν ἡδονῆς φίλτρων, μετάκλινε σεαυτὴν καὶ
ἀντιπεριάγουσα τὴν ὄψιν κάτιδε τὸ γνήσιον ἀρετῆς κάλλος καὶ ὁρῶσα <lb n="20"/>
ἐπίμεινον, ἄχρις ἄν ἵμερος ἐντακῇ σοι καὶ ὡς σιδηρῖτις λίθος ἐπισπάσηταί
</p></div>

<div type="textpart" subtype="chapter" n="45">
<p> σε καὶ ἐγγὺς ἀγάγῃ καὶ ἐξαρτήσῃ τοῦ ποθουμένου. <milestone unit="altref" n="11"/> τὸ δὲ „ἐγὼ
<note type="footnote">2 εἴρηται MAH 2: ἤρτηται PH1, διήρηται U 4 τῆς ψυχῆς HP 5 ὁ θεός
θεός UHP γε scripsi: τε codd. ἡ (ἢ Η) ἀσύγκριτος σύγκρισις ΜAH1
σύγκρισις H2)P: καὶ ἀσύγκριτος σύγκρισις U, καὶ ἀσύγκριτος ἡ σύγκρισις L, ἡ ἀσυγκρίτων
σύγκρισις conicio 6 εἰ μὴ καὶ τὰ MA: μήκιστα U, εἰ καὶ μὴ P, εἰ καὶ H
7 ἄψυχα U τὰ om. L τὰ ἡρμοσμένα U 8 ἡμέρα M 9 πρὸς ἀλήθειαν
εἶναι τὰ αὐτά HP εἰ καὶ U 10 ἐνεδέχη M 10. 11 ἀλλ’ ὅ γε
θεὸς U 11 φυτῶν U γεγονέναι P τε U: τι cetei
12 πείσεται] φθαρήσεται U δέ U ἀγέννητος AU τε om. U
δὲ] δὴ H 2 13 λειποτακτῆσαι codd. χάριτος καὶ τάξεως U 16 αὐτῆς]
αὕτη D μὲν γὰρ ἄν ἠθέλησε D ἐθελήσοι Α (οι in ras.), θελήση U
MAUD: οἰκείων HP 16. 17 δοῦναι ἀγαθῶν D 17 δ’ U 19 τίς P
τῶν τῆς ἡδονῆς Η 20 κάλλος om. Α 21 ἄν σοι μέρος ἐντακῆ ἃ ἡ σιδηρῖτις U
ἐκτακῇ Α σιδηρῖτις U: σιδηρίτης ccteri ἐπισπάσεται U 22 ἐξαρτίση Α,
ἐξαρτήσει U</note>
<note type="footnote">13—18 DR fol. 244ν Φίλωνος: οὐ καλὸν αὐτομολῆσαι πρὸς τὴν ἄνανδρον
ἀφαιρῆται.</note>

<pb n="51"/>
  <milestone unit="altpage2" n="p. 269 M."/> κύριος“ ἀκουστέον οὐ μόνον ἐν ἴσῳ τῷ „ἐγὼ τὸ τέλειον καὶ ἄφθαρτον καὶ
πρὸς ἀλήθειαν ἀγαθόν“, οὗ περιεχόμενός τις τὸ ἀτελὲς καὶ φθαρτὸν καὶ
σαρκῶν ἠρτημένον ἀποστραφήσεται, ἀλλὰ καὶ ἀντὶ τοῦ „ἐγὼ ὁ ἄρχων
καὶ ὁ] βασιλεὺς καὶ δεσπότης“.</p></div>

<div type="textpart" subtype="chapter" n="46">
<p>οὔτε δὲ ὑπηκόοις παρόντων ἡγεμόνων <lb n="5"/> οὔτε δούλοις δεσποτῶν ἀδικεῖν ἀσφαλές· ἐγγὺς γὰρ ὅταν ὦσιν οἱ κολασταί,
φόβῳ σωφρονίζονται οἱ ἐξ ἑαυτῶν μὴ πεφυκότες νουθετεῖσθαι.</p></div>

<div type="textpart" subtype="chapter" n="47">
<p>πάντα γὰρ πεπληρωκὼς ὁ θεὸς ἐγγύς ἐστιν, ὥστε ἐφορῶντος καὶ πλησίον ὄντος
μάλιστα μὲν αἰδεσθέντες, εἰ δὲ μὴ τοῦτο, εὐλαβηθέντες γοῦν τὸ ἀνίκητον
τῆς ἀρχῆς αὐτοῦ κράτος καὶ τὸ φοβερὸν καὶ ἀπαραίτητον ἐν ταῖς
<lb n="10"/> τιμωρίαις, ὁπότε τῇ κολαστηρίῳ χρῆσθαι δυνάμει διανοηθείη, ἠρεμήσωμεν
ἀδικοῦντες, ἵνα καὶ τὸ σοφίας πνεῦμα θεῖον μὴ ῥᾳδίως μεταναστὰν
οἴχηται, πάμπολυν δὲ χρόνον καταμείνῃ παρ’ ἡμῖν, ἐπεὶ καὶ παρὰ
Μωυσεῖ τῷ σοφῷ·</p></div>

<div type="textpart" subtype="chapter" n="48">
<p>χρῆται γὰρ οὗτος ταῖς εἰρηνικωτάταις σχέσεσιν ἢ ὡς ἑστὼς ἢ ὡς καθεζόμενος, ἥκιστα τρέπεσθαι καὶ μεταβολαῖς χρῆσθαι
<lb n="15"/> πεφυκώς· λέγεται γὰρ ὅτι „Μωυσῆς καὶ ἡ κιβωτὸς οὐκ ἐκινήθησαν“
(Num. 14,44), ἤτοι παρ’ ὅσον ὁ σοφὸς ἀχώριστος ἀρετῆς ἢ παρ’
οὔτε ἀρετὴ κινητὸν οὔτε σπουδαῖος μεταβλητόν, ἀλλ’ ἑκάτερον ὀρθοῦ
λόγου βεβαιότητι ἱδρυμένον· καὶ πάλιν ἐν ἑτέροις·</p></div>

<div type="textpart" subtype="chapter" n="49">
<p>„σὺ δὲ αὐτοῦ στῆθι μετ’ ἐμοῦ“ (Deut. 5,31). λόγιόν ἐστι τοῦτο χρησθὲν τῷ προφήτῃ·
<lb n="20"/> στάσις τε καὶ ἠρεμία ἀκλινὴς ἡ παρὰ τὸν ἀκλινῶς ἑστῶτα ἀεὶ θεόν·
</p></div>

<div type="textpart" subtype="chapter" n="50">
<p>ἀνάγκη γὰρ ὑγιεῖ κανόνι τὰ παρατιθέμενα εὐθύνεσθαι. διὰ τοῦτό μοι δοκεῖ καὶ ὁ περισσὸς τῦφος, ἐπίκλησιν Ἰοθόρ, καταπλαγεὶς τὴν ἀρρεπῆ
καὶ ἰσαιτάτην καὶ κατὰ τὰ αὐτὰ καὶ ὡσαύτως ἔχουσαν προαίρεσιν τοὐ
σοφοῦ σχετλιάζειν καὶ ἀναπυνθάνεσθαι τὸν τρόπον τοῦτον· „διὰ τί σὺ
<lb n="25"/> κάθησαι μόνος„ (Exod. 18,14);</p></div>

<div type="textpart" subtype="chapter" n="51">
<p>ἰδὼν γάρ τις τὸν ἐν εἰρήνῃ συνεχῆ πόλεμον ἀνθρώπων οὐ κατὰ ἔθνη καὶ χώρας καὶ πόλεις αὐτὸ μόνον
<note type="footnote">1 τῷ] τὸ H1P τέλειον τὸ ἄφθαρτον U 2 καὶ φθαρτὸν U: om.
3 σαρκῶν U: σαρκὶ ceteri ἐξηρτημένον coni. Mang. 4 ὁ om. U δὲ om.
HP 6 αὐτῶν HP 7 γὰρ] δὲ U 8 εἰ—εὐλαβηθέντες om. U
9 τὸ κράτος τῆς ἀρχῆς αὐτοῦ HP (τὸ del. H2) 10 χρῆσθαι τῆ κολαστηρίῳ
U ἠρεμήσωμεν MAUH: ἠρεμήσαμεν P, ἠρεμήσομεν Turn. 12 οἴχηται
MU: οἴχεται Α, οἰχήσεται HP 13 Μωσεῖ codd. ἠρεαιοτάταις coni. Mang.
14 ὡς bis MA: om. UHP 14 MAUPH1: τροπαῖς τε H 2 καὶ
om. U 14. 15 κεχρῆσθαι πεφυκός U 15 λέγεται U: λέγει ceteri ὅτι MAUP2:
ὁ HP1 Μώσης MAHP 17 οὔθ’ ὁ σπουδαῖος U, οὔτε σπουδὴ Α
19 λόγιον γάρ ἐστι HP 20 ἠρεμία παντελὴς ἢ U παρὰ] πρὸς conicio
ἀκλινῆ H1P ἑστῶσα P θεὸν &lt;πρόσοδος&gt; conicio 22 ἐπίκλην U
εἰωθὼς A 23 ἰσαιτάτην MAU: ἰσοτάτην Η, ἰσωτάτην P ἀναίρεσιν U
24 σχετλιάζει καὶ ἀναπυνθάνεται U 25 συνεχεῖ PH1 26 ἀνθρώπων om. Η
κατὰ τὰ ἔθνη Α πόλεις καὶ χώρας U
4 *</note>

<pb n="52"/>
συνιστάμενον, ἀλλὰ καὶ κατ’ οἰκίαν, μᾶλλον δὲ καὶ καθ’ ἕνα ἄνδρα
ἕκαστον καὶ τὸν ἐν ταῖς ψυχαῖς ἄλεκτον καὶ βαρὺν χειμῶνα, ὃς ὑπὸ
βιαιοτάτης φορᾶς τῶν κατὰ τὸν βίον πραγμάτων ἀναρριπίζεται, τεθαύμακεν
εἰκότως, εἴ τις ἐν χειμῶνι εὐδίαν ἢ ἐν κλύδωνι κυμαινούσης θαλάττης
 γαλήνην ἄγειν δύναται.</p></div>

<div type="textpart" subtype="chapter" n="52">
<p>ὁρᾷς ὅτι οὐδὲ ὁ ἀρχιερεὺς λόγος ἐνδιατρίβειν <lb n="5"/>
ἀεὶ καὶ ἐνσχολάζειν τοῖς ἀγίοις δόγμασι δυνάμενος ἄδειαν ἔσχηκεν ἀνὰ
πάντα καιρὸν πρὸς <milestone unit="altpage1" n="p. 270 M."/>  αὐτὰ φοιτᾶν, ἀλλ’ ἅπαξ δι’ ἐνιαυτοῦ μόλις (Lev. 
16,2. 34); τὸ μὲν γὰρ μετὰ λόγου τοῦ κατὰ προφορὰν οὐ βέβαιον, ὅτι δυάς,
τὸ δ’ ἄνευ φωνῆς μόνῃ ψυχῇ τὸ ὂν θεωρεῖν ἐχυρώτατον, ὅτι κατὰ τὴν
</p></div>

<div type="textpart" subtype="chapter" n="53">
<p> ἀδιαίρετον ἵσταται μονάδα. <milestone unit="altref" n="12"/> ὥστε οὖν ἐν μὲν τοῖς πολλοῖς, τουτέστι <lb n="10"/>
τοῖς πολλὰ τοῦ βίου τέλη προτεθειμένοις, οὐ καταμένει τὸ θεῖον πνεῦμα,
κἄν πρὸς ὀλίγον χρόνον ἀναστραφῇ, μόνῳ δὲ ἀνθρώπων εἴδει ἑνὶ
παραγίνεται, ὃ πάντα ἀπαμφιασάμενον τὰ ἐν γενέσει καὶ τὸ ἐσωτάτω
καταπέτασμα καὶ προκάλυμμα τῆς δόξης ἀνειμένῃ καὶ γυμνῇ τῇ διανοίᾳ
 πρὸς θεὸν ἀφίξεται.</p></div>

<div type="textpart" subtype="chapter" n="54">
<p>οὕτως καὶ Μωυσῆς ἔξω τῆς παρεμβολῆς καὶ τοῦ <lb n="15"/>
σωματικοῦ παντὸς στρατοπέδου πήξας τὴν ἑαυτοῦ σκηνήν (Exod. 33, 7),
τουτέστι τὴν γνώμην ἱδρυσάμενος ἀκλινῆ, προσκυνεῖν τὸν θεὸν ἄρχεται
καὶ εἰς τὸν γνόφον, τὸν ἀειδῆ χῶρον, εἰσελθὼν αὐτοῦ καταμένει
τελούμενος τὰς ἱερωτάτας τελετάς. γίνεται δὲ οὐ μόνον μύστης, ἀλλὰ
καὶ ἱεροφάντης ὀργίων καὶ διδάσκαλος θείων, ἃ τοῖς ὦτα κεκαθαρμένοις <lb n="20"/>
 ὑφηγήσεται.</p></div>

<div type="textpart" subtype="chapter" n="55">
<p>τούτῳ μὲν οὖν τὸ θεῖον ἀεὶ παρίσταται πνεῦμα πάσης
ὀρθῆς ἀφηγούμενον ὁδοῦ, τῶν δὲ ἄλλων, ὡς ἔφην, τάχιστα διαζεύγνυται,
ὧν καὶ τὸν βίον ἐν εἴκοσι καὶ ἑκατὸν ἐτῶν ἀριθμῷ πεπλήρωκε· λέγει
 γάρ· „ἔσονται αἱ ἡμέραι αὐτῶν ἔτη ἑκατὸν εἴκοσιν“ (Gen. 6,3).</p></div>

<div type="textpart" subtype="chapter" n="56">
<p>ἀλλὰ
καὶ Μωυσῆς τῶν ἴσων γενόμενος ἐτῶν τοὐ θνητοῦ βίου μετανίσταται <lb n="25"/>
<note type="footnote">1 συνιστάμενος PH1 οἰκίας H2 2 καὶ τὸν UH2: καίτοι ceteri ψυκταῖς
ἄληκτον D ὃς] ὡς U 4 ἢ codd.] καὶ Turn. 4. 5 γαλήνην ἄγειν
κυμαινούσης θαλάσσης U 4 θαλάσσης UHP 5 οὐδὲ MHP: καὶ A, om. U
6 ἀεὶ ante τοῖς posuit U καὶ ἐνσχολάζειν om. Α ἐνσχολάζειν MU: σχολάζειν
HP ἐν τοῖς Η δώμασι Mang. ἀγίοις] θείοις U ἔσχηκεν
ἀνὰ MA: ἔσχηκεν v (sic!) U, ἔσχηκε κατὰ HP 7 ἀλλὰ U μόλις] μόνον
coni. Cohn 9 ὃν] οὔτε U ὀχυρότατον Α 10. 11 τοῦτο δ’
ἔστι τὸ εἰς πολλὰ U 11 τέλει Α προτιθεμένοις U 12 ἀναστρέφη
U, συναναστραφῇ coni. Mang. 13 ἀπαμφιασάμενος U 13. 14 τὰ ἐστώτατα
καταπετάσματα καὶ προκαλύμματα Η2 14 ἀνημμένη Α 15 οὕτω U
Μώσης MAHP 15. 16 παντὸς τοῦ σωματικοῦ U 20. 21 κεκαρμένοις U
21 τοῦτο μὲν οὑν ἀεὶ παρίσταται τὸ θεῖον U, τοῦτον μὲν οὑν τῶ θείω ἀεὶ παρίσταται Α
πνεύματι ex πνεῦμα corr. Α 22 δ’ U ἀναζεύγνυται HP 23 ὧν]
ὧ U εἴκοσιν U ἐτῶν πεπεραιωκέναι λέγει U 24 ρκ΄ P</note>

<pb n="53"/>
(Deut. 34,7). πῶς οὖν εἰκὸς ἰσοχρονίους εἶναι τοὺς ὑπαιτίους τῷ
πανσόφῳ καὶ προφήτῃ; εἰς μὲν οὖν τὸ παρὸν ἀρκέσει τοῦτο εἰπεῖν, ὅτι
τὰ ὁμώνυμα οὐ πάντως ἔσθ’ ὅμοια, πολλάκις δὲ καὶ ὅλῳ γένει διέζευκται,
καὶ ὅτι τὸ φῦλον τῷ σπουδαίῳ δύναται μὲν καὶ ἀριθμοὺς καὶ χρόνους
<lb n="5"/> ἔχειν τοὺς ἴσους, ἐπεὶ καὶ δίδυμον εἰσάγεται, ἀπηρτημένας δὲ καὶ μακρὰν
ἀλλήλων διῳκισμένας δυνάμεις.</p></div>

<div type="textpart" subtype="chapter" n="57">
<p>τὸν δὲ ἀκριβῆ λόγον τῶν εἴκοσι καὶ ἑκατὸν ἐτῶν ὑπερθησόμεθα εἰς τὴν τοῦ προφητικοῦ βίου παντὸς ἐξέτασιν,
ὅταν αὐτὸν ἱκανοὶ γενώμεθα μυεῖσθαι, νυνὶ δὲ τὰ ἑξῆς λέγωμεν.</p>
</div>

<div type="textpart" subtype="chapter" n="58">
<p><milestone unit="altref" n="13"/> „Οἱ δὲ γίγαντες ἦσαν ἐπὶ τῆς γῆς ἐν ταῖς ἡμέραις ἐκείναις“ <lb n="10"/> (Gen. 6,4). ἴσως τις τὰ παρὰ τοῖς ποιηταῖς μεμυθευμένα περὶ τῶν
γιγάντων οἴεται τὸν νομοθέτην αἰνίττεσθαι πλεῖστον ὅσον διεστηκότα τοῦ
μυθοπλαστεῖν καὶ τοῖς ἀληθείας ἴχνεσιν αὐτῆς ἐπιβαίνειν ἀξιοῦντα.</p></div>

<div type="textpart" subtype="chapter" n="59">
<p>παρὸ καὶ εὐδοκίμους καὶ γλαφυρὰς τέχνας, ζωγραφίαν καὶ ἀνδριαντοποιίαν, ἐκ
 τῆς καθ’ αὑτὸν πολιτείας  <milestone unit="altpage2" n="p. 271 M."/> ἐξήλασεν, ὅτι τὴν τοῦ ἀληθοῦς ψευδόμεναι
<lb n="16"/> φύσιν ἀπάτας καὶ σοφίσματα δι’ ὀφθαλμῶν ψυχαῖς εὐπαραγώγοις τεχνιτεύουσι.
</p></div>

<div type="textpart" subtype="chapter" n="60">
<p>μῦθον μὲν οὖν οὐδένα περὶ γιγάντων εἰσηγεῖται τὸ παράπαν, βούλεται δὲ ἐκεῖνό σοι παραστῆσαι, ὅτι οἱ μὲν γῆς, οἱ δὲ οὐρανοῦ, οἱ
δὲ θεοῦ γεγόνασιν ἄνθρωποι· γῆς μὲν οἱ θηρευτικοὶ τῶν σώματος
ἡδονῶν ἀπόλαυσίν τε καὶ χρῆσιν ἐπιτηδεύοντες αὐτῶν καὶ πορισταὶ τῶν
<lb n="20"/> συντεινόντων εἰς ἑκάστην, οὐρανοῦ δὲ ὅσοι τεχνῖται καὶ ἐπιστήμονες καὶ
φιλομαθεῖς — τὸ γὰρ οὐράνιον τῶν ἐν ἡμῖν ὁ νοῦς (νοῦς δὲ καὶ τῶν
οὐρανὸν ἕκαστον) τὰ ἐγκύκλια καὶ τὰς ἄλλας ἅπαξ ἁπάσας ἐπιτηδεύει
τέχνας, παραθήγων καὶ ἀκονῶν ἔτι τε γυμνάζων καὶ συγκροτῶν ἐν τοῖς
νοητοῖς αὑτόν —,</p></div>

<div type="textpart" subtype="chapter" n="61">
<p>θεοῦ δὲ ἄνθρωποι ἱερεῖς καὶ προφῆται, οἵτινες οὐκ <lb n="25"/> ἠξίωσαν πολιτείας τῆς παρὰ τῷ κόσμῳ τυχεῖν καὶ κοσμοπολῖται γενέσθαι,
τὸ δὲ αἰσθητὸν πᾶν ὑπερκύψαντες εἰς τὸν νοητὸν κόσμον μετανέστησαν
κἀκεῖθι ᾤκησαν ἐγγραφέντες ἀφθάρτων &lt;καὶ&gt; ἀσωμάτων
</p></div>

<div type="textpart" subtype="chapter" n="62">
<p><milestone unit="altref" n="14"/> ὁ γοῦν Ἀβραὰμ μέχρι μὲν διατρίβων ἦν ἐν τῇ Χαλδαίων γῇ τε <note type="footnote">1 ἰσοχρόνους U 2 καὶ om. UHP 3 γένει ὅλῳ HP 4 ὅτι om. HP
5 ἔχοντας ἴσους U 6 τὰς δυνάμεις Η 2, λύσεις U τῶν] τὸν Η 6. 7 ἑκατὸν
καὶ εἴκοσιν U παντὸς ἐξέτασιν βίου U πάντως Η 2 8 αὐτῶν UH1P
λέξομεν U 10 τις] ὅτι AP τὰ om. U τοῖς om. AU 12 καὶ] κἄν U
τοῖς MAU: τῆς PH1, τοῖς τῆς H 2 παρ᾿ ὃ UH 13 εὐδοκίμους U: οὐ δοκίμους
MA, δοκίμους PH1, τὰς δοκίμους H 2 14 ἑαυτὸν U τἀληθοῦς U
16 οὑν UH 2: om. ceteri περὶ γιγάντων οὐδέγα U 17 δὲ πάντως ἐκεῖνο U
18 θηρευτικοὶ codd.: θηρευταὶ Mang. „ex Mss.“ (??) 21 τῶν] τὸν Α
Turn. ἁπάσας om. U 23 τε] δὲ U 24 αὑτόν H 2: αὐτόν ceteri
25 τῆς ἐν κόσμω U 27 καὶ add. Mang. σωμάτων ἰδέαις ὁ U 28 διατρίβων
ἦν] διέτριβεν conicio ἦν om. Α</note>

<pb n="54"/>
καὶ δόξῃ, πρὶν μετονομασθῆναι, καλούμενος Ἀβρὰμ &lt;ἦν&gt; ἄνθρωπος
οὐρανοῦ τήν τε μετάρσιον καὶ τὴν αἰθέριον φύσιν ἐρευνῶν καὶ τά τε
συμβαίνοντα καὶ τὰς αἰτίας καὶ εἴ τι ἄλλο ὁμοιότροπον φιλοσοφῶν—οὗ
χάριν καὶ προσρήσεως οἷς ἐπετήδευσεν ἔτυχεν οἰκείας· Ἀβρὰμ γὰρ ἑρμηνευθεὶς
πατήρ ἐστι μετέωρος, ὄνομα τοῦ τὰ μετέωρα καὶ ἐπουράνια περισκοπουμένου <lb n="5"/>
πάντα πάντῃ νοῦ πατρός, πατὴρ δὲ τοῦ συγκρίματυς ὁ νοῦς ἐστιν
 ὁ ἄχρις αἰθέρος καὶ ἔτι περαιτέρω μηκυνόμενος —·</p></div>

<div type="textpart" subtype="chapter" n="63">
<p>ὅταν δὲ βελτιωθεὶς μέλλῃ
μετονομάζεσθαι, γίνεται ἄνθρωπος θεοῦ κατὰ τὸ χρησθὲν αὐτῷ λόγιον
„ἐγώ εἰμι ὁ θεός σου· εὐαρέστει ἐναντίον ἐμοῦ, καὶ γίνου ἄμεμπτος“
 (Gen. 17,1).</p></div>

<div type="textpart" subtype="chapter" n="64">
<p>εἰ δ’ ὁ τοῦ κόσμου θεὸς καὶ μόνος ὢν θεὸς καὶ αὐτοῦ <lb n="10"/>
κατὰ χάριν ἐξαίρετον ἰδίᾳ θεός, ἐξ ἀνάγκης δήπου καὶ αὐτὸς θεοῦ.
καλεῖται γὰρ πατὴρ ἐκλεκτὸς ἠχοῦς ἑρμηνευθεὶς Ἀβραάμ, ὁ τοῦ
σπουδαίου λογισμός· ἐξειλεγμένος τε γὰρ καὶ κεκαθαρμένος καὶ πατὴρ
φωνῆς ᾗ συνηχοῦμεν. ὁ δὲ τοιοῦτος τῷ ἑνὶ μόνῳ προσκεκλήρωται
θεῷ, οὗ γινόμενος ὀπαδὸς εὐθύνει τὴν ἀτραπὸν τοῦ παντὸς βίου βασιλικῇ <lb n="15"/>
τῷ ὄντι χρώμενος ὁδῷ τῇ τοῦ μόνου βασιλέως καὶ παντοκράτορος,
</p></div>

<div type="textpart" subtype="chapter" n="65">
<p> ἐπὶ μηδέτερα ἀποκλίνων καὶ ἐκτρεπόμενος. <milestone unit="altref" n="15"/> οἱ δὲ γῆς παῖδες τὸν
νοῦν ἐκβιβάσαντες τοῦ λογίζεσθαι καὶ <milestone unit="altpage1" n="p. 272 M."/>  μεταλλοιώσαντες εἰς τὴν ἄψυχον 
καὶ ἀκίνητον σαρκῶν φύσιν — „ἐγένοντο γὰρ οἱ δύο εἰς σάρκα μίαν,
ᾗ φησιν ὁ νομοθέτης (Gen. 2, 24) — τὸ ἄριστον ἐκιβδήλευσαν νόμισμα <lb n="20"/>
καὶ τὴν μὲν ἀμείνω καὶ οἰκείαν τάξιν ἔλιπον, πρὸς δὲ τὴν χείρω καὶ
 ἐναντίαν ηὐτομόλησαν ἄρξαντος τοῦ ἔργου Νεβρώδ·</p></div>

<div type="textpart" subtype="chapter" n="66">
<p>λέγει γὰρ ὁ νομοθέτης,
ὅτι „οὗτος ἤρξατο εἶναι γίγας ἐπὶ τῆς γῆς (Gen. 10,8), ἑρμηνεύεται
δὲ Νεβρὼδ αὐτομόλησις· οὐ γὰρ ἐξήρκεσε τῇ παναθλίᾳ ψυχῇ
μετὰ μηδετέρων στῆναι, ἀλλὰ προσχωρήσασα τοῖς ἐχθροῖς ὅπλα κατὰ <lb n="25"/>
τῶν φίλων ἤρατο καὶ φανερῶς ἀνθεστῶσα αὐτοῖς ἐπολέμει. παρὸ καὶ
<note type="footnote">1 πρὶν ἄν Η Ἀβραάμ U ἢν addidi 2 διερευνῶν EP 4 οἷς] ἧς
AU ἐπετήδευσεν MA: ἐπετήδευεν U, ἐπιτετήδευκε Η, ἐπετετήδευκε P τετύχηκεν
HP Ἁβραὰμ HP, ἀβραὰμ μὲν U 5 οὐράνια U 6 πάντη U:
ceteri πατρὸς U: om. ceteri 7 ἄχρι codd. βελτιωθῇ μέλλει Α 8. 9 λόγιον
τὸ δὲ ἐγώ εἰμι ὁ θεός σου· περιπάτει εἰς πρόσωπόν μου καὶ γίνου τέλειος U 9 εὐαρεστήσει
Α 10 μόνος—καὶ om. U ὢν MAP: ἦν Η, αὖ Mang. καὶ ante
αὐτοῦ om. Α 11 θεοῦ MU: θεὸς AHP 12 ἢ χοῦς M 13 καὶ ante πατὴρ
om. Α πατρὸς U 14 ἑνὶ μόνω U: ἐπιμόνῳ ceteri 15 θεῷ H 2: θεοῦ
MAPH1, om. U οὐ γένος ὀπαδὸς U γενόμενος Turn. 16 χρώμενος τῶ ὄντι
HP μόνου] νοῦ M 18 ἐκβιβάζοντες U μεταλλοιώσαντες scripsi: μεταλλεύσαντες
MHP, μεταλλεύοντες U, μεταβάλλοντες Α, αὐτομολήσαντες coni. Mang.
20 ᾖ] οἲ A, ὥς L1 21 οἰκείαν καὶ ἀμείνω ΗP 25 μετὰ ἑτέρων Α
26 ἤρξατο Η ἀνθεστῶσ᾿ U παρ’ ὃ Α</note>

<pb n="55"/>
ἀρχὴν τῷ Νεβρὼδ τῆς βασιλείας ὑπογράφει Βαβυλῶνα, μετάθεσις δὲ
καλεῖται Βαβυλών, συγγενὲς αὐτομολίᾳ καὶ ὄνομα ὀνόματι καὶ ἔργον
ἔργῳ· παντὸς γὰρ αὐτομολοῦντος προοίμια γνώμης μεταβολὴ καὶ μετάθεσις.
</p></div>

<div type="textpart" subtype="chapter" n="67">
<p>ἀκόλουθον &lt;οὖν&gt; ἄν εἴη λέγειν, ὅτι κατὰ τὸν ἱερώτατον Μωυσέα ὁ <lb n="5"/> μὲν φαῦλος, ὥσπερ ἄοικος καὶ ἄπολις καὶ ἀνίδρυτος καὶ φυγάς, οὕτως
καὶ αὐτόμολος, ὁ δὲ σπουδαῖος βεβαιότατος σύμμαχος. τοσαῦτα εἴς γε τὸ
παρὸν ἀρκούντως περὶ τῶν γιγάντων εἰρηκότες ἐπὶ τὰ ἀκόλουθα τοῦ
λόγου τρεψώμεθα. ἔστι δὲ ταῦτα·</p>
<note type="footnote">1 τὴν ἀρχὴν Turn. Βαβυλὼν HP 2 συγγενὲς scripsi: συγγενὴς codd. ὄνομα
om. U 2. 3 ἔργω ἔργον UP 3. 4 πρὸ οὐ μιᾶς γνώμης μεταβολὴν καὶ μετάθεσιν
U 4 οὖν addidi Μωσέα MAHP 5 ὥσπερ—φυγάς om. U οὕτως]
ὄντως U G σπουδαιότατος L εἴς] οἷς Α γε om. U 7 ἀρκούντως
om. U τῶν om. U 7. 8 αὗθις ἐπὶ τὰ ἀκόλουθα καιρῶ τῶ δεόντι τρεψώμεθα U
8 ἔστι δὲ ταῦτα om. U subscripsit φίλωνος περὶ γίγα τῶν U HP addunt:
ἀκολούθῳ (leg. ἀκολουθεῖ) τὸ τὲ Η)· καὶ μετ’ ἐκεῖνο [καὶ], φησίν, ὡς ἂν εἰσεπορεύοντο
ex p. 561</note>
</div></div>

</body>
  </text>
</TEI>
