<?xml version="1.0" encoding="UTF-8"?>
 <?xml-model href="http://www.stoa.org/epidoc/schema/latest/tei-epidoc.rng" schematypens="http://relaxng.org/ns/structure/1.0"?>
 <TEI xmlns="http://www.tei-c.org/ns/1.0">
 <teiHeader>
 <fileDesc>
 <titleStmt>
  <title>Juppiter tragoedus</title>
  <author>Lucianus Samosatenus</author>
 <editor>A. M. Harmon</editor>
  <funder>Harvard Library Arcadia Fund</funder>
  <principal>Gregory Crane</principal>
  <respStmt>
   <persName xml:id="DDD">Digital Divide Data</persName>
   <resp>Corrected and encoded the text</resp>
  </respStmt>
  <respStmt>
   <persName>Gregory Crane</persName>
   <resp>Editor-in-Chief, Perseus Digital Library</resp>
  </respStmt>
  <respStmt>
   <persName>Matt Munson</persName>
   <resp>Project Manager (University of Leipzig), 2016 - present</resp>
  </respStmt>
  <respStmt>
   <persName>Annette Geßner</persName>
   <resp>Project Assistant (University of Leipzig) 2015 - present</resp>
  </respStmt>
  <respStmt>
   <persName>Thibault Clérice</persName>
   <resp>Lead Developer (University of Leipzig)</resp>
  </respStmt>
  <respStmt>
   <persName>Bruce Robertson</persName>
   <resp>Technical Advisor</resp>
  </respStmt>
 </titleStmt>
 <publicationStmt>
 <authority>Harvard College Library</authority>
 <idno type="filename">tlg0062.tlg018.1st1K-grc1.xml</idno>
 <availability>
 <p>Available under a Creative Commons Attribution-ShareAlike 4.0 International License</p>
 </availability>
 <date>2016</date>
 <publisher>Harvard College Library</publisher>
 <pubPlace>United State</pubPlace>
 </publicationStmt>
 <sourceDesc>
 <listBibl>
 <biblStruct>
 <monogr>
 <title>Lucian</title>
 <editor>
 <persName>
 <name>A. M. Harmon</name>
 </persName>
 </editor>
  <author ref="urn:cts:greekLit:tlg0062">Lucianus Samosatenus</author>
 <imprint>
 <publisher>Harvard University Press</publisher>
 <pubPlace>Cambridge, Mass</pubPlace>
 <date>1960</date>
 </imprint>
 <biblScope unit="volume">2</biblScope>
 </monogr>
  <ref target="https://archive.org/details/lucianhar02luciuoft">The Internet Archive</ref>
 </biblStruct>
 </listBibl>
 </sourceDesc>
 </fileDesc>
 <encodingDesc>
  <p>Text encoded in accordance with the latest EpiDoc standards (January 2014)</p>
  <refsDecl n="CTS">
   <cRefPattern matchPattern="(.+)" n="section" replacementPattern="#xpath(/tei:TEI/tei:text/tei:body/tei:div/tei:div[@n='$1'])"/>
  </refsDecl>
 </encodingDesc>
 <profileDesc>
 <langUsage>
 <language ident="grc">Greek</language>
 </langUsage>
 </profileDesc>
 <revisionDesc>
 <change/>
 </revisionDesc>
 </teiHeader>
 <text>
 <body>
  <div type="edition" xml:lang="grc" n="urn:cts:greekLit:tlg0062.tlg018.1st1K-grc1">
 <pb n="90"/>
 <head>ΖΕΤΣ ΤΡΑΓΩΙΔΟΣ.</head>
 
 <div type="textpart" subtype="section" n="1">
 <sp>
 <speaker>ΕΡΜΗΣ</speaker>
 <p>1 Ὡ Ζεῦ, τί σύννους κατὰ μόνας σαυτῷ λαλεῖς,
 ὠχρὸς περιπατῶν, φιλοσόφου τὸ χρῶμ᾿ ἔχων;
 ἐμοὶ προσανάθου, λαβέ με σύμβουλον πόνων,
 μὴ καταφρονήσῃς οἰκέτου φλυαρίας.</p>
 </sp>
 
 <sp>
 <speaker>ΑΘΗΝΗ</speaker>
 <p>Ναὶ πάτερ ἡμέτερε, Κρονίδη, ὕπατε κρειόντων,
 γουνοῦμαί σε θεὰ γλαυκῶπις, τριτογένεια,
 ἐξαύδα, μὴ κεῦθε νόῳ, ἵνα εἴδομεν ἤδη,
 τίς μῆτις δάκνει σε κατὰ φρένα καὶ κατὰ θυμόν,
 ἢ τί βαρὺ στενάχεις ὦχρός τέ σε εἶλε παρειάς;</p>
 </sp>
 
 <sp>
 <speaker>ΖΕΥΣ</speaker>
 <p>Οὐκ ἔστιν οὐδὲν δεινὸν ὧδ᾿ εἰπεῖν ἔπος,
 οὐδὲ πάθος οὐδὲ συμφορὰ τραγῳδική,
 ἢν οὐκ ἰαμβείοις ὑπερπαίω.<note type="footnote" n="1"></note></p>
 </sp>
 
 <sp>
 <speaker>ΑΘΗΝΗ</speaker>
 <p>Ἄπολλον, οἵοις φροιμίοις ἄρχῃ λόγου;</p>
 <note type="footnote">1 Text P (Vat. 76) D (Bodl. B 56); ἰαμβιοισιν P, ἰαμβείοισι D;
 ὑπερπαίδεκα D. ἦς οὐκ ἂν ἄραιτʼ (ἄροιτʼ) ἄχθος ἡ θεῶν φύσιε γ,
 NHA, edd. D has this line also, after the other.</note>
 </sp>
 
 <pb n="92"/>
 <sp>
 <speaker>ΖΕΥΣ</speaker>
 <p>Ω παγκάκιστα χθόνια γῆς παιδεύματα,
 σύ τ᾿, ὦ Προμηθεῦ, οἷά μ᾿ εἴργασαι κακά</p>
 </sp>
 
 <sp>
 <speaker>ΑΦΗΝΗs</speaker>
 <p>Τί δ᾿ ἐστί; πρὸς χορὸν γὰρ οἰκείων ἐρεῖς.</p>
 </sp>
 
 <sp>
 <speaker>ΖΕΥΣ</speaker>
 <p>Ὦ μεγαλοσμαράγου στεροπᾶς ῥοίζημα, τί<note type="footnote" n="1"></note> ῥέξεις;</p>
 </sp>
 </div>
 
 <div type="textpart" subtype="section" n="2">
 <sp>
 <speaker>ΗΡΑ</speaker>
 <p>Κοίμισον ὀργάν, εἰ μὴ κωμῳδίαν, ὦ Ζεῦ, δυνάμεθα
 ὑποκρίνεσθαι μηδὲ ῥαψῳδεῖν ὥσπερ οὗτοι
 μηδὲ τὸν Εὐριπίδην ὅλον καταπεπώκαμεν, ὥστε
 2 σοι ὑποτραγῳδεῖν. ἀγνοεῖν ἡμᾶς νομίζεις τὴν
 αἰτίαν τῆς λύπης ἥτις ἐστί σοι;</p>
 </sp>
 
 <sp>
 <speaker>ΖΕΥΣ</speaker>
 <p>Οὐκ οἶθ᾿, ἐπεί τοι κἂν ἐκώκυες μεγα.</p>
 </sp>
 
 <sp>
 <speaker>ΗΡΑ</speaker>
 <p>Οἶδα τὸ κεφάλαιον αὐτὸ ὧν πάσχεις ὅτι ἐρωτικόν
 ἐστιν· οὐ μὴν κωκύω γε ὑπὸ ἔθους, ἤδη
 πολλάκις ὑβρισθεῖσα ὑπὸ σοῦ τὰ τοιαῦτα. εἰκὸς
 γοῦν ἤτοι Δανάην τινὰ ἢ Σεμέλην ἢ Εὐρώπην
 αὖθις εὑρόντα σε ἀνιᾶσθαι ὑπὸ τοῦ ἔρωτος, εἶτα
 βουλεύεσθαι ταῦρον ἢ σάτυρον ἢ χρυσὸν γενόμενον
 ῥυῆναι διὰ τοῦ ὀρόφου εἰς τὸν κόλπον τῆς
 ἀγαπωμένης· τὰ σημεῖα γὰρ ταῦτα, οἱ στεναγμοὶ
 καὶ τὰ δάκρυα καὶ τὸ ὠχρὸν εἶναι, οὐκ ἄλλου του
 ἢ ἔρωτός ἐστιν.</p>
 </sp>
 
 <sp>
 <speaker>ΖΕΥΣ</speaker>
 <p>Ὦ μακαρία, ἥτις ἐν ἔρωτι καὶ ταῖς τοιαύταις
 παιδιαῖς οἴει τὰ πράγματα ἡμῖν εἶναι.</p>
 <note type="footnote">1 τί Guyet: τί μοι MSS.</note>
 </sp>
 
 <pb n="94"/>
 <sp>
 <speaker>ΗΡΑ</speaker>
 <p>Αλλὰ τί ἄλλο, εἰ μὴ τοῦτο, ἀνιᾷ δε Δία ὄντα;</p>
 </sp></div>
 
 <div type="textpart" subtype="section" n="3">
 <sp>
 <speaker>ΖΕΥΣ</speaker>
 <p>3 Ἐν ἐσσχάτοις, ὦ Ἥρα, τὰ θεῶν πράγματα, καὶ
 τοῦτο δὴ τὸ τοῦ λόγου, ἐπὶ ξυροῦ ἕστηκεν εἴτε
 χρὴ τιμᾶσθαι ἡμᾶς ἔτι καὶ τὰ γέρα ἔχειν τἀν τῇ
 γῇ εἴτε καὶ ἠμελῆσθαι παντάπασι καὶ τὸ μηδὲν εἶναι δοκεῖν.</p>
 </sp>
 
 <sp>
 <speaker>ΗΡΑ</speaker>
 <p>Μῶν γίγαντάς τινας αὗθ ις ἡ γῇ ἔφυσεν, ἢ οἱ
 Τιτᾶνες διαρρήξαντες τὰ δεσμὰ καὶ τῆς φρονρᾶς
 ἐπικρατήσαντες αὖθις ἡμῖν ἐναντία αἴρονται τὰ
 ὅπλα;</p>
 </sp>
 
 <sp>
 <speaker>ΖΕΥΣ</speaker>
 <p>Θάρσει, τὰ νέρθεν ἀσφαλῶς ἔχει θεοῖς.</p>
 </sp>
 
 <sp>
 <speaker>ΗΡΑ</speaker>
 <p>Τί οὖν ἄλλ δεινὸν ἂν γένοιτο; οὐχ ὁρῶ γάρ,
 ὅτε μὴ τὰ τοιαῦτα παραλυποῖ, ἐφ᾿ ὅτῳ Πῶλος ἢ
 Ἀριστόδημος ἀντὶ Διὸς ἡμῖν ἀναπέφηνας.</p>
 </sp></div>
 
 <div type="textpart" subtype="section" n="4">
 <sp>
 <speaker>ΖΕΥΣ</speaker>
 <p>4 Τιμοκλῆς, ὦ Ἥρα, ὁ Στωῑκὸς καὶ Δᾶμις ὁ
 Ἐπικούρειος θές, οὐκ οἶδα ὅθεν σφίσιν ἀρξαμένον
 τοῦ λόγου, προνοίας πέρι διελεγέσθην παρόντων
 μάλα συχνῶν καὶ οκίμαων ἀνθρώπων, ὅπερ μάλιστα
 ἠνίασέ με· καὶ ὁ μὲν Δᾶμις οὐδʼ εἶναι θεοὺς
 ἔθασκεν, οὐχ ὅπως <note type="footnote" n="1"></note> τὰ γινόμενα ἐπισκοπεῖν 
 ἢ διατάττειν, ό Τιμοκλῆς δὲ ὁ βέλτιστος ἐπειρᾶτο
 συναγωνίζεσθαι ἡμῖν· εἶτα ὅχλου πολλοῦ ἐπιρρἑντος
 <note type="footnote">1 οὐδʼ . . . οὐχ ὅπως A. M. H.: . . . οὔθ᾿ δλως MSS.</note>
 
 <pb n="96"/>
 οὐδὲν πέρας ἐγένετο τῆς συνουσίας· διελύθησαν
 γὰρ εἰσαῦθις ἐπισκέψεσθαι τὰ λοιπὰ
 συνθέμενοι, καὶ νῦν μετέωροι πάντες εἰσίν, ὁπότερος
 κρατήσει καὶ ἀληθέστερα δόξει λέγειν. ὁρᾶτε
 τὸν κίνδυνον, ὡς ἐν στενῷ παντάπασι τὰ ἡμέτερα,
 ἐν ἑνὶ ἀνδρὶ κινδυνευόμενα; καὶ δυοῖν θάτερον ἢ
 παρεῶσθαι ἀνάγκη, ὀνόματα μόνον εἶναι δόξαντας,
 ἢ τιμᾶσθαι ὥσπερ πρὸ τοῦ, ἢν ὁ Τιμοκλῆς ὑπέρσχῃ
 λέγων.</p>
 </sp>
 </div>
 
 <div type="textpart" subtype="section" n="5">
 <sp>
 <speaker>ΗΡΑ</speaker>
 <p>5 Δεινὰ ταῦτα ὡς ἀληθῶς, καὶ οὐ μάτην, Ζεῦ,
 ἐπετραγῴδεις αὐτοῖς.</p>
 </sp>
 
 <sp>
 <speaker>ΖΕΘΣ</speaker>
 <p>Σὺ δὲ ᾤου Δανάης τινὸς ἢ Ἀντιοπης εἶναι μοι
 λόγον ἐν ταράχῳ τοσούτῳ. τί δ᾿ οὖν, ὦ Ἑρμῇ
 καί Ἥρα καὶ Ἀθηνᾶ, πράττοιμεν ἄν; συνενρίσκετε
 γὰρ καὶ αὐτοὶ τὸ μέρος,</p>
 </sp>
 
 <sp>
 <speaker>ΕΡΜΗΣ</speaker>
 <p>Ἐγὼ μὲν ἐπὶ τὸ κοινόν φημι δεῖν τὴν σκέψιν
 ἐπανενεγκεῖν ἐκκλησίαν συναγαγόντα.
 Κἀμοὶ ταὐτὰ<note type="footnote" n="1"></note> συνδοκεῖ ἄπερ καὶ τούτῳ.</p>
 </sp>
 
 <sp>
 <speaker>ΑΘΗΝΗ</speaker>
 <p>Ἀλλ᾿  ἐμοὶ τἀναντία δοκεῖ, ὦ πάτερ, μὴ σννταράττειν
 τὸν οὐρανὸν μηδὲ δῆλον εἶναι θορυβουμενον
 τῷ πράγμαατι, πράττειν δὲ ἰδίᾳ ταῦτα
 ἐξ ὧν κρατήσει μὲν ὁ Τιμοκλῆς λέγων, ὁ Δᾶμις
 δὲ καταγελασθεὶς ἄπεισιν ἐκ τῆς συνουσίας.</p>
 <note type="footnote">1 παὐτὰ Κ Schwartz: ταῦτα MSB.</note>
 </sp>
 
 <pb n="98"/>
 <sp>
 <speaker>ΕΡΜΗΣ</speaker>
 <p>Ἀλλ᾿ οὔτε ἀγνούσεται ταῦτα, ὦ Ζεῦ, ἐν φανερῷ
 ἑσομένης τῆς ἔριδος τοῖς φιλοσόφοις, καὶ δόξεις
 τυραννικὸς εἶναι μὴ κοινούμενος περὶ τῶν οὕτω
 μεγάλων καὶ κοινῶν ἅπασιν.</p>
 </sp>
 </div>
 
 <div type="textpart" subtype="section" n="6">
 <sp>
 <speaker>ΖΕΥΣ</speaker>
 <p>6 Οὐκοῦν ἤδη κήρυττε καὶ παρέστωσαν ἅπαντες·
 ὀρθῶς γὰρ λέγεις.</p>
 </sp>
 
 <sp>
 <speaker>ΕΡΜΗΣ</speaker>
 <p>Ἰδοὺ δὴ εἰς ἐκκλησίαν συνέλθετε οἱ θεοί· μη
 μέλλετε, συνέλθετε πάντες, ἥκετε, περὶ μεγάλων
 ἐκκλησιάσομεν.</p>
 </sp>
 
 <sp>
 <speaker>ΖΕΥΣ</speaker>
 <p>Οὕτω ψιλά, ὦ Ἑρμῆ, καὶ ἁπλοῑκὰ καὶ πεζὰ
 κηρύττεις, καὶ ταῦτα ἐπὶ τοῖς μεγίστοις συγκαλῶν;</p>
 </sp>
 
 <sp>
 <speaker>ΕΡΜΗΣ</speaker>
 <p>Ἀλλὰ πῶς γάρ, ὦ Ζεῦ, ἀξιοῖς;</p>
 </sp>
 
 <sp>
 <speaker>ΖΕΥΣ</speaker>
 <p>Ὅπως ἀξιῶ; ἀποσέμνυνε, φημί, τὸ κήρυγμα
 μέτροις τισὶ καὶ μεγαλοφωνίᾳ ποιητικῇ, ὡς μᾶλλον
 συνέλθοιεν.</p>
 </sp>
 
 <sp> 
 <speaker>ΕΡΜΗΣ</speaker> 
 <p>Ναί. ἀλλ᾿ ἐποποιῶν, ὦ Ζεῦ, καὶ ῥαψῳδῶν τὰ
 τοιαῦτα, ἐγὼ δὲ ἥκιστα ποιητικός εἰμι· ὥστε
 διαφθερῶ τὸ κήρυγμα ἢ ὑπέρμετρα ἢ ἐνδεᾶ συνείρων,
 καὶ γέλως ἔσται παῤ αὐτοῖς ἐπὶ τῇ ἀμουσίᾳ
 τῶν ἐπῶν· ὁρῶ γοῦν καὶ τὸν Ἀπόλλω γελώμενον
 ἐπ᾿ ἐνίοις τῶν χρησμῶν, καίτοι ἐπικρυπτούσης
 
 <pb n="100"/>
 τὰ πολλὰ τῆς ἀσαφείας, ὥς μὴ πάνυ σχολὴν
 ἄγειν τοὺς ἀκούοντας ἐξετάζειν τὰ μέτρα.
 Οὐκοῦν, Ἑρμῇ. τῶν Ὁμήρον ἐπῶν ἐγκαταμίγνυε
 τὰ πολλὰ τῷ κηρύγματι, οἷς<note type="footnote" n="1"></note> ἐκεῖνος ἡμᾶς
 συνεκάλει· μεμνῆσθαι δέ σε εἰκός.</p>
 </sp>
 
 <sp>
 <speaker>ΕΡΜΗΣ</speaker>
 <p>Oὐ πάνυ μὲν οὕτω σαφῶς καὶ προχείρως· πειράσομαι
 δὲὅμως.</p>
 <p>Μήτε τις οὖν θήλεια θεὸς .<note type="footnote" n="2"></note> μήτε τις ἄρσην,
 μηδ᾿ αὖ τῶν<note type="footnote" n="3"></note> ποταμῶν μενέτω νόσφʼ Ὠκεανοῖο
 μηδέ τε νυμφάων, ἀλλʼ ἐς Διὸς ἔλθετε πάντες
 εἰς ἀγορήν, ὅσσοι τε κλυτὰς δαίνυσθʼ ἑκατόμβας,
 ὅσσοι τ᾿ αὗ μέσατοι ἢ ὕστατοι ἢ μάλα πάγχυ
 νώνυμνοι βωμοῖσι παῤ ἀκνίσοισι κάθησθε.</p>
 </sp></div>
 
 <div type="textpart" subtype="section" n="7">
 <sp>
 <speaker>ΖΕΥΣ</speaker>
 <p>7 Εὖ γε, ὦ Ἑρμῆ. ἄριστα κεκήρυκταί σοι, καὶ
 συνίασι γὰρ ἤδη· ὥστε παραλαμβάνων κάθιζε
 αὐτοὺς κατὰ τὴν ἀξίαν ἕκαστον, ὡς ἂν ὕλης ἢ
 τέχνης ἔχῃ, ἐν προεδρίᾳ μὲν τοὺς χρνσοῦς, εἶτα
 ἐπὶ τούτοις τοὺς ἀργυροῦς, εἶτα ἑ ὁπόσοι ἐλεφάντινοι,
 εἶτα τοὺς χαλκοῦς ἢ λιθίνους, καὶ ἐν
 αὐτοῖς τούτοις οἱ φειδίου μὲν ἢ Ἀλκαμένους ἢ
 Μύρωνος ἢ Εὐφράνορος ἢ τῶν ὁμοίων τεχνιτῶν
 προτετιμήσθων, οἱ συρφετώδεις δὲ οὗτοι καὶ
 <note type="footnote">1 οἷς A.M.H. ὡς MSS.</note>
 <note type="footnote">2 Word wanting in MSS. θεῶν ἔτι Hesdlam.</note>
 <note type="footnote">3 αὖ τῶν Mehler: αὐτῶν MSS.</note>
 
 <pb n="102"/>
 ἄτεχνοι πόρρω που συνωσθέντες σιωπῇ ἀναπληρούντων
 μόνον τὴν ἐκκλησίαν.</p>
 </sp>
 
 <sp>
 <speaker>ΕΡΜΗΣ</speaker>
 <p>Ἔσται ταῦτα καὶ καθεδοῦνται ὡς προσήκει.
 ἀλλʼ ἐκεῖνο οὐ χεῖρον εἰδέναι, ἤν τις αὐτῶν χρνσοῦς
 καὶ πολυτάλαντος τὴν ὁλκήν, οὐκ
 ἀκριβὴς δὲ τὴν ἐργασίαν, ἀλλ κομιδῇ ἰδιωτικὸς
 καὶ ἀσύμμετρος, πρὸ τῶν χαλκῶν τῶν Μύρωνος
 καὶ Πολυκλείτου καὶ τῶν Φειδίου καὶ Ἀλκαμένους
 λιθίνων <note type="footnote" n="1"></note> καθεδεῖται ἢ προτιμοτέραν χρή
 νομίζειν εἶναι τὴν τέχνην;</p>
 </sp>
 
 <sp>
 <speaker>ΖΕΥΣ</speaker>
 <p>Ἐχρῆν μὲν οὕτως, ἀλλʼ ὁ χρυσὸς ὅμως προτιμητέος.</p>
 </sp></div>
 
 <div type="textpart" subtype="section" n="8">
 <sp>
 <speaker>ΕΡΜΗΣ</speaker>
 <p>8 Μανθάνω· πλουτίνδην κελεύεις ἀλλὰ μὴ ἀριστίνδην
 καθίζειν, καὶ ἀπὸ τιμημάτων· ἥκετʼ οὖν
 εἰς τὴν προεδρίαν ὑμεῖς οἱ χρυσοῖ. ἐοίκασι δʼ
 οὖν, ὦ Ζεῦ, οἱ βαρβαρικοὶ προεδρεύσειν μόνοι·
 ὡς τούς γε Ἕλληνας ὁρᾷς ὁποῖοί εἰσι, χαρίεντες
 μὲν καὶ εὐπρόσωποι καὶ κατὰ τέχνην ἐσχηματισμένοι,
 λίθινοι δὲ ἢ χαλκοῖ ὅμως ἅπαντες ἢ οἱ
 γε πολυτελέστατοι αὐτῶν ἐλεφάντινοι ὀλίγον
 ὅσον τοῦ χρυσοῦ ἐπιστίλβον ἔχοντες, ὡς ἐπικεἀνθαι
 καὶ ἐπηυγάσθαι μόνον, τὰ δὲ ἔνδον
 ὑπόξυλοι καὶ οὖτοι, μυῶν ἀγέλας ὅλας ἐμπολιτευομένας
 σκέποντές· ἡ Βενδῖς δὲ αὕτη καὶ ὁ
 Ἄνουβις ἐκεινοσὶ καὶ παῤ αὐτὸν ὁ Ἄττις καὶ ὁ
 Μίθρης παὶ ὁ Μὴν ὁλόχρυσοι καὶ βαρεῖς καὶ
 πολυτίμητοι ὡς ἀληθῶς.</p>
 <note type="footnote">1 λιθίνων Bekker· τῶν λιθίνων MSS.</note>
 </sp></div>
 
 <div type="textpart" subtype="section" n="9">
 <pb n="104"/>
 <sp>
 <speaker>ΠΟΣΕΙΔΩΝ</speaker>
 <p>9 Καὶ ποῦ τοῦτο, ὦ Ἑρμῇ, δίκαιον, τὸν κυνοπρόσαωπον
 τοῦτον προκαθίζειν μου τὸν Αἰγύπτιον,
 καὶ ταῦτα Ποσειδῶνος ὄντος;</p>
 </sp>
 
 <sp>
 <speaker>ΕΡΜΗΣ</speaker>
 <p>Ναί, ἀλλὰ σὲ μέν, ὦ ἐννοσίγαιε, χαλκοῦν ὁ
 Λύσιππος καὶ πτωχὸν ἐποίησεν, οὐκ ἐχοντων τότε
 Κορινθίαων χρυσόν· οὗτος δὲ ὅλοις μετάλλοις
 πλουσιώτερος ἐστιν. ἀνέχεσθαι οὖν χρὴ παρεωσμένον,
 καὶ μὴ ἀγανακτεῖν εἴ τις ῥῖνα τηλικαύτην
 χρνσῆν ἔχαων προτετίμησεταί σου.</p>
 </sp></div>
 
 <div type="textpart" subtype="section" n="10">
 <sp>
 <speaker>ΑΦΡΟΔΙΤΗ</speaker>
 <p>10 Οὐκοῦν, ὦ Ἑρμῆ, κἀμὲ λαβὼν ἐν τοῖς προέδροις
 που κάθιζε· χρυσῆ γάρ εἰμι.</p>
 </sp>
 
 <sp>
 <speaker>ΕΡΜΗΣ</speaker>
 <p>Οὐχ ὅσα γε, ὦ Ἀφροδίτη. κἀμὲ ὁρᾶν, ἀλλʼ
 εἰ μὴ πάνυ λημῶ, λίθου τοῦ λευκοῦ, Πεντέληθεν,
 οἶμαι, λιθοτομηθεῖσα, θεῖσα, εἶτα δόξαν οὕτω Πραξιτέλει
 Ἀφροδίτη γενομένηδίοις παρεδόθης.</p>
 </sp>
 
 <sp>
 <speaker>ΑΦΡΟΔΙΤΗ</speaker>
 <p>Καὶ μὴν ἀξιόπιστόν σοι μάρτυρα τὸν Ὅμηρον
 παρέξομαι ἄνω καὶ κάτω τῶν ῥαψῳδιῶν χρυσῆν
 με τὴν Ἀφροδίτην εἶναι λέγοντα.</p>
 </sp>
 
 <sp>
 <speaker>ΕΡΜΗΣ</speaker>
 <p>Καὶ γὰρ. τὸν Ἀπόλλω. ὁ αὐτὸς πολύχρυσον
 εἶναι ἔφη καὶ πλούσιον· ἀλλὰ νῦν ὄψει κἀκεῖνον
 ἐν τοῖς ζευγίταις που καθήμενον, ἀπεστεφανωμένον
 τε<note type="footnote" n="1"></note> ὑπὸ τῶν λῃστῶν καὶ τοὺς κόλλοπας
 τῆς κιθάρας περισεσυλημένον. ὥστε ἀγάπα καὶ
 σὺ μὴ πάνυ ἐν τῷ θητικῷ ἐκκλησιάζουσα.</p>
 <note type="footnote">1 τε Fritzsche: γε MSS.</note>
 </sp></div>
 
 <div type="textpart" subtype="section" n="11">
 <pb n="106"/>
 <sp>
 <speaker>ΚΟΛΟΣΣΟΣ ΡΟΔΙΩΝ</speaker>
 <p>11 Ἐμοὶ δὲ τις ἂν ἐρίσαι τολμήσειεν Ἡλίῳ τε
 οντι καὶ τηλικούτῳ τὸ μέγsθος; εἰ γοῦν μὴ ὁπερφυᾶ
 μηδὲ ὑπέρμετρον οἱ Ῥόδιοι κατασκευάσασθαὶ
 με ἠξίωσαν, απὸ τοῦ ἴσου τελέσματος ἑκκαίδεκα
 σοῦς θεοὺς ἐπεποίηντο ἄν· ὥστε ἀνάλογον
 πολυτελέστερος ἂν νομιζοίμην. καὶ πρόσεστιν
 ἡ τέχνη καὶ τῆς ἐργκισίας τὸ ἀκριβὲς ἐν μεγέθει
 τοσούτῳ.</p>
 </sp>
 
 <sp>
 <speaker>ΕΡΜΗΣ</speaker>
 <p>Τί, ὦ Ζεῦ, χρὴ ποιεῖν; δύσκριτον γὰρ ἐμοὶ
 γοῦν τοῦτο· εἰ μὲν γὰρ ἐς τὴν ὕλην ἀποβλέπδιμμε,
 χαλκοῦς ἐστιν, εἰ δὲ λογιζοίμην ἀφ᾿ ὁπόσων
 ταλάνταων κεχάλκευται, ὑπὲρ τοὺς πεντακοσιομεδίμνους
 ἂν εἴη.</p>
 </sp>
 
 <sp>
 <speaker>ΖΕΥΣ</speaker>
 <p>Τί γὰρ ἔδει παρεῖναι καὶ τοῦτον ἐλέγξοντα
 τὴν τῶν ἄλλων μιαρότητα καὶ ἐνοχλήσοντα τῇ
 καθέδρᾳ; πλὴν ἀλλ᾿, ὦ Ῥοδίων ἄριστε, εἰ καὶ
 ὅτι μάλιστα προτιμητέος εἶ τῶν χρυσῶν, πῶς
 ἂν καὶ προεδρεύοις, εἰ μὴ δεήσει ἀναστῆναι
 πάντας ὡς μόνος καθέζοιο, τὴν Πνύκα ὅλην
 θατέρᾳ τῶν πυγῶν ἐπιλαβών; ὥστε ἄμεινον
 ποιήσεις ὀρθοστάδην ἐκκλησιάζων, ἐπικεκυφὼς
 τῷ συνεδρίῳ.</p>
 </sp></div>
 
 <div type="textpart" subtype="section" n="12">
 <sp>
 <speaker>ΕΡΜΗΣ</speaker>
 <p>12 Ἰδοὺ πάλιν ἄλλο δύσλυτον καὶ τοῦτο· χαλκῶ
 μὲν γὰρ ἀμφοτέρω ἐστὸν καὶ τέχνης τῆς αὐτῆς,
 Λνσίππου ἑκάτερον τὸ ἔργον, καὶ τὸ μέγιστον,
 ὁμοτίμω τὰ ἐς γένος, ἅτε δὴ Διὸς παῖδε, ὁ
 Διόνυσος οὑτοσὶ καὶ Ἡρακλῆς. πότερος οὖν
 αὐτῶν προκαθίζει; φιλονεικοῦσι γάρ, ὡς ὁρᾷς.</p>
 </sp>
 
 <pb n="108"/>
 <sp>
 <speaker>ΖΕΤΣ</speaker>
 <p>Διατρίβομεν, ὦ Ἑρμῆ, πάλαι δεον ἐκκλησιάζειν·
 ὥστε νῦν μὲν ἀναμὶξ καθιζόντων, ἔνθ᾿ ἂν ἕκαστος
 ἐθέλῃ, εἰσαῦθις δὲ ἀποδοθήσεται περὶ τούτων ἐκκληςία,
 κἀγὼ εἴσομαι τότε ἥντινα χρὴ ποιήσσασθαι
 τὴν τάξιν ἐπ᾿ αὐτοῖς.</p>
 </sp>
 </div>
 
 <div type="textpart" subtype="section" n="13">
 <sp>
 <speaker>ΕΡΜΗΣ</speaker>
 <p>13 Ἀλλ᾿, Ἡράκλεις, ὡς θορυβοῦσι τὰ κοινὰ καὶ
 τὰ καθ᾿ ἡμέραν ταῦτα βοῶντες, “Διανομάς· ποῦ
 τὸ νέκταρ; ἡ ἀμβροσία ἐπέλιπεν· ποῦ αἱ ἑκατόμβαι;
 κοινὰς τὰς θυςίας.”<note type="footnote" n="1"></note></p>
 </sp>
 
 <sp>  
 <speaker>ΖΕΥΣ</speaker>
 <p>Κατασιώπησον αὐτούς, ὦ Ἑρμῆ, ὡς μάθωσιν
 ὅτου ἕνεκα συνελέγησαν τοὺς λήρους τούτους
 ἀφέντες.</p>
 </sp>
 
 <sp>
 <speaker>ΕΡΜΗΣ</speaker>
 <p>Οὐχ ἅπαντες, ὦ Ζεῦ, τὴν Ἑλλήνων φωνὴν
 συνιᾶσιν· ἐγὼ δὲ οὐ πολύγλωττός εἰμι, ὤστε καὶ
 Σκύθαις καὶ Πέρσαις καὶ Θρᾳξὶν καὶ Κελτοῖς
 συνετὰ κηρύττειν. ἄμεινον οὖν, οἰμαι, τῇ χειρὶ
 σημαίνειν καὶ παρακελεύεσθαι σιωπᾶν.</p>
 </sp>
 
 <sp>
 <speaker>ΖΕΥΣ</speaker>
 <p>Οὕτω ποίει.</p>
 </sp>
 </div>
 
 <div type="textpart" subtype="section" n="14">
 <sp>
 <speaker>ΕΡΜΗΣ</speaker>
 <p>14 Εὖ γε, ἀφωνότεροι γεγένηνταί σοι τῶν σοφιστῶν.
 ὥστε ὥρα δηηγορεῖν. ὁρᾷς; πάλαι πρὸς
 σὲ ἀποβλέπουσι περιμένοντες ὅ τι καὶ ἐρεῖς.</p>
 </sp>
 
 <sp>
 <speaker>ΖΕΓΣ</speaker>
 <p>Ἀλλ᾿ ὅ γε πέπονθα, ὦ Ἑρμῆ, οὐκ ἂν ὀκνήσαιμι
 <note type="footnote">1 Text ΓΩΝ: some MSS. Repeat on or more of these
 Phrases.</note>
 
 <pb n="110"/>
 πρὸς σὲ εἰπεῖν υἱὸν ὄντα. οἶσθα ὅπως θαρραλέος
 ἀεὶ καὶ μεγαληγόρος ἐν ταῖς ἐκκλησίαις ἦν.</p>
 </sp>
 
 <sp>
 <speaker>ΕΡΜΗΣ</speaker>
 <p>Οἶδα καὶ ἐδεδίειν γε ἀκούων σου δημηγοροῦντος,
 καὶ μάλιστα ὁπότε ἠπείλεις<note type="footnote" n="1"></note> ἀνασπάσειν ἐκ
 βάθρων τὴν γῆν καὶ τὴν θάλασσαν αὐτοῖς θεοῖς
 τὴν σειρὰν ἐκείνην τὴν χρυσῆν καθείς.</p>
 </sp>
 
 <sp>
 <speaker>ΖΕΥΣ</speaker>
 <p>Ἀλλὰ νῦν, ὦ τέκνον, οὐκ οἶδα εἴτε ὑπὸ τοῦ
 μεγέθους τῶν ἐφεστώτων δεινῶν εἴτε καὶ ὑπὸ τοῦ
 πλήθους τῶν παρόντων—πολυθεωτάτη γάρ. ὡς
 ὁρᾷς, ἡ ἐκκλησία—διατετάραγμαι τὴν γνώμην καὶ
 ὑπότρομός εἰμι καὶ ἡ γλῶττά μοι πεπεδημένη
 ἔοικε· τὸ δὲ ἀτοπώτατον ἁπάντων, ἐπιλέλησμαι
 τὸ προοίμιον τῶν ὅλων, ὃ παρεσκευασάμην ώς
 εὐπροσωποτάτη μοι ἡ ἀρχὴ γένοιτο πρὸς αὐτούς.</p>
 </sp>
 
 <sp>
 <speaker>ΕΡΜΗΣ</speaker>
 <p>Ἀπολώλεκας, ὦ Ζεῦ, ἅπαντα· οἱ δὲ ὑποπτεύουσι
 τὴν σιωπὴν καί τι ὑπέρμεγα κακὸν ἀκούσεσθαι
 προσδοκῶσιν, ἐφ᾿ ὅτῳ σὺ διαμέλλεις.</p>
 </sp>
 
 <sp>
 <speaker>ΖΕΥΣ</speaker>
 <p>Βούλει οὖν, ὦ Ἑρμῆ, τὸ Ὁμηρικὸν ἐκεῖνο
 προοίμιον ἀναρραψῳδήσω πρὸς αὐτούς;</p>
 </sp>
 
 <sp>
 <speaker>ΕΡΜΗΣ</speaker>
 <p>Τὸ ποῖον;</p>
 </sp>
 
 <sp>
 <speaker>ΖΕΥΣ</speaker>
 <p>Κέκλυτέ μευ παντες τε θεοὶ πᾶσαί τε θέαιναι.</p>
 <note type="footnote">1 ἠπείλεις vulg.: ἂν ἠπείλεις γ; ἀπειλοίης β.</note>
 </sp>
 
 <pb n="112"/>
 <sp>
 <speaker>ΕΡΜΗΣ</speaker>
 <p>Ἄπαγε, ἱκανῶς καὶ πρὸς ἡμᾶς πεπαρῴδηταί<note type="footnote" n="1"></note>
 σοι τὰ πρῶτα. πλὴν εἰ δοκεῖ, τὸ μὲν φορτικὸν
 τῶν μέτρων ἄφες, σὺ δὲ τῶν Δημοσθένους δημηγοριόῳν
 τῶν κατὰ Φιλίππου ἥντινα ἂν ἐθέλῃς σύνειρε,
 ὀλίγα ἐναλλάττων· οὕτω γοῦν οἱ πολλοὶ νῦν ῥητορεύουσιν.
 Εὔ λέγεις ἐπίτομόν τινα ῥητορείαν καὶ ῥᾳδιουργίαν
 ταύτην εὔκαιρον τοῖς
 ἀπορουμένοις.</p>
 </sp>
 </div>
 
 <div type="textpart" subtype="section" n="15">
 <sp>
 <speaker>ΕΡΜΗΣ</speaker>
 <p>15 Ἄρξαι δʼ οὖν ποτε.</p>
 </sp>
 
 <sp>
 <speaker>ΖΕΥΣ</speaker>
 <p>Ἀντὶ πολλῶν ἄν; ὦ ἄνδρες θεοι. χρημάτων
 ὑμᾶς ἑλέσθαι νομίζω, εἰ φανερὸν γένοιτο ὑμῖν ὅ τι
 δή ποτε ἄρα τοῦτό ἐστιν ἐφʼ ὅτῳ νῦν συνελέγητε.
 ὅτε τοίνυν τοῦτο οὕτως ἔχει, προσήκει προθύμως
 ἀκροᾶσθαί μου λέγοντος. ὁ μὲν οὖν παρὼν καιρός,
 ὦ θεοί, μονονουχὶ λέγει φωνὴν ἀφιεὶς ὅτι τῶν
 παρόντων ἐρρωμένως ἀντιληπτέον ἡμῖν ἐστιν,
 ἡμεῖς δὲ πάνυ ὀλιγώρως ἔχειν δοκοῦμεν πρὸς αὐτά.
 βούλομαι δὲ ἤδη—καὶ γὰρ ἐπιλείπει ὁ Δημοσθένης—αὐτὰ
 ὑμῖν δηλῶσαι σαφῶς, ἐφʼ οἷς διαταραχθεὶς
 συνήγαγον τὴν ἐκκλησίαν.</p>
 <p>Χθὲς γάρ, ὡς ἴστε, Μνησιθέου τοῦ ναυκλήρου
 θύσαντος τὰ σωτήρια ἐπὶ τῇ νηῒ ὀλίγου δεῖν
 ἀπολομένῃ περὶ τὸν Καφηρέα, εἱστιώμεθα ἐν
 Πειραιεῖ, ὁπόσους ἡμῶν ὁ Μνησίθεος ἐπὶ τὴν
 θυσίαν ἐκάλεσεν· εἶτα μετὰ τὰς σπονδὰς ὑμεῖς
 μὲν ἄλλος ἄλλην ἐτράπεσθε, ὡς ἑκάστῳ ἔδοξεν,
 ἐγὼ δὲ—οὐδέπω γὰρ πάνυ ὀψὲ ἦν—ἀνῆλθον ἐς τὸ
 <note type="footnote">1 πεπαρώδηται du Soul: πεπαρῴνηται MSS.</note>
 
 <pb n="114"/>
 ἄστυ ὡς περιπατήσαιμι τὸ δειλινὸν ἐν Κεραμεικῷ,
 ἐννοῶν ἅμα τοῦ Μνησιθέου τὴν μικρολογίαν, ὃς
 ἑκκαίδεκα θεοὺς ἑστιῶν ἀλεκτρυόνα μόνον κατέθυσε,
 γέροντα κἀκεῖνον ἤδη καὶ κορυζῶντα, καὶ
 λιβανωτοῦ χόνδρους τέτταρας εὖ μάλα εὐρωτιῶντας,
 ὡς αὐτίκα ἐπισβεσθῆναι τῷ ἄνθρακι, μηδὲ
 ὅσον ἄκρᾳ τῇ ῥινὶ ὀσφραίνεσθαι τοῦ καπνοῦ παρασχόντας,
 καὶ ταῦτα ἑκατόμβας ὅλας ὑποσχόμένος
 ὁπότε ἡ ναῦς ἤδη προσεφέρετο τῷ σκοπέλῳ
 καὶ ἐντὸς ἦν τῶν ἑρμάτων.</p>
 </sp>
 </div>
 
 <div type="textpart" subtype="section" n="16">
 <p>16 Ἐπεὶ δὲ ταῦτα ἐννοῶν γίγνομαι κατὰ τὴν
 Ποικίλην, ὁρῶ πλῆθος ἀνθρώπων πάμπολυ συνεστηκός,
 ἐνίους μὲν ἔνδον ἐν αὐτῇ τῇ στοᾷ, πολλοὺς
 δὲ καὶ ἐν τῷ ὑπαίθρῳ, καί τινας βοῶντας καὶ διατεινομένους
 ἐπὶ τῶν θάκων καθημένους. εἰκάσας
 οὖν ὅπερ ἦν, φιλοσόφους εἶναι τῶν ἐριστικῶν τούταων,
 ἐβουλήθην ἐπιστὰς ἀκοῦσαι αὐτῶν ὅ τι καὶ
 λέγουσι· καὶ—ἔτυχον γὰρ νεφέλην τῶν παχειῶν
 περιβεβλημένος —σχηματίσας ἐμαυτὸν εἰς τὸν
 ἐκείναων τρόπον καὶ τὸν πώγωνα ἐπισπασάμενος
 εὖ μάλα ἐῴκειν φιλοσόφῳ· καὶ δὴ παραγκωνισάμενος
 τοὺς πολλοὺς εἰσέρχομαι ἀγνοουμενος ὅστις
 εἴην. εὑρίσκω τε τὸν Ἐπικούρειον Δᾶμιν, τὸν ἐπίτριπτον,
 καὶ Τιμοκλέα τὸν Στωῖκόν, ἀνδρῶν βέλτιστον,
 ἐκθύμως πάνυ ἐρίζοντας· ὁ γοῦν Τιμοκλῆς
 καὶ ἵδρου καὶ τὴν φωνὴν ἤδη ἐξεκέκοπτο ὑπὸ τῆς
 βοῆς, ὁ Δᾶμις δὲ τὸ σαρδάνιον ἐπιγελῶν ἔτι μᾶλλον
 παρώξυνε τὸν Τιμοκλέα.</p>
 </div>
 
 <div type="textpart" subtype="section" n="17">
 <p>17 Ἦν δὲἄρα περὶ ἡμῶν ὁ πᾶς λόγος αὐτοῖς· ὁ μὲν
 γὰρ κατάρατος δᾶμις οὔτε προνοεῖν ἡμᾶς ἔφασκα
 τῶν ἀνθρώπων οὔτ᾿ ἐπισκοπεῖν τὰ γινόμενα παῤ
 αὐτοῖς, οὐδὲν ἄλλο ἢ μηδὲ ὅλως ἡμᾶς εἶναι λέγων·
 
 <pb n="116"/>
 τοῦτο γὰρ αὐτῷ δηλαδὴ ὁ λόγος ἐδύνατο· καὶ ἦσάν
 τινες οἳ ἐπῄνον αὐτόν. ὁ δ᾿  ἕτερος τὰ ἡμέτερα ὁ
 Τιμοκλῆς ἐφρόνει καὶ ὑπερεμάχει καὶ ἠγανακτει
 καὶ πάντα τρόπον σνηγωνίζετο τὴν ἐπιμέλειαν
 ἡμῶν ἐπαινῶν καὶ διεξιὼν ὡς ἐν κόσμῳ καὶ τάξει
 τῇ προσηκούσῃ ἐξηγούμεθα καὶ διατάττομεν ἕκαστα·
 καὶ εἶχε μέν τινας καὶ αὐτὸς τοὺς ἐπαινοῦντας.
 πλὴν ἐκεκμήκει γὰρ ἤδη καὶ πονήρως ἐφώνει
 καὶ τὸ πλῆθος εἰς τὸν Δᾶμιν ἀπέβλεπε—, συνεὶς
 δὲ ἐγὼ τὸ κινδύνευμα τὴν νύκτα ἐκέλευσα περιχνθεῖσαν
 διαλῦσαι τὴν συνουσίαν. ἀπῆλθον οὖν
 εἰς τὴν ὑστεραίαν συνθέμενοι εἰς τέλος ἐπεξελεύσεσθαι
 τὸ σκέμμα, κἀγὼ παρομαρτῶν τοῖς πολλοῖς
 ἐπήκουον μεταξὺ ἀπιόντων οἴκαδε παῤ αὑτοὺς
 ἐπαινούντων τὰ τοῦ Δάμιδος καὶ ἤδη παρὰ πολὺ
 αἱρουμένων τὰ ἑκείνου· ἦσαν δὲ καὶ οἱ μὴ ἀξιοῦντες
 προκατεγνωκέναι τῶν ἐναντίων ἀλλὰ περιμένειν
 εἴ τι καὶ ὁ Τιμοκλῆς αὔριον ἐρεῖ.</p>
 </div>
 
 <div type="textpart" subtype="section" n="18">
 <p>18 Ταῦτ᾿ ἔστιν ἐφ᾿ οἷς ὑμᾶς συνεκάλεσα, οὐ μικρά.
 θεοί, εἰ λογιεῖσθε ὡς ἡ πᾶσα μὲν ἡμῖν τιμὴ καὶ
 δόξα καὶ πρόσοδος οἱ ἄνθραωποί εἰσιν· εἰ δ᾿ οὖτοι πεισθεῖαν
 ἡ μηδὲ ὅλως θεοὺς εἶναι ἢ ὄντας ἀπρονοήτους
 εἶναι σφῶν αὐτῶν, ἄθυτα καὶ ἀγέραστα καὶ ἀτίμητα
 ἡμῖν ἔσται τὰ ἐκ γῆς καὶ μάτην ἐν οὐρανῷ
 καθεδούμεθα λιμῷ ἐχόμενοι, ἑορτῶν ἐκείνων καὶ
 πανηγύρεων καὶ ἀγώνων καὶ θυσιῶν καὶ πανυχίδων
 καὶ πομπῶν στερούμενοι. ὡς οὖν ὑπὲρ
 τηλικούτων φημὶ δεῖν ἅπαντας ἐπινοεῖν τι σωτήριον
 τοῖς παροῦσι καὶ ἀφʼ ὅτου κρατήσει μὲν ὁ Τιμο
 κλῆς καὶ δόξει ἀληθέστερα λέγειν, ὁ Δᾶμις δὲ καταγελασθτήσεται
 πρὸς τῶν ἀκουόντων· ὡς ἔγωγε οὐ
 πάνυ τῷ Τιμοκλεῖ πέποιθα ὡς κρατήσει καθ᾿ ἑαυτόν,
 
 <pb n="118"/>
 ἢν μὴ καὶ τὰ παῤ ἡμῶν αὐτῷ προσγένηται.
 κήρυττε οὖν, ὦ Ἑρμῇ, τὸ κήρυγμα τὸ ἐκ τοῦ νόμου,
 ὡς ἀνιστάμενοι συμβουλεύοιεν.</p>
 
 <sp>
 <speaker>ΕΡΜΗΣ</speaker>
 <p>Ἄκουε, σίγα, μὴ τάραττε· τίς ἀγορεύειν βούλεται
 τῶν τελείων θεῶν, οἷς ἔξεστι; τί τοῦτο;
 οὐδεὶς ἀνίσταται, ἀλλ᾿ ἡσυχάζετε πρὸς τὸ μέγεθος
 τῶν ἠγγελμένων ἐκπεπληγμένοι;</p>
 </sp>
 </div>
 
 <div type="textpart" subtype="section" n="19">
 <sp>
 <speaker>ΜΩΜΟΣ</speaker>
 <p>19 Ἀλλ᾿ ὑμεῖς μὲν πάντες ὕδωρ καὶ γαῖα γένοισθε·
 ἐγὼ δέ, εἴ γέ μοι μετὰ παρρησίας λέγειν δοθείη,
 πολλὰ ἄν, ὦ Ζεῦ, ἔχοιμι εἰπεῖν.</p>
 </sp>
 
 <sp>
 <speaker>ΖΕΥΣ</speaker>
 <p>Λέγε, ὦ Μῶμε, πάνυ θαρρῶν· δῆλος γὰρ εἶ ἐπὶ
 τῷ συμφέροντι παρρησιασόμενος.</p>
 </sp>
 
 <sp>
 <speaker>ΜΩΜΟΣ</speaker>
 <p>Οὐκοῦν ἀκούετε, ὦ θεοί, τά γε ἀπὸ καρδίας,
 φασίν· ἐγὼ γὰρ καὶ πάνυ προσεδόκων ἐς τόδε ἀμηχανίας
 περιστήσεσθαι τὰ ἡμέτερα καὶ πολλοὺς
 τοιούτους ἀναφύσεσθαι ἡμῖν σοφιστάς, παῤ ἡμῶν
 αὐτῶν τὴν αἰτίαν τῆς τόλμης λαμβάνοντας· καὶ
 μὰ τὴν Θέμιν οὔτε τῷ Ἐπικούρῳ ἄξιον ὀργίζεσθαι
 οὔτε τοῖς ὁμιληταῖς αὐτοῦ καὶ διαδόχοις τῶν
 λόγων, εἰ τοιαῦτα περὶ ἡμῶν ὑπειλήφασιν. ἢ τί
 γὰρ αὐτοὺς ἀξιώσειέ τις ἂν φρονεῖν, ὁπόταν ὁρῶσι
 τοσαύτην ἐν τῷ βίῳ την ταραχην, καὶ τοὺς μὲν
 χρηστοὺς αὐτῶν ἀμελουμένους, ἐν πενίᾳ καὶ
 νόσοις καὶ δουλείᾳ καταφθειρομένους, παμπονήρους
 
 <pb n="120"/>
 δὲ καὶ μιαροὺς ἀνθρώπους προτιμωμώνουσ
 καὶ ὑπερπλουτοῦντας καὶ ἐπιτάττοντας τοῖς
 κρείττοσι, καὶ τοὺς μὲν ἱεροσύλους οὐ κολαζο
 μένους ἀλλὰ διαλανθάνοντας, ἀνασκολοπιζομένους
 δὲ καὶ τνμπανιζομένους ἐνίοτε τοὺς οὐδὲν
 ἀδικοῦντας;</p>
 </sp>
 </div>
 
 <div type="textpart" subtype="section" n="20">
 <p>20 Εἰκότως τοίνυν ταῦτα ὁρῶντες οὕταω διανοοῦνται
 περὶ ἡμῶν ὡς οὐδὲν ὄντων, καὶ μάλιστα
 ὅταν ἀκούωσι τῶν χρησμῶν λεγόντων, ὡς διαβάς
 τις τὸν Ἅλυν μεγάλην ἀρχὴν καταλύσει, οὐ
 μέντοι δηλούντων, εἴτε τὴν αὑτοῦ εἴτε τὴν τῶν
 πολεμίων· καὶ πάλιν
 <lg>
 <l>ὦ θείη Σαλαμίς, ἀπολεῖς δὲ σὺ τέκνα γυναικῶν.</l>
 </lg>
 καὶ Πέρσαι γάρ, οἶμαι, καὶ Ἕλληνες γυναικῶν
 τέκνα ἦσαν. ὅταν μὲν γὰρ τῶν ῥαψῳδῶν ἀκούωσιν,
 ὅτι καὶ ἐρῶμεν καὶ τιτρωσκόμεθα καὶ δεσμούμεθα
 καὶ δουλεύομεν καὶ στασιάζομεν καὶ μυρία
 ὅσα πράγματα ἔχομεν, καὶ ταῦτα μακάριοι καὶ
 ἄφθαρτοι ἀξιοῦντες εἶναι, τί ἄλλο ἢ δικαίως καταγελῶσι
 καὶ ἐν οὐδενὶ λόγῳ τίθενται τὰ ἡμέτερα;
 ἡμεῖς δὲ ἀγανακτοῦμεν, εἴ τινες ἄνθρωποι ὄντες
 οὐ πάνυ ἀνόητοι διελέγχονσι ταῦτα καὶ τὴν
 προνοιαν ἡμῶν παρωθοῦνται, δέον ἀγαπᾶν εἴ
 τινες ἡμῖν ἔτι θύουσι τοιαῦτα ἐξαμαρτάνουριν.</p>
 <p>Καί μοι ἐνταῦθα, ὦ Ζεῦ—μόνοι γάρ ἐσμεν
 καὶ οὐδεὶς ἄνθρωπος πάρεστι τῷ συλλόγῳ ἔξω
 Ἡρακλέους καὶ Διονύσου καὶ Γανυμήδους καὶ
 Ἀσκληπιοῦ, τῶν παρεγγράπτων τούτων—ἀπόκριναι
 μετ᾿ ἀληθείας, εἴ ποτέ σοι ἐμέλησεν ἐς
 
 <pb n="122"/>
 τοσοῦτον τῶν ἐν τῇ γῇ, ὡς ἐξετάσαι οἵτινες αὐτῶν
 οἱ φαῦλοι ἢ οἵτινες οἰ χρηστοί εἰσιν· ἀλλ᾿ οὐκ
 ἂν εἴποις. εἰ γοῦν μὴ ὁ Θησεὺς ἐκ Τροιζῆνος
 εἰς Ἀθήνας ἰὼν ὁδοῦ πάρεργον ἐξέκοψε τοὺς
 κακούργους, ὅσον ἐπὶ σοὶ καὶ τῇ σῇ προνοίᾳ
 οὐδὲν ἂν ἐκώλυεν ζῆν ἐντρυφῶντας ταῖς τῶν
 ὁδῷ βαδιζόντων σφαγαῖς τὸν Σκείρωνα καὶ
 Πιτυοκάμπτην καὶ Κερκυόνα καὶ τοὺς ἄλλους·
 ἢ εἴ γε μὴ ὁ Εὐρυσθεύς, ἀνὴρ δίκαιος καὶ
 προνοητικός, ὑπὸ φιλανθρωπίας ἀναπυνθανόμενος
 τὰ παῤ ἑκάστοις ἐξέπεμπε τουτονὶ τὸν.
 οἰκέτην αὑτοῦ, ἐργατικὸν ἄνθραωπον καὶ πρόθυμον
 εἰς τοὺς πόνους, ὦ Ζεῦ, σὺ ὀλίγον ἐφρόντσας ἂν
 τῆς Ὕδρας καὶ τῶν ἐν Στυμφάλῳ ὀρνέων καὶ
 ἵππων τῶν Θρᾳκίων καὶ τῆς Κενταύρων ὕβρεως
 καὶ παροινίας.</p>
 </div>
 
 <div type="textpart" subtype="section" n="22">
 <p>22 Ἁλλ᾿ εἰ χρὴ τἀληθῆ λέγειν, καθήμεθα τοῦτο
 μόνον ἐπιτηροῦντες, εἴ τις θύει καὶ κνισᾷ τοὺς
 βωμούς· τὰ δ᾿  ἄλλα κατὰ ῥοῦν φέρεται ὡς ἂν
 τύχῃ ἕκαστον παρασνρόμενα. τοιγαροῦν εἰκότα.
 νῦν πάσχομεν καὶ ἔτι πεισόμεθα, ἐπειδὰν κατ᾿
 ὀλίγον οἱ ἄνθρωποι ἀνακύπτοντες εὑρίσκωσιν
 οὐδὲν ὄφελος αὐτοῖς ὅν, εἰ θύοιεν ἡμῖν καὶ τὰς
 πομπὰς πέμποιεν. εἶτ᾿ ἐν βραχεῖ ὄψει καταγελῶντας
 τοὺς Ἐπικούρους καὶ Μητροδώρους καὶ
 Δάμιδας, κρατουμένους δὲ καὶ ἀποφραττομένους
 ὑπ᾿ αὐτῶν τοὺς ἡμετέρους σννηγόρους· ὥστε
 ὑμέτερον ἂν εἴη παύειν καὶ ἰᾶσθαι ταῦτα, τῶν
 καὶ ἐς τόδε αὐτὰ προαγαγόντων. Μώμῳ δὲ οὐ
 μέγας ὁ κίνδυνος, εἰ ἄτιμος ἔσται· οὐδὲ γὰρ
 πάλαι τῶν τιμωμένων ἦν, ὑμῶν ἔτι εὐτυχούντων
 καὶ τὰς θυσίας καρπουμένων.</p>
 </div>
 
 <div type="textpart" subtype="section" n="23">
 <pb n="124"/>
 <sp>
 <speaker>ΖΕΥΣ</speaker>
 <p>23 Τοῦτον μέν, ὦ θεοί, ληρεῖν ἐάσωμεν ἀεὶ τραχύν
 ὄντα καὶ ἐπιτιμητικόν· ὡς γὰρ ὁ θαυμαστὸς
 Δημοσθένης ἔφη, τὸ μὲν ἐγκαλέσαι καὶ μέμψασθαι
 καὶ ἐπιτιμῆσαι ῥᾴδιον καὶ παντός, τὸ δὲ
 ὅπως τὰ παρόντα βελτίω γενήσεται συμβουλεῦσαι,
 τοῦτ᾿ ἔμφρονος ὡς ἀληθῶς συμβούλου· ὅπερ
 οἱ ἄλλοι εὖ οἶδ᾿ ὅτι ποιήσετε καὶ τούτου
 σιωπῶντος.</p>
 </sp>
 </div>
 
 <div type="textpart" subtype="section" n="24">
 <sp>
 <speaker>ΠΟΣΕΙΔΩΝ</speaker>
 <p>24 Εγὼ δὲ τὰ μὲν ἄλλα ὑποβρύχιός εἰμι, ὡς
 ἴστε, καὶ ἐν βυθῷ πολιτεύομαι κατ ἐμαυτόν, εἰς
 ὅσον ἐμοὶ δυνατὸν σώζων τοὺς πλέοντας καὶ
 παραπέμπων τὰ πλοῖα καὶ τοὺς ἀνέμους καταμαλάττων·
 ὅμως δ᾿ οὖν—μέλει γάρ μοι καὶ τῶν
 ἐνταῦθα—φημὶ δεῖν τὸν Δᾶμιν τοῦτον ἐκποδὼν
 ποιήσασθαι, πρὶν ἐπὶ τὴν ἔριν ἥκειν, τοι κεραυνῷ
 ἤ τινι ἄλλῃ μηχανῇ. μὴ καὶ ὑπέρσχῃ λέγων—
 φὴς γάρ, ὦ Ζεῦ, πιθανόν τινα εἶναι αὐτόν· ἅμα
 γὰρ καὶ δείξομεν αὐτοῖς ὡς μετερχόμεθα τοὺς τὰ
 τοιαῦτα καθ᾿ ἡμῶν διεξιόντας.</p>
 </sp>
 </div>
 
 <div type="textpart" subtype="section" n="25">
 <sp>
 <speaker>ΖΕΥΣ</speaker>
 <p>25 Παίζεις, ὦ Πόσειδον, ἢ τέλεον ἐπιλέλησαι ὡς
 οὐδὲν ἐφ᾿ ἡμῖν τῶν τοιούτων ἐστίν, ἀλλ᾿ αἱ
 Μοῖραι ἑκάστῳ ἐπικλώθουσι, τὸν μὲν κεραυνῷ.
 τὸν δὲ ξίφει, τὸν δὲ πυρετῷ ἢ φθόῃ ἀποθανεῖν;
 ἐπεὶ εἴ γέ μοι ἐπ᾿ ἐξουσίας τὸ πρᾶγμα ἦν,
 εἴασα ἄν, οἴει, τοὺς ἱεροσύλους πρῴην ἀπελθεῖν
 ἀκεραυνώτους ἐκ Πίσης δύο μου τῶν πλοκάμων
 ἀποκείραντας ἓξ μνᾶς ἑκάτερον ἕλκοντας; ἢ σὺ
 αὐτὸς περιεῖδες ἂν ἐν Γεραιστῷ τὸν ἁλιέα τὸν
 ἐξ Ὠρεοῦ ὑφαιρούμενόν σου τὴν τρίαιναν; ἄλλως
 
 <pb n="126"/>
 τε καὶ δόξομεν ἀγανακτεῖν λελυπημένοι τῷ πράγματι
 καὶ δεδιέναι τοὺς παρὰ τοῦ Δάμιδος λόγους
 καὶ δι᾿ αὐτὸ ἀποσκευάζεσθαι τὸν ἄνδρα, οὐ περιμείναντες
 ἀντεξετασθῆναι αὐτὸν τῷ Τιμοκλεῖ.
 ὥστε τί ἄλλο ἢ ἐξ ἐρήμης κρατεῖν οὕτω δόξομεν;</p>
 </sp>
 
 <sp>
 <speaker>ΠΟΣΕΙΔΩΝ</speaker>
 <p>Καὶ μὴν ἐπίτομόν τινα ταύτην ᾤμην ἐπινενοηκέναι
 ἔγωγε πρὸς τὴν νίκην.</p>
 </sp>
 
 <sp>
 <speaker>ΖΕΥΣ</speaker>
 <p>Ἄπαγε, θυννῶδες τὸ ἐνθύμημα, ὦ Πόσειδον,
 καὶ κομιδῇ παχύ, προαναιρήσειν τὸν ἀνταγωνιστὴν
 ὡς ἀποθάνοι ἀήττητος, ἀμφήριστον ἔτι καὶ
 ἀδιάκριτον καταλιπὼν τὸν λόγον.</p>
 </sp>
 
 <sp>
 <speaker>ΠΟΣΕΙΔΩΝ</speaker>
 <p>Οὐκοῦν ἄμεινόν τι ὑμεῖς ἄλλο ἐπινοεῖτε, εἰ
 τἀμὰ οὕτως ὑμῖν ἀποτεθύννισται.</p>
 </sp>
 </div>
 
 <div type="textpart" subtype="section" n="26">
 <sp>
 <speaker>ΑΠΟΛΛΩΝ</speaker>
 <p>26 Εἰ καὶ τοῖς νεοις ἔτι καὶ ἀγενείοις ἡμῖν ἐφεῖτο
 ἐκ τοῦ νόμου δημηγορεῖν, ἴσως ἂν εἶπόν τι συμφέρον
 εἰς τὴν διάσκεψιν.</p>
 </sp>
 
 <sp>
 <speaker>ΜΩΜΟΣ</speaker>
 <p>Ἡ μὲν σκέψις, ὦ Ἄπολλον, οὕτω περὶ μεγάλων,
 ὥστε μὴ καθ᾿ ἡλικίαν, ἀλλὰ κοινὸν ἅπασι
 προκεῖσθαι τὸν λόγον· χάριεν γάρ, εἰ περὶ τῶν
 ἐσχάτων κινδυνεύοντες περὶ τῆς ἐν τοῖς νόμοις
 ἐξουσίας μικρολογούμεθα. σὺ δὲ καὶ πάνυ ἤδη
 ἕννομος εἶ δημηγόρος, πρόπαλαι μὲν ἐξ ἐφήβων
 γεγονώς, ἐγγεγραμμένος δὲ ἐς τὸ τῶν δώδεκα
 ληξιαρχικόν, καὶ ὀλίγου δεῖν τῆς ἐπὶ Κρόνου
 βουλῆς ὤν· ὥστε μὴ μειρακιεύον πρὸς ἡμᾶς,
 ἀλλὰ λέγε θαρρῶν ἤδη τὰ δοκοῦντα, μηδὲν αἰδεσθεὶς
 
 <pb n="128"/>
 εἰ ἀγενειος ὢν δημηγορήσεις, καὶ ταῦτα
 βαθυπώγωνα καὶ εὐγένειον οὕτως υἱὸν ἔχων τὸν
 Ἀσκληπιόν. ἄλλως τε καὶ πρέπον ἂν εἴη σοι
 νῦν μάλιστα ἐκφαίνειν τὴν σοφίαν, εἰ μὴ μάτην
 ἐν τῷ Ἑλικῶνι κάθησαι ταῖς Μούσαις
 συμφιλοσοφῶν.</p>
 </sp>
 
 <sp>
 <speaker>ΑΠΟΛΛΩΝ</speaker>
 <p>Ἀλλ᾿ οὐ σέ, ὦ Μῶμε, χρὴ τὰ τοιαῦτα ἐφιέναι,
 τὸν Δία δέ· καὶ ἢν οὗτος κελεύσῃ, τάχ᾿ ἄν τι οὐκ
 ἄμουσον εἴποιμι ἀλλὰ τῆς ἐν τῷ Ἑλικῶνι μελέτης
 ἄξιον.</p>
 </sp>
 
 <sp>
 <speaker>ΖΕΥΣ</speaker>
 <p>Λέγε, ὦ τέκνον· ἐφίημι γάρ.</p>
 </sp>
 </div>
 
 <div type="textpart" subtype="section" n="27">
 <sp>
 <speaker>ΑΠΟΛΛΩΝ</speaker>
 <p>27 Ὁ Τιμοκλῆς οὗτος ἔστι μὲν χρηστὸς ἀνὴρ καὶ
 φιλόθεος καὶ τοὺς λόγους πάνυ ἠκρίβωκε τοὺς
 Στωϊκούς· ὥστε καὶ σύνεστιν ἐπὶ σοφίᾳ πολλοῖς
 τῶν νέων καὶ μισθοὺς οὐκ ὀλίγους ἐπὶ τούτῳ
 ἐκλέγει, σφόδρα πιθανὸς ὢν ὁπότε ἰδίᾳ τοῖς
 μαθηταῖς διαλέγοιτο· ἐν πλήθει δὲ εἰπεῖν ἀτολμότατός
 ἐστι καὶ τὴν φωνὴν ἰδιώτης καὶ μιξοβάρβαρος,
 ὥστε γέλωτα ὀφλισκάνειν διὰ τοῦτο
 ἐν ταῖς συνουσίαις, οὐ συνείρων ἀλλὰ βατταρίζων
 καὶ ταραττόμενος, καὶ μάλιστα ὁπόταν οὕτως
 ἔχων καὶ καλλιρρημοσύνην ἐπιδείκνυσθαι βούληται.
 συνεῖναι μὲν γὰρ εἰς ὑπερβολὴν ὀξύς ἐστι
 καὶ λεπτογνώμεν, ὥς φασιν οἱ ἄμεινον τὰ τῶν
 Στωϊκῶν εἰδότες, λέγων δὲ καὶ ἑρμηνεύων ὑπ᾿
 ἀσθενείας διαφθείρει αὐτὰ καὶ συγχεῖ, οὐκ ἀποσαφῶν
 ὅ τι βούλεται ἀλλὰ αἰνίγμασιν ἐοικότα
 προτείνων καὶ πάλιν αὖ πολὺ ἀσαφέστερα πρὸς
 τὰς ἐρωτήσ εις ἀποκρινόμενος· οἱ δὲ οὐ συνιέντες
 
 <pb n="130"/>
 καταγελῶσιν αὐτοῦ. δεῖ δὲ οἶμαι σαφῶς λέγειν
 καὶ τούτου μάλιστα πολλὴν ποιεῖσθαι τὴν πρόνοιαν,
 ὡς συνήσουσιν οἱ ἀκούοντες.</p>
 </sp>
 </div>
 
 <div type="textpart" subtype="section" n="28">
 <sp>
 <speaker>ΜΩΜΟΣ</speaker>
 <p>28 Τοῦτο μὲν ὀρθῶς ἔλεξας, ὦ Ἄπολλον, ἐπαινέσας
 τοὺς σαφῶς λέγοντας, εἰ καὶ μὴ πάνυ ποιεῖς αὐτὸ
 σὺ ἐν τοῖς χρησ μοῖς λοξὸς ὢν καὶ γρισώδης καὶ ἐς
 τὸ μεταίχμιον ἀσφαλῶς ἀπορρίπτων πὰ πολλά,
 ὡς τοὺς ἀκούοντας ἄλλου δεῖσθαι Πυθίου πρὸς
 τὴν ἐξήγησιν αὐτῶν. ἀτὰρ τί τὸ ἐπὶ τούτῳ συμβουλεύεις;
 τίνα ἴασιν ποιήσασθαι τῆς Τιμοκλέους
 ἀδυναμίας ἐν τοῖς λόγοις;</p>
 </sp>
 </div>
 
 <div type="textpart" subtype="section" n="29">
 <sp>
 <speaker>ΑΠΟΛΛΩΝ</speaker>
 <p>29 Συνήγορον. ὦ Μῶμε, εἴ πως δυνηθείημεν, αὐτῷ
 παρασχεῖν ἄλλον τῶν δεινῶν τούτων, ἐροῦντα
 κατ᾿ ἀξίαν ἅπερ ἂν ἐκεῖνος ἐνθυμηθεὶς ὑποβάλῃ.</p>
 </sp>
 </div>
 
 <div type="textpart" subtype="section" n="30">
 <sp>
 <speaker>ΜΩΜΟΣ</speaker>
 <p>Ἀγένειον τοῦτο ὡς ἀληθῶς εἴρηκας, ἔτι παιδαγωγοῦ
 τινος δεόμενον, συνήγορον ἐν συνουσίᾳ
 φιλοσόφων παραστήσασθαι ἑρμηνεύσοντα πρὸς
 τοὺς παρόντας ἅπερ ἂν δοκῇ Τιμοκλεῖ, καὶ τὸν
 μὲν Δᾶμιν αὐτοπρόσωπον καὶ δι᾿ αὑτοῦ λέγειν, τὸν
 δὲ ὑποκριτῇ προσχρώμενον ἰδίᾳ πρὸς τὸ οὖς ἐκείνῳ
 ὑποβάλλειν τὰ δοκοῦντα, τὸν ὑποεριτὴν δὲ ῥητορεύειν,
 οὐδ᾿ αὐτὸν ἴσως συνιέντα ὅ τι ἀκούσειε.
 ταῦτα πῶς οὐ γέλως ἂν εἴη τῷ πλήθει; ἀλλὰ
 30 τοῦτο μὲν ἄλλως ἐπινοήσωμεν. σὺ δέ, ὦ θαυμάσιε
 —φὴς γὰρ καὶ μάντις εἶναι καὶ μισθοὺς οὐκ ὀλίγους
 ἐπὶ τῷ τοιούτῳ ἐξέλεξας ἄχρι τοῦ καὶ πλίνθους
 χρθσᾶς ποτε εἰληφέναι—τί οὐκ ἐπεδεί
 ἡμῖν κατὰ καιρὸν τὴν τέχνην προειπὼν ὁπότερος
 
 <pb n="132"/>
 τῶν σοφιστῶν κρατήσει λέγων; οἶσθα γάρ που
 τὸ ἀποβησόμενον μάντις ὤν.</p>
 </sp>
 
 <sp>
 <speaker>ΑΠΟΛΛΩΝ</speaker>
 <p>Πῶς, ὦ Μῶμε, δυνατὸν ποιεῖν ταῦτα μήτε
 τρίποδος ἡμῖν παρόντος μήτε θυμιαμάτων ἢ πηγῆς
 μαντικῆς οἵα ἡ Κασταλία ἐστίν;</p>
 </sp>
 
 <sp>
 <speaker>ΜΩΜΟΣ</speaker>
 <p>Ὁρᾷς; ἀποδιδράσκεις τὸν ἔλεγχον ἐν στενῷ
 ἐχόμενος.</p>
 </sp>
 
 <sp>
 <speaker>ΖΕΥΣ</speaker>
 <p>Ὅμως, ὦ τέκνον, εἰπὲ καὶ μὴ παράσχῃς τῷ
 συκοφάντῃ τούτῷ ἀφορμὰς διαβάλλειν καὶ χλευάζειν
 τὰ σὰ ὡς ἐπὶ τρίποδι καὶ ὕδατι καὶ λιβανωτῷ
 κείμενα, ὡς, εἰ μὴ ἔχοις ταῦτα, στερησόμενόν σε
 τῆς τέχνης.</p>
 </sp>
 
 <sp>
 <speaker>ΑΠΟΛΛΩΝ</speaker>
 <p>Ἀμεινον μὲν ἦν, ὦ πάτερ, ἐν Δελφοῖς ἢ Κολοφῶνι
 τὰ τοιαῦτα ποιεῖν, ἁπάντων μοι τῶν χρησίμων
 παρόντων, ὡς ἔθος. ὅμως δὲ καὶ οὕτω γυμνὸς
 ἐκείνων καὶ ἄσκευος πειράσομαι προειπεῖν ὁποτέρου
 τέρου τὸ κράτος ἔσται· ἀνέξεσθε δέ, εἰ μὴ ἔμμετρα
 λέγοιμι.</p>
 </sp>
 
 <sp> 
 <speaker>ΜΩΜΟΣ</speaker>
 <p>Λέγε μόνον, σαφῆ δέ, ὦ Ἄπολλον, καὶ οὐ
 συνηγόρου καὶ αὐτὰ ἢ ἑρμηνέως δεόμενα· καὶ
 γὰρ οὐκ ἄρνεια κρέα καὶ χελώνη νῦν ἐν Λυδίᾳ
 συνέψεται· ἀλλὰ οἶσθα περὶ ὅτου ἡ σκέψις.</p>
 </sp>
 
 <sp>
 <speaker>ΖΕΥΣ</speaker>
 <p>Τι ποτε ἐρεῖς, ὦ τέκνον; ὡς τά γε πρὸ τοῦ χρησμοῦ
 ταῦτα ἤδη φοβερά· ἡ χρόα τετραμμένη, οἱ
 ὀφθαλμοὶ περιφερεῖς, κόμη ἀνασοβουμένη, κίνημα
 
 <pb n="134"/>
 κορυβαντῶδες, καὶ ὅλως κατόχιμα πάντα καὶ
 φρικώδη καὶ μυστικά.</p>
 </sp>
 </div>
 
 <div type="textpart" subtype="section" n="31">
 <sp>
 <speaker>ΑΠΟΛΛΩΝ</speaker>
 <p>31 Κέκλυτε μαντιπόλου τόδε θέσφατον
 <lg><l>Απόλλωνος</l></lg>
 ἀμφ᾿ ἔριδος κρυερῆς, την ἀνερες ἐστήσαντο
 ὀξυρόαι, μύθοισι κορυσσόμενοι πυκινοῖσι.
 πολλὰ γὰρ ἔνθα καὶ ἔνθα μόθου ἑτεραλκέϊ
 <lg> <l>κλωγμῷ </l> </lg>
 ταρφέος ἄκρα κόρυμβα καταπλήσσουσιν ἐχέτλης.
 ἀλλ᾿ ὅταν αἰγυπιὸς γαμψώνυχος ἀκρίδα μάρψῃ,
 δὴ τότε λοίσθιον ὀμβροφόροι κλάγξουσι κορῶναι.
 νίκη δ᾿ ἡμιόνων, ὁ δ᾿ ὄνος θοὰ τέκνα κορύψει.</p>
 </sp>
 
 <sp>
 <speaker>ΖΕΥΣ</speaker>
 <p>Τί τοῦτο ἀνεκάγχασας, ὦ Μῶμε;  καὶ μὴν οὐ
 γελοῖα τὰ ἐν ποσί· παῦσαι κακόδαιμον, ἀποπνιγήσῃ
 ὑπὸ τοῦ γέλωτος.</p>
 </sp>
 
 <sp>
 <speaker>ΜΩΜΟΣ</speaker>
 <p>Καὶ πῶς δυνατόν, ὦ Ζεῦ, ἐφ᾿ οὕτω σαφεῖ καὶ
 προδήλῳ τῷ χρησμῷ;</p>
 </sp>
 
 <sp>
 <speaker>ΖΕΥΣ</speaker>
 <p>Οὐκοῦν καὶ ἡμῖν ἤδη ἑρμηνεύοις ἂν αὐτὸν ο τι
 καὶ λέγει.</p>
 </sp>
 
 <sp>
 <speaker>ΜΩΜΟΣ</speaker>
 <p>Πάνυ πρόδηλα, ὥστε οὐδὲν ἡμῖν Θεμιστοκλέους
 δεήσει· φησὶ γὰρ τὸ λόγιον οὑτωσὶ διαρρήδην
 
 <pb n="136"/>
 γόητα μὲν εἶναι τοῦτον, ὑμᾶς δὲ ὄνους κανθηλίους
 νὴ Δία καὶ ἡμιόνους, τοὺς πιστεύοντας αὐτῷ, οὐδ᾿
 ὅσον αἱ ἀκρίδες τὸν νοῦν ἔχοντας.</p>
 </sp>
 </div>
 
 <div type="textpart" subtype="section" n="32">
 <sp>
 <speaker>ΗΡΑΚΛΗΣ</speaker>
 <p>32 δέ, ὦ πάτερ, εἰ καὶ μέτοικός εἰμι, οὐκ
 ὀκνήσω ὅμως τὰ δοκοῦντά μοι εἰπεῖν· ὁπόταν γὰρ
 ἤδη συνελθόντες διαλέγωνται, τηνικαῦτα, ἢν μὲν ὁ
 Τιμοκλῆς ὑπέρσχῃ, ἐάσωμεν προχωρεῖν τὴν
 συνουσίαν ὑπὲρ ἡμῶν, ἢν δέ τι ἑτεροῖον ἀποβαίνῃ,
 τότε ἤδη τὴν στοὰν αὐτὴν ἔγωγε, εἰ. δοκεῖ,
 διασείσας ἐμβαλῶ τῷ Δάμιδι, ὡς μὴ κατάρατος
 ὢν ὑβρίζῃ ἐς ἡμᾶς.</p>
 </sp>
 
 <sp>
 <speaker>ΖΕΥΣ</speaker>
 <p>Ἡράκλεις, ὦ Ἡράκλεις, ἄγροικον τοῦτο εἴρηκας
 καὶ δεινῶς Βοιώτεον, συναπολέσας. ἑνὶ πονηρῷ
 τοσούτους χρηστούς,<note type="footnote" n="1"></note> καὶ προσέτι τὴν στοὰν αὐτῷ
 Μαραθῶνε καὶ Μιλτιάδῃ καὶ Κυνεγείρῳ. καὶ
 πῶς ἂν τούτων συνεμπεσόντων οἱ ῥήτορες ἔτι
 ῥητορεύοιεν, τὴν μεγίστην εἰς τοὺς λόγους
 ὑπόθεσιν ἀφῃρημένοι; ἄλλως τε ζῶντι μέν σοι
 δυνατὸν ἴσως ἦν τι πρᾶξαι τοιοῦτον, ἀφ᾿ οὗ δὲ
 θεὸς γεγένησαι, μεμάθηκας, οἶμαι, ὡς αἱ Μοῖραι
 μόναι τὰ τοιαῦτα δύνανται, ἡμεῖς δὲ αὐτῶν
 ἄμοιροί ἐσμεν.</p>
 </sp>
 
 <sp>
 <speaker>ΗΡΑΚΛΗΣ</speaker>
 <p>Οὐκοῦν καὶ ὁπότε τὸν λέοντα ἢ τὴν ὕδραν
 ἐφόνενον, αἰ Μοῖραι δι᾿ ἐμοῦ ἐκεῖνα ἔπραττον;
 Καὶ μάλα.</p>
 </sp>
 
 <sp>
 <speaker>ΖΕΥΣ</speaker>
 <p>Καὶ μάλα.</p>
 <note type="footnote">1 χρηστούε, K. Schwartz: not in MSS.</note>
 </sp>
 
 <pb n="138"/>
 <sp>
 <speaker>ΚΡΑΚΛΗΣ</speaker>
 <p>Kαὶ νῦν ἤν τις ὑβρίζῃ εἰς ἐμὲ ἢ περισυλῶν μου
 τὸν νεὼν ἢ ἀνατρέπων τὸ ἄγαλμα, ἢν μὴ ταῖς
 Μοίραις πάλαι δεδογμένον ᾖ, οὐκ ἐπιτρίψω
 αὐτόν;</p>
 </sp>
 
 <sp>
 <speaker>ΖΕΥΣ</speaker>
 <p>Οὐδαμῶς.</p>
 </sp>
 
 <sp>
 <speaker>ΗΡΑΚΛΗΣ</speaker>
 <p>Οὐκοῦν ἄκουσον, ὦ Ζεῦ, μετὰ μετὰ παρρηςίας· ἐγὼ
 γάρ, ὡς ὁ κωμικὸς ἔφη,
 <lg><l>ἄγροικός εἰμι τὴν σκάφην σκάφην λέγων·</l></lg>
 εἰ τοιαῦτά ἐστι τὰ ὑμέτερα, μακρὰ χαίρειν φράσας
 ταῖς ἐνταῦθα τιμαῖς καὶ κνίσῃ καὶ ἱερείων αἵματι
 κάτειμι εἰς τὸν Ἅιδην, ὅπου με γυμνὸν τὸ τόξον
 ἔχοντα κἂν τὰ εἴδωλα φοβήσεται τῶν ὑπ᾿ ἐμοῦ
 πεφονευμένων θηρίων.</p>
 </sp>
 </div>
 
 <div type="textpart" subtype="section" n="33">
 <sp>
 <speaker>ΖΕΥΣ</speaker>
 <p>Εὖ γε, οἴκοθεν ὁ μάρτυς, φαςίν· ἀπέσωςάς γ᾿
 33 ἄν οὖν τῷ Δάμιδι ταῦτα εἰπεῖν ὑποβαλών.<note type="footnote" n="1"></note> ἀλλὰ
 τίς ὁ σπουδῇ προσιὼν οὗτός ἐστιν, ὁ χαλκοῦς, ὁ εὔγραμμος
 καὶ εὐπερίγραφος, ὁ ἄρχαῖος τὴν ἀνάδεσιν
 τῆς κόμης; μᾶλλον δὲ ὁ σός, ὦ Ἑρμῆ, ἀδελφός
 ἐστιν, ὁ ἀγορῖος, ὁ παρὰ τὴν Ποικίλην· πίττης
 γοῦν ἀναπέπλησται ὁσημέραι ἐκματτόμενος ὑπὸ
 τῶν ἐνδριαντοποιῶν. τί, ὦ παῖ, δρομαῖος ἡμῖν
 <note type="footnote">1 ὑποβαλών Κ. Schwartz: ὑποβάλλων MSS.</note>
 
 <pb n="140"/>
 ἀφῖξαι; ἦ πού τι ἐκ γῆς νεώτερον
 ἀπαγγέλλεις;</p>
 </sp>
 
 <sp>
 <speaker>ΕΡΜΑΓΟΡΑΣ</speaker>
 <p>Ὑπέρμα, ὦ Ζεῦ, καὶ μυρίας τῆς σπουδῆς
 δεόμενον.</p>
 </sp>
 
 <sp>
 <speaker>ΖΕΥΣ</speaker>
 <p>Λέγε ἤδη, εἴ τι καὶ ἄλλο ἡμᾶς ἐπανιστάμενον
 λέληθεν.</p>
 </sp>
 
 <sp>
 <speaker>ΕΡΜΑΓΟΡΑΣ</speaker>
 <p>Ἐτύγχανον μὲν ἄρτι χαλκουργῶν ὕπο
 πιττούμενος στέρνον τε καὶ μετάφρενον·
 θώραξ δέ μοι γελοῖος ἀμφὶ σώματι
 πλασθεὶς παρῃώρητο μιμηλῇ τέχνῃ
 σφραγῖδα χαλκοῦ πᾶσαν ἐκτυπούμενος·
 ὁρῷ ὄχλον στείχοντα καί τινας δύο
 ὠχροὺς κεκράκτας, πιγμάχους σοφισμάτων,
 Δᾶμίν τε καὶ—</p>
 </sp>
 
 <sp>
 <speaker>ΖΕΥΣ</speaker>
 <p>Παῦε, ὦ Ἑρμαγόρα βέλτιστε, τραγῳδῶν· οἶδα
 γὰρ οὕστινας λέγεις. ἀλλ᾿ ἐκεῖνό μοι φράσον, εἰ
 πάλαι συγκροτεῖται αὐτοῖς ἡ ἔρις.</p>
 </sp>
 
 <sp>
 <speaker>ΕΡΜΑΓΟΡΑΣ</speaker>
 <p>Οὐ πάνυ, ἀλλ᾿ ἐν ἀκροβολισμοῖς ἔτι ἦσαν ἀποσφενδονῶντες
 ἀλλήλοις πόρρωθέν ποθεν
 λοιδορούμενοι.</p>
 </sp>
 </div>
 
 <div type="textpart" subtype="section" n="34">
 <sp>
 <speaker>ΖΕΥΣ</speaker>
 <p>Τί οὖν ἔτι ποιεῖν λοιπόν,<note type="footnote" n="1"></note> ὦ θεοί, ἢ ἀκροασασθαι
 ἐπικύψαντας αὐτῶν; ὥστε ἀφαιρείτωσαν αἱ
 Ὧραι τὸν μοχλὸν ἤδη καὶ ἀπάγουσαι τὰ νέφη
 34 ἀναπεταννύτωσαν τὰς πύλας τοῦ οὐρανοῦ. Ἡράκλεις,
 ὅσον τὸ πλῆθος ἐπὶ τὴν ἀκρόασιν ἀπηντήκασιν.
 <note type="footnote">1 ἕτι ποιεῖν λοιπόν Dindorf: ἕτι χρὴ ποιεῖν λοιπόν γ; χρὴ
 ποιεῖν N.</note>
 
 <pb n="142"/>
 ὁ δὲ Τιμοκῆς αὐτὸς οὐ πάνυ μοι ἀρέσκει
 ὑποτρέμων καὶ ταραττόμενος· ἀπολεῖ ἅπαντα
 οὖτος τήμερου· δῆλος γοῦν ἐστιν οὐδὲ ἀντάρασθαι
 τῷ Δάμιδι δυνηςόμενος. ἀλλ᾿ ὅλλ᾿ ὅπερ ἡμῖν δυνατώτατον,
 εὐχώμεθα ὑπὲρ αὐτοῦ
 <lg><l>συγῇ ἐφ᾿ ἡμείων, ἵνα μὴ Δᾶμίς γε πύθηται.</l></lg></p>
 </sp>
 </div>
 
 <div type="textpart" subtype="section" n="35">
 <sp>
 <speaker>ΤΙΜΟΚΛΗΣ</speaker>
 <p>  35 Τί φής, ὦ ἱερόσυλε Δᾶμι, θεοὺς μὴ εἶναι μηδὲ
 προνοεῖν τῶν ἀνθρώπων;</p>
 </sp>
 
 <sp>
 <speaker>ΔΑΜΙΣ</speaker>
 <p>Οὔκ· ἀλλὰ σὺ πρότερος ἀπόκριναί μοι ᾧτινι
 λόγῳ ἐπείσθης εἶναι αὐτούς.</p>
 </sp>
 
 <sp>
 <speaker>ΤΙΜΟΚΛΗΣ</speaker>
 <p>Οὐ μὲν οὖν, ἀλλὰ σύ, ὦ μιαρέ, ἀπίκριναι.</p>
 </sp>
 
 <sp>
 <speaker>ΔΑΜΙΣ</speaker>
 <p>Οὐ μὲν οὖν, ἀλλὰ σύ.</p>
 </sp>
 
 <sp>
 <speaker>ΖΕΥΣ</speaker>
 <p>Ταυτὶ μὲν παρὰ πολὺ ὁ ἡμετερος ἄμεινον καὶ 
 εὐφωνότερον τραχύνεται. εὖ γε, ὦ Τιμόκλεις,
 ἐπίχει τῶν βλασφημιῶν· ἐν γὰρ τούτῳ σοι τὸ
 κράτος, ὡς τά γε ἄλλα ἰχθύν σε ἀποφανεῖ
 ἐπιστομίζων.</p>
 </sp>
 
 <sp>
 <speaker>ΤΙΜΟΚΛΗΣ</speaker>
 <p>Ἀλλά, μὰ τὴν Ἀθηνᾶν, οὐκ ἂν ἀποκριναίμην
 σοι πρότερος.</p>
 </sp>
 
 <sp>
 <speaker>ΔΑΜΙΣ</speaker>
 <p>Οὐκοὺν, ὦ Τιμόκλεις, ἐρώτα· ἐκράτησας γὰρ
 
 <pb n="144"/>
 τοῦτό γε ὀμωμοκώς· ἀλλ᾿ ἄνευ τῶν βλασφημιῶν,
 εἰ δοκεῖ.</p>
 </sp>
 </div>
 
 <div type="textpart" subtype="section" n="36">
 <sp>
 <speaker>ΤΙΜΟΚΛΗΣ</speaker>
 <p>36 Εὖ λέγεις· εἰπὲ οὖν μοι, οὐ δοκοῦσί σοι, ὦ
 κατάρατε, προνοεῖν οἱ θεοί</p>
 </sp>
 
 <sp>
 <speaker>ΔΑΜΙΣ</speaker>
 <p>Οὐδαμῶς.</p>
 </sp>
 
 <sp>
 <speaker>ΤΙΜΟΚΛΗΣ</speaker>
 <p>Τί φής; ἀπρονόητα οὖν ταῦτα ἅπαντα;</p>
 </sp>
 
 <sp>
 <speaker>ΔΑΜΙΣ</speaker>
 <p>Ναί.</p>
 </sp>
 
 <sp>
 <speaker>ΤΙΜΟΚΛΗΣ</speaker>
 <p>Οὐδ᾿ ὑπό τινι οὐν θεῷ τάττεται ἡ τῶν ὅλων
 ἐπιμέλεια;</p>
 </sp>
 
 <sp>
 <speaker>ΔΑΜΙΣ</speaker>
 <p>Οὔ.</p>
 </sp>
 
 <sp>
 <speaker>ΤΙΜΟΚΛΗΣ</speaker>
 <p>Πάντα δὲ εἰκῆ φέρεται;</p>
 </sp>
 
 <sp>
 <speaker>ΔΑΜΙΣ</speaker>
 <p>Ναί.</p>
 </sp>
 
 <sp>
 <speaker>ΤΙΜΟΚΛΗΣ</speaker>
 <p>Τί τοὺς ἀνθρώπους ἐπ᾿ ἐμὲ παροξύνεις, ὦ Τιμόκλεις;
 ἢ τίς ὢν ἀγανακτεῖς ὑπὲρ τῶν θεῶν, καὶ
 ταῦτα ἐκείνων αὐτῶν οὐκ ἀγανακτούντων; οἵ γε
 οὐδὲν δεινὸν διατεθείκαςί με πάλαι ἀκούοντες, εἴ
 γε ἀκούουσιν.</p>
 </sp>
 
 <sp>       
 <speaker>ΤΙΜΟΚΛΗΣ</speaker>
 <p>Ἀκούουσι γάρ, ὦ Δᾶμι, ἀκούουσι, καί οε
 μετίαςί ποτε χρόνῳ.</p>
 </sp>
 </div>
 
 <div type="textpart" subtype="section" n="37">
 <pb n="146"/>
 <sp>
 <speaker>ΔΑΜΙΣ</speaker>
 <p>37 Καὶ πότε ἂν ἐκεῖνοι σχολὴν ἀγάγοιεν ἐπ᾿ ἐμε,
 τοσαῦτα, ὡς φής, πράγματα ἔχοντες καὶ τὰ ἐν τῷ
 κόσμῳ ἄπειρα τὸ πλῆθος ὄντα. οἰκονομούμενοι;
 ὥστε οὐδὲ σέ πῶ ἠμύναντο ὧν ἐπιορκεῖς ἀεὶ καὶ
 τῶν ἄλλων, ἵνα μὴ βλασφημεῖν καὶ αὐτὸς ἀναγκάζωμαι
 παρὰ τὰ συγκείμενα. καίτοι οὐχ ὁρῶ
 ἥντινα ἂν ἄλλην ἐπίδειξιν τῆς ἑαυτῶν προνοίας
 μείζω ἐξενεγκεῖν ἐδύναντο ἢ σὲ κακὸν κακῶς ἐπιτρίψαντες.
 ἀλλὰ δῆλοί εἰσιν ἀποδημοῦντες, ὑπὲρ
 τὸν Ὠκεανὸν ἴσως μετ᾿ ἀμύμονας Αἰθιοπῆας· ἔθος
 γοῦν αὐτοῖς συνεχῶς ἰέναι παῤ αὐτοὺς μετὰ δαῖτα
 καὶ αὐτεπαγγέλτοις ἐνίοτε.</p>
 </sp>
 </div>
 
 <div type="textpart" subtype="section" n="38">
 <sp>
 <speaker>ΤΙΜΟΚΛΗΣ</speaker>
 <p>38 Τί πρὸς τοσαυτην ἀναισχυντίαν εἴποιμι ἄν, ὦ
 Δᾶμι;</p>
 </sp>
 
 <sp>
 <speaker>ΔΑΜΙΣ</speaker>
 <p>Ἐκεῖνο, ὦ Τιμόκλεις, ὃ πάλαι ἐγὼ ἐπόθουν
 ἀκοῦσαί σου, ὅπως ἐπείσθης οἴεσθαι προνοεῖν
 τοὺς θεούς</p>
 </sp>
 
 <sp>
 <speaker>ΤΙΜΟΚΛΗΣ</speaker>
 <p>Ἡ τάξις με πρῶτον τῶν γινομενων ἔπεισεν,
 ὁ ἥλίος ἀεὶ τὴν αὐτὴν ὁδὸν ἰὼν καὶ σελήνη κατὰ
 ταὐτὰ καὶ ὧραι τρεπόμεναι καὶ φυτὰ φυόμενα καὶ
 ζῷα γεννώμενα καὶ αὐτὰ ταῦτα οὕτως εὐμηχάνως
 κατεσκευασμένα ὡς τρέφεσθαι καὶ κινεῖσθαι καὶ
 ἐννοεῖν καὶ βαδίζειν καὶ τεκταίνεσθαι καὶ σκυτοτομεῖν
 καὶ τἆλλα· ταῦτα προνοίας ἔργα εἶναί
 μοι δοκεῖ.</p>
 </sp>
 
 <sp>
 <speaker>ΔΑΜΙΣ</speaker>
 <p>Αὐτό που τὸ ζητούμενον, ὦ Τιμόκλεις, σιπαρπάζεις·
 οὐδέπω γὰρ δῆλον εἰ προνοίᾳ τούτων
 
 <pb n="148"/>
 ἕκαστον ἀποτελεῖται. ἀλλ᾿ ὅτι μὲν τοιαῦτά ἐστι
 τὰ γινόμενα φαίην ἂν καὶ αὐτός· οὐ μὴν αὐτίκα
 πεπεῖσθαι ἀνάγκη καὶ ὑπό τινος· προμηθείας αὐτὰ
 γίγνεσθαι· ἔνι γὰρ καὶ ἄλλως ἀρξάμενα νῦν
 ὁμοίως καὶ κατὰ ταὐτὰ συνίστασθαι, σὺ δὲ
 τάξιν αὐτῶν ὀνομάζεις τὴν ἀνάγκην, εἶτα δηλαδὴ
 ἀγανακτήσεις εἴ τις σοι μὴ ἀκολουθοίη τὰ γινόμενα
 μὲν ὁποῖά ἐστι καταριθμουμένῳ καὶ ἐπαινοῦντι,
 οἰομένῳ δὲ ἀπόδειξιν ταῦτα εἶναι τοῦ καὶ
 προνοίᾳ διατάττεσθαι αὐτῶν ἕκαστον. ὥστε κατὰ
 τὸν κωμικόν·
 <lg>
 <l>τουτὶ μὲν ὑπομόχθηρον, ἄλλα μοι λέγε.</l>
 </lg></p>
 </sp>
 </div>
 
 <div type="textpart" subtype="section" n="39">
 <sp>
 <speaker>ΤΙΜΟΚΛΗΣ</speaker>
 <p>39 Ἐγὼ μὲν οὐκ οἶμαι καὶ ἄλλης ἐπὶ τούτοις δεῖν
 ἀποδείξεως. ὅμως δ᾿ οὖν ἐρῶ· ἀπόκριναι γάρ μοι,
 Ὅμηρός σοι δοκεῖ ἄριστος ποιητὴς γενέσθαι;</p>
 </sp>
 
 <sp>
 <speaker>ΔΑΜΙΣ</speaker>
 <p>Καὶ μάλα.</p>
 </sp>
 
 <sp>
 <speaker>ΤΙΜΟΚΑΗΣ</speaker>
 <p>Οὐκοῦν ἐκεινῳ ἐπεισθην τὴν πρόνοιαν τῶν θεῶν
 ἐμφανίζοντι.</p>
 </sp>
 
 <sp>
 <speaker>ΔΑΜΙΣ</speaker>
 <p>Ἀλλ᾿, ὦ θαυμάσιε, ποιητὴν μὲν ἀγαθὸν Ὅμηρον
 γενέσθαι πάντες σοι συνομολογήσουσι, μάρτιυρα
 δε ἀληθῆ περὶ τῶν τοιούτων οὔτ᾿ ἐκεῖνον οὔτε ἄλ
 λον ποιητὴν οὐδένα· οὐ γὰρ ἀληθείας μέλει αὐτοῖς,
 οἶμαι, ἀλλὰ τοῦ κηλεῖν τοὺς ἀκούοντας, καὶ διὰ
 τοῦτο μέτροις τε κατᾴδουσι καὶ μύθοις κατηχοῦσι
 
 <pb n="150"/>
 καὶ ὅλως ἅπαντα ὑπὲρ τοῦ τερπνοῦ μηχανῶνται.</p>
 </sp>
 </div>
 
 <div type="textpart" subtype="section" n="40">
 <p>40 ἀτὰρ ἡδέως ἂν καὶ ἀκούσαιμι οἷστισι μάλιστα
 ἐπείσθης τῶν Ὁμήρου· ἆρα οἷς περὶ τοῦ Διὸς λέγει,
 ὡς ἐπεβούλευον συνδῆσαι αὐτὸν ἡ θυγάτηρ καὶ ὁ
 ἀδελφὸς καὶ ἡ γυνή; καὶ εἴ γε μὴ τὸν Βριάρεων ἡ
 Θέτις ἐκάλεσεν ἐπεπέδητο ἂν ἡμῖν ὁ βέλτιστος
 Ζεὺς συναρπασθείς. ἀνθ᾿ ὦν καὶ ἀπομνημονεύων τῇ
 Θέτιδι τὴν εὐεργεσίαν ἐξαπατᾷ τὸν Ἀγαμέμνονα
 ὄνειρόν τινα ψευδῆ ἐπιπέμψας, ὡς πολλοὶ τῶν
 Ἀχαιῶν ἀποθάνοιεν. ὁρᾷς; ἀδύνατον γὰρ ἦν αὐτῷ
 κεραυνὸν ἐμβαλόντι καταφλέξαι τὸν Ἀγαμέμνονα
 αὐτὸν ἄνευ τοῦ ἀπατεῶνα εἶναι δοκεῖν. ἢ ἐκεῖνά
 σε μάλιστα εἰς τὴν πίστιν ἐπεσπάσαντο, ἀκούοντα
 ὡς Διομήδης μὲν ἔτρωσε τὴν Ἀφροδίτην, εἶτα τὸν
 Ἄρη αὐτὸν Ἀθηνᾶς παρακελεύσει, μετὰ μικρὸν
 δὲ αὐτοὶ συμπεσόντες οἱ θεοὶ ἐμονομάχουν ἀναμὶξ
 ἄρρενες καὶ θήλειαι, καὶ Ἀθηνᾶ μὲν Αρη καταγωνίζεται
 ἅτε καὶ προπεπονηκότα, οἶμαι, ἐκ τοῦ
 τραύματος ὂ παρὰ τοῦ Διομήδους εἰλήφει,
 <lg>
 <l>Λητοῖ δ᾿ ἀντέστη σῶκος ἐριούνιος Ἑρμῆς;</l>
 </lg>
 ἢ τὰ περὶ τῆς Ἀρτέμιδός σοι πιθανὰ ἔδοξεν, ὡς
 ἐκείνη μεμψίμοιρος οὖσα ἡγανάκτησεν οὐ κληθεῖσα
 ἐφ᾿ ἑστίασιν ὑπὸ τοῦ Οἰνέως, καὶ διὰ τοῦτο
 σῦν τινα ὑπερφυᾶ καὶ ἀνυπόστατον τὴν ἀλκὴν
 ἐπαφῆκεν ἐπὶ τὴν χώραν αὐτοῦ; ἆῤ οὖν τὰ τοιαῦτα
 λέγων σε Ὅμηρος πέπεικε;</p>
 </div>
 
 <div type="textpart" subtype="section" n="41">
 <sp>
 <speaker>ΖΕΥΣ</speaker>
 <p>41 Βαβαί· ἡλίκον, ὦ θεοί, ἀνεβόησε τὸ πλῆθος,
 ἐπαινοῦντες τὸν Δᾶμιν· ὁ δ᾿ ἡμέτερος ἀπορουμένῳ
 
 <pb n="152"/>
 ἔοικεν· ἰδίει<note type="footnote" n="1"></note> γοῦν καὶ ὑποτρέμει καὶ δῆλός ἐστιν
 ἀπορρίψων τὴν ἀσπίδα, καὶ ἤδη περιβλέπει οἷ
 παρεκδὺς ἀποδράσεται.</p>
 </sp>
 
 <sp>
 <speaker>ΤΙΜΟΚΛΗΣ</speaker>
 <p>Οὐδ᾿ Εὐριπίδης ἄρα σοι δοκεῖ λέγειν τι ὑγιές,
 ὁπόταν αὐτοὺς ἀναβιβασάμενος τοὺς θεοὺς ἐπὶ
 τὴν σκηνὴν δεικνύῃ σώζοντας μὲν τοὺς χρηστοὺς
 τῶν ἡρώων, τοὺς πονηροὺς δὲ καὶ κατὰ σὲ τὴν
 ἀσέβειαν ἐπιτρίβοντας;</p>
 </sp>
 
 <sp>
 <speaker>ΔΑΜΙΣ</speaker>
 <p>Ἀλλ᾿, ὦ γενναιότατε φιλοσοφων Τιμόκλεις,
 εἰ ταῦτα ποιοῦντες οἱ τραγῳδοὶ πεπείκασί σε, ἀνάγκη
 δυοῖν θάτερον, ἤτοι Πῶλον καὶ Ἀριστόδημον
 καὶ Σάτυρον ἡγεῖσθαί σε θεοὺς εἶναι τότε ἢ τὰ
 πρόσωπα τῶν θεῶν αὐτὰ καὶ τοὺς ἐμβάτας καὶ
 τοὺς ποδήρεις χιτῶνας καὶ χλαμύδας καὶ χειρῖδας
 καὶ προγαστρίδια καὶ τἆλλα οἷς ἐκεῖνοι σεμνύνουσι
 τὴν τραγῳδίαν, ὅπερ καὶ γελοιότατον· ἐπεὶ καθ᾿
 ἑαυτὸν ὁπόταν ὁ Εὐριπίδης, μηδὲν ἐπειγούσης τῆς
 χρείας τῶν δραμάτων, τὰ δοκοῦντά οἱ λέγῃ, ἀκούσῃ
 αὐτοῦ τότε παρρησιαζομένου,
 <lg>
 <l>ὁρᾷς τὸν ὑψοῦ τόνδ᾿ ἄπειρον αἰθέρα</l>
 <l>καὶ γῆν πέριξ ἔχονθ᾿ ὑγραῖς ἐν ἀγκάλαις;</l>
 <l>τοῦτον νόμιζε Ζῆνα, τόνδ᾿ ἡγοῦ θεόν.</l>
 </lg>
 καὶ πάλιν,
 <lg>
 <l>Ζεύς, ὅστις ὁ Ζεύς, οὐ γὰρ οἶδα, πλὴν λόγῳ</l>
 <l>κλύων.</l>
 </lg>
 καὶ τὰ τοιαῦτα.</p>
 <note type="footnote">1 ἰδίει Κ. Schwartz: δέδιε MSS.</note>
 </sp></div>
 
 <div type="textpart" subtype="section" n="42">
 <pb n="154"/>
 <sp>
 <speaker>ΤΙΜΟΚΛΗΣ</speaker>
 <p>42 Οὐκοῦν ἅπαντες ἄνθρωποι και τα ἔθνη ἐξηπατηνται
 θεοὺς νομίζοντες καὶ πανηγυρίζοντες;</p>
 </sp>
 
 <sp>
 <speaker>ΔΑΜΙΣ</speaker>
 <p>Εὖ γε, ὦ Τιμόκλεις, ὅτι με ὑπευνησας τῶν κατὰ
 ἔθνη νομιζομένων, ἀφ᾿ ὧν μαλιστα συνίδοι τις
 ἂν ὡς οὐδὲν βέβαιον ὁ περὶ θεῶν λογος ἔχει· πολλὴ
 γὰρ ἡ ταραχὴ και ἄλλοι ἄλλα νουιζουσι,
 Σκύθαι μὲν ἀκινάκῃ θύοντες καὶ Θρᾷκες Ζαμόλξιδι,
 δραπετῃ ἀνθρώπῳ ἐκ Σάμου ὡς αὐτοὺς ἤκοντι,
 Φρύγες δὲ Μήνῃ καὶ Αἰθίοπες Ἡμερᾳ καὶ Κυλληνιοι
 Φάλητι καὶ Ἀσσύριοι περιστερᾷ και Πέρσαι
 πυρὶ καὶ Αἰγύπτιοι ὕδατι. καὶ τοῦτο μὲν
 ἅπασι κοινὸν τοῖς Αἰγυπτιοις το ὕδωρ, ἰδίᾳ δὲ
 Μεμφιταις μὲν ὁ βοῦς θεος, Πηλουσιώταις δὲ
 κρόμμυον, καὶ ἄλλοις ἶβις ἢ κροκόδειλος και ἄλλοις
 κυνοκέφαλος ἢ αἴλουρος ἢ πίθηκος· καὶ ἔτι
 κατὰ κώμας τοῖς μὲν ὁ δεξιὸς ὦμος θεός, τοῖς δὲ
 κατ᾿ ἀντιπερας οἰκοῦσιν ἅτερος· και ἄλλοις κεφαλῆς
 ἡμίτομον, καὶ ἄλλοις ποτήριον κεραμεοῦν
 ἢ τρύβλιον. ταῦτα πῶς οὐ γελως ἐστίν, ὦ καλὲ
 Τιμόκλεις;</p>
 </sp>
 </div>
   
   <div type="textpart" subtype="section" n="43">
 <sp>
 <speaker>ΜΩΜΟΣ</speaker>
 <p>Οὐκ ἔλεγον, θεοί, ταῦτα παντα ἥξειν εἰς
 τοὐμφανὲς καὶ ἀκριβῶς ἐξετασθήσεσθαι;
 Ἔλεγες, Μῶμε, καὶ ἐπετίμας ὀρθῶς, καί
 ἔγωγε πειρασομαι ἐπανορθώσασθαι αὐτά, ἢν τὸν
 ἐν ποσὶ τοῦτον κίνδυνον διαφύγωμεν.</p>
 </sp>
 
 <sp>
 <speaker>ΤΙΜΟΚΛΗΣ</speaker>
 <p>43 Ἀλλ᾿, ὦ θεοῖς ἐχθρὲ σύ, τοὺς χρησμοὺς καὶ
 
 <pb n="156"/>
 προαγορεύσεις τῶν ἐσομένων τίνος ἔργον ἂν εἴποις
 ἢ θεῶν καὶ τῆς προνοίας τῆς ἐκείνων;</p>
 </sp>
 
 <sp>
 <speaker>ΔΑΜΙΣ</speaker>
 <p>Σιώπησον, ὦ ἄριστε, περὶ τῶν χρησμῶν, ἐπεὶ
 ἐρήσομαί σε τίνος αὐτῶν μάλιστα μεμνῆσθαι
 ἀξιοῖς; ἆῤ ἐκείνου ὃν τῷ Λνδῷ ὁ Πύθιος ἔχρησεν.
 ὃς ἀκριβῶς ἀμφήκης ἦν καὶ διπρόσωπος, σἷοί εἰσι
 τῶν Ἑρμῶν ἔνιοι, διττοὶ καὶ ἀμφοτέρωθεν ὅμοιοι
 πρὸς ὁπότερον ἂν αὐτῶν μέρος ἐπιστραφῇς; ἢ τι
 γὰρ μᾶλλον ὁ Κροῖσος διαβὰς τὸν Ἅλυν τὴν
 αὐτοῦ ἀρχὴν ἢ τὴν Κύρου καταλύσει; καίτοι οὐκ
 ὀλίγων ταλάντων ὁ Σαρδιανὸς ἐκεῖνος ὄλεθρος τὸ
 ἀμφιδέξιον τοῦτο ἔπος ἐπρίατο.</p>
 </sp>
 
 <sp>
 <speaker>ΜΩΜΟΣ</speaker>
 <p>Αὐτά που, ὦ θεοί, ἁνὴρ διεξέρχεται λεγων ἂ
 ἐδεδίειν μάλιστα. ποῦ νῦν ὁ καλὸς ἡμῖν κιθαρῳδός;
 ἀπολόγησαι αὐτῷ κατελθὼν πρὸς ταῦτα.</p>
 </sp>
 
 <sp>
 <speaker>ΖΕΥΣ</speaker>
 <p>Σὺ ἡμᾶς ἐπισφάττεις, ὦ Μῶμε, οὐκ ἐν καιρῷ
 νῦν ἐπιτιμῶν.</p>
 </sp>
 </div>
 
 <div type="textpart" subtype="section" n="44">
 <sp>
 <speaker>ΤΙΜΟΚΑΗΣ</speaker>
 <p>44 Ὅρα οἷα ποιεῖς, ὥ ἀλιτήριε Δᾶμι, μονονουχὶ
 τὰ ἕδη αὐτὰ τῶν θεῶν ἀνατρέπεις τῷ λόγῳ καὶ
 βωμοὺς αὐτῶν.</p>
 </sp>
 
 <sp>
 <speaker>ΔΑΜΙΣ</speaker>
 <p>Οὐ πάντας ἔγωγε τοὺς βωμούς, ὦ Τιμόκλεις.
 τί γὰρ καὶ δεινὸν ἀπʼ αὐτῶν γίγνεται, εἰ θυμιαμάτων
 καὶ εὐωδίας μεστοί εἰσι; τοὺς δὲ ἐν Ταύροις
 τῆς Ἀρτέμιδος ἡδέως ἂν ἐπεῖδον ἐκ βάθρων ἐπὶ
 κεφαλὴν ἀνατρεπομένους, ἐφ᾿ ὧν τοιαῦτα ἡ παρθένος
 εὐωχονμένη ἔχαιρεν.</p>
 </sp>
 
 <pb n="158"/>
 <sp> 
 <speaker>ΖΕΥΣ</speaker>
 <p>Τουτὶ πόθεν ἡμῖν τὸ ἄμαχον κακὸν ἐπιχεῖ; ὡς<note type="footnote" n="1"></note>
 δαιμόνων οὐδενὸς ἁνὴρ φείδεται, ἀλλ᾿ ἐξ ἁμάξης
 παρρησιάζεται καὶ
 <lg><l>μάρπτει ἑξείης, ὅς τ᾿ αἴτιος ὅς τε καὶ οὐκί.</l></lg> </p>
 </sp>
 
 <sp>
 <speaker>ΜΩΜΟΣ</speaker>
 <p>Καὶ μὴν ὀλίγους ἄν, ὦ Ζεῦ, τοὺς ἀναιτίους
 εὕροις ἐν ἡμῖν· καί που τάχα προϊὼν ὁ ἄνθρωπος
 ἅψεται καὶ τῶν κορυφαίων τινός.</p>
 </sp>
 </div>
 
 <div type="textpart" subtype="section" n="45">
 <sp>
 <speaker>ΤΙΜΟΚΛΗΣ</speaker>
 <p>45 Οὐδὲ βροντῶντος ἄρα τοῦ Διὸς ἀκούεις, ὦ
 θεομάχε Δᾶμι;</p>
 </sp>
 
 <sp>
 <speaker>ΔΑΜΙΣ</speaker>
 <p>Καὶ πῶς οὐ μέλλω βροντῆς ἀκούειν, ὦ Τιμόκλεις;
 εἰ δ᾿ ὁ Ζεὺς ὁ βροντῶν ἐστι, σὺ ἄμεινον
 ἂν εἰδείης ἐκεῖθέν ποθεν παρὰ τῶν θεῶν ἀφιγμένος·
 ἐπεὶ οἵ γε ἐκ Κρήτης ἥκοντες ἄλλα ἡμῖν
 διηγοῦνται, τάφον τινὰ κεῖθι δείκνυσθαι καὶ στήλην
 ἐφεστάναι δηλοῦσαν ὡς οὐκέτι βροντήσειεν
 ἂν ὁ Ζεὺς πάλαι τεθνεώς.</p>
 </sp>
 
 <sp>
 <speaker>ΜΩΜΟΣ</speaker>
 <p>Τοῦτ᾿ ἐγὼ πρὸ πολλοῦ ἠπιστάμην ἐροῦντα τὸν
 ἄνθρωπον. τί δ᾿ οὖν, ὦ Ζεῦ, ὠχρίακας ἡμῖν καὶ
 συγκροτεῖς τοὺς ὀδόντας ὑπὸ τοῦ τρόμου; θαρρεῖν
 χρὴ καὶ τῶν τοιούτων ἀνθρωπίσκων καταφρονεῖν.</p>
 </sp>
 
 <sp>
 <speaker>ΖΕΥΣ</speaker>
 <p>Τι λέγεις, ὦ Μῶμε; καταφρονεῖν; οὐχ ὁρᾷς
 ὅσοι ἀκούουσι καὶ ὡς συμπεπεισμένοι εἰσὶν ἤδη
 <note type="footnote">1 ὡς vulg.: ὃς MSS.</note>
 
 <pb n="160"/>
 καθ᾿ ἡμῶν καὶ ἀπάγει αὐτοὺς ἀναδησάμενος τῶν
 ὤτων ὁ Δᾶμις;</p>
 </sp>
 
 <sp>
 <speaker>ΜΩΜΟΣ</speaker>
 <p>Ἀλλὰ συ, ὦ Ζεῦ, ὁπόταν θελήσῃς, σειρὴν
 χρυσείην καθεὶς ἅπαντας αὐτοὺς
 αὐτῇ κεν γαίῃ ἐρύσαις αὐτῇ τε θαλάσσῃ.</p>
 </sp>
 </div>
 
 <div type="textpart" subtype="section" n="46">
 <sp>
 <speaker>ΤΙΜΟΚΛΗΣ</speaker>
 <p>46 Εἰπέ μοι, ὦ κατάρατε, πέπλευκας ἤδη ποτέ;</p>
 </sp>
 
 <sp>
 <speaker>ΔΑΜΙΣ</speaker>
 <p>Καὶ πολλάκις, ὦ Τιμόκλεις.</p>
 </sp>
 
 <sp>
 <speaker>ΤΙΜΟΚΛΗΣ</speaker>
 <p>Οὔκουν ἔφερε μὲν ὑμᾶς τότε ἢ ἄνεμος ἐμπίπτων
 τῇ ὀθόνῃ καὶ ἐμπιπλὰς τὰ ἀκάτια ἢ οἴ ἐρεττοντες,
 ἐκυβέρνα δὲ εἷς τις ἐφεστὼς καὶ ἔσωζε τὴν ναῦν;</p>
 </sp>
 
 <sp>
 <speaker>ΛΑΜΙΣ</speaker>
 <p>Καὶ μάλα.</p>
 </sp>
 
 <sp>
 <speaker>ΤΙΜΟΚΛΗΣ</speaker>
 <p>Εἶτα ἡ ναῦς μὲν οὐκ ἂν ἔπλει μὴ κυβερνωμένη,
 τὸ δὲ ὅλον τοῦτο ἀκυβέρνητον οἴει καὶ ἀνηγεμόνευτον
 φέρεσθαι;</p>
 </sp>
 
 <sp>
 <speaker>ΖΕΥΣ</speaker>
 <p>Εὖ γε, συνετῶς ὁ Τιμοκλῆς ταῦτα καὶ ἰσχυρῷ<note type="footnote" n="1"></note>
 τῷ παραδείγματι.</p>
 </sp>
 </div>
 
 <div type="textpart" subtype="section" n="47">
 <sp>
 <speaker>ΔΑΜΙΣ</speaker>
 <p>47 Ἀλλ᾿, ὦ θεοφιλέστατε Τιμόκλεις, τὸν μὸν
 κυβερνήτην ἐκεῖνον εἶδες ἂν ἀεὶ τὰ συμφέροντα
 ἐπινοοῦντα καὶ πρὸ τοῦ καιροῦ παρασκευαζομενον
 καὶ προστάττοντα τοῖς ναύταις, ἀλυσιτελὲς δὲ
 <note type="footnote">1 ἰσχυρῷ Struve: ἰσχυρῶς MSS.</note>
 
 <pb n="162"/>
 οὐδὲ ἄλογον οὐδέν τι εἶχεν ἡ ναῦς ὃ μὴ χρήσιμον
 πάντως καὶ ἀναγκαῖον ἦν πρὸς τὴν ναυτιλίαν
 αὐτοῖς· <note type="footnote" n="1"></note> ὁ δὲ σὸς οὗτος κυβερνήτης, ὃν τῇ
 μεγάλη ταύτῃ νηῒ ἐφεστάναι ἀξιοῖς, καὶ οἱ συνναῦται
 αὐτοῦ οὐδὲν εὐλόγως οὐδὲ κατὰ τὴν ἀξίαν
 διατάττουσιν, ἀλλ᾿ ὁ μὲν πρότονος, εἰ τύχοι, ἐς
 τὴν πρύμναν ἀποτέταται, οἱ πόδες δ᾿ ἐς τὴν
 πρῷραν ἀμφότεροι· καὶ χρυσαῖ μὲν αἱ ἄγκυραι
 ἐνίοτε, ὁ χηνίσκος δὲ μολυβδοῦς, καὶ τὰ μὲν
 ὕφαλα κατάγραφα, τὰ δὲ ἔξαλα τῆς νεὼς ἄμορφα.</p>
 </sp>
 </div>
 
 <div type="textpart" subtype="section" n="48">
 <p>48 καὶ αὐτῶν δὲ τῶν ναυτῶν ἴδοις ἂν τὸν μὲν ἀργὸν
 καὶ ἄτεχνον καὶ ἄτολμον πρὸς τὰ ἔργα διμοιρίτην
 ἢ τριμοιρίτην, τὸν δὲ κατακολυμβῆσαί τε ἄοκνον
 καὶ ἐπὶ τὴν περαίαν ἀναπηδῆσαι ῥᾴδιον καὶ εἰδότα
 τῶν χρησίμων ἕκαστα μόνον, τοῦτον <note type="footnote" n="2"></note> ἀντλεῖν
 προστεταγμένον· τὰ δὲ αὐτὰ καὶ ἐν τοῖς ἐπιβάταις,
 μαστιγίαν μέν τινα ἐν προεδρίᾳ παρὰ
 τὸν κυβερνήτην καθήμενον καὶ θεραπευόμενον,
 καὶ ἄλλον κίναιδον ἢ πατραλοίαν ἢ ἱερόσυλον
 ὑπερτιμώμενον καὶ τὰ ἄκρα τῆς νεὼς κατειληφότα,
 χαρίεντας δὲ πολλοὺς ἐν μυχῷ τοῦ σκάφους
 στενοχωρουμένους καὶ ὑπὸ τῶν πρὸς ἀλήθειαν
 χειρόνων πατουμένους· ἐννόησον γοῦν ὅπως
 μὲν Σωκράτης καὶ Ἀριστείδης ἔπλευσαν καὶ Φωκίων,
 οὐδὲ τὰ ἄλφιτα διαρκῇ ἔχοντες οὐδὲ ἀποτεῖναι
 τοὺς πόδας δυνάμενοι ἐπὶ γυμνῶν τῶν
 σανίδων παρὰ τὸν ἄντλον, ἐν ὅσοις δὲ ἀγαθοῖς
 Καλλίας καὶ Μειδίας καὶ Σαρδανάπαλλος, ὑπερτρυφῶντες
 καὶ τῶν ὑφ᾿ αὑτοῖς καταπτύοντες.</p>
 </div>
 
 <div type="textpart" subtype="section" n="49">
 <p>49 Τοιαῦτα ἐν τῇ νηΐ σου γίνεται, ὦ σοφώτατε
 <note type="footnote">1 ?? μὴ . . . αὐτοῖς: text β. ?? μὴ χρειῶδες ἦν αὐτοῖς γ.</note>
 <note type="footnote">2 ἕκαστα μόνον, τοῦτον Jacobs: ἕκαστα, μόνον τοῦτον vulg.</note>
 
 <pb n="164"/>
 Τιμοκλεις· διὰ τοῦτο αἱ ναυαγίαι μυρίαι. εἰ δέ τις
 κυβερνήτης ἐφεστὼς ἑώρα καὶ διέταττεν ἕκαστα,
 πρῶτον μὲν οὐκ ἂν ἠγνόησεν οἵτινες οἱ χρηστοὶ
 καὶ οἵτινες οἱ φαῦλοι τῶν ἐμπλεόντων, ἔπειτα
 ἑκάστῳ κατὰ τὴν ξίαν τὰ προσήκοντά ἀπένειμεν
 ἄν, χώραν τε τὴν ἀμείνω τοῖς ἀμείνοσι παῤ
 αὑτὸν ἄνω, τὴν κάτω δὲ τοῖς χείροσι, καὶ συσσίτους
 ἔστιν οὓς καὶ συμβούλους ἐποιήσατʼ ἄν, καὶ
 τῶν ναυτῶν ὁ μὲν πρόθυμος ἢ πρῴρας ἐπιμελητὴς
 ἀπεδέδεικτ᾿ ἂν ἢ τοίχου ἄρχων ἢ πάντως πρὸ τῶν
 ἄλλων, ὁ δὲ ὀκνηρὸς καὶ ῥᾴθυμος ἐπαίετ᾿ ἂν τῷ
 καλωδίῳ πεντάκις τῆς ἡμέρας εἰς τὴν κεφαλήν.
 ὥστε σοι, ὦ θαυμάσιε, τὸ τῆς νεὼς τοῦτο παράδειγμα
 κινδονεύει περιτετράφθαι κακοῦ τοῦ κυβερνήτου
 τετυχηκός.<note type="footnote" n="1"></note></p>
 </div>
 
 <div type="textpart" subtype="section" n="50">
 <sp>
 <speaker>ΜΩΜΟΣ</speaker>
 <p>50 Ταυτὶ μὲν ἤδη κατὰ ῥοῦν προχωρεῖ τῷ Δάμιδι
 καὶ πλησίστιος ἐπὶ τὴν νίκην φερεται.</p>
 </sp>
 
 <sp>
 <speaker>ΖΕΥΣ</speaker>
 <p>Ὀρθῶς, ὦ Μῶμε. εἰκάζεις. ὁ δ᾿ οὐδὲν ἰσχυρὸν ὁ
 Τιμοκλῆς ἐπινοεῖ, ἀλλὰ τὰ κοινὰ ταῦτα καὶ καθ᾿
 ἡμέραν ἄλλα ἐπ᾿ ἄλλοις εὐπερίτρεπτα πάντα
 ἐπαντλεῖ.</p>
 </sp>
 </div>
 
 <div type="textpart" subtype="section" n="51">
 <sp>
 <speaker>ΤΙΜΟΚΛΗΣ</speaker>
 <p>51 Οὐκοῦν ἐπει τῆς νεὼς τὸ παράδειγμα οὐ πάνυ
 σοι ἰσχυρὸν ἔδοξεν εἶναι, ἄκουσον ἤδη τὴν ἱεράν,
 φασίν, ἄγκυραν καὶ ἢν οὐδεμιᾷ μηχανῇ
 ἀπορρήξεις.</p>
 </sp>
 
 <sp>
 <speaker>ΖΕΥΣ</speaker>
 <p>Τί ποτε ἄρα καὶ ἐρεῖ;</p>
 <note type="footnote">τετυχηκός vulg.: τετυχηκότος MSS.</note>
 </sp>
 
 <pb n="166"/>
 <sp>
 <speaker>ΤΙΜΟΚΛΗΣ</speaker>
 <p>Ἴδοις γὰρ εἰ ἀκόλουθα ταῦτα συλλογίζομαι, καὶ
 εἴ πη αὐτὰ δυνατόν σοι περιτρέψαι. εἰ γὰρ εἰσὶ
 βωμοί, εἰσὶ καὶ θεοί· ἀλλὰ μὴν εἰσὶ βωμοί, εἰσὶν
 ἄρα καὶ θεοί. τί πρὸς ταῦτα φής;</p>
 </sp>
 
 <sp>
 <speaker>ΔΑΜΙΣ</speaker>
 <p>Ἢν πρότερον γελάσω ἐς κόρον, ἀποκρινοῦμαί
 σοι.</p>
 </sp>
 
 <sp>
 <speaker>ΤΙΜΟΚΛΗΣ</speaker>
 <p>Ἀλλὰ ἔοικας οὐδὲ παύσεσθαι γελῶν· εἰπὲ δὲ
 ὅμως ὅπη σοι γελοῖον ἔδοξε τὸ εἰρημένον εἶναι.</p>
 </sp>
 
 <sp>
 <speaker>ΔΑΜΙΣ</speaker>
 <p>Ὅτι οὐκ αἰσθάνῃ ἀπὸ λεπτῆς κρόκης ἐξαψάμενός
 σου τὴν ἄγκυραν, καὶ ταῦτα ἱερὰν οὖσαν·
 τὸ γὰρ εἶναι θεοὺς τῷ βωμοὺς εἶναι συνδήσας
 ἰσχυρὸν οἴει ποιήσασθαι ἀπ᾿ αὐτῶν τὸν ὅρμον.
 ὤστε ἐπεὶ μηδὲν ἄλλο τούτου φὴς ἔχειν εἰπεῖν
 ἱερώτερον, ἀπίωμεν ἤδη.</p>
 </sp>
 </div>
 
 <div type="textpart" subtype="section" n="52">
 <sp>
 <speaker>ΤΙΜΟΚΛΗΣ</speaker>
 <p>52 Ὁμολογεῖς τοίνυν ἡττῆσθαι προαπιων;</p>
 </sp>
 
 <sp>
 <speaker>ΔΑΜΙΣ</speaker>
 <p>Ναί, ὦ Τιμόκλεις. σὺ γὰρ ὥσπερ οἱ ὑπό τινων
 βιαζόμενοι ἐπὶ τοὺς βωμοὺς ἡμῖν καταπέφευγας.
 ὥστε, νὴ τὴν ἄγκυραν τὴν ἱεράν, ἐθέλω σπείσασθαι
 ἤδη πρὸς σὲ ἐπ᾿ αὐτῶν γε. τῶν βωμῶν, ὡς
 μηκέτι περὶ τούτων ἐρίζοιμεν.</p>
 </sp>
 
 <sp>
 <speaker>ΤΙΜΟΚΛΗΣ</speaker>
 <p>Εἰρωνεύῃ ταῦτα πρὸς ἐμέ, τυμβωρύχε καὶ μιαρὲ
 καὶ κατάπτυστε καὶ μαστιγία καὶ κάθαρμα; οὐ
 γὰρ ἴσμεν οὗτινος μὲν πατρὸς εἶ, πῶς δὲ ἡ μήτηρ
 
 <pb n="168"/>
 σου ἐπορνεύετο, καὶ ὡς τὸν ἀδελφὸν ἀπέπνιξας
 καὶ μοιχεύεις καὶ τὰ μειράκια διαφθείρεις, λιχνότατε
 καὶ ἀναισχυντότατε; μὴ φεῦγε δ᾿ οὖν, ἕως
 καὶ πληγὰς παῤ ἐμοῦ λαβὼν ἀπέλθῃς· ἤδη γάρ
 σε τουτῳὶ τῷ ὀστράκῳ ἀποσφάξω παμμίαρον ὄντα.</p>
 </sp>
 </div>
 
 <div type="textpart" subtype="section" n="53">
 <sp>
 <speaker>ΖΕΥΣ</speaker>
 <p>53 Ὁ μὲν γελῶν, ὦ θεοί, ἄπεισιν, ὁ δ᾿ ἀκολουθεῖ
 λοιδορούμενος οὐ φέρων κατατρυφῶντα τὸν Δᾶμιν,
 καὶ ἔοικε πατάξειν αὐτὸν τῷ κεράμῳ ἐς τὴν κεφαλήν.
 ἡμεῖς δὲ τί ποιῶμεν ἐπὶ τούτοις;</p>
 </sp>
 
 <sp>
 <speaker>ΕΡΜΗΣ</speaker>
 <p>Ὀρθῶς ἐκεῖνό μοι ὁ κωμικὸς εἰρηκέναι δοκεῖ,
 οὐδὲν πέπονθας δεινόν, ἂν μὴ προσποιῇ.
 τί γὰρ καὶ ὑπέρμεγα κακόν, εἰ ὀλίγοι ἄνθρωποι
 πεπεισμένοι ταῦτα ἀπίασι; πολλῷ <note type="footnote" n="1"></note> γὰρ οἱ τἀναντία
 γιγνώσκοντες πλείους, Ἑλλήνων ὁ πολὺς λεὼς
 βάρβαροί τε ἅπαντες.</p>
 </sp>
 
 <sp>
 <speaker>ΖΕΥΣ</speaker>
 <p>Ἀλλά, ὦ Ἑρμῆ. τὸ τοῦ Δαρείου πάνυ καλῶς
 ἔχον ἐστίν, ὃ εἶπεν ἐπὶ τοῦ Ζωπύρου· ὥστε καὶ
 αὐτὸς ἐβουλόμην ἂν ἕνα τοῦτον ἔχειν τὸν Δᾶμιν
 σύμμαχον ἢ μυρίας μοι Βαβυλῶνας ὑπάρχειν.</p>
 <note type="footnote">1 πολλῳ Bekker: πολλοὶ MSS.</note>
 </sp>
 </div>
 </div>
 </body>
 </text>
 </TEI>
