<ti:work xmlns:ti="http://chs.harvard.edu/xmlns/cts" groupUrn="urn:cts:greekLit:tlg0018" xml:lang="grc" urn="urn:cts:greekLit:tlg0018.tlg016">
  <ti:title xml:lang="eng">De Congressu Eruditionis Gratia</ti:title>
  <ti:edition urn="urn:cts:greekLit:tlg0018.tlg016.opp-grc1" workUrn="urn:cts:greekLit:tlg0018.tlg016">
    <ti:label xml:lang="eng">De Congressu Eruditionis Gratia</ti:label>
    <ti:description xml:lang="eng">Philo Judaeus, De Congressu Eruditionis Gratia</ti:description>
  </ti:edition>
</ti:work>
