<?xml version="1.0" encoding="UTF-8"?>
<!DOCTYPE TEI.2
  PUBLIC "-//TEI P4//DTD Main DTD Driver File//EN" "http://www.tei-c.org/Guidelines/DTD/tei2.dtd" [
<!ENTITY % TEI.XML "INCLUDE">
<!ENTITY % PersProse PUBLIC "-//Perseus P4//DTD Perseus Prose//EN" "http://www.perseus.tufts.edu/DTD/1.0/PersProse.dtd" >
%PersProse;
]>
<TEI.2>
   <teiHeader type="text" status="new">
      <fileDesc>
         <titleStmt>
            <title type="sub">Machine readable text</title>
            <title n="Comp.Dem.Cic." type="work">Comparison of Demosthenes with Cicero</title>
            <author n="Plut.">Plutarch</author>
            <editor n="Perrin" role="editor">Bernadotte Perrin</editor>&responsibility;</titleStmt>
         <extent>about 28 Kb</extent>&Perseus.publish;<sourceDesc>
            <biblStruct>
               <analytic n="Comp.Dem.Cic."/>
               <monogr>
                  <author>Plutarch</author>
                  <title>Plutarch's Lives</title>
                  <respStmt>
                     <resp>with an English Translation by</resp>
                     <name>Bernadotte Perrin</name>
                  </respStmt>
                  <imprint>
                     <pubPlace>Cambridge, MA</pubPlace>
                     <publisher>Harvard University Press</publisher>
                     <pubPlace>London</pubPlace>
                     <publisher>William Heinemann Ltd.</publisher>
                     <date>1919</date>
                  </imprint>
                  <biblScope type="volume">7</biblScope>
               </monogr>
               <idno type="ISBN">0674991109</idno>
            </biblStruct>
         </sourceDesc>
      </fileDesc>
      <encodingDesc>
         <editorialDecl>
            <correction status="high" method="silent">
               <p>optical character recognition</p>
            </correction>
         </editorialDecl>
         <refsDecl doctype="tei.2">
            <state unit="chapter" delim="."/>
            <state unit="section"/>
         </refsDecl>
      </encodingDesc>
      <profileDesc>
         <langUsage>
            <language id="en">English</language>
            <language id="la">Latin</language>
         </langUsage>
      </profileDesc>
      <revisionDesc>
         <change>
            <date>7/00</date>
            <respStmt>
               <name>LMC</name>
               <resp/>
            </respStmt>
            <item>tagged and parsed</item>
         </change>
      </revisionDesc>
   </teiHeader>
   <text>
      <body>
         <head>COMPARISON OF DEMOSTHENES AND CICERO</head>
         <div1 type="chapter" n="1"><p>
				        <milestone n="1" unit="section"/>
				These, then, are the memorable incidents in the recorded careers of Demosthenes and Cicero which have come to our knowledge. And though I have renounced the comparison of their oratorical styles,<note resp="ed" place="unspecified" anchored="yes">See the <bibl n="Plut. Dem. 3.1">
                  <title>Demosthenes</title>, iii. 1.</bibl>
            </note> yet this, I think, ought not to be left unsaid, namely, that Demosthenes devoted to the rhetorical art all the powers of speech which he possessed by nature or acquired by practice, surpassing in force and effectiveness his rivals in forensic and judicial pleading, in pomp and majesty of utterance the professional declaimers, and in precision and skill the sophists; 
				<milestone n="2" unit="section"/>Cicero, on the other hand, became widely learned and had a variety of interest in the pursuit of letters, and left behind him not a few philosophical treatises of his own conforming to the fashion of the Academy; indeed, even in the speeches which he wrote for the forum and the courts he clearly desires to display by the way a considerable acquaintance with letters.
			</p>
         <p>
				        <milestone n="3" unit="section"/>It is possible, too, to get a glimpse of the character of each in his style of speaking. For that of Demosthenes, which had no prettiness or pleasantry, and was condensed with a view to power and earnestness, did not smell of lamp-wicks, as Pytheas scoffingly said,<note resp="ed" place="unspecified" anchored="yes">Cf. the <bibl n="Plut. Dem. 8.3">
                  <title>Demosthenes</title>, viii. 3</bibl>.</note> but of water-drinking and anxious thought, and of what men called the bitterness and sullenness of his disposition; 
				<milestone n="4" unit="section"/>whereas Cicero was often carried away by his love of jesting into scurrility, and when, to gain his ends in his cases, he treated matters worthy of serious attention with ironical mirth and pleasantry, he was careless of propriety. Thus, in his defence of Caelius, he said that his client, surrounded as he was by great luxury and extravagance, did nothing out of the way when indulging in pleasures; for not to enjoy what is in one's possession was madness, he said, particularly when the most eminent philosophers assert that true happiness consists in pleasure.<note resp="ed" place="unspecified" anchored="yes">Cf. <bibl n="Cic. Cael. 28">Cicero, <title>pro Caelio</title>, 12, 28</bibl>; but Plutarch's interpretation does Cicero great injustice.  Cf. <bibl n="Cic. Cael. 39">17, 39 f.</bibl>
            </note> 
				        <milestone n="5" unit="section"/>And we are told that when Cato prosecuted Murena, Cicero, who was then consul, defended him, and because of Cato's beliefs made much fun of the Stoic sect, in view of the absurdities of their so-called paradoxes;<note resp="ed" place="unspecified" anchored="yes">Cf. <bibl n="Cic. Mur. 29">
                  <title>pro Murena</title>, 29-31</bibl>.</note>  and when loud laughter spread from the audience to the jurors, Cato, with a quiet smile, said to those who sat by: 
				<q direct="unspecified">What a funny man we have, my friends, for consul!</q> 
				        <milestone n="6" unit="section"/>And it would seem that Cicero was naturally prone to laughter and fond of jesting; his face, too, was smiling and peaceful. But in that of Demosthenes there was always a certain intense seriousness, and this look of thoughtfulness and anxiety he did not easily lay aside. For this reason his enemies, as he himself says,<note resp="ed" place="unspecified" anchored="yes">In <bibl n="Cic. Phil. 2.30">
                  <title>Phil.</title> ii. 30</bibl>.</note> called him morose and ill-mannered.
			</p>
         <p>
				        </p>

</div1>

<div1 type="chapter" n="2"><p>
				        <milestone n="1" unit="section"/>Still further, then, in their writings it is possible to see that the one touches upon his own praises cautiously and so as not to give offence, when there was need of this for some weightier end, while on other occasions he is careful and moderate; whereas Cicero's immoderate boasting of himself in his speeches proves that he had an intemperate desire for fame, his cry being that arms must give place to the toga and the laurel of triumph to the tongue.<note resp="ed" place="unspecified" anchored="yes">
               <foreign lang="la">Cedant arma togae, concedat laurea laudi</foreign> (<bibl n="Cic. Pis. 72">
                  <title>in Pisonem</title>, 29, 72 ff.</bibl>).</note> 
				        <milestone n="2" unit="section"/>And at last he praises not only his deeds and actions, but also his speeches, both those which he delivered himself and those which he committed to writing, as if he were impetuously vying with Isocrates and Anaximenes the sophists, instead of claiming the right to lead and instruct the Roman people,
				
				<quote rend="blockquote">
					          <l>Steadfast, in heavy armour clad, destructive to foes.</l>
				        </quote>
            <note resp="ed" place="unspecified" anchored="yes">The second verse of an elegiac distich attributed to Aeschylus in <bibl n="Plut. Mor. 334d">
                  <title>Morals</title>, p. 334 d</bibl>. Cf. Bergk, <title>Poet. Lyr. Graeci</title>,  ii.4 p. 242.</note>
				
				        <milestone n="3" unit="section"/>
				It is necessary, indeed, that a political leader should prevail by reason of his eloquence, but ignoble for him to admire and crave the fame that springs from his eloquence. Wherefore in this regard Demosthenes is more stately and magnificent, since he declares that his ability in speaking was a mere matter of experience, depending greatly upon the goodwill of his hearers,<note resp="ed" place="unspecified" anchored="yes">Cf. <bibl n="Dem. 18.277">
                  <title>On the Crown</title>, 277</bibl>.</note> and considers illiberal and vulgar, as they are, those who are puffed up at such success.
			</p>
         <p>
				        </p>

</div1>

<div1 type="chapter" n="3"><p>
				        <milestone n="1" unit="section"/>It is true that in haranguing and guiding the people both had equal power, so that even those who controlled armies and camps had need of their services; Chares, Diopeithes, and Leosthenes needed Demosthenes, and Pompey and the young Caesar needed Cicero, as Caesar himself says in his Memoirs addressed to Agrippa and Maecenas. 
				<milestone n="2" unit="section"/>But what is thought and said most of all to reveal and test the character of a man, namely power and authority, which rouses every passion and uncovers every baseness, this Demosthenes did not have, nor did he give any such proof of himself, since he held no conspicuous office, nor did he even command the force which was raised by him against Philip; 
				<milestone n="3" unit="section"/>whereas Cicero was sent out as quaestor to Sicily, and as pro-consul to Cilicia and Cappadocia, at a time when the love of wealth was at its greatest height, and when those who were sent out as praetors and governors, feeling that theft was an ignoble thing, resorted to open plundering, so that the taking of property was not thought heinous, but he who did this in moderation was held in high esteem; and yet Cicero gave many proofs of his contempt for wealth, and many of his humanity and goodness. 
				<milestone n="4" unit="section"/>And when in Rome itself he was appointed consul in name, but really received the power of a dictator and sole ruler against Catiline and his conspirators, he bore witness to the truth of Plato's prophecy<note resp="ed" place="unspecified" anchored="yes">
               <bibl n="Plat. Rep. 473d">
                  <title>Republic</title>,  p. 473 d</bibl>.</note> that states would then have respite from evil, when in one and the same person, by some happy fortune, great power and wisdom should be conjoined with justice.
			</p>
         <p>
				        <milestone n="5" unit="section"/>Moreover, it is said to the reproach of Demosthenes that he made money by his eloquence, since he secretly wrote speeches for Phormio and Apollodorus, who were adversaries in the same case, and since he was accused in the matter of the Great King's money, and condemned for taking that of Harpalus. And if we should say that those who write things (and these writers are not few) tell what is untrue, 
				<milestone n="6" unit="section"/>still, at least, that Demosthenes could not bring himself to look within indifference upon gifts which kings offered as marks of honour and favour, and that this was not to be expected of a man who lent money on bottomry, it is impossible to deny; whereas, in the case of Cicero, that the Sicilians when he was quaestor, and the king of Cappadocia when he was pro-consul, and his friends in Rome when he was going into exile, offered him large sums and begged him to take them, only to meet with his refusal, has been said.
			</p>
         <p>
				        </p>

</div1>

<div1 type="chapter" n="4"><p>
				        <milestone n="1" unit="section"/>And surely in the matter of banishment, at least, for the one it was disgraceful, since he had been convicted of theft; but for the other it was a most honourable result, since he had rid his country of baleful men. Therefore no account was made of the one when he went into exile; but for the other the senate changed its garb and put on mourning and could not be induced to discuss any business until Cicero's return had been decreed. 
				<milestone n="2" unit="section"/>However, Cicero spent his exile idly, remaining quietly in Macedonia; but the exile of Demosthenes proved to be a great part of his service to the state. For he took part in the struggles of the Greeks, as has been said, and drove out the Macedonian envoys in the various cities which he visited, and so showed himself to be a far better citizen than Themistocles or Alcibiades when they were having the same fortune; and furthermore, when he returned from exile, he again devoted himself to this same public service, and steadfastly continued waging war upon Antipater and the Macedonians. 
				<milestone n="3" unit="section"/>Cicero, on the contrary, was reproached in the senate by Laelius for sitting silent when Caesar asked leave to stand for the consulship, which was contrary to law, since he was still a beardless youth. And Brutus also, in one of his letters, accused him of having reared up a tyranny greater and more severe than that which the writer himself had overthrown.<note resp="ed" place="unspecified" anchored="yes">
               <bibl n="Cic. ad Brut. 1.17.2">Cicero, <title>ad Brutum</title>, i. 17, 2</bibl> (Brutus to Atticus).</note>
			      </p>
         <p>
				        </p>

</div1>

<div1 type="chapter" n="5"><p>
				        <milestone n="1" unit="section"/>And after all, the one is to be pitied for the manner of his death&mdash;an old man ignobly carried up and down by servants, trying to escape death, hiding himself from those who were coming after him not much in advance of nature's final summons, and then beheaded; whereas in that of the other, even though it had a slight touch of supplication, we must admire the preparation of the poison and its place of custody, must admire, too, the use he made of it, because, since the god would not afford him asylum, he took refuge at a greater altar, as it were, made his escape from arms and mercenaries, and laughed to scorn the cruelty of Antipater.
			</p>
      

</div1>
</body>
   </text>
</TEI.2>