<ti:work xmlns:ti="http://chs.harvard.edu/xmlns/cts" groupUrn="urn:cts:greekLit:tlg0057" xml:lang="grc" urn="urn:cts:greekLit:tlg0057.tlg077">
  <ti:title xml:lang="eng">De compositione medicamentorum per genera</ti:title>
  <ti:edition urn="urn:cts:greekLit:tlg0057.tlg077.1st1K-grc1" workUrn="urn:cts:greekLit:tlg0057.tlg077">
    <ti:label xml:lang="eng">De compositione medicamentorum per genera</ti:label>
    <ti:description xml:lang="eng">Galen, De compositione medicamentorum per genera</ti:description>
  </ti:edition>
</ti:work>
