<ti:work xmlns:ti="http://chs.harvard.edu/xmlns/cts" groupUrn="urn:cts:greekLit:tlg0086" xml:lang="grc" urn="urn:cts:greekLit:tlg0086.tlg018">
  <ti:title xml:lang="eng">De iuventute et senectute, De vita et morte</ti:title>
  <ti:edition urn="urn:cts:greekLit:tlg0086.tlg018.1st1K-grc1" workUrn="urn:cts:greekLit:tlg0086.tlg018">
    <ti:label xml:lang="eng">De iuventute et senectute, De vita et morte</ti:label>
    <ti:description xml:lang="eng">Aristotle, De iuventute et senectute, De vita et morte</ti:description>
  </ti:edition>
</ti:work>
