<ti:work xmlns:ti="http://chs.harvard.edu/xmlns/cts" groupUrn="urn:cts:greekLit:tlg0018" xml:lang="grc" urn="urn:cts:greekLit:tlg0018.tlg026">
  <ti:title xml:lang="eng">De Praemiis Et Poenis Et De Exsecrationibus</ti:title>
  <ti:edition urn="urn:cts:greekLit:tlg0018.tlg026.opp-grc1" workUrn="urn:cts:greekLit:tlg0018.tlg026">
    <ti:label xml:lang="eng">De Praemiis Et Poenis Et De Exsecrationibus</ti:label>
    <ti:description xml:lang="eng">Philo Judaeus, De Praemiis Et Poenis Et De Exsecrationibus</ti:description>
  </ti:edition>
</ti:work>
