<ti:work xmlns:ti="http://chs.harvard.edu/xmlns/cts" groupUrn="urn:cts:greekLit:tlg0057" xml:lang="grc" urn="urn:cts:greekLit:tlg0057.tlg004">
  <ti:title xml:lang="eng">De sectis ad eos qui introducuntur</ti:title>
  <ti:edition urn="urn:cts:greekLit:tlg0057.tlg004.1st1K-grc1" workUrn="urn:cts:greekLit:tlg0057.tlg004">
    <ti:label xml:lang="eng">De sectis ad eos qui introducuntur</ti:label>
    <ti:description xml:lang="eng">Galen, De sectis ad eos qui introducuntur</ti:description>
  </ti:edition>
</ti:work>
