<ti:work xmlns:ti="http://chs.harvard.edu/xmlns/cts" groupUrn="urn:cts:greekLit:tlg0062" xml:lang="grc" urn="urn:cts:greekLit:tlg0062.tlg033">
  <ti:title xml:lang="lat">De mercede conductis potentium familiaribus</ti:title>
  <ti:edition urn="urn:cts:greekLit:tlg0062.tlg033.1st1K-grc1" workUrn="urn:cts:greekLit:tlg0062.tlg033">
    <ti:label xml:lang="lat">De mercede conductis potentium familiaribus</ti:label>
    <ti:description xml:lang="lat">Lucianus, De mercede conductis potentium familiaribus, Harmon, Harvard, 1960</ti:description>
  </ti:edition>
</ti:work>
