﻿<?xml version="1.0" encoding="UTF-8"?>
<?xml-model href="http://www.stoa.org/epidoc/schema/latest/tei-epidoc.rng" schematypens="http://relaxng.org/ns/structure/1.0"?>
<TEI xmlns="http://www.tei-c.org/ns/1.0">
 <teiHeader>
  <fileDesc>
   <titleStmt>
    <title>De sacrificiis</title>
    <author>Lucianus Samosatenus</author>
    <editor>A. M. Harmon</editor>
    <funder>Harvard Library Arcadia Fund</funder>
    <principal>Gregory Crane</principal>
    <respStmt>
     <persName xml:id="DDD">Digital Divide Data</persName>
     <resp>Corrected and encoded the text</resp>
    </respStmt>
    <respStmt>
     <persName>Gregory Crane</persName>
     <resp>Editor-in-Chief, Perseus Digital Library</resp>
    </respStmt>
    <respStmt>
     <persName>Matt Munson</persName>
     <resp>Project Manager (University of Leipzig), 2016 - present</resp>
    </respStmt>
    <respStmt>
     <persName>Annette Geßner</persName>
     <resp>Project Assistant (University of Leipzig) 2015 - present</resp>
    </respStmt>
    <respStmt>
     <persName>Thibault Clérice</persName>
     <resp>Lead Developer (University of Leipzig)</resp>
    </respStmt>
    <respStmt>
     <persName>Bruce Robertson</persName>
     <resp>Technical Advisor</resp>
    </respStmt>
   </titleStmt>
   <publicationStmt>
    <authority>Harvard College Library</authority>
    <idno type="filename">tlg0062.tlg027.1st1K-grc1.xml</idno>
    <availability>
     <p>Available under a Creative Commons Attribution-ShareAlike 4.0 International License</p>
    </availability>
    <date>2016</date>
    <publisher>Harvard College Library</publisher>
    <pubPlace>United States</pubPlace>
   </publicationStmt>
   <sourceDesc>
    <listBibl>
     <biblStruct>
      <monogr>
       <title>Lucian</title>
       <editor>
        <persName>
         <name>A. M. Harmon</name>
        </persName>
       </editor>
       <author ref="urn:cts:greekLit:tlg0062">Lucianus Samosatenus</author>
       <imprint>
        <publisher>Harvard University Press</publisher>
        <pubPlace>Cambridge, Mass</pubPlace>
        <date>1960</date>
       </imprint>
       <biblScope unit="volume">3</biblScope>
      </monogr>
      <ref target="https://archive.org/details/lucianhar03luciuoft">The Internet Archive</ref>
     </biblStruct>
    </listBibl>
   </sourceDesc>
  </fileDesc>
  <encodingDesc>
   <p>Text encoded in accordance with the latest EpiDoc standards (January 2014)</p>
   <refsDecl n="CTS">
    <cRefPattern matchPattern="(.+)" n="section" replacementPattern="#xpath(/tei:TEI/tei:text/tei:body/tei:div/tei:div[@n='$1'])"/>
   </refsDecl>
  </encodingDesc>
  <profileDesc>
   <langUsage>
    <language ident="grc">Greek</language>
   </langUsage>
  </profileDesc>
  <revisionDesc>
   <change/>
  </revisionDesc>
 </teiHeader>
<text>
<body>
 <div type="edition" xml:lang="grc" n="urn:cts:greekLit:tlg0062.tlg027.1st1K-grc1">
<pb n="154"/>
<head>ΠΕΡΙ ΘΥΣΙΩΝ</head>

<div type="textpart"  subtype="section"  n="1">
<p>1 Ἃ μὲν γὰρ ἐν ταῖς θυσίαις οἱ μάταιοι πράττουσι
καὶ ταῖς ἑορταῖς καὶ προσόδοις τῶν θεῶν
καὶ ἃ αἰτοῦσι καὶ ἃ εὔχονται καὶ ἃ γιγνώσκουσι
περὶ αὐτῶν, οὐκ οἶδα εἴ τις οὕτως κατηφής ἐστι
καὶ λελυπημένος ὅστις οὐ γελάσεται τὴν ἀβελτερίαν
ἐπιβλέψας τῶν δρωμένων. καὶ πολύ γε,
οἶμαι, πρότερον τοῦ γελᾶν πρὸς ἑαυτὸν ἐξετάσει
πότερον εὐσεβεῖς αὐτοὺς χρὴ καλεῖν ἢ τοὐναντίον
θεοῖς ἐχθροὺς καὶ κακοδαίμονας, οἵ γε οὕτω ταπεινὸν
καὶ ἀγεννὲς τὸ θεῖον ὑπειλήφασιν ὥστε
εἶναι ἀνθρώπων ἐνδεὲς καὶ κολακευόμενον ἥδεσθαι
καὶ ἀγανακτεῖν ἀμελούμενον.</p>
<p>Τὰ γοὺν Αἰτωλικὰ πάθη καὶ τὰς τῶν Καλυδωνίων
συμφορὰς καὶ τοὺς τοσούτους φόνους καὶ
τὴν Μελεάγρου διάλυσιν, πάντα ταῦτα ἔργα
φασὶν εἶναι τῆς Ἀρτέμιδος μεμψιμοιρούσης ὅτι
μὴ παρελήφθη πρὸς τὴν θυσίαν ὑπὸ τοῦ Οἰνέως·
οὕτως ἄρα βαθέως καθίκετο αὐτῆς ἡ τῶν ἱερείων
διαφορά. <note type="footnote" n="1"></note> καί μοι δοκῶ ὁρᾶν αὐτὴν ἐν τῷ οὐρανῷ
τότε μόνην τῶν ἄλλων θεῶν εἰς Οἰνέως
πεπορευμένων, δεινὰ ποιοῦσαν καὶ σχετλιάζουσαν
οἵας ἑορτῆς ἀπολειφθήσεται.</p>
<note type="footnote">Available in photographs: rΝ.</note>
<note type="footnote">1 ἱερείων διαφορά γ: ἱερῶν διαμαρτία β; ἱερείων διαμαρτία edd.</note>
</div>

<div type="textpart"  subtype="section"  n="2">
<pb n="156"/>
<p>2 Tοὺς δʼ αὖ Αἰθίοπας καὶ μακαρίους καὶ τρισευδαίμονας
εἴποι τις ἄν, εἴ γε ἀπομνημονεύει τὴν
χάριν αὐτοῖς ὁ Ζεὺς ἣν <note type="footnote" n="1"></note> πρὸς αὐτὸν ἐπεδείξαντο
δώδεκα ἑξῆς ἡμέρας ἑστιάσαντες, καὶ ταῦτα ἐπαγόμενον
καὶ τοὺς ἄλλους θεούς.</p>
<p>Οὕτως οὐδέν, ὡς ἔοικεν, ἀμισθὶ ποιοῦσιν ὧν
ποιοῦσιν, ἀλλὰ πωλοῦσιν τοῖς ἀνθρώποις τἀγαθά,
καὶ ἔνεστι πρίασθαι παῤ αὐτῶν τὸ μὲν ὑγιαίνειν,
εἰ τύχοι, βοϊδίου, τὸ δὲ πλουτεῖν βοῶν τεττάρων,
τὸ δὲ βασιλεύειν ἑκατόμβης, τὸ δὲ σῶον ἐπανελθεῖν
ἐξ Ἰλίου εἰς Πύλον ταύρων ἐννέα, καὶ τὸ ἐκ
τῆς Αὐλίδος εἰς Ἴλιον διαπλεῦσαι παρθένου
βασιλικῆς. ἡ μὲν γὰρ Ἑκάβη τὸ μὴ ἁλῶναι τὴν
πόλιν τότε ἐπρίατο παρὰ τῆς Ἀθηνᾶς βοῶν
δώδεκα καὶ πέπλου. εἰκάζειν δὲ χρὴ πολλὰ εἶναι
ἀλεκτρυόνος καὶ στεφάνου καὶ λιβανωτοῦ μόνου
παῤ αὐτοῖς ὤνια.</p>
</div>

<div type="textpart"  subtype="section"  n="3">
<p>3 Ταῦτά γε, οἶμαι, καὶ ὁ Χρύσης ἐπιστάμενος
ἅτε ἱερεὺς ὢν καὶ γέρων καὶ τὰ θεῖα σοφός, ἐπειδὴ
ἄπρακτος ἀπῄει παρὰ τοῦ Ἀγαμέμνονος, ὡς ἂν
καὶ προδανείσας τῷ Ἀπόλλωνι τὴν χάριν δικαιολογεῖται
καὶ ἀπαιτεῖ τὴν ἀμοιβὴν καὶ μόνον οὐκ
ὀνειδίζει λέγων, “Ὦ βέλτιστε Ἄπολλον, ἐγὼ μέν
σου τὸν νεὼν τέως ἀστεφάνωτον ὄντα πολλάκις
ἐστεφάνωσα, καὶ τοσαῦτά σοι μηρία ταύρων τε
καὶ αἰγῶν ἔκαυσα ἐπὶ τῶν βωμῶν, σὺ δὲ ἀμελεῖς
μου τοιαῦτα πεπονθότος καὶ παῤ οὐδὲν τίθεσαι
τὸν εὐεργέτην.” τοιγαροῦν οὕτω κατεδυσώπησεν
αὐτὸν ἐκ τῶν λόγων, ὥστε ἁρπασφάμενος τὰ τόξα
<note type="footnote">1 MSS. add (before ἢν in γ, after ἣν in β) ἐν ἀρχῇ τῆς
Ὁμήρου ποιήσεως, bracketed by Schmieder and subsequent
editors.</note>

<pb n="158"/>
καὶ ἐπὶ τοῦ ναυστάθμου καθίσας ἑαυτὸν κατετόξευσε
τῷ λοιμῷ τοὺς Ἀχαιοὺς αὐταῖς ἡμιόνοις
καὶ κυσίν.</p>
</div>

<div type="textpart"  subtype="section"  n="4">
<p>4 Ἐπεὶ δὲ ἅπαξ τοῦ Ἀπόλλωνος ἐμνήσθην, βούλομαι
καὶ τὰ ἄλλα εἰπεῖν, ἃ περὶ αὐτοῦ οἱ σοφοὶ
τῶν ἀνθρώπων λέγουσιν, οὐχ ὅσα περὶ τοὺς
ἔρωτας ἐδυστύχησεν οὐδὲ τοῦ Ὑακίνθου τὸν
φόνον οὐδὲ τῆς Δάφνης τὴν ὑπεροψίαν, ἀλλʼ ὅτι
καὶ καταγνωσθεὶς ἐπὶ τῷ τῶν Κυκλώπων θανάτῷ
καὶ ἐξοστρακισθεὶς διὰ τοῦτο ἐκ τοῦ οὐρανοῦ,
ἐπέμφθη εἰς τὴν γῆν ἀνθρωπίνῃ χρησόμενος τῇ
τύχῃ· ὅτε δὴ καὶ ἐθήτευσεν ἐν Θετταλίᾳ παρὰ
Ἀδμήτῳ καὶ ἐν Φρυγίᾳ παρὰ Λαομέδοντι, παρὰ
τούτῳ μέν γε οὐ μόνος ἀλλὰ μετὰ τοῦ Ποσειδῶνος,
ἀμφότεροι πλινθεύοντες ὑπʼ ἀπορίας καὶ ἐργαζόμενοι
τὸ τεῖχος· καὶ οὐδὲ ἐντελῇ τὸν μισθὸν ἐκομίσαντο
παρὰ τοῦ Φρυγός, ἀλλὰ προσώφειλεν αὐτοῖς
πλέον ἢ τριάκοντα, φασί, δραχμὰς Τρωϊκάς.</p>
</div>

<div type="textpart"  subtype="section"  n="5">
<p>5 Ἢ γὰρ οὐ ταῦτα σεμνολογοῦσιν οἱ ποιηταὶ
περὶ τῶν θεῶν καὶ πολὺ τούτων ἱερώτερα περί τε
Ἡφαίστου καὶ Προμηθέως καὶ Κρόνου καὶ Ῥέας
καὶ σχεδὸν ὅλης τῆς τοῦ Διὸς οἰκίας; καὶ ταῦτα
παρακαλέσαντες τὰς Μούσας συνῳδοὺς ἐν ἀρχῇ
τῶν ἐπῶν, ὑφʼ ὧν δὴ ἔνθεοι γενόμενοι, ὡς τὸ εἰκός,
ᾄδουσιν ὡς ὁ μὲν Κρόνος ἐπειδὴ τάχιστα ἐξέτεμε
τὸν πατέρα τὸν Οὐρανόν, ἐβασίλευσέν τε ἐν
αὐτῷ καὶ τὰ τέκνα κατήσθιεν ὥσπερ ὁ Ἀργεῖος
Θυέστης ὕστερον· ὁ δὲ Ζεὺς <note type="footnote" n="1"></note> κλαπεὶς ὑπὸ τῆς
Ῥέας ὑποβαλομένης τὸν λίθον εἰς τὴν Κρήτην
ἐκτεθεὶς ὑπʼ αἰγὸς ἀνετράφη καθάπερ ὁ Τήλεφος
<note type="footnote">1 Θυέστης· ὕστερον δὲ ὁ Ζεὺς γ.</note>

<pb n="160"/>
ὑπὸ ἐλάφου καὶ ὁ Πέρσης Κῦρος ὁ πρότερος ὑπὸ
τῆς κυνός, εἶτ᾿  ἐξελάσας τὸν πατέρα καὶ εἰς τὸ
δεσμωτήριον καταβαλὼν αὐτὸς ἔσχε τὴν ἀρχήν·
ἔγημε δὲ πολλὰς μὲν καὶ ἄλλας, ὑστάτην δὲ
τὴν ἀδελφὴν <note type="footnote" n="1"></note> κατὰ τοὺς Περσῶν καὶ <note type="footnote" n="2"></note> Ἀσσυρίων
νόμους· ἐρωτικὸς δὲ ὢν καὶ εἰς τὰ ἀφροδίσια ἐκκεχυμένος<note type="footnote" n="3"></note>
ῥᾳδίως ἐνέπλησε παίδων τὸν οὐρανόν,
τοὺς μὲν ἐξ ὁμοτίμων ποιησάμενος, ἐνίους δὲ
νόθους ἐκ τοῦ θνητοῦ καὶ ἐπιγείου γένος, ἄρτι
μὲν ὁ γεννάδας γενόμενος χρυσός, ἄρτι δὲ ταῦρος
ἢ κύκνος ἢ ἀετός, καὶ ὅλως ποικιλώτερος αὐτοῦ
Πρωτέως· μόνην δὲ τὴν Ἀθηνᾶν ἔφυσεν ἐκ τῆς
ἑαυτοῦ κεφαλῆς ὑπʼ αὐτὸν ἀτεχνῶς τὸν ἐγκέφαλον
συλλαβών· τὸν μὲν γὰρ Διόνυσον ἡμιτελῆ,
φασίν, ἐκ τῆς μητρὸς ἔτι καιομένης ἁρπάσας ἐν
τῷ μηρῷ φέρων κατώρυξε κἆτα ἐξέτεμεν τῆς
ὠδῖνος ἐνστάσης.</p>
</div>

<div type="textpart"  subtype="section"  n="6">
<p>6 Ὅμοια δὲ τούτοις καὶ περὶ τῆς Ἥρας ᾄδουσιν,
ἄνευ τῆς πρὸς τὸν ἄνδρα ὁμιλίας ὑπηνέμιον αὐτὴν
παῖδα γεννῆσαι τὸν Ἥφαιστον, οὐ μάλα εὐτυχῆ
τοῦτον, ἀλλὰ βάναυσον καὶ χαλκέα καὶ πυρίτην,
ἐν καπνῷ τὸ πᾶν βιοῦντα καὶ σπινθήρων ἀνάπλεων
οἷα δὴ καμινευτήν, καὶ οὐδὲ ἄρτιον τὼ πόδε·
χωλευθῆναι γὰρ αὐτὸν ἀπὸ τοῦ πτώματος, ὁπότε
ἐρρίφη ὑπὸ τοῦ Διὸς ἐξ οὐρανοῦ, καὶ εἴ γε μὴ οἱ
Λήμνιοι καλῶς ποιοῦντες ἔτι φερόμενον αὐτὸν
ὑπεδέξαντο, κἂν ἐτεθνήκει ἡμῖν ὁ Ἥφαιστος
ὥσπερ ὁ Ἀστυάναξ ἀπὸ τοῦ πύργου
καταπεσών.</p>
<note type="footnote">1 τὴς Ἥραν τὴν ἀδελφὴν β.</note>
<note type="footnote">2 τοῦτο καὶ β.</note>
<note type="footnote">3 ἐκκεχυμένος Cobet: κεχυμένος, MSS.</note>

<pb n="162"/>
<p>Καίτοι τὰ μὲν Ἡφαίστου μέτρια· τὸν δὲ Προμηθέα
τίς οὐκ οἶδεν οἷα ἔπαθεν, διότι καθʼ ὑπερβολὴν
φιλάνθρωπος ἦν; καὶ γὰρ αὖ καὶ τοῦτον
εἰς τὴν Σκυθίαν ἀγαγὼν ὁ Ζεὺς ἀνεσταύρωσεν
ἐπὶ τοῦ Καυκάσου, τὸν ἀετὸν αὐτῷ παρακαταστήσας
τὸ ἧπαρ ὁσημέραι κολάψοντα.</p>
</div>

<div type="textpart"  subtype="section"  n="7">
<p>7 Οὗτος μὲν οὖν ἐξετέλεσε τὴν καταδίκην. ἡ
Ῥέα δέ—χρὴ γὰρ ἴσως καὶ ταῦτα εἰπεῖν—πῶς
οὐκ ἀσχημονεῖ καὶ δεινὰ ποιεῖ, γραῦς μὲν ἤδη καὶ
ἔξωρος οὖσα καὶ τοσούτων μήτηρ θεῶν, παιδεραστοῦσα
δὲ ἔτι καὶ ζηλοτυποῦσα καὶ τὸν Ἄττιν ἐπὶ
τῶν λεόντων περιφέρουσα, καὶ ταῦτα μηκέτι
χρήσιμον εἶναι δυνάμενον; ὥστε πῶς ἂν ἔτι μέμφοιτό
τις ἡ τῇ Ἀφροδίτῃ ὅτι μοιχεύεται, ἢ τῇ
Σελήνῃ πρὸς τὸν Ἐνδυμίωνα κατιούσῃ πολλάκις
ἐκ μέσης τῆς ὁδοῦ;</p>
</div>

<div type="textpart"  subtype="section"  n="8">
<p>8 Φέρε δὲ ἤδη τούτων ἀφέμενοι τῶν λόγων εἰς
αὐτὸν ἀνέλθωμεν τὸν οὐρανὸν ποιητικῶς ἀναπτάμενοι
κατὰ τὴν αὐτὴν Ὁμήρῳ καὶ Ἡσιόδῳ ὁδὸν
καὶ θεασώμεθα ὅπως διακεκόσμηται τὰ ἄνω. καὶ
ὅτι μὲν χαλκοῦς ἐστιν τὰ ἔξω, καὶ πρὸ ἡμῶν τοῦ
Ὁμήρου λέγοντος ἠκούσαμεν· ὑπερβάντι δὲ καὶ
ἀνακύψαντι μικρὸν εἰς τὸ ἄνω καὶ ἀτεχνῶς
ἐπὶ τοῦ νώτου γενομένῳ φῶς τε λαμπρότερον
φαίνεται καὶ ἥλιος καθαρώτερος καὶ ἄστρα
διαυγέστερα καὶ τὸ πᾶν ἡμέρα καὶ χρυσοῦν τὸ
δάπεδον. εἰσιόντων δὲ πρῶτα μὲν οἰκοῦσιν αἰ
Ὧραι· πυλωροῦσι γάρ· ἔπειτα δʼ ἡ Ἶρις καὶ ὁ
Ἑρμῆς ὄντες ὑπηρέται καὶ ἀγγελιαφόροι τοῦ
Διός, ἑξῆς δὲ τοῦ Ἡφαίστου τὸ χαλκεῖον ἀνάμεστον
ἁπάσης τέχνης, μετὰ δὲ αἱ τῶν θεῶν

<pb n="164"/>
οἰκίαι καὶ τοῦ Διὸς τὰ βασίλεια, ταῦτα πάντα
περικαλλῆ τοῦ Ἡφαίστου κατασκευάσαντος.</p>
</div>

<div type="textpart"  subtype="section"  n="9">
<p>9 “οἱ δὲ θεοὶ πὰρ Ζηνὶ καθήμενοι —πρέπει γάρ,
οἶμαι, ἄνω ὄντα μεγαληγορεῖν—ἀποσκοποῦσιν
εἰς τὴν γῆν καὶ πάντη περιβλέπουσιν ἐπικύπτοντες
εἴ ποθεν ὄψονται πῦρ ἀναπτόμενον ἢ ἀναφερομένην
κνῖσαν “ ἑλισσομένην περὶ καπνῷ.”
κἂν μὲν θύῃ τις, εὐωχοῦνται πάντες ἐπικεχηνότες
τῷ καπνῷ καὶ τὸ αἷμα πίνοντες τοῖς βωμοῖς
προσχεόμενον <note type="footnote" n="1"></note> ὥσπερ αἱ μυῖαι· ἢν δὲ οἰκοσιτῶσιν,
νέκταρ καὶ ἀμβροσία τὸ δεῖπνον. πάλαι
μὲν οὖν καὶ ἄνθρωποι συνειστιῶντο καὶ συνέπινον
αὐτοῖς, ὁ Ἰξίων καὶ ὁ Τάνταλος· ἐπεὶ δὲ ἦσαν
ὑβρισταὶ καὶ λάλοι, ἐκεῖνοι μὲν ἔτι καὶ νῦν κολάζονται,
ἄβατος δὲ τῷ θνητῷ γένει καὶ ἀπόρρητος
ὁ οὐρανός.</p>
</div>

<div type="textpart"  subtype="section"  n="10">
<p>10 Τοιοῦτος ὁ βίος τῶν θεῶν. τοιγαροῦν καὶ οἱ
ἄνθρωποι συνῳδὰ τούτοις καὶ ἀκόλουθα περὶ τὰς
θρησκείας ἐπιτηδεύουσιν. καὶ πρῶτον μὲν ὕλας
ἀπετέμοντο καὶ ὄρη ἀνέθεσαν καὶ ὄρνεα καθιέρωσαν
καὶ φυτὰ ἐπεφήμισαν ἑκάστῳ θεῷ. μετα δὲ
νειμάμενοι κατὰ ἔθνη σέβουσι καὶ πολίτας αὐτῶν
ἀποφαίνουσιν, ὁ μὲν Δελφὸς τὸν Ἀπόλλω καὶ ὁ
Δήλιος, ὁ δὲ Ἀθηναῖος τὴν Ἀθηνᾶν—μαρτυρεῖται
γοῦν τὴν οἰκειότητα τῷ ὀνόματι—καὶ τὴν Ἥραν
ὁ Ἀργεῖος καὶ ὁ Μυγδόνιος τὴν Ῥέαν καὶ τὴν
Ἀφροδίτην ὁ Πάφιος. οἱ δʼ αὖ Κρῆτες οὐ γενέσθαι
παῤ αὐτοῖς οὐδὲ τραφῆναι μόνον τὸν Δία
λέγουσιν, ἀλλὰ καὶ τάφον αὐτοῦ δεικνύουσιν· καὶ
ἡμεῖς ἄρα τοσοῦτον ἠπατήμεθα χρόνον οἰόμενοι
<note type="footnote">1 τοῖς βωμοῖς προσχεόμενον : a gloss ? περιχεόμενον CA,
editors since Dindorf.</note>

<pb n="166"/>
τὸν Δία βροντᾶν τε καὶ ὕειν καὶ τὰ ἄλλα πάντα
ἐπιτελεῖν, ὁ δὲ ἐλελήθει πάλαι τεθνεὼς παρὰ
Κρησὶ τεθαμμένος.</p>
</div>

<div type="textpart"  subtype="section"  n="11">
<p>11 Ἔπειτα δὲ ναοὺς ἐγείραντες ἵνα αὐτοῖς μὴ
ἄοικοι μηδὲ ἀνέστιοι δῆθεν ὦσιν, εἰκόνας αὐτοῖς
ἀπεικάζουσιν παρακαλέσαντες ἡ Πραξιτέλην ἢ
Πολύκλειτον ἡ Φειδίαν, οἱ δὲ οὐκ οἶδ᾿  ὅπου<note type="footnote" n="1"></note>
ἰδόντες ἀναπλάττουσι γενειήτην μὲν τὸν Δία,
παῖδα δὲ εἰς ἀεὶ τὸν Ἀπόλλωνα καὶ τὸν Ἑρμῆν
ὑπηνήτην καὶ τὸν Ποσειδῶνα κυανοχαίτην καὶ
γλαυκῶπιν τὴν Ἀθηνᾶν. ὅμως δʼ οὖν οἱ παριόντες
εἰς τὸν νεὼν οὔτε τὸν ἐξ Ἴνδῶν ἐλέφαντα
ἔτι οἴονται ὁρᾶν οὔτε τὸ ἐκ τῆς Θρᾴκης μεταλλευθὲν
χρυσίον ἀλλʼ αὐτὸν τὸν Κρόνου καὶ Ῥέας,
εἰς τὴν γῆν ὑπὸ Φειδίου μετῳκισμένον καὶ τὴν
Πισαίων ἐρημίαν ἐπισκοπεῖν κεκελευσμένον, ἀγαπῶντα
εἰ διὰ πέντε ὅλων ἐτῶν θύσει τις αὐτῷ
πάρεργον Ὀλυμπίων.</p>
</div>

<div type="textpart"  subtype="section"  n="12">
<p>12 Θέμενοι δὲ βωμοὺς καὶ προρρήσεις καὶ περιρραντήρια
προσάγουσι τὰς θυσίας, βοῦν μὲν ἀροτῆρα
ὁ γεωργός, ἄρνα δὲ ὁ ποιμὴν καὶ αἶγα ὁ
αἰπόλος, ὁ δέ τις λιβανωτὸν ἢ πόπανον, ὁ δὲ
πένης ἱλάσατο τὸν θεὸν κύσας <note type="footnote" n="2"></note> μόνον τὴν ἑαυτοῦ
δεξιάν. <note type="footnote" n="3"></note> ἀλλʼ οἵ γε θύοντες—ἐπ᾿  ἐκείνους γὰρ
ἐπάνειμι—στεφανώσαντες τὸ ζῷον καὶ πολύ γε
πρότερον ἐξετάσαντες εἰ ἐντελὲς εἴη, ἵνα μηδὲ τῶν
ἀχρήστων τι κατασφάττωσιν, προσάγουσι τῷ
βωμῷ καὶ φονεύουσιν ἐν ὀφθαλμοῖς τοῦ θεοῦ
γοερόν τι μυκώμενον καὶ ὡς τὸ εἰκὸς εὐφημοῦν
καὶ ἡμίφωνον ἤδη τῇ θυσίᾳ ἐπαυλοῦν. τίς οὐκ
<note type="footnote">1 ὅπως γ. 2 κύσας Cobet : σείσας γ, φιλήσας β.</note>
<note type="footnote">3 τὴν αὐτοῦ δεξιάν β.</note>

<pb n="168"/>
ἂν εἰκάσειεν ἥδεσθαι ταῦτα ὁρῶντας τοὺς θεούς;</p>
</div>

<div type="textpart"  subtype="section"  n="13">
<p>13 καὶ τὸ μὲν πρόγραμμά φησι μὴ παριέναι εἰς τὸ
εἴσω τῶν περιρραντηρίων ὅστις μὴ καθαρός ἐστιν
τὰς χεῖρας· ὁ δὲ ἱερεὺς αὐτὸς ἔστηκεν ᾑμαγμένος
καὶ ὥσπερ ὁ Κύκλωψ· ἐκεῖνος ἀνατέμνων καὶ τὰ
ἔγκατα ἐξαιρῶν καὶ καρδιουλκῶν καὶ τὸ αἷμα τῷ
βωμῷ περιχέων καὶ τί γὰρ οὐκ εὐσεβὲς ἐπιτελῶν;
ἐπὶ πᾶσι δὲ πῦρ ἀνακαύσας ἐπέθηκε φέρων αὐτῇ
δορᾷ τὴν αἶγα καὶ αὐτοῖς ἐρίοις τὸ πρόβατον· ἡ
δὲ κνῖσα θεσπέσιος καὶ ἱεροπρεπὴς χωρεῖ ἄνω καὶ
εἰς αὐτὸν τὸν οὐρανὸν ἠρέμα διασκίδναται.
Ὁ μέν γε Σκύθης πάσας τὰς θυσίας ἀφεὶς καὶ
ἡγησάμενος ταπεινὰς αὐτοὺς τοὺς ἀνθρώπους τῇ
Ἀρτέμιδι παρίστησι καὶ οὕτως ποιῶν ἀρέσκει
τὴν θεόν.</p>
</div>

<div type="textpart"  subtype="section"  n="14">
<p>14 Ταῦτα μὲν δὴ ἴσως μέτρια καὶ τὰ ὑπ’ Ἀσσυρίων
γιγνόμενα καὶ ὑπὸ Φρυγῶν καὶ Λυδῶν,
ἢν δʼ εἰς τὴν Αἴγυπτον ἔλθῃς, τότε δὴ τότε ὄψει
πολλὰ τὰ σεμνὰ καὶ ὡς ἀληθῶς ἄξια τοῦ οὐρανοῦ,
κριοπρόσωπον μὲν τὸν Δία, κυνοπρόσωπον δὲ τὸν
βέλτιστον Ἑρμῆν καὶ τὸν Πᾶνα ὅλον τράγον καὶ
ἶβίν τινα καὶ κροκόδειλον ἕτερον καὶ πίθηκον.
<lg>
<l>εἰ δʼ ἐθέλεις καὶ ταῦτα δαήμεναι, ὄφῤ εὖ εἰδῇς,</l>
</lg>
ἀκούσῃ πολλῶν σοφιστῶν καὶ γραμματέων καὶ
προφητῶν ἐξυρημένων διηγουμένων, —πρότερον
δέ, φησὶν ὁ λόγος, “ θύρας δʼ ἐπίθεσθε βέβηλοι”

<pb n="170"/>
—ὡς ἄρα ὑπὸ τὸν πόλεμον<note type="footnote" n="1"></note> καὶ τῶν γιγάντων
τὴν ἐπανάστασιν οἱ θεοὶ φοβηθέντες ἧκον εἰς τὴν
Αἴγυπτον ὡς δὴ ἐναῦθα λησόμενοι τοὺς πολεμίους·
εἶθ᾿  ὁ μὲν αὐτῶν ὑπέδυ τράγον, ὁ δὲ κριὸν
ὑπὸ τοῦ δέους, ὁ δὲ θηρίον ἢ ὄρνεον· διὸ δὴ εἰσέτι
καὶ νῦν φυλάττεσθαι τὰς τότε μορφὰς τοῖς θεοῖς.
ταῦτα γὰρ ἀμέλει ἐν τοῖς ἀδύτοις ἀπόκειται γραφέντα
πλεῖον ἢ πρὸ ἐτῶν μυρίων.</p>
</div>

<div type="textpart"  subtype="section"  n="15">
<p>15 Αί δὲ θυσίαι καὶ παῤ ἐκείνοις αἱ αὐταί, πλὴν
ὅτι πενθοῦσι τὸ ἱερεῖον καὶ κόπτονται περιστάντες
ἤδη πεφονευμένον. οἱ δὲ καὶ θάπτουσι μόνον
ἀποσφάξαντες.</p>
<p>Ὁ μὲν γὰρ Ἆπις, ὁ μέγιστος αὐτοῖς θεός, ἐὰν
ἀποθάνῃ, τίς οὕτω περὶ πολλοῦ ποιεῖται τὴν
κόμην ὅστις οὐκ ἀπεξύρησε καὶ ψιλὸν<note type="footnote" n="2"></note> ἐπὶ τῆς
κεφαλῆς τὸ πένθος ἐπεδείξατο, κἂν τὸν Νίσου
ἔχῃ πλόκαμον τὸν πορφυροῦν; ἔστι δὲ ὁ Ἆπις
ἐξ ἀγέλης θεός, ἐπὶ τῷ προτέρῳ χειροτονούμενος
ὡς πολὺ καλλίων καὶ σεμνότερος τῶν ἰδιωτῶν
βοῶν.</p>
<p>Ταῦτα οὕτω γιγνόμενα καὶ ὑπὸ τῶν πολλῶν
πιστευόμενα δεῖσθαί μοι δοκεῖ τοῦ μὲν ἐπιτιμήσοντος
οὐδενός, Ἡρακλείτου δέ τινος ἢ Δημοκρίτου,
τοῦ μὲν γελασομένου τὴν ἄγνοιαν αὐτῶν,
τοῦ δὲ τὴν ἄνοιαν ὀδυρουμένου.</p>
<note type="footnote">1 τῶν πολεμίων γ.  2 ὑψηλὸν β.</note>
</div>
</div>
</body>
</text>
</TEI>