<ti:work xmlns:ti="http://chs.harvard.edu/xmlns/cts" groupUrn="urn:cts:greekLit:tlg0057" xml:lang="grc" urn="urn:cts:greekLit:tlg0057.tlg075">
  <ti:title xml:lang="eng">De simplicium medicamentorum temperamentis ac facultatibus I-VI</ti:title>
  <ti:edition urn="urn:cts:greekLit:tlg0057.tlg075.1st1K-grc1" workUrn="urn:cts:greekLit:tlg0057.tlg075">
    <ti:label xml:lang="eng">De simplicium medicamentorum temperamentis ac facultatibus I-VI</ti:label>
    <ti:description xml:lang="eng">Galen, De simplicium medicamentorum temperamentis ac facultatibus I-VI</ti:description>
  </ti:edition>
</ti:work>
