<ti:work xmlns:ti="http://chs.harvard.edu/xmlns/cts" groupUrn="urn:cts:greekLit:tlg0527" xml:lang="grc" urn="urn:cts:greekLit:tlg0527.tlg008">
  <ti:title xml:lang="eng">Judices (Cod. Alexandrinus)</ti:title>
  <ti:edition urn="urn:cts:greekLit:tlg0527.tlg008.opp-grc2" workUrn="urn:cts:greekLit:tlg0527.tlg008">
    <ti:label xml:lang="eng">Judices (Cod. Alexandrinus)</ti:label>
    <ti:description xml:lang="eng">Septuaginta, Judices (Cod. Alexandrinus)</ti:description>
  </ti:edition>
</ti:work>
