<ti:work xmlns:ti="http://chs.harvard.edu/xmlns/cts" groupUrn="urn:cts:greekLit:tlg0057" xml:lang="grc" urn="urn:cts:greekLit:tlg0057.tlg034">
  <ti:title xml:lang="eng">De parvae pilae exercitio</ti:title>
  <ti:edition urn="urn:cts:greekLit:tlg0057.tlg034.1st1K-grc2" workUrn="urn:cts:greekLit:tlg0057.tlg034">
    <ti:label xml:lang="eng">De parvae pilae exercitio</ti:label>
    <ti:description xml:lang="eng">Galen, De parvae pilae exercitio</ti:description>
  </ti:edition>
<ti:edition urn="urn:cts:greekLit:tlg0057.tlg034.1st1K-grc1" workUrn="urn:cts:greekLit:tlg0057.tlg034">
<ti:label xml:lang="eng">De parvae pilae exercitio</ti:label>
<ti:description xml:lang="eng">Galen, De parvae pilae exercitio</ti:description>
</ti:edition>
</ti:work>
