<?xml version="1.0" encoding="UTF-8"?>
<?xml-model href="http://www.stoa.org/epidoc/schema/latest/tei-epidoc.rng" schematypens="http://relaxng.org/ns/structure/1.0"?>
<TEI xmlns="http://www.tei-c.org/ns/1.0">
    <teiHeader>
        <fileDesc>
            <titleStmt><title>De parvae pilae exercitio</title>
                <author>Galen</author>
                <editor>Johannes Marquardt</editor>
                <funder>Andrew W. Mellon Foundation</funder>
                <respStmt>
          <resp>Published original versions of the electronic texts</resp>
          <orgName ref="http://www.graeco-arabic-studies.org/">A Digital Corpus for Graeco-Arabic Studies, funded by the Andrew W. Mellon Foundation</orgName>
          <persName>Mark Schiefsky, Harvard University</persName>
          <persName>Gregory R. Crane, Universität Leipzig</persName>
          <persName>Uwe Vagelpohl, University of Warwick</persName>
        </respStmt>
        <respStmt>
          <resp>Keyboarding</resp>
          <orgName xml:id="DDD">Digital Divide Data</orgName>
        </respStmt>
        <respStmt>
          <resp>Editor-in-Chief, Perseus Digital Library</resp>
          <persName>Gregory R. Crane</persName>
        </respStmt>
        <respStmt>
          <resp>Project Manager (University of Leipzig), 2016 - present</resp>
          <persName>Matt Munson</persName>
        </respStmt>
        <respStmt>
          <resp>Project Assistant (University of Leipzig), 2015 - present</resp>
          <persName>Annette Geßner</persName>
        </respStmt>
        <respStmt>
          <resp>Lead Developer (University of Leipzig)</resp>
          <persName>Thibault Clérice</persName>
        </respStmt>
        <respStmt>
          <resp>Technical Advisor</resp>
          <persName>Bruce Robertson</persName>
        </respStmt>
      </titleStmt>
      <publicationStmt>
                <authority>A Digital Corpus for Graeco-Arabic Studies, funded by the Andrew W.
                    Mellon Foundation</authority>
                <publisher>University of Leipzig</publisher>
                <pubPlace>Germany</pubPlace>
                <idno type="filename">tlg0057.tlg034.1st1K-grc1.xml</idno>
                <availability>
                    <licence target="https://creativecommons.org/licenses/by-sa/4.0/">Available
                        under a Creative Commons Attribution-ShareAlike 4.0 International
                        License</licence>
                </availability>
                <date>2016</date>
            </publicationStmt>
            <sourceDesc>
                <biblStruct>
                    <monogr>
                        <title>Claudii Galeni librum De parvae pilae exercitio</title>
                        <author>Galen</author>
                        <editor>Johannes Marquardt</editor>
                        <imprint>
                            <publisher>Domschule</publisher>
                            <pubPlace>Güstrow</pubPlace>
                            <biblScope unit="pp" from="3" to="8">3-8</biblScope>
                            <date>1879</date>
                        </imprint>
                    </monogr>
                    <ref target="https://archive.org/details/4763785">Internet Archive</ref>
                </biblStruct>
            </sourceDesc>
        </fileDesc>
        <encodingDesc>
            <p>The following text is encoded in accordance with EpiDoc standards and with the
                CTS/CITE Architecture.</p>
            <refsDecl n="CTS">
                <cRefPattern matchPattern="(.+)" n="chapter" replacementPattern="#xpath(/tei:TEI/tei:text/tei:body/tei:div/tei:div[@n='$1'])"/>
            </refsDecl>
        </encodingDesc>
        <profileDesc>
            <langUsage>
                <language ident="greek">Greek</language>
            </langUsage>
        </profileDesc>
    </teiHeader>
    <text>
        <body>

            <div type="edition" xml:lang="grc" n="urn:cts:greekLit:tlg0057.tlg034.1st1K-grc1">
                <pb n="3"/>

                <div type="textpart" subtype="chapter" n="1">
                    <head>ΓΑΛΗΝΟΥ <lb/>ΠΕΡΙ ΤΟΥ ΔΙΑ ΤΗΣ ΣΜΙΚΡΑΣ ΣΦΑΙΡΑΣ ΓΥΜΝΑΣΙΟΥ.</head>
                    <p>
                        <milestone unit="ed1page" n="899"/>Πηλίκον μὲν ἀγαθόν ἐστιν εἰς ὑγίειαν, ὦ
                        Ἐπίγενες, γυμνάσια, καὶ ὡς χρὴ τῶν <lb/>σιτίων ἡγεῖσθαι αὐτά, παλαιοῖς
                        ἀνδράσιν αὐτάρκως εἴρηται, φιλοσόφων τε καὶ ἰατρῶν τοῖς ἀρίστοις· ὅσον
                        <lb/>δ’ ὑπὲρ τἆλλα τὰ διὰ τῆς σμικρᾶς σφαίρας ἐστίν, τοῦτ’ οὐδέπω τῶν
                        πρόσθεν ἱκανῶς οὐδεὶς ἐξηγήσατο. <lb/>δίκαιον οὖν ἡμᾶς, ἃ γιγνώσκομεν,
                        εἰπεῖν, ὑπὸ σοῦ μὲν κριθησόμενα, τοῦ πάντων ἠσκηκότος ἄριστα τὴν <lb/>
                        <milestone unit="lineno" n="5"/> ἑαυτοῦ τέχνην, χρήσιμα δὲ καὶ τοῖς ἄλλοις,
                        οἷς ἂν μεταδῷς τοῦ λόγου, γενησόμενα. φημὶ γὰρ ἄριστα <lb/>
                        <milestone unit="ed1page" n="900"/>μὲν ἁπάντων γυμνασίων εἶναι τὰ μὴ μόνον
                        τὸ σῶμα διαπονεῖν, ἀλλὰ καὶ τὴν ψυχὴν τέρπειν δυνάμενα. <lb/>καὶ ὅσοι
                        κυνηγέσια καὶ τὴν ἄλλην θήραν ἐξεῦρον, ἡδονῇ καὶ τέρψει καὶ φιλοτιμίᾳ τὸν ἐν
                        αὐτοῖς πόνον <lb/>κερασάμενοι, σοφοί τινες ἄνδρες ἦσαν καὶ φύσιν ἀνθρωπίνην
                        ἀκριβῶς καταμεμαθηκότες. τοσοῦτον γὰρ ἐν <lb/>αὐτῇ δύναται ψυχῆς κίνησις,
                        ὥστε πολλοὶ μὲν ἀπηλλάγησαν νοσημάτων ἡσθέντες μόνον, πολλοὶ δ’ <lb/>
                        <milestone unit="lineno" n="10"/> ἑάλωσαν ἀνιαθέντες. οὐδ’ ἔστιν οὐδὲν οὕτως
                        ἰσχυρὸν τῶν κατὰ τὸ σῶμα παθημάτων, ὡς κρατεῖν <pb n="4"/> τῶν περὶ τὴν
                        ψυχήν. οὔκουν οὐδ’ ἀμελεῖν χρὴ τῶν ταύτης κινήσεων, ὁποῖαί τινες ἔσονται,
                        πολὺ δὲ <lb/>μᾶλλον ἢ τῶν τοῦ σώματος ἐπιμελεῖσθαι τά τ’ ἄλλα καὶ ὅσῳ
                        κυριωτέρα σώματος ἡ ψυχή. τοῦτο μὲν <lb/>δὴ κοινὸν ἁπάντων γυμνασίων τῶν
                        μετὰ τέρψεως, ἄλλα δ’ ἐξαίρετα τῶν διὰ τῆς σμικρᾶς σφαίρας, ἃ <lb/>ἐγὼ νῦν
                        ἐξηγήσομαι. </p>
                </div>
                <div type="textpart" subtype="chapter" n="2">
                    <p>
                        <milestone unit="lineno" n="5"/>Πρῶτον μὲν ἡ εὐπορία. εἰ γοῦν ἐννοήσαις,
                        ὅσης δεῖται παρασκευῆς θ’ ἅμα καὶ <lb/>
                        <milestone unit="ed1page" n="901"/>σχολῆς τά τ’ ἄλλα πάντα τὰ περὶ τὴν θήραν
                        ἐπιτηδεύματα καὶ τὰ κυνηγέσια, σαφῶς ἂν μάθοις, ὡς οὔτε <lb/>τῶν τὰ πολιτικὰ
                        πραττόντων οὐδεὶς οὔτε τῶν τὰς τέχνας ἐργαζομένων δύναται μεταχειρίζεσθαι τὰ
                        τοιαῦτα <lb/>γυμνάσια. καὶ γὰρ πλούτου ταῦτα δεῖται πολλοῦ καὶ σχολὴν
                        ἄγοντος οὐκ ὀλίγην ἀνθρώπου. <lb/>τοῦτο δὲ μόνον οὕτω γε φιλάνθρωπον, ὡς
                        μηδὲ τὸν πενέστατον ἀπορεῖν τῆς αὐτοῦ παρασκευῆς. <lb/>
                        <milestone unit="lineno" n="10"/>οὐ γὰρ δικτύων, οὐδ’ ὅπλων, οὐδ’ ἵππων,
                        οὐδὲ κυνῶν θηρευτικῶν, ἀλλὰ σφαίρας μόνης δεῖται <lb/>καὶ ταύτης σμικρᾶς.
                        οὕτω δ’ εὔγνωμον εἰς τὰς ἄλλας πράξεις, ὥστ’ οὐδεμιᾶς αὐτῶν ὀλιγωρεῖν
                        ἀναγκάζει <lb/>δι’ αὑτό. καίτοι τί ἂν εὐπορώτερον γένοιτο τοῦ καὶ τύχην
                        ἀνθρωπίνην ἅπασαν καὶ πρᾶξιν προσιεμένου; <lb/>τῶν μὲν γὰρ ἀμφὶ τὰς θήρας
                        γυμνασίων τῆς χρήσεως οὐκ ἐφ’ ἡμῖν ἡ εὐπορία. πλούτου τε γὰρ δεῖται <lb/>τὴν
                        παρασκευὴν τῶν ὀργάνων ἐκπορίζοντος καὶ ἀργίας τὸν καιρὸν ἐπιτηρούσης.
                        τούτου δ’ ἡ τῶν <lb/>
                        <milestone unit="lineno" n="15"/>ὀργάνων παρασκευὴ καὶ τοῖς πενεστάτοις
                        εὔπορος, ὅ τε καιρὸς τῆς χρήσεως καὶ τοὺς ἱκανῶς ἀσχόλους <lb/>
                        <milestone unit="ed1page" n="902"/>ἀναμένει. τὸ μὲν δὴ τῆς εὐπορίας αὐτοῦ
                        τηλικοῦτον ἀγαθόν. ὅτι δὲ καὶ πολυαρκέστατον τῶν ἄλλων <lb/>γυμνασίων. ὧδ’
                        ἂν μάλιστα μάθοις, εἰ σκέψαιο καθ’ ἕκαστον αὐτῶν, ὅ τι τε δύναται καὶ οἷόν
                        τι τὴν φάσιν <lb/>ἐστίν. εὑρήσεις γὰρ ἢ σφοδρὸν ἢ μαλακὸν ἢ τὰ κάτω μᾶλλον ἢ
                        τὰ ἄνω κινοῦν ἢ μέρος τι πρὸ τῶν <lb/>ἄλλων, οἷον ὀσφὺν ἢ κεφαλὴν ἢ χεῖρας ἢ
                        θώρακα. Πάντα δ’ ἐξ ἴσου τὰ μέρη τοῦ σώματος κινοῦν καὶ <lb/>
                        <milestone unit="lineno" n="20"/>δυνάμενον ἐπί τε τὸ σφοδρότατον ἀνάγεσθαι
                        καὶ ἐπὶ τὸ μαλακώτατον ὑφίεσθαι τῶν μὲν ἄλλων οὐδέν, <lb/>τοῦτο δὲ μόνον τὸ
                        διὰ τῆς σμικρᾶς σφαίρας γυμνάσιον, ὀξύτατον ἐν μέρει καὶ βραδύτατον
                        γενόμενον, <lb/>σφοδρότατον καὶ πρᾳότατόν τε, ὡς ἂν αὐτός τε βουληθῇς καὶ τὸ
                        σῶμα φαίνηται δεόμενον. οὕτω δὲ καὶ <lb/>τὰ μέρη κινεῖν μὲν ἔστιν αὐτοῦ
                        πάνθ’ ὁμοῦ, εἰ τοῦτο συμφέρειν δόξειεν, ἔτι δὲ πρὸ ἄλλων ἄλλα, εἰ <pb n="5"/> καὶ τοῦτό ποτε δόξειεν. ὅταν μὲν γὰρ συνιστάμενοι πρὸς ἀλλήλους καὶ
                        ἀποκωλύοντες ὑφαρπάσαι τὸν <lb/>μεταξὺ διαπονῶσι, μέγιστον αὐτὸ καὶ
                        σφοδρότατον καθίσταται πολλοῖς μὲν τραχηλισμοῖς, πολλαῖς δ’ <lb/>ἀντιλήψεσι
                        παλαιστικαῖς ἀναμεμιγμένον, ὥστε κεφαλὴν μὲν καὶ αὐχένα διαπονεῖσθαι τοῖς
                        τραχηλισμοῖς, <lb/>
                        <milestone unit="ed1page" n="903"/>πλευρὰς δὲ καὶ θώρακα καὶ γαστέρα ταῖς τε
                        τῶν ἁμμάτων περιθέσεσι καὶ ἀπώσεσι καὶ ἀποστηρίξεσι <lb/>
                        <milestone unit="lineno" n="5"/>καὶ ταῖς ἄλλαις παλαιστικαῖς λαβαῖς. ἐν
                        τούτῳ δὲ καὶ ὀσφὺς τείνεται σφοδρῶς καὶ σκέλη. <lb/>καὶ γὰρ οὖν καὶ
                        ἑδραιοτάτης δεῖ τῆς βάσεως ἐν τῷ τοιούτῳ πόνῳ. τὸ δὲ καὶ προβαίνειν καὶ
                        <lb/>εἰς τὰ πλάγια μεταπηδᾶν οὐ μικρὸν σκελῶν γυμνάσιον, ἀλλ’, εἰ χρὴ
                        τἀληθὲς εἰπεῖν, μόνον δικαιότατα <lb/>κινοῦν πάντ’ αὐτῶν τὰ μόρια. τοῖς μὲν
                        γὰρ προϊοῦσιν ἕτερα νεῦρα καὶ μύες, τοῖς δ’ ὑποβαίνουσιν ἕτερα
                        <lb/>διαπονεῖται πλέον. οὕτω δὲ καὶ τοῖς εἰς τὰ πλάγια μεθισταμένοις ἄλλα.
                        καὶ ὅστις καθ’ ἓν εἶδος κινήσεως <lb/>
                        <milestone unit="lineno" n="10"/>κινεῖ τὰ σκέλη καθάπερ οἱ θέοντες, ἀνωμάλως
                        οὗτος καὶ ἀνίσως τὰ μέρη γυμνάζει. </p>
                </div>
                <div type="textpart" subtype="chapter" n="3">
                    <p>Ὡς δὲ τοῖς σκέλεσιν, οὕτω καὶ ταῖς χερσὶ τὸ γυμνάσιον τοῦτο δικαιότατον ἐν
                        παντὶ <lb/>σχήματι λαμβάνειν ἐθιζομένων τὴν σφαῖραν. ἀνάγκη γὰρ κἀνταῦθα τὴν
                        ποικιλίαν τῶν σχημάτων ἄλλοτ’ <lb/>
                        <milestone unit="ed1page" n="904"/>ἄλλους τῶν μυῶν τείνειν σφοδρότερον, ὥστε
                        πάντας ἐν μέρει πονοῦντας ἴσην ἔχειν ἀνάπαυλαν καὶ οὕτως <lb/>ἐν μέρει
                        πάντας ἐνεργοῦντάς τε καὶ ἀναπαυομένους οὔτ’ ἀργοὺς μένειν τὸ πάμπαν, οὔτε
                        κόποις ἁλίσκεσθαι <lb/>
                        <milestone unit="lineno" n="15"/>μόνους πονοῦντας. ὄψιν δ’ ὅτι καὶ γυμνάζει,
                        μαθεῖν ἔνεστιν ὑπομνησθέντας, ὡς, εἰ μή τις ἀκριβῶς <lb/>τὴν ῥοπὴν τῆς
                        σφαίρας, εἰς ὅ τι φέροιτο, προαισθάνοιτο, διαμαρτάνειν τῆς λαβῆς ἀναγκαῖόν
                        ἐστιν <lb/>αὐτόν. τοῦτο δὲ καὶ τὴν γνώμην θήγει τῇ φροντίδι τοῦ τε μὴ
                        καταβαλεῖν καὶ τοῦ διακωλῦσαι. φροντὶς <lb/>δὲ μόνη μὲν καταλεπτύνει,
                        μιχθεῖσα δέ τινι γυμνασίῳ καὶ φιλοτιμίᾳ καὶ εἰς ἡδονὴν τελευτήσασα τὰ <pb n="6"/> μέγιστα καὶ τὸ σῶμα πρὸς ὑγίειαν καὶ τὴν ψυχὴν εἰς σύνεσιν
                        ὀνίνησιν. οὐ σμικρὸν δὲ καὶ τοῦτ’ ἀγαθόν, <lb/>ὅταν ἄμφω τὸ γυμνάσιον
                        ὠφελεῖν δύνηται, καὶ σῶμα καὶ ψυχήν, εἰς τὴν ἰδίαν ἑκάτερον ἀρετήν. ὅτι δ’
                        <lb/>ἀσκεῖν ἄμφω δύναται τὰς μεγίστας ἀσκήσεις, ἃς μάλιστα μετιέναι τοῖς
                        στρατηγοῖς οἱ πόλεως βασιλεῖς <lb/>
                        <milestone unit="ed1page" n="905"/>νόμοι κελεύουσιν, οὐ χαλεπὸν κατιδεῖν.
                        ἐπιθέσθαι γὰρ ἐν καιρῷ καὶ λαβεῖν ἐπιθέμενον, καὶ <lb/>
                        <milestone unit="lineno" n="5"/>ὀξυλαβῆσαι τὴν πρᾶξιν, καὶ σφετερίσασθαι τὰ
                        τῶν ἐναντίων ἢ βιασάμενον ἢ ἐξ ἀδοκήτου ἐπιθέμενον, <lb/>καὶ φυλάξαι τὰ
                        κτηθέντα τῶν ἀγαθῶν στρατηγῶν ἔργα· καὶ τὸ σύμπαν φάναι, φύλακά τε καὶ φῶρα
                        δεινὸν <lb/>εἶναι χρὴ τὸν στρατηγόν, καὶ ταῦτ’ αὐτοῦ τῆς ὅλης τέχνης τὸ
                        κεφάλαιον. ἆρ’ οὖν ἄλλο τι γυμνάσιον <lb/>οὕτω προεθίζειν ἱκανόν, ἢ
                        φυλάττειν τὸ κτηθέν, ἢ ἀνασώζειν τὸ μεθεθέν, ἢ τῶν ἐναντίων τὴν <lb/>γνώμην
                        προαισθάνεσθαι; θαυμάζοιμ’ ἄν, εἴ τις εἰπεῖν ἔχοι. τὰ πολλὰ γὰρ αὐτῶν αὐτὸ
                        τοὐναντίον <lb/>
                        <milestone unit="lineno" n="10"/>ἀργοὺς καὶ ὑπνηλοὺς καὶ βραδεῖς τὴν γνώμην
                        ἐργάζεται. καὶ γὰρ καί, ὅσοι κατὰ παλαίστραν πονοῦσιν, <lb/>εἰς πολυσαρκίαν
                        μᾶλλον ἢ ἀρετῆς ἄσκησιν φέρει. πολλοὶ γοῦν οὕτως ἐπαχύνθησαν, ὡς δυσχερῶς
                        <lb/>ἀναπνεῖν. ἀγαθοί γ’ οὐδ’ ἂν οἱ τοιοῦτοι πολέμου γένοιντο στρατηγοὶ ἢ
                        βασιλικῶν ἢ πολιτικῶν πραγμάτων <lb/>ἐπίτροποι· θᾶττον ἂν τοῖς ὑσὶν ἢ
                        τούτοις τις ὁτιοῦν ἐπιτρέψειεν. ἴσως δ’ οἰήσει με δρόμον ἐπαινεῖν <lb/>
                        <milestone unit="ed1page" n="906"/>καὶ τἆλλ’ ὅσα καταλεπτύνει τὸ σῶμα
                        γυμνάσια. τὸ δ’ οὐχ οὕτως ἔχει. τὴν γὰρ ἀμετρίαν ἐγὼ <lb/>
                        <milestone unit="lineno" n="15"/> πανταχοῦ ψέγω, καὶ πᾶσαν τέχνην ἀσκεῖν
                        φημι χρῆναι τὸ σύμμετρον, καὶ εἴ τι μέτρου στερεῖται, τοῦτ’ <lb/>οὐκ εἶναι
                        καλόν. οὔκουν οὐδὲ τοὺς δρόμους ἐπαινῶ τῷ τε καταλεπτύνειν τὴν ἕξιν καὶ τῷ
                        μηδεμίαν <lb/>ἄσκησιν ἀνδρείας ἔχειν. οὐ γὰρ δὴ τῶν ὠκέως φευγόντων τὸ
                        νικᾶν, ἀλλὰ τῶν συστάδην κρατεῖν δυναμένων, <lb/>οὐδὲ διὰ τοῦτο
                        Λακεδαιμόνιοι πλεῖστον ἠδύναντο τῷ τάχιστα θεῖν, ἀλλὰ τῷ μένοντες θαρρεῖν.
                        <lb/>εἰ δὲ καὶ πρὸς ὑγίειαν ἐξετάζοις, ἐφ’ ὅσον ἀνίσως γυμνάζει τὰ μέρη τοῦ
                        σώματος, ἐπὶ τοσοῦτον οὐδ’ <lb/>
                        <milestone unit="lineno" n="20"/>ὑγιεινόν. ἀνάγκη γὰρ αὐτῷ τὰ μὲν
                        ὑπερπονεῖν, τὰ δ’ ἀργεῖν παντελῶς. οὐδέτερον δ’ αὐτῶν ἀγαθόν, <lb/>ἀλλ’ ἄμφω
                        καὶ νόσων ὑποτρέφει σπέρματα καὶ δύναμιν ἄρρωστον ἐργάζεται. </p>
                </div>
                <div type="textpart" subtype="chapter" n="4">
                    <p>Μάλιστ’ οὖν ἐπαινῶ γυμνάσιον, ὃ καὶ σώματος ὑγίειαν ἱκανὸν ἐκπορίζειν καὶ
                        μερῶν <lb/>εὐαρμοστίαν καὶ ψυχῆς ἀρετήν, ἃ πάντα τῷ διὰ τῆς σμικρᾶς σφαίρας
                        ὑπάρχει. καὶ γὰρ ψυχὴν εἰς <pb n="7"/>
                        <milestone unit="ed1page" n="907"/>πάντα δυνατὸν ὠφελεῖν καὶ τοῦ σώματος τὰ
                        μέρη δι’ ἴσου πάντα γυμνάζει, ὃ καὶ μάλιστα εἰς ὑγίειαν <lb/>συμφέρει καὶ
                        συμμετρίαν ἕξεως ἐργάζεται, μήτ’ ἄμετρον πολυσαρκίαν, μήθ’ ὑπερβάλλουσαν
                        ἰσχνότητα <lb/>φέρον, ἀλλ’ εἴς τε τὰς ἰσχύος δεομένας πράξεις ἱκανόν, καὶ
                        ὅσαι τάχους χρῄζουσιν, ἐπιτήδειον. οὕτω <lb/>μὲν οὖν, ὅσον ὲν αὐτῷ
                        σφοδρότατον, οὐδενὸς τῶν πάντων κατ’ οὐδὲν ἀπολείπεται. τὸ δὲ <lb/>
                        <milestone unit="lineno" n="5"/>πρᾳότατον ἴδωμεν αὖθις· ἔστι γὰρ ὅτε καὶ
                        τούτου δεόμεθα διά θ’ ἡλικίαν ἢ μηδέπω φέρειν ἰσχυροὺς <lb/>πόνους ἢ μηκέτι
                        δυναμένην, καὶ κάματον ἐπανεῖναι βουληθέντες ἢ ἐκ νόσου ἀνακομιζόμενοι.
                        δοκεῖ δέ <lb/>μοι κἀν τούτῳ πλέον ἔχειν ἑτέρου παντός· οὐδὲν γὰρ οὕτω πρᾷον,
                        εἰ πρᾴως αὐτὸ μεταχειρίζοιο. δεῖ <lb/>δὲ μέσως μὲν ἔχοντα μηδὲ συμμέτρου
                        ἀποστάντα, τὰ μὲν ἠρέμα προβαίνειν, τὰ δὲ κατὰ χώραν μένειν, <lb/>
                        <milestone unit="ed1page" n="908"/>μὴ πολλὰ διαγυμνασάμενον, ἐπὶ τῷδε
                        τρίψεσι μαλακαῖς δι’ ἐλαίου καὶ λουτροῖς θερμοῖς χρῆσθαι. τοῦτο <lb/>
                        <milestone unit="lineno" n="10"/>μὲν ἁπάντων ἐστὶ πρᾳότατον, ὥστε καὶ
                        ἀναπαύσασθαι δεομένῳ συμφορώτατον εἶναι καὶ ἄρρωστον <lb/>δύναμιν ἀναλαβεῖν
                        δυνατώτατον καὶ γέροντι καὶ παιδὶ συμφορώτατον. ὅσα δὲ τούτου μὲν
                        ἰσχυρότερα, τοῦ <lb/>δ’ ἄκρως σφοδροῦ πρᾳότερα διὰ τῆς σμικρᾶς σφαίρας
                        ἐνεργεῖται. χρὴ καὶ ταῦτα γιγνώσκειν, ὅστις γ’ <lb/>ὀρθῶς βούλεται διὰ
                        παντὸς αὐτὰ μεταχειρίζεσθαι. καὶ γὰρ εἴ ποτε δι’ ἀναγκαῖον ἔργον, οἷον τὰ
                        πολλὰ <lb/>πολλάκις ἡμᾶς καταλαμβάνει, πονήσειας ἀμέτρως ἢ τοῖς ἄνω μέρεσιν
                        ἢ τοῖς κάτω πᾶσιν, ἢ χερσὶ μόναις <lb/>
                        <milestone unit="lineno" n="15"/>ἢ ποσίν, ἔνεστί σοι διὰ τοῦδε τοῦ γυμνασίου
                        τὰ μὲν ἀναπαῦσαι τὰ πρότερον κεκμηκότα, τὰ δ’ εἰς τὴν <lb/>ἴσην ἐκείνοις
                        κίνησιν καταστῆσαι τὰ πρότερον ἀργὰ παντελῶς μεμενηκότα. τὸ μὲν γὰρ ἐκ
                        διαστήματος <lb/>ἱκανοῦ βαλεῖν εὐτόνως, ἢ οὐδὲν τοῖς σκέλεσιν ἢ παντάπασιν
                        ὀλίγον χρώμενον, ἀναπαύει μὲν τὰ κάτω, <lb/>τὰ δ’ ἄνω κινεῖ σφοδρότερον. τὸ
                        δ’ ἐπὶ πλέον διαθέοντα καὶ ὠκέως ἐκ πολλῶν διαστημάτων ὀλιγάκις <lb/>
                        <milestone unit="ed1page" n="909"/>προσχρῆσθαι τῇ βολῇ τὰ κάτω μᾶλλον
                        διαπονεῖ. καὶ τὸ μὲν ἠπειγμένον ἐν αὐτῷ καὶ ταχὺ χωρὶς <lb/>
                        <milestone unit="lineno" n="20"/>συντονίας ἰσχυρᾶς τὸ πνεῦμα μᾶλλον
                        γυμνάζει, τὸ δ’ εὔτονον, τὸ ἐν ταῖς ἀντιλήψεσι καὶ βολαῖς καὶ <lb/>λαβαῖς,
                        οὐ μὴν ταχύ γε, τὸ σῶμα μᾶλλον ἐντείνει τε καὶ ῥώννυσιν. εἰ δ’ εὔτονόν θ’
                        ἅμα καὶ ἠπειγμένον <lb/>εἴη, διαπονήσει τοῦτο μεγάλως καὶ τὸ σῶμα καὶ τὸ
                        πνεῦμα καὶ πάντων ἔσται γυμνασίων σφοδρότατον. <pb n="8"/> ἐφ’ ὅσον δὲ δεῖ
                        καθ’ ἑκάστην χρείαν ἐπιτείνειν τε καὶ ἀνιέναι, γράψαι μὲν οὐχ οἶόν τε — τὸ
                        γὰρ ἐν <lb/>ἑκάστῳ ποσὸν ἄρρητον· — ἐπ’ αὐτῶν δὲ τῶν ἔργων εὑρεῖν τε καὶ
                        διδάξαι δυνατόν, ἐν ᾧ δὴ καὶ μάλιστα <lb/>τὸ πᾶν κῦρος· οὐδὲ γὰρ ἡ ποιότης
                        ἐστὶ χρήσιμος, εἰ τῷ ποσῷ διαφθείροιτο. τούτου μὲν δὴ τῷ παιδοτρίβῃ
                        <lb/>μετέστω, τῷ μέλλοντι τῶν γυμνασίων ἀφηγεῖσθαι. </p>
                </div>
                <div type="textpart" subtype="chapter" n="5">
                    <p>
                        <milestone unit="lineno" n="5"/>Τὸ δ’ ὑπόλοιπον τοῦ λόγου περαινέσθω.
                        βούλομαι γὰρ ἐφ’ οἷς εἷπον ἀγαθοῖς προσεῖναι <lb/>τῷδε τῷ γυμνασίῳ, μηδ’ ὡς
                        ἐκτός ἐστι κινδύνων παραλιπεῖν, οἶς τὰ πλεῖστα τῶν ἄλλων περιπίπτει.
                        <lb/>δρόμοι μὲν γὰρ ὠκεῖς πολλοὺς ἤδη διέφθειραν, ἀγγεῖον ἐπίκαιρον
                        ῥήξαντες· οὕτω δὲ καὶ φωναὶ <lb/>
                        <milestone unit="ed1page" n="910"/>μεγάλαι θ’ ἅμα καὶ σφοδραὶ καθ’ ἕνα
                        χρόνον ἀθρόως ἐκφωνηθεῖσαι, μεγίστων κακῶν οὐκ ὀλίγοις <lb/>αἴτιαι
                        γεγένηνται, καὶ ἱππασίαι σύντονοι τῶν τε κατὰ νεφροὺς ἔρρηξάν τι καὶ τῶν
                        κατὰ θώρακα πολλάκις <lb/>
                        <milestone unit="lineno" n="10"/>ἔβλαψαν, ἔστι δ’ ὅτε καὶ τοὺς σπερματικοὺς
                        πόρους, ἵνα τὰ τῶν ἵππων ἁμαρτήματα παραλείπω, δι’ <lb/>οὓς πολλάκις
                        ἐκπεσόντες τῆς ἕδρας οἱ ἱππεῖς παραχρῆμα διεφθάρησαν. οὕτω δὲ καὶ τὸ ἅλμα
                        πολλοὺς <lb/>ἔβλαψε καὶ ὁ δίσκος καὶ τὰ διὰ τοῦ κάμπτειν γυμνάσια. τοὺς δ’
                        ἐκ τῆς παλαίστρας τί δεῖ καὶ λέγειν; <lb/>ὡς ἅπαντες λελώβηνται τῶν Ὁμηρικῶν
                        Λιτῶν οὐδὲν μεῖον· ὡς γὰρ ἐκεῖνός φησιν ὁ ποιητὴς</p>
                    <lb/>
                    <p>χωλαί τε ῥυσαί τε παραβλῶπες τ’ ὀφθαλμώ,</p>
                    <lb/>
                    <milestone unit="lineno" n="15"/>
                    <p>οὕτω τοὺς ἐκ τῆς παλαίστρας ἴδοις ἂν ἢ χωλοὺς ἢ διεστραμμένους ἢ τεθλασμένους
                        ἢ πάντως γέ τι <lb/>μέρος πεπηρωμένους. εἰ δὴ πρὸς οἷς εἷπον ἀγαθοῖς ἔτι καὶ
                        τοῦθ’ ὑπάρχει τοῖς διὰ τῆς σμικρᾶς σφαίρας <lb/>γυμνασίοις, ὡς μηδὲ κινδύνῳ
                        πελάζειν, ἁπάντων ἂν εἴη πρὸς ὠφέλειαν ἄριστα παρεσκευασμένα. </p>
                </div>
            </div>
        </body>
    </text>
</TEI>
