<?xml version="1.0" encoding="UTF-8"?>
<?xml-model href="http://www.stoa.org/epidoc/schema/latest/tei-epidoc.rng" schematypens="http://relaxng.org/ns/structure/1.0"?>
<TEI xmlns="http://www.tei-c.org/ns/1.0">
	<teiHeader>
		<fileDesc>
			<titleStmt><title>De parvae pilae exercitio</title>
				<author>Galen</author>
				<editor>Karl Gottlob Kühn</editor>
				<funder>Andrew W. Mellon Foundation</funder>
				<respStmt>
          <resp>Published original versions of the electronic texts</resp>
          <orgName ref="http://www.graeco-arabic-studies.org/">A Digital Corpus for Graeco-Arabic Studies, funded by the Andrew W. Mellon Foundation</orgName>
          <persName>Mark Schiefsky, Harvard University</persName>
          <persName>Gregory R. Crane, Universität Leipzig</persName>
          <persName>Uwe Vagelpohl, University of Warwick</persName>
        </respStmt>
        <respStmt>
          <resp>Keyboarding</resp>
          <orgName xml:id="DDD">Digital Divide Data</orgName>
        </respStmt>
        <respStmt>
          <resp>Editor-in-Chief, Perseus Digital Library</resp>
          <persName>Gregory R. Crane</persName>
        </respStmt>
        <respStmt>
          <resp>Project Manager (University of Leipzig), 2016 - present</resp>
          <persName>Matt Munson</persName>
        </respStmt>
        <respStmt>
          <resp>Project Assistant (University of Leipzig), 2015 - present</resp>
          <persName>Annette Geßner</persName>
        </respStmt>
        <respStmt>
          <resp>Lead Developer (University of Leipzig)</resp>
          <persName>Thibault Clérice</persName>
        </respStmt>
        <respStmt>
          <resp>Technical Advisor</resp>
          <persName>Bruce Robertson</persName>
        </respStmt>
      </titleStmt>
      <publicationStmt>
				<authority>A Digital Corpus for Graeco-Arabic Studies, funded by the Andrew W. Mellon
					Foundation</authority>
				<publisher>University of Leipzig</publisher>
				<pubPlace>Germany</pubPlace>
				<idno type="filename">tlg0057.tlg034.1st1K-grc2.xml</idno>
				<availability>
					<licence target="https://creativecommons.org/licenses/by-sa/4.0/">Available under a
						Creative Commons Attribution-ShareAlike 4.0 International License</licence>
				</availability>
				<date>2016</date>
			</publicationStmt>
			<sourceDesc>
				<biblStruct>
					<monogr>
						<title>Claudii Galeni Opera Omnia</title>
						<author>Galen</author>
						<editor>Karl Gottlob Kühn</editor>
						<imprint>
							<publisher>Cnobloch</publisher>
							<pubPlace>Lipsiae</pubPlace>
							<biblScope unit="vol">5</biblScope>
							<biblScope unit="pp" from="899" to="910">899-910</biblScope>
							<date>1823</date>
						</imprint>
					</monogr>
					<ref target="https://catalog.hathitrust.org/Record/009723957">HathiTrust</ref>
				</biblStruct>
			</sourceDesc>
		</fileDesc>
		<encodingDesc>
			<p>The following text is encoded in accordance with EpiDoc standards and with the CTS/CITE
				Architecture.</p>
			<refsDecl n="CTS">
				<cRefPattern matchPattern="(.+)" n="chapter" replacementPattern="#xpath(/tei:TEI/tei:text/tei:body/tei:div/tei:div[@n='$1'])"/>
			</refsDecl>
		</encodingDesc>
		<profileDesc>
			<langUsage>
				<language ident="greek">Greek</language>
			</langUsage>
		</profileDesc>
	</teiHeader>
	<text>
		<body>

			<div type="edition" xml:lang="grc" n="urn:cts:greekLit:tlg0057.tlg034.1st1K-grc2">
				<pb n="899"/>

				<div type="textpart" subtype="chapter" n="1">
					<head>ΓΑΛΗΝΟΥ ΠΕΡΙ ΤΟΥ ΔΙΑ ΜΙΚΡΑΣ ΣΦΑΙΡΑΣ <lb/>ΓΥΜΝΑΣΙΟΥ.</head>
					<p>Πηλίκον ἀγαθόν ἐστιν εἰς ὑγείαν, ὦ <lb/>Ἐπίγενες, γυμνάσια, καὶ ὡς χρὴ τῶν σιτίων
						ἡγεῖσθαι αὐτὰ, <lb/>παλαιοῖς ἀνδράσιν αὐτάρκως εἴρηται, φιλοσόφων τε καὶ <lb/>ἰατρῶν
						τοῖς ἀρίστοις· ὅσον δ’ ὑπὲρ τὰ ἄλλα τὰ διὰ τῆς <lb/>μικρᾶς σφαίρας ἐστὶν, τοῦτο οὐδέπω
						τῶν πρόσθεν ἱκανῶς <lb/>οὐδεὶς ἐξηγήσατο. δίκαιον οὖν ἡμᾶς, ἃ γινώσκομεν, εἰπεῖν.
						<lb/>ὑπὸ σοῦ δὲ κριθησόμεθα, τοῦ πάντων ἠσκηκότος ἄριστα <lb/>τὴν ἐν αὐτοῖς τέχνην.
						χρήσιμα δ’ ἱκανῶς εἰρῆσθαι ἂν δόξειε <lb/>καὶ τοῖς ἄλλοις, οἷς ἃν μεταδῷς τοῦ λόγου,
						γενησόμενα. <lb/>φημὶ γὰρ, ἄριστα μὲν ἁπάντων γυμνάσια εἶναι τὰ μὴ μόνον <pb n="900"/>
						τὸ σῶμα διαπονεῖν, ἀλλὰ καὶ τὴν ψυχὴν τέρπειν δυνάμενα. <lb/>καὶ ὅσοι κυνηγεσίαν καὶ τὴν
						ἄλλην θήραν ἐξεῦρον, ἡδονῇ <lb/>καὶ τέρψει καὶ φιλοτιμίᾳ τὸν ἐν αὐτοῖς πόνον
						κερασάμενοι, <lb/>σοφοί τινες ἄνδρες ἦσαν καὶ φύσιν ἀνθρωπίνην ἀκριβῶς
						<lb/>καταμεμαθηκότες. τοσοῦτον γὰρ ἐν αὐτῇ δύναται ψυχὴν <lb/>κινῆσαι, ὥστε πολλοὶ μὲν
						ἀπηλλάγησαν νοσημάτων, ἡσθέντες <lb/>μόνον, πολλοὶ δ’ ἑάλωσαν ἀνιαθέντες. οὐκ ἔστι δ’
						<lb/>οὕτως ἰσχυρόν τι τῶν κατὰ τὸ σῶμα παθημάτων, ὡς κρατεῖν <lb/>τῶν περὶ τὴν ψυχήν·
						οὐκοῦν οὐδ’ ἀμελεῖν χρὴ τῶν <lb/>ταύτης κινήσεων, ὁποῖαί τινες ἔσονται, πολὺ δὲ μᾶλλον ἢ
						<lb/>τῶν τοῦ σώματος ἐπιμελεῖσθαι, τά τ’ ἄλλα καὶ ὅσῳ κυριώτερον <lb/>σώματος ἡ ψυχή.
						τοῦτο μὲν δὴ κοινὸν ἁπάντων <lb/>γυμνασίων τῶν μετὰ τέρψεως, ἄλλα δ’ ἐξαίρετα τῶν διὰ
						<lb/>τῆς μικρᾶς σφαίρας, ἃ ἐγὼ νῦν ἐξηγήσομαι. </p>
				</div>
				<div type="textpart" subtype="chapter" n="2">
					<p>
						<milestone unit="ed2page" n="506"/>Πρῶτον μὲν ἡ εὐπορία. εἰ γοῦν ἐννοήσαις, <lb/>ὅσης
						δεῖται παρασκευῆς τε ἅμα καὶ σχολῆς τά τ’ ἄλλα <lb/>πάντα τὰ περὶ θήραν ἐπιτηδεύματα καὶ
						τὰ κυνηγέσια, <pb n="901"/> σαφῶς ἂν μάθοις, ὡς οὔτε τῶν τὰ πολιτικὰ πραττόντων
						<lb/>οὐδενὶ, οὔτε τῶν τὰς τέχνας ἐργαζομένων δυνατὸν μεταχειρίζεσθαι <lb/>τὰ τοιαῦτα
						γυμνάσια. καὶ γὰρ πολλῶν ταῦτα <lb/>δεῖται καὶ σχολὴν ἄγοντος οὐκ ὀλίγην ἀνθρώπου· τοῦτο
						<lb/>δὲ μόνον οὕτω φιλάνθρωπον, ὡς μηδὲ τὸν πενέστατον ἀπορεῖν <lb/>τῆς ἑαυτοῦ
						παρασκευῆς· οὐ γὰρ δικτύων, οὐδ’ ὅπλων, <lb/>οὐδ’ ἵππων, οὐδὲ κυνῶν θηρευτικῶν, ἀλλὰ
						σφαίρας μόνης <lb/>δεῖται, καὶ ταύτης μικρᾶς· οὕτω δ’ εὔγνωμον εἰς τὰς ἄλλας
						<lb/>πράξεις, ὥστ’ οὐδεμιᾶς αὐτῶν ὀλιγωρεῖν ἀναγκάζει δι’ αὑτό. <lb/>καίτοι τί ἂν
						εὐπορώτερον γένοιτο τοῦ καὶ τύχην ἀνθρωπίνην <lb/>ἅπασαν καὶ πρᾶξιν προσιεμένου; τῶν μὲν
						γὰρ ἀμφὶ <lb/>τὰς θήρας γυμνασίων τῆς χρήσεως οὐκ ἐφ’ ἡμῖν ἡ εὐπορία· <lb/>πλούτου τε
						γὰρ δεῖται τὴν παρασκευὴν τῶν ὀργάνων ἐκπορίζοντος <lb/>καὶ ἀργίας σχολῆς τὸν καιρὸν
						ἐπιτηρούσης. τούτων <lb/>δὲ τῶν ὀργάνων παρασκευὴ καὶ τοῖς πενεστάτοις, ὡς <lb/>εἴρηται,
						εὔπορος, ὅ τε καιρὸς τῆς χρήσεως καὶ τοὺς ἱκανῶς <lb/>ἀσχόλους ἀναμένει. τὸ μὲν δὴ τῆς
						εὐπορίας αὐτοῦ τηλικοῦτον <lb/>ἀγαθόν. ὅτι δὲ καὶ πολυαρκέστατον τῶν ἄλλων <pb n="902"/>
						γυμνασίων, ᾧδ’ ἂν μάλιστα μάθοις, εἰ σκέψαιο καθ’ <lb/>ἕκαστον αὐτῶν, ὅ τι τε δύναται
						καὶ οἷόν τι τὴν φύσιν <lb/>ἐστίν. εὑρήσεις γὰρ ἢ σφοδρὸν, ἢ μαλακὸν, ἢ τὰ κάτω
						<lb/>μᾶλλον, ἢ τὰ ἄνω κινοῦν, ἢ μέρος τι πρὸ τῶν ἄλλων, οἷον <lb/>ὀσφὺν, ἢ κεφαλὴν, ἢ
						χεῖρας, ἢ θώρακα, πάντα δ’ ἐξ ἴσου <lb/>τὰ μέρη τοῦ σώματος κινοῦν καὶ δυνάμενον ἐπί τε
						τὸ <lb/>σφοδρότατον ἀνάγεσθαι καὶ ἐπὶ τὸ μαλακώτατον ὑφίεσθαι, <lb/>τῶν μὲν ἄλλων οὐδὲν,
						τοῦτο δὲ μόνον, τὸ διὰ τῆς σμικρᾶς <lb/>σφαίρας γυμνάσιον, ὀξύτατον ἐν μέρει καὶ
						βραδύτατον γενόμενον, <lb/>σφοδρότατόν τε καὶ πρᾳότατον, ὡς ἂν αὐτός τε βουληθῇς
						<lb/>καὶ τὸ σῶμα φαίνηται ἐμμένον. οὕτω δὲ καὶ τὰ <lb/>μέρη κινεῖν μὲν ἔστιν αὐτοῦ πάνθ’
						ὁμοῦ, εἰ τοῦτο συμφέρειν <lb/>δόξειεν, ἔτι δὲ πρὸ ἄλλων ἄλλα, εἰ καὶ τοῦτό ποτε δόξειεν.
						<lb/>ὅταν γὰρ συνιστάμενοι πρὸς ἀλλήλους καὶ ἀποκωλύοντες <lb/>ὑφαρπάσαι τὸν μεταξὺ
						διαπονῶσι, μέγιστον αὐτὸ καὶ σφοδρότατον <lb/>καθίσταται, πολλοῖς μὲν τραχηλισμοῖς,
						πολλαῖς δ’ <lb/>ἀντιλήψεσι παλαιστικαῖς ἀναμεμιγμένον, ὥστε κεφαλὴν μὲν <lb/>καὶ αὐχένα
						πονεῖσθαι τοῖς τραχηλισμοῖς, πλευρὰς δὲ καὶ <pb n="903"/> θώρακα, καὶ γαστέρα, ταῖς τε
						τῶν ὀμμάτων μετάρσεσι, καὶ <lb/>θέσεσι, καὶ ἀπώσεσι, καὶ ἀποστηρίξεσι, καὶ ταῖς ἄλλαις
						<lb/>παλαιστικαῖς λαβαῖς. τούτῳ δὲ καὶ ὀσφὺς τείνεται σφοδρῶς, <lb/>καὶ σκέλη ἑδραῖα τῆς
						βάσεως ἐν τῷ τοιούτῳ πόνῳ· τὸ δὲ <lb/>καὶ προβαίνειν καὶ εἰς τὰ πλάγια μεταπηδᾷν οὐ
						μικρὸν <lb/>σκελῶν γυμνάσιον. </p>
				</div>
				<div type="textpart" subtype="chapter" n="3">
					<p>Ἀλλ’ εἰ χρὴ τἀληθὲς εἰπεῖν, μόνον ἐστὶ <lb/>δικαιότατον κινοῦν πάντ’ αὐτῶν τὰ μόρια.
						τοῖς μὲν γὰρ <lb/>προσιοῦσιν ἕτερα νεῦρα καὶ μύες, τοῖς δ’ ὑποβαίνουσιν ἕτερα
						<lb/>διαπονεῖται <milestone unit="ed2page" n="507"/>πλέον, οὕτω δὲ καὶ τοῖς εἰς πλάγιον
						<lb/>μεθισταμένοις ἄλλα. καὶ ὅστις καθ’ ἓν εἶδος κινήσεως <lb/>κινεῖ τὰ σκέλη, καθάπερ
						οἱ θέοντες ἀνωμάλως, καὶ οὕτως <lb/>ἀνίσως τὰ μέρη γυμνάζει τοῖς εἰς τὸ πλάγιον
						μεθισταμένοις. <lb/>ἀλλὰ καὶ ὡς τοῖς σκέλεσιν, οὕτω καὶ χερσὶ τὸ γυμνάσιον <lb/>τοῦτο
						δικαιότατον, ἐν παντὶ σχήματι λαμβάνειν ἐθιζομένων <lb/>τὴν σφαῖραν. ἀνάγκη γὰρ ἐνταῦθα
						τὴν ποικιλίαν <lb/>τῶν σχημάτων ἄλλοτ’ ἄλλους τῶν μυῶν τείνειν σφοδρότερον, <lb/>ὥστε
						πάντας ἐν μέρει πονοῦντας ἴσην ἔχειν ἀνάπαυλαν <pb n="904"/> τοῖς ἡσυχάζουσιν τὸν χρόνον
						τῶν ἐνεργούντων, καὶ <lb/>αὕτως ἐν μέρει πάντας ἐνεργοῦντάς τε καὶ ἀναπαυομένους
						<lb/>οὔτ’ ἀργοὺς μένειν τὸ πάμπαν, οὔτε κόποις ἁλίσκεσθαι <lb/>μόνους πονοῦντας. ὄψιν δὲ
						ὅτι γυμνάζειν δεῖ, μαθεῖν <lb/>ἔνεστιν ὑπομνησθέντας, ὡς, εἰ μή τις ἀκριβῶς τὴν ῥοπὴν
						<lb/>τῆς σφαίρας, ὅποι φέροιτο, προαισθάνοιτο, διαμαρτάνειν τῆς <lb/>λαβῆς ἀναγκαῖον
						αὐτῷ. ἐν τούτῳ δὲ καὶ τὴν γνώμην ἴσην <lb/>τῇ φροντίδι τοῦ τε μὴ καταβαλεῖν καὶ τοῦ
						διακωλῦσαι <lb/>τὸν μέσον, ἢ αὐτὸν ὑφαρπάσαι ἐν τούτῳ <milestone unit="ed1page" n="302"/>κατασταίη. <lb/>φροντὶς δὲ μόνη καταλεπτύνει, μιχθεῖσα δέ τινι γυμνασίῳ <lb/>καὶ
						φιλοτιμίᾳ εἰς ἡδονὴν τελευτήσασα τὰ μέγιστα τὸ <lb/>σῶμα πρὸς ὑγίειαν καὶ τὴν ψυχὴν εἰς
						σύνεσιν ὀνίνησιν. <lb/>οὐ σμικρὸν δὲ καὶ τοῦτο ἀγαθὸν, ὅταν ἄμφω τὸ γυμνάσιον
						<lb/>ὠφελεῖν δύνηται, καὶ σῶμα, καὶ ψυχὴν, εἰς τὴν ἰδίαν <lb/>ἑκατέρου ἀρετήν. ὅτι δ’
						ἀσκεῖν ἄμφω δύναται τὰς μεγίστας <lb/>ἀσκήσεις, ἃς μάλιστα μετιέναι τοῖς στρατηγικοῖς οἱ
						πόλεως <lb/>βασιλεῖς νόμοι κελεύουσιν, οὐ χαλεπὸν κατιδεῖν. ἐπιθέσθαι <pb n="905"/> γὰρ
						ἐν καιρῷ, καὶ λαθεῖν ἐπιθέμενον, καὶ ὀξυλαβῆσαι τὴν <lb/>πρᾶξιν, καὶ σφετερίσασθαι τὰ
						τῶν ἐναντίων, ἢ βιασάμενον, <lb/>ἢ ἐξ ἀδοκήτου ἐπιθέμενον, καὶ φυλάξαι τὰ κτηθέντα,
						<lb/>τῶν ἀγαθῶν στρατηγῶν ἔργα· καὶ τὸ σύμπαν φάναι, <lb/>φύλακά τε καὶ φῶρα δεινὸν
						εἶναι χρὴ τὸν στρατηγὸν, καὶ <lb/>ταῦτα τῆς τέχνης αὐτῆς ὅλης τὸ κεφάλαιον. ἆρ’ οὖν ἄλλό
						<lb/>τι γυμνάσιον οὕτω προεθίζειν ἱκανὸν, ἢ φυλάττειν τὸ <lb/>κτηθὲν, ἢ ἀνασώζειν τὸ
						μεθιστάμενον, ἢ τῶν ἐναντίων τὴν <lb/>γνώμην προαισθάνεσθαι; θαυμάζοιμ’ ἂν, εἴ τις
						εἰπεῖν ἔχοι. <lb/>τὰ πολλὰ γὰρ αὐτῶν αὐτὸ τοὐναντίον· ἀργοὺς γὰρ, καὶ <lb/>ὑπνηλοὺς, καὶ
						βραδεῖς τὴν γνώμην ἐργάζεται. καὶ γὰρ καὶ <lb/>ὅσοι κατὰ παλαίστραν πονοῦσιν, εἰς
						πολυσαρκίαν μᾶλλον <lb/>ἢ ἀρετῆς ἄσκησιν φέρονται· πολλοὶ γοῦν οὕτως ἐπαχύνθησαν,
						<lb/>ὡς δυσχερῶς ἀναπνεῖν. ἀγαθοὶ δ’ ἂν οὐδ’ οἱ τοιοῦτοι <lb/>πολέμου γενέσθαι
						στρατηγοὶ, ἢ βασιλικῶν, ἢ πολιτικῶν <lb/>πραγμάτων ἐπίτροποι· θᾶττον ἂν τοῖς γε συσὶν ἢ
						τούτοις <lb/>τὶς ὁτιοῦν ἐπιτρέψειεν. ἴσως δὲ οἰήσει με δρόμον ἐπαινεῖν, <lb/>καὶ τἄλλα
						ὅσα λεπτύνει τὸ σῶμα γυμνάσια τὸ δ’ οὐχ <pb n="906"/> οὕτως ἔχει· τὴν γὰρ ἀμετρίαν ἐγὼ
						πανταχοῦ ψέγω, καὶ <lb/>πᾶσαν τέχνην ἀσκεῖν φημι χρῆναι τὸ σύμμετρον, καὶ εἴ τι
						<lb/>μέτρου στερεῖται, τοῦτ’ οὐκ εἶναι καλόν. οὐκοῦν οὐδὲ <lb/>δρόμους ἐπαινῶ τῷ
						καταλεπτύνειν τὴν ἕξιν καὶ τῷ μηδεμίαν <lb/>ἄσκησιν ἀνδρείας ἔχειν. οὐ γὰρ δὴ τῶν ὠκέως
						φευγόντων <lb/>τὸ νικᾷν, ἀλλὰ καὶ τῶν συστάδην κρατεῖν δυναμένων· <lb/>οὐδὲ διὰ τοῦτο
						Λακεδαιμόνιοι πλεῖστον ἐδύναντο, τῷ <lb/>τάχιστα θεῖν, ἀλλὰ τῷ μένοντας ἀναιρεῖν. εἰ δὲ
						πρὸς <lb/>ὑγίειαν ἐξετάζοις, ἐφ’ ὅσον ἀνίσως γυμνάζει τὰ μέρη τοῦ <lb/>σώματος, ἐπὶ
						τοσοῦτον οὐδ’ ὑγιεινόν. ἀνάγκη γὰρ οὕτω <lb/>
						<milestone unit="ed2page" n="508"/>τὰ μὲν ὑπερπονεῖν, τὰ δ’ ἀργεῖν παντελῶς. οὐδέτερον
						<lb/>δ’ αὐτῶν ἀγαθὸν, ἀλλ’ ἄμφω καὶ νόσων ὑποτρέφει σπέρματα, <lb/>καὶ δύναμιν ἄῤῥωστον
						ἐργάζεται. </p>
				</div>
				<div type="textpart" subtype="chapter" n="4">
					<p>Μάλιστα οὖν ἐπαινῶ γυμνάσιον, ὃ καὶ <lb/>σώματος ὑγίειαν ἐκπορίζει, καὶ μερῶν
						εὐαρμοστίαν, καὶ <lb/>ψυχῆς ἀρετὴν παρὰ τούτοις· τοῦτο δὲ τὸ διὰ τῆς μικρᾶς <lb/>σφαίρας
						ὑπάρχει. καὶ γὰρ εἰς πάντα ψυχὴν δυνατὸν <pb n="907"/> ὠφελεῖν, καὶ τοῦ σώματος τὰ μέρη
						δι’ ἴσου μάλιστα γυμνάζει <lb/>πάντα, ὃ καὶ μάλιστα εἰς ὑγείαν συμφέρει, καὶ συμμετρίαν
						<lb/>ἕξεως ἐργάζεται, μήτ’ ἄμετρον πολυσαρκίαν, μήθ’ <lb/>ὑπερβάλλουσαν ἰσχνότητα φέρον,
						ἀλλ’ εἴς τε τὰς ἰσχύος <lb/>δεομένας πράξεις ἱκανὸν, καὶ ὅσαι τάχους χρῄζουσιν,
						ἐπιτήδειον. <lb/>οὕτω μὲν οὖν, ὅσον ἐν αὐτῷ, σφοδρότητος οὐδενὶ <lb/>τῶν πάντων κατ’
						οὐδὲν ἐλλείπεται. τὸ δὲ πρᾳότατον ἴδωμεν <lb/>αὖθις· ἔστι γὰρ ὅτε καὶ τούτου δεόμεθα,
						διά τε ἡλικίαν, <lb/>ἢ μηδέπω φέρειν ἰσχυροὺς πόνους, ἢ μηκέτι δυναμένην, <lb/>καὶ
						κάματον ἐπανεῖναι βουληθέντες, ἢ ἐκ νόσων <lb/>ἀνακομιζόμενοι. δοκεῖ δέ μοι κᾀν τούτῳ
						πλέον ἔχειν ἑτέρου <lb/>παντός· οὐδὲν γὰρ οὕτω πρᾷον, εἰ πρᾴως αὐτὸ μεταχειρίζοιο.
						<lb/>δεῖ δὲ μέσως μένοντα τηνικαῦτα χρῆσθαι, μηδενὶ <lb/>συμμέτρου ἀποστάντα, τὰ μὲν
						ἠρέμα προβαίνοντα, τὰ δὲ <lb/>καὶ κατὰ χώραν μένοντα, μὴ πολλὰ διαγυμνασάμενον· ἐπὶ
						<lb/>τῷδε τρίψεσι μαλακαῖς δι’ ἐλαίου καὶ λουτροῖς θερμοῖς <pb n="908"/> χρῆσθαι. τοῦτο
						μὲν ἁπάντων ἐστὶ πρᾳότατον, ὥστε καὶ <lb/>ἀναπαύεσθαι δεομένοις συμφορώτατον εἶναι καὶ
						ἄῤῥωστον <lb/>δύναμιν ἀναλαβέσθαι δυνατώτατον, καὶ γέροντι καὶ παιδὶ <lb/>συμφορώτατον.
						ὅσα δὲ τούτου μὲν ἰσχυρότερα, τοῦ δ’ <lb/>ἄκρως σφοδροῦ πρᾳότερα, διὰ τῆς μικρᾶς σφαίρας
						ἐνεργεῖται, <lb/>χρὴ καὶ ταῦτα γινώσκειν, ὅςτις γε ὀρθῶς βούλεται διὰ <lb/>παντὸς αὐτὰ
						μεταχειρίζεσθαι. καὶ γὰρ εἴποτε δι’ ἀναγκαίων <lb/>ἔργων, οἷα τὰ πολλὰ πολλάκις ἡμᾶς
						καταλαμβάνει, πονήσειας <lb/>ἀμέτρως ἢ τοῖς ἄνω μέρεσιν ἢ τοῖς κάτω πᾶσιν, <lb/>ἢ χερσὶ
						μόναις, ἢ ποσὶν, ἔνεστί σοι ἐκ τοῦδε τοῦ γυμνασίου <lb/>τὰ μὲν ἀναπαῦσαι, τὰ πρότερον
						κεκμηκότα, τὰ δὲ εἰς τὴν <lb/>ἴσην ἐκείνοις κίνησιν καταστῆσαι, τὰ πρότερον ἀργὰ
						παντελῶς <lb/>μεμενηκότα. τὸ μὲν γὰρ ἐκ διαστήματος ἱκανοῦ <lb/>βάλλειν εὐτόνως, ἢ οὐδὲν
						τοῖς σκέλεσιν, ἢ παντάπασιν <lb/>ὀλίγον χρώμενον, ἀναπαύει μὲν τὰ κάτω, τὰ δ’ ἄνω κινεῖ
						<lb/>σφοδρότερον· τὸ δ’ ἐπιπλέον διαθέοντα καὶ ὠκέως ἐκ <lb/>πολλοῦ διαστήματος ὀλιγάκις
						τε προχρῆσθαι τῇ βολῇ <lb/>τὰ κάτω μᾶλλον διαπονεῖ· καὶ τὸ μὲν ἠπειγμένον ἐν αὐτῷ <pb n="909"/> καὶ ταχὺ χωρὶς συντονίας ἰσχυρᾶς τὸ πνεῦμα μᾶλλον <lb/>γυμνάζει, τὸ δ’
						ἕτερον, τὸ ἐν ταῖς ἀντιλήψεσι, καὶ βολαῖς, <lb/>καὶ λαβαῖς, οὐ μὴν ταχύ γε, τὸ σῶμα
						μᾶλλον ἐντείνει τε <lb/>καὶ ῥώννυσιν. εἰ δ’ εὔτονόν τε ἅμα καὶ ἠπειγμένον εἴη,
						<lb/>διαπονήσει τοῦτο μεγάλως καὶ τὸ σῶμα καὶ τὸ πνεῦμα, <lb/>καὶ πάντων ἔσται γυμνασίων
						σφοδρότατον. ἐφ’ ὅσον δὲ δεῖ <lb/>καθ’ ἑκάστην χρείαν ἐπιτείνειν τε καὶ ἀνιέναι, γράψαι
						μὲν <lb/>οὐχ οἷόν τε, (τὸ γὰρ ἐν ἑκάστῳ ποσὸν ἄῤῥητον,) ἐπ’ αὐτῶν <lb/>δὲ τῶν ἔργων
						εὑρεῖν τε καὶ δεῖξαι δυνατὸν, ἐν ᾧ δὴ καὶ <lb/>μάλιστα τὸ πᾶν κῦρος· <milestone unit="ed2page" n="509"/>οὐδὲ γὰρ ἡ ποιότης ἐστὶ <lb/>χρήσιμος, εἰ τῷ ποσῷ
						διαφθείροιτο. τούτου μὲν δὴ τῷ παιδοτρίβῃ <lb/>μετέστω, τῷ μέλλοντι τῶν γυμνασίων
						ὑφηγεῖσθαι. </p>
				</div>
				<div type="textpart" subtype="chapter" n="5">
					<p>Τὸ δ’ ὑπόλοιπον τοῦ λόγου περαινέσθω. <lb/>βούλομαι γὰρ ἐφ’ οἷς εἶπον ἀγαθοῖς προσιέναι
						τῷδε τῷ <lb/>γυμνασίῳ, μηδ’ ὡς ἐκτός ἐστι κινδύνων παραλιπεῖν, οἷς <lb/>τὰ πλεῖστα τῶν
						ἄλλων περιπίπτει. δρόμοι μὲν γὰρ ὠκεῖς <lb/>πολλοὺς ἤδη διέφθειραν, ἀγγεῖον ἐπίκαιρον
						ῥήξαντες· οὕτω <lb/>δὲ καὶ φωναὶ μεγάλαι τε ἅμα καὶ σφοδραὶ, καθ’ ἕνα χρόνον <pb n="910"/> ἀθρόως ἐκφωνηθεῖσαι, μεγίστων κακῶν οὐκ ὀλίγοις αἴτια, <lb/>καὶ ἱππασίαι σύντονοι τῶν
						τε κατὰ νεφροὺς ἔῤῥηξάν τι <lb/>καὶ κατὰ θώρακα πολλάκις ἔβλαψαν, ἔστι δ’ ὅτε καὶ τοὺς
						<lb/>σπερματικοὺς πόρους, ἵνα τὰ τῶν ἵππων ἁμαρτήματα παραλείπω, <lb/>δι’ ὧν πολλάκις
						ἐκπεσόντες τῆς ἕδρας οἱ ἱππεῖς <lb/>παραχρῆμα διεφθάρησαν. οὕτω δὲ καὶ τὸ ἅλμα, καὶ ὁ
						<lb/>δίσκος, καὶ τὰ διὰ τοῦ κάμπτειν γυμνάσια. τοὺς δ’ ἐκ τῆς <lb/>παλαίστρας τί δεῖ καὶ
						λέγειν; ὡς ἅπαντες λελώβηνται τῶν <lb/>Ὁμηρικῶν Λιτῶν οὐδὲν μεῖον. ὡς γὰρ ἐκεῖνός φησι ὁ
						<lb/>ποιητὴς</p>
					<l>χωλάς τε, ῥυσσάς τε, παραβλῶπάς τ’ ὀφθαλμὼ,</l>
					<p>οὕτω τοὺς ἐκ τῆς παλαίστρας ἴδοις ἂν ἢ χωλοὺς, ἢ διεστραμμένους, <lb/>ἢ τεθλασμένους, ἢ
						πάντως γέ τι μέρος πεπηρωμένους. <lb/>εἰ δὴ πρὸς οἷς εἶπον ἀγαθοῖς ἔτι καὶ τοῦθ’ ὑπάρχει
						τοῖς <lb/>διὰ τῆς σμικρᾶς σφαίρας γυμνασίοις, ὡς μηδὲ κινδύνῳ πελάζειν, <lb/>ἁπάντων ἂν
						εἴη πρὸς ὠφέλειαν ἄριστα παρεσκευασμένα. </p>
				</div>
			</div>
		</body>
	</text>
</TEI>
