<ti:work xmlns:ti="http://chs.harvard.edu/xmlns/cts" groupUrn="urn:cts:greekLit:tlg0057" xml:lang="grc" urn="urn:cts:greekLit:tlg0057.tlg024">
  <ti:title xml:lang="eng">De optima corporis nostri constitutione</ti:title>
  <ti:edition urn="urn:cts:greekLit:tlg0057.tlg024.1st1K-grc1" workUrn="urn:cts:greekLit:tlg0057.tlg024">
    <ti:label xml:lang="eng">De optima corporis nostri constitutione</ti:label>
    <ti:description xml:lang="eng">Galen, De optima corporis nostri constitutione</ti:description>
  </ti:edition>
</ti:work>
