<?xml version="1.0" encoding="UTF-8"?>
<ti:work xmlns:ti="http://chs.harvard.edu/xmlns/cts" groupUrn="urn:cts:greekLit:phi0010" projid="greekLit:tlg0010" urn="urn:cts:greekLit:phi0010.tlg0010">
      
   <ti:title xml:lang="eng">Panathenaicus</ti:title>
      
   <ti:edition projid="greekLit:perseus-grc1" urn="urn:cts:greekLit:tlg0010.tlg021.perseus-grc1" workUrn="urn:cts:greekLit:phi0010.tlg0010">
        
      <ti:label xml:lang="eng">Panathenaicus</ti:label>
        
      <ti:description xml:lang="eng">Perseus:bib:oclc,17454675, Perseus:bib:isbn,0674992318, Perseus:bib:isbn,0674992520, Perseus:bib:isbn,0674994116, Isocrates. Isocrates with an English Translation in three volumes, by George Norlin, Ph.D., LL.D. Cambridge, MA, Harvard University Press; London, William Heinemann Ltd. 1980.</ti:description>
        
      <ti:memberof collection="Perseus:collection:Greco-Roman"/>
      
   </ti:edition>
      
   <ti:translation projid="greekLit:perseus-eng1" urn="urn:cts:greekLit:tlg0010.tlg021.perseus-eng1" workUrn="urn:cts:greekLit:phi0010.tlg0010">
        
      <ti:label xml:lang="eng">Panathenaicus</ti:label>
        
      <ti:description xml:lang="eng">Perseus:bib:oclc,17454675, Perseus:bib:isbn,0674992318, Perseus:bib:isbn,0674992520, Perseus:bib:isbn,0674994116, Isocrates. Isocrates with an English Translation in three volumes, by George Norlin, Ph.D., LL.D. Cambridge, MA, Harvard University Press; London, William Heinemann Ltd. 1980.</ti:description>
        
      <ti:memberof collection="Perseus:collection:Greco-Roman"/>
      
   </ti:translation>
    
</ti:work>