<ti:work xmlns:ti="http://chs.harvard.edu/xmlns/cts" groupUrn="urn:cts:greekLit:tlg0057" xml:lang="grc" urn="urn:cts:greekLit:tlg0057.tlg092">
  <ti:title xml:lang="eng">In Hippocratis Aphorismos Commentarii VII</ti:title>
  <ti:edition urn="urn:cts:greekLit:tlg0057.tlg092.1st1K-grc1" workUrn="urn:cts:greekLit:tlg0057.tlg092">
    <ti:label xml:lang="eng">In Hippocratis Aphorismos Commentarii VII </ti:label>
    <ti:description xml:lang="eng">Galen, In Hippocratis Aphorismos Commentarii VII</ti:description>
  </ti:edition>
</ti:work>
