<ti:work xmlns:ti="http://chs.harvard.edu/xmlns/cts" groupUrn="urn:cts:greekLit:tlg0057" xml:lang="grc" urn="urn:cts:greekLit:tlg0057.tlg054">
  <ti:title xml:lang="eng">De tumoribus praeter naturam</ti:title>
  <ti:edition urn="urn:cts:greekLit:tlg0057.tlg054.1st1K-grc1" workUrn="urn:cts:greekLit:tlg0057.tlg054">
    <ti:label xml:lang="eng">De tumoribus praeter naturam</ti:label>
    <ti:description xml:lang="eng">Galen, De tumoribus praeter naturam</ti:description>
  </ti:edition>
</ti:work>
