<ti:work xmlns:ti="http://chs.harvard.edu/xmlns/cts" groupUrn="urn:cts:greekLit:tlg0018" xml:lang="grc" urn="urn:cts:greekLit:tlg0018.tlg004">
  <ti:title xml:lang="eng">De Sacrificiis Abelis Et Caini</ti:title>
  <ti:edition urn="urn:cts:greekLit:tlg0018.tlg004.opp-grc1" workUrn="urn:cts:greekLit:tlg0018.tlg004">
    <ti:label xml:lang="eng">De Sacrificiis Abelis Et Caini</ti:label>
    <ti:description xml:lang="eng">Philo Judaeus, De Sacrificiis Abelis Et Caini</ti:description>
  </ti:edition>
</ti:work>
