<ti:work xmlns:ti="http://chs.harvard.edu/xmlns/cts" groupUrn="urn:cts:greekLit:tlg0062" xml:lang="grc" urn="urn:cts:greekLit:tlg0062.tlg031">
  <ti:title xml:lang="lat">Philopseudes sive incredulus</ti:title>
  <ti:edition urn="urn:cts:greekLit:tlg0062.tlg031.1st1K-grc1" workUrn="urn:cts:greekLit:tlg0062.tlg031">
    <ti:label xml:lang="lat">Philopseudes sive incredulus</ti:label>
    <ti:description xml:lang="lat">Lucianus, Philopseudes sive incredulus, Harmon, Harvard, 1960</ti:description>
  </ti:edition>
</ti:work>
