<ti:work xmlns:ti="http://chs.harvard.edu/xmlns/cts" groupUrn="urn:cts:greekLit:tlg0096" xml:lang="grc" urn="urn:cts:greekLit:tlg0096.tlg002">
  <ti:title xml:lang="lat">Fabulae</ti:title>
  <ti:edition urn="urn:cts:greekLit:tlg0096.tlg002.First1K-grc1" workUrn="urn:cts:greekLit:tlg0096.tlg002">
    <ti:label xml:lang="lat">Fabulae Aesopicae Collectae</ti:label>
    <ti:label xml:lang="grc">ΑΙΣΩΠΕΙΩΝ ΜΥΘΩΝ ΣΥΝΑΓΩΓΗ</ti:label>
    <ti:description xml:lang="lat">Fabulae Aesopicae Collectae, Halm, Teubner, 1872</ti:description>
  </ti:edition>
</ti:work>
