<ti:work xmlns:ti="http://chs.harvard.edu/xmlns/cts" groupUrn="urn:cts:greekLit:tlg0057" xml:lang="grc" urn="urn:cts:greekLit:tlg0057.tlg071">
  <ti:title xml:lang="eng">De hirudinibus, revulsione, cucurbitula, incisione et scarificatione</ti:title>
  <ti:edition urn="urn:cts:greekLit:tlg0057.tlg071.1st1K-grc1" workUrn="urn:cts:greekLit:tlg0057.tlg071">
    <ti:label xml:lang="eng">De hirudinibus, revulsione, cucurbitula, incisione et scarificatione</ti:label>
    <ti:description xml:lang="eng">Galen, De hirudinibus, revulsione, cucurbitula, incisione et scarificatione</ti:description>
  </ti:edition>
</ti:work>
