<?xml version="1.0" encoding="UTF-8"?>
<!DOCTYPE TEI.2
  PUBLIC "-//TEI P4//DTD Main DTD Driver File//EN" "http://www.tei-c.org/Guidelines/DTD/tei2.dtd" [
<!ENTITY % TEI.XML "INCLUDE">
<!ENTITY % PersProse PUBLIC "-//Perseus P4//DTD Perseus Prose//EN" "http://www.perseus.tufts.edu/DTD/1.0/PersProse.dtd" >
%PersProse;
]>
<TEI.2>
   <teiHeader type="text" status="new">
      <fileDesc>
         <titleStmt>
            <title>De virtute et vitio</title>
            <title type="sub">Machine readable text</title>
            <author n="Plut.">Plutarch</author>
            <editor role="editor" n="Loeb">Frank Cole Babbitt</editor>&responsibility;&fund.NEH;</titleStmt>
         <extent/>&Perseus.publish;<sourceDesc>
            <biblStruct>
               <analytic/>
               <monogr>
                  <author>Plutarch</author>
                  <title>Moralia</title>
                  <respStmt>
                     <resp>with an English Translation by</resp>
                     <name>Frank Cole Babbitt</name>
                  </respStmt>
                  <imprint>
                     <pubPlace>Cambridge, MA</pubPlace>
                     <publisher>Harvard University Press</publisher>
                     <pubPlace>London</pubPlace>
                     <publisher>William Heinemann Ltd.</publisher>
                     <date>1928</date>
                  </imprint>
                  <biblScope type="volume">2</biblScope>
               </monogr>
            </biblStruct>
         </sourceDesc>
      </fileDesc>
      <encodingDesc>
         <editorialDecl>
            <correction status="high" method="silent">
               <p>optical character recognition</p>
            </correction>
         </editorialDecl>
         <refsDecl doctype="TEI.2">
            <state unit="section"/>
         </refsDecl><!--<refsDecl doctype="TEI.2">
				<state unit="stephpage" n="chunk"/>
				</refsDecl>--></encodingDesc>
      <profileDesc>
         <langUsage>
            <language id="eng">English</language>
            <language id="greek">Greek</language>
            <language id="la">Latin</language>
         </langUsage>
      </profileDesc>
      <revisionDesc>
         <change>
            <date>5/10</date>
            <respStmt>
               <name>RS</name>
               <resp/>
            </respStmt>
            <item>tagged and parsed</item>
         </change>
      </revisionDesc>
   </teiHeader>
   <text>
      <body>
         <pb id="v.2.p.93"/>
         <div1>
            <head>VIRTUE AND VICE (DE VIRTUTE ET VITIO) <lb/>INTRODUCTION</head>
            <p> Plutarch's essay on Virtue and Vice is an excellent sermon which has not
					been overlooked by Christian preachers. </p>
         </div1>
         <pb id="v.2.p.95"/>
         <div1 type="section" n="1">
            <p>Clothes are supposed to make a man warm, not of course by warming him
					themselves in the sense of adding their warmth to him, because each garment
					by itself is cold, and for this reason very often persons who feel hot and
					feverish keep changing from one set of clothes to another ; but the warmth
					which a man gives off from his own person the clothing, closely applied to
					the body, confines and enwraps, and does not allow it, when thus imprisoned
					in the body, to be dissipated again. Now the same condition existing in
					human affairs deceives most people, who think that, if they surround
					themselves with vast houses, and get together a mass of slaves and money,
					they shall live pleasantly.<note place="unspecified" anchored="yes">
                  <hi rend="italics">Cf. Moralia</hi>, 99 E, <hi rend="italics">supra.</hi>
               </note> But a pleasant and happy life comes not from
					external things, but, on the contrary, man draws on his own character as a
					source <note place="unspecified" anchored="yes">A dictum of Zeno's; <hi rend="italics">cf.</hi> Plutarch, <hi rend="italics">Moralia</hi>, 477 A, and Von Arnim, <hi rend="italics">Stoicorum veterum fragmenta</hi>, i. p. 50.</note> from which to add the element of pleasure and joy to the things
					which surround him. Bright with a blazing fire a house looks far more
					cheerful,<note place="unspecified" anchored="yes">A verse attributed to Homer; <hi rend="italics">cf. The Contest of Homer and Hesiod</hi>, 274. Again quoted <hi rend="italics">Moralia</hi>, 762 D.</note> and wealth is pleasanter, and repute and power more resplendent,
					if with them goes the gladness which springs from the heart; and so too men
					bear poverty, exile, and old age lightly and gently in proportion to the
					serenity and mildness of their character.
				</p>
         </div1>
         <pb id="v.2.p.97"/>
         <div1 type="section" n="2">
            <p>As perfumes make coarse and ragged garments fragrant, but the body of
					Anchises gave off a noisome exudation, <quote rend="blockquote">Damping the linen robe adown his
						back,<note place="unspecified" anchored="yes">From the <hi rend="italics">Laocoön</hi> of Sophocles; <hi rend="italics">cf.</hi> Nauck, <hi rend="italics">Trag. Graec. Frag.</hi>, Sophocles, No. 344</note>
               </quote> so every occupation and manner of life, if attended by virtue, is
					untroubled and delightful, while, on the other hand, any admixture of vice
					renders those things which to others seem splendid, precious, and imposing,
					only troublesome, sickening, and unwelcome to their possessors. <quote rend="blockquote">This man is
						happy deemed 'mid public throng, But when he opes his door he's thrice a
						wretch ; His wife controls, commands, and always fights.<note place="unspecified" anchored="yes">Perhaps from Menander; <hi rend="italics">cf.</hi>Kock, <hi rend="italics">Com. Attic. Frag.</hi> iii. p. 86, and Plutarch, <hi rend="italics">Moralia</hi>, 471 B.</note>
               </quote> Yet it is not
					difficult for any man to get rid of a bad wife if he be a real man and not a
					slave ; but against his own vice it is not possible to draw up a writing of
					divorcement and forthwith to be rid of troubles and to be at peace, having
					arranged to be by himself. No, his vice, a settled tenant of his very vitals
					always, both at night and by day, <quote rend="blockquote">Burns, but without e'er a brand, and
						consigns to an eld all untimely.<note place="unspecified" anchored="yes">Hesiod, <hi rend="italics">Works and Days,</hi> 705.</note>
               </quote> For in travelling vice is a troublesome
					companion because of arrogance, at dinner an expensive companion owing to
					gluttony, and a distressing bedfellow, since by anxieties, cares and
					jealousies it drives out and destroys sleep. For what slumber there may be
					is sleep and repose for the body only, but for the soul terrors, dreams, and
					agitations, because of superstition. 
					<pb id="v.2.p.99"/> 
               <quote rend="blockquote">When grief o'ertakes me as I close my eyes, I'm murdered
						by my dreams.<note place="unspecified" anchored="yes">From some poet of the new comedy; <hi rend="italics">cf.</hi> Kock, <hi rend="italics">Com. Att. Frag.</hi> iii. p. 444, Adespota, No. 185.</note>
               </quote> says one man. In such a state do envy, fear, temper, and
					licentiousness put a man. For by day vice, looking outside of itself and
					conforming its attitude to others, is abashed and veils its emotions, and
					does not give itself up completely to its impulses, but oftentimes resists
					them and struggles against them ; but in the hours of slumber, when it has
					escaped from opinion and law, and got away as far as possible from feeling
					fear or shame, it sets every desire stirring, and awakens its depravity and
					licentiousness. It <q direct="unspecified">attempts incest,</q> as Plato <note place="unspecified" anchored="yes">
                  <hi rend="italics">Republic</hi>, p. 571 D.</note> says, partakes
					of forbidden meats, abstains from nothing which it wishes to do, but revels
					in lawlessness so far as it can, with images and visions which end in no
					pleasure or accomplishment of desire, but have only the power to stir to
					fierce activity the emotional and morbid propensities.<note place="unspecified" anchored="yes">
                  <hi rend="italics">Cf. Moralia</hi>, 83 A, <hi rend="italics">supra.</hi>
               </note> 
            </p>
         </div1>
         <div1 type="section" n="3">
            <p>Where, then, is the pleasure in vice, if in no part of it is to be found
					freedom from care and grief, or contentment or tranquillity or calm ? For a
					wellbalanced and healthy condition of the body gives room for engendering
					the pleasures of the flesh; but in the soul lasting joy and gladness cannot
					possibly be engendered, unless it provide itself first with cheerfulness,
					fearlessness, and courageousness as a basis to rest upon, or as a calm
					tranquillity that no billows disturb; otherwise, even though some hope or
					delectation lure us with a smile, anxiety suddenly breaks 
					
					<pb id="v.2.p.101"/> forth, like a hidden rock appearing in fair weather,
					and the soul is overwhelmed and confounded. </p>
         </div1>
         <div1 type="section" n="4">
            <p>Heap up gold, amass silver, build stately promenades, fill your house with
					slaves and the city with your debtors ; unless you lay level the emotions of
					your soul, put a stop to your insatiate desires, and quit yourself of fears
					and anxieties, you are but decanting wine for a man in a fever, offering
					honey to a bilious man, and preparing tid-bits and dainties for sufferers
					from colic or dysentery, who cannot retain them or be strengthened by them,
					but are only brought nearer to death thereby. Does not your observation of
					sick persons teach you that they dislike and reject and decline the finest
					and costliest viands which their attendants offer and try to force upon them
					; and then later, when their whole condition has changed, and good
					breathing, wholesome blood, and normal temperature have returned to their
					bodies, they get up and have joy and satisfaction in eating plain bread with
					cheese and cress ?<note place="unspecified" anchored="yes">
                  <hi rend="italics">Cf. Moralia</hi>, 466 D.</note> It is such a condition that reason creates in the soul.
					You will be contented with your lot if you learn what the honourable and
					good is. You will be luxurious in poverty, and live like a king, and you
					will find no less satisfaction in the care-free life of a private citizen
					than in the life connected with high military or civic office. If you become
					a philosopher, you will live not unpleasantly, but you will learn to subsist
					pleasantly anywhere and with any resources. Wealth will give you gladness
					for the good you will do to many, poverty for your freedom from many cares,
					repute for the honours you will enjoy, and obscurity for the certainty that
					you shall not be envied. </p>
         </div1>
      </body>
   </text>
</TEI.2>