<?xml version="1.0" encoding="UTF-8"?><TEI.2>
<teiHeader type="text">
<fileDesc>
<titleStmt>
<title>De virtute et vitio</title>
<title type="sub">Machine readable text</title>
<author n="Plut.">Plutarch</author>
<editor role="editor" n="Teubner">Gregorius N.
            Bernardakis</editor>
<sponsor>Perseus Project, Tufts University</sponsor>
<principal>Gregory Crane</principal>
<respStmt>
<resp>Prepared under the supervision of</resp>
<name>Lisa Cerrato</name>
<name>William Merrill</name>
<name>Elli Mylonas</name>
<name>David Smith</name>
</respStmt>
<funder n="org:NEH">The National Endowment for the Humanities</funder>
</titleStmt>
<extent/>
<publicationStmt>
<publisher>Trustees of Tufts University</publisher>
<pubPlace>Medford, MA</pubPlace>
<authority>Perseus Project</authority>
</publicationStmt>
<sourceDesc>
<biblStruct>
<analytic/>
<monogr>
<author>Plutarch</author>
<title>Moralia</title>
<editor role="editor">Gregorius N. Bernardakis</editor>
<imprint>
<pubPlace>Leipzig</pubPlace>
<publisher>Teubner</publisher>
<date>1888</date>
</imprint>
<biblScope type="volume">1</biblScope>
</monogr>
</biblStruct>
</sourceDesc>
</fileDesc>
<encodingDesc>
<editorialDecl>
<correction method="silent">
<p>optical character recognition</p>
</correction>
</editorialDecl>
<refsDecl doctype="TEI.2">
<state unit="chapter" delim="."/>
<state unit="section"/>
</refsDecl>
<refsDecl doctype="TEI.2">
<state unit="stephpage" n="chunk"/>
</refsDecl>
</encodingDesc>
<profileDesc>
<langUsage>
<language id="greek">Greek</language>
</langUsage>
</profileDesc>
<revisionDesc>
<change>
<date>5/10</date>
<respStmt>
<name>RS</name>
<resp/>
</respStmt>
<item>tagged and parsed</item>
</change>
</revisionDesc>
</teiHeader>
<text>
<body>
<pb id="v.1.p.244"/>
<milestone unit="stephpage" id="stephpage-100b" n="100b"/>
<div1 type="chapter">
<div2 type="section" n="1">
<p>τὰ ἱμάτια δοκεῖ θερμαίνειν τὸν ἄνθρωπον, οὐκ αὐτὰ δήπου θερμαίνοντα <note resp="ed" place="unspecified" anchored="yes">
<foreign lang="greek">θερμαίνοντα καὶ</foreign> del. H</note>
                  καὶ προσβάλλοντα τὴν θερμότητα καθʼ ἑαυτὸ γὰρ ἕκαστον αὐτῶν ψυχρόν
                  ἐστιν, ᾗ καὶ πολλάκις οἱ <note resp="ed" place="unspecified" anchored="yes">
<foreign lang="greek">οἱ</foreign> Stephanus</note> καυματιζόμενοι καὶ πυρέττοντες
<milestone unit="tlnum" n="5"/>
<milestone unit="stephpage" id="stephpage-100c" n="100c"/> ἐξ ἑτέρων ἕτερα
                  μεταλαμβάνουσιν, ἀλλʼ ἣν ὁ ἄνθρωπος ἀναδίδωσιν ἐξ ἑαυτοῦ θερμότητα,
                  ταύτην ἡ ἐσθὴς τῷ σώματι προσπεσοῦσα συνέχει καὶ περιστέλλει, καὶ
                  καθειργνυμένην εἰς τὸ σῶμα οὐκ ἐᾷ πάλιν σκεδάννυσθαι. ταὐτὸ δὴ τοῦτο
                  τοῖς πράγμασιν
<milestone unit="tlnum" n="10"/> ὑπάρχον ἐξαπατᾷ τοὺς
                  πολλούς, ὡς, ἂν οἰκίας μεγάλας περιβάλωνται καὶ πλῆθος ἀνδραπόδων καὶ
                  χρημάτων συναγάγωσιν, ἡδέως βιωσομένους. τὸ δʼ ἡδέως ζῆν καὶ ἱλαρῶς
                  οὐκ ἔξωθέν ἐστιν, ἀλλὰ τοὐναντίον ὁ ἄνθρωπος τοῖς περὶ αὑτὸν
                  πράγμασιν ἡδονὴν καὶ χάριν ὥσπερ ἐκ πηγῆς τοῦ ἤθους προστίθησιν. 15
<milestone unit="stephpage" id="stephpage-100d" n="100d"/>
<quote rend="blockquote">
<l> αἰθομένου δὲ πυρὸς γεραρώτερος οἶκος ἰδέσθαι,</l>
<note resp="ed" place="unspecified" anchored="yes">Nauck. p. 343.</note>
</quote> καὶ πλοῦτος; ἡδίων καὶ δόξα λαμπροτέρα καὶ δύναμις, ἂν τὸ
                  ἀπὸ τῆς ψυχῆς ἔχῃ γῆθος· ὅπου καὶ <pb id="v.1.p.245"/> πενίαν καὶ
                  φυγὴν καὶ γῆρας ἐλαφρῶς καὶ προσηνῶς πρὸς εὐκολίαν καὶ πραότητα
                  τρόπου φέρουσιν. </p>
</div2>
<div2 type="section" n="2">
<p>ὡς γὰρ ἀρώματα τρίβωνας εὐώδεις καὶ ῥάκια ποιεῖ, τοῦ δʼ Ἀγχίσου τὸ
                  σῶμα ἰχῶρα πονηρὸν ἐξεδίδου
<milestone unit="tlnum" n="5"/>
<quote rend="blockquote">
<l> νώτου καταστάζοντα βύσσινον φάρος,</l>
<note resp="ed" place="unspecified" anchored="yes">Nauck. p. 168</note>
</quote> οὕτω μετʼ ἀρετῆς καὶ δίαιτα πᾶσα καὶ βίος ἄλυπός ἐστι καὶ
                  ἐπιτερπής·, ἡ δὲ κακία καὶ τὰ λαμπρὰ φαινόμενα
<milestone unit="stephpage" id="stephpage-100e" n="100e"/> καὶ πολυτελῆ καὶ σεμνὰ
                  μιγνυμένη λυπηρὰ καὶ ναυτιώδη καὶ δυσπρόσδεκτα παρέχει τοῖς
                     κεκτημένοις
<milestone unit="tlnum" n="10"/>
<quote rend="blockquote">
<l> οὗτος μακάριος ἐν ἀγορᾷ νομίζεται· </l>
<note resp="ed" place="unspecified" anchored="yes">Meinek. IV p. 157</note>
<l> ἐπὰν δʼ ἀνοίξῃ τὰς· θύρας, τρισάθλιος, </l>
<l> γυνὴ κρατεῖ πάντων, ἐπιτάττει, μάχετʼ ἀεί.</l>
</quote> καίτοι γυναικὸς οὐ χαλεπῶς ἄν τις ἀπαλλαγείη πονηρᾶς
<milestone unit="tlnum" n="15"/> ἀνὴρ ὤν, μὴ ἀνδράποδον πρὸς δὲ τὴν ἑαυτοῦ
                  κακίαν οὐκ ἔστι γραψάμενον ἀπόλειψιν πραγμάτων ἀφεῖσθαι καὶ
                  ἀναπαύεσθαι γενόμενον καθʼ αὑτόν, ἀλλʼ ἀεὶ συνοικοῦσα τοῖς σπλάγχνοις
                  καὶ προσπεφυκυῖα νύκτωρ καὶ μεθʼ ἡμέραν
<milestone unit="tlnum" n="20"/>
<quote rend="blockquote">
<l>εὔει ἄτερ δαλοῦ καὶ ὠμῷ γήραϊ δῶκε,</l>
<note resp="ed" place="unspecified" anchored="yes">Hesiod. OD 705</note>
</quote>
<milestone unit="stephpage" id="stephpage-100f" n="100f"/> βαρεῖα συνέκδημος
                  οὖσα διʼ ἀλαζονείαν καὶ πολυτελὴς σύνδειπνος ὑπὸ λιχνείας καὶ
                  σύγκοιτος ὀδυνηρά, φροντίσι καὶ μερίμναις καὶ ζηλοτυπίαις ἐκκόπτουσα
                  τὸν ὕπνον καὶ διαφθείρουσα. καὶ γὰρ ὃ <note resp="ed" place="unspecified" anchored="yes">
<foreign lang="greek">ὅ</foreign>] <foreign lang="greek">ὅτε</foreign>?</note> καθεύδουσι,
<milestone unit="tlnum" n="25"/> τοῦ σώματος ὕπνος ἐστὶ καὶ ἀνάπαυσις, τῆς
                  ψυχῆς πτοῖαι καὶ ὄνειροι <note resp="ed" place="unspecified" anchored="yes">
<foreign lang="greek">ὄνειροι</foreign>] <foreign lang="greek">οἵστροι</foreign> H</note> καὶ ταραχαὶ διὰ δεισιδαιμονίαν. <pb id="v.1.p.246"/>
<quote rend="blockquote">
<l> ὅταν δὲ νυστάζοντὰ μʼ ἡ λύπη λάβῃ, </l>
<note resp="ed" place="unspecified" anchored="yes">Meinek. IV p. 669</note>
<l> ἀπόλλυμʼ ὑπὸ τῶν ἐνυπνίων </l>
</quote> φησί τις. οὕτω δὲ καὶ φθόνος 1 καὶ φόβος καὶ θυμὸς; καὶ
                  ἀκολασία διατίθησι. μεθʼ ἡμέραν μὲν γὰρ ἔξω
<milestone unit="tlnum" n="5"/> βλέπουσα καὶ συσχηματιζομένη πρὸς ἑτέρους ἡ κακία
<milestone unit="stephpage" id="stephpage-101a" n="101a"/> δυσωπεῖται καὶ παρακαλύπτει
                  τὰ πάθη, καὶ παντάπασι ταῖς ὁρμαῖς; ἐκδίδωσιν ἑαυτὴν ἀλλʼ ἀντιτείνει
                  καὶ μάχεται <note resp="ed" place="unspecified" anchored="yes">
<foreign lang="greek">διαμάχεται</foreign> H</note> πολλάκις· ἐν δὲ τοῖς ὕπνοις ἀποφυγοῦσα δόξας καὶ νόμους
                  καὶ πορρωτάτω γενομένη τοῦ δεδιέναι
<milestone unit="tlnum" n="10"/> τε καὶ
                  αἰδεῖσθαι, πᾶσαν ἐπιθυμίαν κινεῖ καὶ ἐπανεγείρει τὸ κακόηθες καὶ
                  ἀκόλαστον. “μητρί τε γὰρ ἐπιχειρεῖ μίγνυσθαι 1·,” ὥς φησιν ὁ
                  Πλάτων; <note resp="ed" place="unspecified" anchored="yes">
<foreign lang="greek">Πλάτων</foreign>] Rep. p. 571 d</note> καὶ βρώσεις ἀθέσμους προσφέρεται καὶ πράξεως οὐδεμιᾶς
                  ἀπέχεται, ἀπολαύουσα τοῦ παρανομεῖν ὡς ἀνυστὸν
<milestone unit="tlnum" n="15"/> ἐστιν εἰδώλοις <note resp="ed" place="unspecified" anchored="yes">
<foreign lang="greek">εἰδώλοις</foreign>] <foreign lang="greek">ἐν εἰδώλοις</foreign> Stephanus</note> καὶ φάσμασιν εἰς οὐδεμίαν ἡδονὴν οὐδὲ
                  τελείωσιν τοῦ ἐπιθυμοῦντος τελευτῶσιν,
<milestone unit="stephpage" id="stephpage-101b" n="101b"/> ἀλλὰ κινεῖν μόνον καὶ διαγριαίνειν τὰ
                  πάθη καὶ τὰ νοσήματα δυναμένοις. </p>
</div2>
<div2 type="section" n="3">
<p>ποῦ τοίνυν τὸ ἡδὺ τῆς κακίας ἐστίν, εἰ μηδαμοῦ
<milestone unit="tlnum" n="20"/> τὸ ἀμέριμνον καὶ τὸ ἄλυπον μηδʼ αὐτάρκεια μηδʼ ἀταραξία
                  μηδʼ ἡσυχία; ταῖς μὲν γὰρ τῆς σαρκὸς ἡδοναῖς; ἡ τοῦ σώματος εὐκρασία
                  καὶ ὑγίεια χώραν καὶ γένεσιν δίδωσι· τῇ δὲ ψυχῇ οὐκ ἔστιν
                  ἐγγενέσθαι γῆθος οὐδὲ χαρὰν βέβαιον, ἂν μὴ τὸ εὔθυμον
<milestone unit="tlnum" n="25"/> καὶ ἄφοβον καὶ θαρραλέον ὥσπερ ἕδραν ἢ
                  γαλήνην ἄκλυστον ὑποβάληται, ἀλλὰ κἂν ὑπομειδιάσῃ τις <pb id="v.1.p.247"/> ἐλπὶς ἢ τέρψις, αὕτη ταχὺ φροντίδος ἐκραγείσης
                  ὥσπερ ἐν εὐδίᾳ σπιλάδος συνεχύθη καὶ συνεταράχθη.
<milestone unit="stephpage" id="stephpage-101c" n="101c"/>
</p>
</div2>
<div2 type="section" n="4">
<p>Ἅθροιζε χρυσίον, σύναγε ἀργύριον, οἰκοδόμει περιπάτους, ἔμπλησον
                  ἀνδραπόδων τὴν οἰκίαν καὶ
<milestone unit="tlnum" n="5"/> χρεωστῶν τὴν
                  πόλιν· ἂν μὴ τὰ πάθη τῆς ψυχῆς καταστορέσῃς καὶ τὴν ἀπληστίαν
                  παύσῃς καὶ φόβων καὶ φροντίδων ἀπαλλάξῃς σαυτόν, οἶνον διηθεῖς·
                  πυρέττοντι καὶ χολικῷ μέλι προσφέρεις καὶ σιτία καὶ ὄψα κοιλιακοῖς
                  ἑτοιμάζεις καὶ δυσεντερικοῖς, μὴ
<milestone unit="tlnum" n="10"/> στέγουσι
                  μηδὲ ῥωννυμένοις ἀλλὰ προσδιαφθειρομένοις ὑπʼ αὐτῶν. οὐχ ὁρᾷς τοὺς
                  νοσοῦντας ὅτι τῶν βρωμάτων τὰ καθαρώτατα καὶ πολυτελέστατα δυσχεραίνουσι
<milestone unit="stephpage" id="stephpage-101d" n="101d"/> καὶ διαπτύουσι
                  καὶ παραιτοῦνται προσφερόντων καὶ βιαζομένων, εἶτα, τῆς κράσεως
                  μεταβαλούσης
<milestone unit="tlnum" n="15"/> καὶ πνεύματος χρηστοῦ καὶ
                  γλυκέος αἵματος ἐγγενομένου καὶ θερμότητος; οἰκείας, ἀναστάντες ἄρτον
                  λιτὸν ἐπὶ τυρῷ καὶ καρδάμῳ χαίρουσι καὶ ἀσμενίζουσιν ἐσθίοντες; <note resp="ed" place="unspecified" anchored="yes">
<foreign lang="greek">ἐσθίοντες</foreign> Iannotius: <foreign lang="greek">ἔσθοντες</foreign>
</note>
                  τοιαύτην ὁ λόγος ἐμποιεῖ τῇ ψυχῇ διάθεσιν. αὐτάρκης ἔσῃ, ἂν
                  μάθῃς τί τὸ
<milestone unit="tlnum" n="20"/> καλὸν κἀγαθόν ἐστι·
                  τρυφήσεις ἐν πενίᾳ καὶ βασιλεύσεις καὶ τὸν ἀπράγμονα βίον καὶ
                  ἰδιώτην οὐδὲν ἧττον ἀγαπήσεις ἢ τὸν ἐπὶ στρατηγίαις καὶ
                  ἡγεμονίαις· οὐ βιώσῃ φιλοσοφήσας ἀηδῶς, ἀλλὰ πανταχοῦ ζῆν ἡδέως
                  μαθήσῃ καὶ ἀπὸ πάντων· εὐφρανεῖ σε
<milestone unit="tlnum" n="25"/>
<milestone unit="stephpage" id="stephpage-101e" n="101e"/> πλοὺτος πολλοὺς
                  εὐεργετοῦντα καὶ πενία πολλὰ μὴ μεριμνῶντα καὶ δόξα τιμώμενον καὶ
                  ἀδοξία μὴ φθονούμενον.</p>
</div2>
</div1>
</body>
</text>
</TEI.2>
