<?xml version="1.0" encoding="UTF-8"?>
<?xml-model href="http://www.stoa.org/epidoc/schema/latest/tei-epidoc.rng" schematypens="http://relaxng.org/ns/structure/1.0"?>
<TEI xmlns="http://www.tei-c.org/ns/1.0">
  <teiHeader xml:lang="eng">
    <fileDesc>
      <titleStmt>
        <title xml:lang="lat">De astrologia</title>
        <author xml:lang="lat">Lucianus Samosatenus</author>
        <editor>A. M. Harmon</editor>
        <funder>Harvard Library Arcadia Fund</funder>
        <principal>Gregory Crane</principal>
        <respStmt>
          <persName xml:id="DDD">Digital Divide Data</persName>
          <resp>Corrected and encoded the text</resp>
        </respStmt>
        <respStmt>
          <persName>Gregory Crane</persName>
          <resp>Editor-in-Chief, Perseus Digital Library</resp>
        </respStmt>
        <respStmt>
          <persName>Matt Munson</persName>
          <resp>Project Manager (University of Leipzig), 2016 - present</resp>
        </respStmt>
        <respStmt>
          <persName>Annette Geßner</persName>
          <resp>Project Assistant (University of Leipzig) 2015 - present</resp>
        </respStmt>
        <respStmt>
          <persName>Thibault Clérice</persName>
          <resp>Lead Developer (University of Leipzig)</resp>
        </respStmt>
        <respStmt>
          <persName>Bruce Robertson</persName>
          <resp>Technical Advisor</resp>
        </respStmt>
      </titleStmt>
      <publicationStmt>
        <authority>Harvard College Library</authority>
        <idno type="filename">tlg0062.tlg048.1st1K-grc1.xml</idno>
        <availability>
          <p>Available under a Creative Commons Attribution-ShareAlike 4.0 International License</p>
        </availability>
        <date>2016</date>
        <publisher>Harvard College Library</publisher>
        <pubPlace>United States</pubPlace>
      </publicationStmt>
      <sourceDesc>
        <listBibl>
          <biblStruct>
            <monogr>
              <title>Lucian</title>
              <editor>
                <persName>
                  <name>A. M. Harmon</name>
                </persName>
              </editor>
              <author ref="urn:cts:greekLit:tlg0062" xml:lang="lat">Lucianus Samosatenus</author>
              <imprint>
                <publisher>Harvard University Press</publisher>
                <pubPlace>Cambridge, Mass</pubPlace>
                <date>1962</date>
              </imprint>
              <biblScope unit="volume">5</biblScope>
            </monogr>
            <ref target="https://archive.org/details/lucianhar05luciuoft">The Internet Archive</ref>
          </biblStruct>
        </listBibl>
      </sourceDesc>
    </fileDesc>
    <encodingDesc>
      <p>Text encoded in accordance with the latest EpiDoc standards (January 2014)</p>
      <refsDecl n="CTS">
        <cRefPattern matchPattern="(.+)" n="section" replacementPattern="#xpath(/tei:TEI/tei:text/tei:body/tei:div/tei:div[@n='$1'])"/>
      </refsDecl>
    </encodingDesc>
    <profileDesc>
      <langUsage>
        <language ident="grc">Greek</language>
        <language ident="lat">Latin</language>
      </langUsage>
    </profileDesc>
    <revisionDesc>
      <change/>
    </revisionDesc>
  </teiHeader>
<text>
<body>
  <div type="edition" xml:lang="grc" n="urn:cts:greekLit:tlg0062.tlg048.1st1K-grc1">
  <pb n="348"/>
  <head>ΠΕΡΙ ΤΗΣ ΑΣΤΡΟΛΟΓΙΗΣ<note type="footnote" n="1"></note></head>
<div type="textpart" subtype="section" n="1">
<p>1 Ἀμφί τε οὐρανοῦ ἀμφί τε ἀστέρων ἡ γραφή,
οὐκ αὐτῶν ἀστέρων οὐδʼ αὐτοῦ πέρι οὐρανοῦ,
ἀλλὰ μαντείης καὶ ἀληθείης, ἢ δὴ ἐκ τουτέων ἐς
ἀνθρώπων βίον ἔρχεται. ὁ δέ μοι λόγος οὐκ
ὑποθημοσύνην ἔχει οὐδὲ διδασκαλίην ἐπαγγέλλεται
ὅκαως ταύτην τὴν μαντοσύνην διενεκτέον,
ἀλλὰ μέμφομαι ὁκόσοι σοφοὶ ἐόντες τὰ μένα
ἐπασκέουσι καὶ παισὶ <note type="footnote" n="2"></note> τοῖς ἑωυτῶν ἀπηγέονται,
μούνην δὲ ἀστρολογίην οὔτε τιμέουσιν οὔτε
ἐπασκέουσιν.</p>
</div>

<div type="textpart" subtype="section" n="2">
<p>2 καὶ ἡ μὲν σοφίη παλαιὴ οὐδὲ νέον
ἐς ἡμέας ἀπίκετο, ἀλλ᾿ ἔστιν ἔργον ἀρχαίῳν
βασιλέων θεοφιλέων. οἱ δὲ νῦν ἀμαθίῃ καὶ
ῥᾳθυμίῃ καὶ προσέτι μισοπονίῃ κείνοισί τε ἀντίξοα
φρονέουσι καὶ εὖτ᾿  ἄν ἀνδράσιν ἐπικυρέωσιν
ψεύδεα μαντευομς, <note type="footnote" n="3"></note> ἄστρων τε κατηγορέουσιν
καὶ αὐτὴν ἀστρολογίην μισέουσιν, οὐδέ μιν
οὔτε ὑγιέα οὔτε ἀληθέα νομίζουσιν, ἀλλὰ λόγον
ψευδέα καὶ ἀνεμώλιον, οὐ δικαίαως, ἐμοὶ δοκέει,<note type="footnote" n="4"></note>
φρονέοντες· οὐδὲ γὰρ τέκτονος ἀϊδρίη τεκτοσύνης
αὐτῆς ἀδικίη οὐδὲ αὐλητέω ἀμουσίη μουσικῆς
ἀσοφέη, ἀλλ’ οἱ μὲν ἀμαθέες τᾶν τεχνῶν, ἑκάστη
δʼ ἐν ἑωυτῆ σοφή.</p>
<note type="footnote">1 ἀστρολογίας MSS.</note>
<note type="footnote">2 παισὶ du Soul: πᾶσι MSS.</note>
</div>

<div type="textpart" subtype="section" n="3">
<pb n="350"/>
<p>3 Πρῶτον μὲν ὦν <note type="footnote" n="1"></note> Αἰθίοπες τόνδε τὸν λόγον
ἀνθρώποισι κατεστήσαντο. αἰτίη δὲ αὐτέοισι τὰ
μὲν ἡ σοφίη τοῦ ἔθνεος—καὶ γὰρ τἄλλα τῶν ἄλλων
σοφώτεροι Αἰθίοπες—τὰ δὲ καὶ τῆς οἰκήσιος ἡ
εὐμοιρίη· αἰεὶ γὰρ σφέας εὐδίη καὶ γαληναίη
περικέαται, οὐδὲ τῶν τοῦ ἔτεος τροπέων ἀνέχονται,
ἀλλ᾿ ἐν μιῇ ὥρῃ οἰκέουσιν. ἰδόντες ὦν πρῶτα
τὴν σεληναίην οὐκ ἐς πάμπαν ὁμοίην φαινομένην,
ἀλλὰ πολυειδέα τε γιγνομένην καὶ ἐν ἄλλοτε
ἄλλῃ μορφῇ τρεπομένην, ἐδόκεεν αὐτέοισιν τὸ
χρῆμα θωύματος καὶ ἀπορίης ἄξιον. ἔνθεν δὲ
ζητέοντες εὗρον τουτέων τὴν αἰτίην, ὅτι οὐκ ἴδιον
τῇ σεληναίῃ τὸ φέγγος, ἀλλά οἱ παῤ ἠελίου
ἔρχεται.</p>
</div>

<div type="textpart" subtype="section" n="4">
<p>4 εὗρον δὲ καὶ τῶν ἄλλων ἀστέρων τὴν
φορήν, τοὺς δὴ πλάνητας ἡμεῖς καλέομενμοῦνοι
γὰρ τῶν ἄλλων κινέονται—φύσιν τε αὐτῶν καὶ
δυναστείην καὶ ἔργα τὰ ἕκαστος ἐπιτελέουσιν.
ἐν δὲ καὶ οὐνόματα αὐτέοισιν ἐπέθεσαν, οὐκ
οὐνόματα, ὅκως ἐδόκεον, ἀλλὰ σημήνια.</p>
</div>

<div type="textpart" subtype="section" n="5">
<p>5 Ταῦτα μὲν ὦν Αἰθίοπες ἐν τῷ οὐρανῷ ἐπέβλεψαν,
μετὰ δὲ γείτοσιν οὖσιν Αἰγυπτίοισιν ἀτελέα τὸν
λόγον παρέδοσαν, Αἰγύπτιοι δὲ παρὰ σφέων
ἐκδεξάμενοι ἡμιεργέα τὴν μαντικὴν ἐπὶ μέζον
γειραν, μέτρα τε τῆς ἑκάστου κινήσιος ἐσημήναντο
καὶ ἐτέων ἀριθμὸν καὶ μηνῶν καὶ ὡρέων
διετάξαντο. καὶ μηνῶν μὲν σφίσι μέτρον ἡ
<note type="footnote">1 οὖν MSS.</note>
<note type="footnote">1 In Lucian's day current theory ascribed the origin of
astronomy to the Egyptians. We must applaud his insight
in favouring the Ethiopiants, since Diodorus (IIl, 2, 1; doubtless
on good authority) records that they were the first men,</note>

<pb n="352"/>
σεληναίη καὶ ἡ ταύτης ἀναστροφὴ ἐγένετο, ἔτεος
δὲ ἠέλιος καὶ ἡ τοῦ ἠελίου περίφορος.</p>
</div>

<div type="textpart" subtype="section" n="6">
<p>6 οἱ δὲ καὶ
ἄλλα ἐμήσαντο πολλὸν μέζω τουτέων· ἐκ γὰρ δὴ
τοῦ παντός ἠέρος καὶ ἀστέρων τῶν ἄλλων ἀπλανέων
τε καὶ εὐσταθέων <note type="footnote" n="1"></note> καὶ οὐδαμὰ κινεομένων δυώδεκα
μοίρας ἐτάμοντο τοῖσι <note type="footnote" n="2"></note> κινεομένοισι, καὶ
οἰκία <gap reason="omitted"/> <note type="footnote" n="3"></note> ζῷα ἐόντα ἕκαστον αὐτῶν ἐς ἄλλην
μορφὴν μεμιμέαται, τὰ μὲν ἐνάλια, τὰ δὲ ἀνθρώπων,
τὰ δὲ θηρῶν, τὰ δὲ πτηνῶν, τὰ δὲ κτηνέων.</p>
</div>

<div type="textpart" subtype="section" n="7">
<p>7 Ἀπὸ τέω δὴ καὶ ἱερὰ τὰ Αἰγύπτια πολυειδέα
ποιέεται· οὐ γὰρ πάντες Αἰγύπτιοι ἐκ τῶν δυώδεκα
μοιρέων πασέων ἐμαντεύοντο, ἄλλοι δὲ
ἀλλοίῃσι μοίρῃσιν ἐχρέοντο, καὶ κριὸν μὲν σέβουσιν
ὁκόσοι ἐς κριὸν ἀπέβλεπον, ἰχθύας δὲ οὐ σιτέονται
ὁκόσοι ἰχθύας ἐπεσημήναντο, οὐδὲ τράγον κτείνουσιν
ὅσοι αἰγόκερων ᾔδεσαν, καὶ οἱ ἄλλοι
τὰ ἄλλα ὡς ἕκαστοι ἱλάσκονται. ναὶ μὴν καὶ
ταῦρον ἐς τιμὴν τοῦ ἠερίου ταύρου σεβίζονται,
καὶ ὁ Ἆπις αὐτοῖς χρῆμα ἱερώτατον τὴν χώρην
ἐπινέμεται καί οἱ ἐκεῖ μαντήιόν γε <note type="footnote" n="4"></note> ἀνατιθέασιν
σημήιον τῆς ἐκείνου τοῦ ταύρου μαντικῆς.</p>
</div>

<div type="textpart" subtype="section" n="8">
<p>8 Οὐ μετὰ πολλὸν δὲ καὶ Λίβυες ἐπέβησαν τοῦ
λόγου· καὶ γὰρ τὸ Λιβύων μαντήιον τὸ Ἄμμωνος,
καὶ τοῦτο ἐς τὸν ἠέρα καὶ ἐς τὴν τούτου σοφίην
<note type="footnote">1 εὐσταθέων: Florentine ed. (1496): εὐπαθέων MSS.</note>
<note type="footnote">2 ἐν τοῖσι. MSS: ἐν excised by Jacobitz.</note>
Lacuna in Γ (9 letters) E (12 —14). Probably οἰκία ═
οἴκους; i.e., planetary houses, cf. οἰκοδεοποτέουσι, § <lb n="20."/>
Read καὶ οἰκία οὐνόμασαν, τὸ δʼ εἶδος ζῷα ἐόντα.
<note type="footnote">4 γς N: τε ΓΕΩΖ.</note>

<pb n="354"/>
ἵδρυτο, <note type="footnote" n="1"></note> παῤ ὃ <note type="footnote" n="2"></note> τὸν Ἄμμωνα καὶ οὗτοι κριοπρόσωπον
ποιέονται.</p>
</div>

<div type="textpart" subtype="section" n="9">
<p>9 ἔγνωσαν δὲ τούτων ἕκαστα
καὶ Βαβυλώνιοι, οὗτοι μέν, λέγουσιν, καὶ πρὸ τῶν
ἄλλων, ἐμοὶ δὲ δοκέει, πολλὸν ὕστερον ἐς τούτους
ὁ λόγος ἀπίκετο.</p>
</div>

<div type="textpart" subtype="section" n="10">
<p>10 Ἕλληνες δὲ οὔτε παῤ Αἰθιόπων οὔτε παῤ
Αἰγυπτίων ἀστρολογίης πέρι οὐδὲν ἤκουσαν, ἀλλὰ
σφίσιν Ὀρφεὺς ὁ Οἰάγρου καὶ Καλλιόπης πρῶτος
τάδε ἀπηγήσατο, οὐ μάλα ἐμφανέως, οὐδὲ ἐς
φάος τὸν λόγον προήνεγκεν, ἀλλ᾿ ἐς γοητείην καὶ
ἱερολογίην, οἵη διανοίη ἐκείνου. πηξάμενος γὰρ
λύρην ὄργιά τε ἐποιέετο καὶ τὰ ἱερὰ ἤειδεν·
ἡ δὲ λύρη ἑπτάμιτος ἐοῦσα τὴν τῶν κινεομένων
ἀστέρων ἁρμονίην συνεβάλλετο. ταῦτα Ὀρφεὺς
διζήμενος καὶ ταῦτα ἀνακινέων πάντα ἔθελγεν καὶ
πάντων ἐκράτεεν· οὐ γὰρ ἐκείνην τὴν λύρην
ἔβλεπεν οὐδέ οἱ ἄλλης ἔμελε μουσουργίης, ἀλλ᾿
αὕτη Ὀρφέος ἡ μεγάλη λύρη, Ἕλληνές τε τάδε
τιμέοντες μοίρην ἐν τῷ οὐρανῷ <note type="footnote" n="3"></note> ἀπέκριναν καὶ
ἀστέρες πολλοὶ καλέονται λύρη Ὀρφέος.</p>
<p>Ἤν δέ κοτε Ὀρφέα ἴδῃς ἢ λίθοισιν ἢ χροιῇ
μεμιμημένον, μέσῳ ἕζεται ἴκελος ἀείδοντι, μετὰ
<note type="footnote">1 εἴρητο MSS.: ἵδρυτο K. G. P. Schwartz.</note>
<note type="footnote">2 παρὰ MSS.: παῤ ὃ Gesner.</note>
<note type="footnote">3 ἐν αὐτῷ οὐρανῷ MSS.: τῷ for αὐτῷ Harmon.</note>
<note type="footnote">1 In the Goddesse of Surrye (2) Lucian is similarly minded
as to Babylonian claims of priority in religion; and in the
Runaways Philosophy goes successively to India, Ethiopia,
Egypt, Babylon, and Greece.</note>
<note type="footnote">2 It seems better established that Atlas was the first
astronomer; cf. Cicero. Tusc. Disp., V, 3, 8, and Vergil, Aen.,
I, 740. He taught the doctrine of the sphere to Heracles,
and the fact that Heracles introduced it into Greece underlies</note>

<pb n="356"/>
χερσὶν ἔχων τὴν λύρην, ἀμφὶ δέ μιν ζῷα μυρία
ἕστηκεν, ἐν οἷς καὶ ταῦρος καὶ ἄνθρωπος καὶ λέων
καὶ τῶν ἄλλων <note type="footnote" n="1"></note> ἕκαστον. εὖτ᾿ ἄν ἐκεῖνα ἴδης,
μέμνησό μοι τουτέων, κοίη ἐκείνου ἀοιδή, κοίη
δὲ καὶ ἡ λύρη, κοῖος δὲ καὶ ταῦρος ἢ κοῖος λέων
Ὀρφέος ἐπαΐουσιν. ἢν δὲ τὰ λέγω αἴτια γνοίης,
σὺ δὲ καὶ ἐν τῷ οὐρανῷ δέρκεο ἕκαστον τουτέων.</p>
</div>

<div type="textpart" subtype="section" n="11">
<p>11 Λέγουσιν δὲ Τειρεσίην ἄνδρα Βοιώτιον, τοῦ δὴ
κλέος μαντοσύνης πέρι πολλὸν ἀείρεται, τοῦτον
τὸν Τειρεσίην ἐν Ἕλλησιν εἰπεῖν ὅτι τῶν πλανεομένων
ἀστέρων οἱ μὲν θήλεες οἱ δὲ ἄρρενες ἐόντες
οὐκ ἴσα ἐκτελέουσιν· τῷ καί μιν διφυέα γενέσθαι
καὶ ἀμφίβιον Τειρεσίην μυθολογέουσιν, ἄλλοτε μὲν
θῆλυν ἄλλοτε δὲ ἄρρενα.</p>
</div>

<div type="textpart" subtype="section" n="12">
<p>12 Ἀτρέος <note type="footnote" n="2"></note> δὲ καὶ Θυέστεω περὶ τῇ πατρωίῃ
βασιληίῃ φιλονεικεόντων ἤδη τοῖσιν Ἕλλησιν
ἀναφανδὸν ἀστρολογίης τε καὶ σοφίης τῆς οὐρανίης
μάλιστ᾿ ἔμελεν, καὶ τὸ ξυνὸν τῶν Ἀργείων ἄρχειν
ἔγνωσαν ἑωυτῶν ὅστις τοῦ ἑτέρου σοφίην προφερέστερος.
ἔνθα δὴ Θυέστης μὲν τὸν κριὸν σφισιν
τὸν ἐν τῷ οὐρανῷ σημηνάμενος ἐπέδειξεν, ἀπὸ
τέω δὴ ἄρνα χρύσεον Θυέστῃ γενέσθαι μυθολογέουσιν.
Ἀτρεὺς δὲ τοῦ ἠελίου πέρι καὶ τῶν
ἀντολέων αὐτοῦ λόγον ἐποιήσατο, ὅτι οὐκ ἐς
ὁμοίην φορὴν ἠέλιός τε καὶ ὁ κόσμος κινέονται,
ἀλλ᾿  ἐς ἀντίξοον ἀλλήλοις ἀντιδρομέουσιν, καὶ
<note type="footnote">1 ἄλλων omitted in all MSS. except C.</note>
<note type="footnote">2 Ἀτρέως MSS.</note>
<note type="footnote">1 Here again we have “independent thought.” A widely
variant explanation of the myth had previously been offered
by Cephalio (cf. J. Malalas, Chron., p. 40, 1, in the Bonn
edition), according to which Tiresias was a student of</note>

<pb n="358"/>
αἱ νῦν δύσιες δοκέουσαι, τοῦ κόσμου δύσιες ἐοῦσαι,
τοῦ ἠελίου ἀντολαί εἰσιν. τάδε εἰπόντα βασιλέα
μιν Ἀργεῖοι ἐποιήσαντο, καὶ μέγα κλέος ἐπὶ
σοφίῃ αὐτοῦ ἐγένετο.</p>
</div>

<div type="textpart" subtype="section" n="13">
<p>13 Ἐγὼ δὲ καὶ περὶ Βελλεροφόντεω τοιάδε φρονέω·
πτηνὸν μέν οἱ γενέσθαι ὡς <note type="footnote" n="1"></note> ἵππον οὐ μάλα
πείθομαι, δοκέω δέ μιν ταύτην τὴν σοφίην μετέποντα <note type="footnote" n="2"></note>
ὑψηλά τε φρονέοντα καὶ ἄστροισιν ὁμιλέοντα
ἐς οὐρανὸν οὐχὶ τῷ ἵππῳ ἀναβῆναι ἀλλὰ
τῇ διανοίῃ.</p>
</div>

<div type="textpart" subtype="section" n="14">
<p>14 Ἴσα δέ μοι καὶ ἐς Φρίξον τὸν Ἀθάμαντος
εἰρήσθω, τὸν δὴ κριῷ χρυσέῳ δι᾿ αἰθέρος ἐλάσαι
μυθέονται. ναὶ μέντοι καὶ Δαίδαλον τὸν Ἀθηναῖον·
ξείνη μὲν ἡ ἱστορίη, δοκέω γε μὴν <note type="footnote" n="3"></note> οὐκ ἔξω ἀστρολογίης,
ἀλλά οἱ αὐτὸς μάλιστα ἐχρήσατο καὶ
παιδὶ τῷ ἑωυτοῦ κατηγήσατο.</p>
</div>

<div type="textpart" subtype="section" n="15">
<p>15 Ἴκαρος δέ, νεότητι
καὶ ἀτασθαλίῃ χρεόμενος καὶ οὐκ ἐπιεικτὰ διζήμενος
ἀλλὰ ἐς πόλον <note type="footnote" n="4"></note> ἀερθεὶς τῷ νῷ, ἐξέπεσε τῆς
ἀληθείης καὶ παντὸς ἀπεσφάλη τοῦ λόγου καὶ ἐς
πέλαγος κατηνέχθη ἀβύσσων πρηγμάτων, τὸν
Ἕλληνες ἄλλως μυθολογέουσιν καὶ κόλπον ἐπ᾿
αὐτῷ ἐν τῇδε τῇ θαλάσσῃ Ἰκάριον εἰκῇ καλέουσιν.</p>
</div>
    
    <div type="textpart" subtype="section" n="16">
<p>16 Τάχα δὲ καὶ Πασιφάη, παρὰ Δαιδάλου ἀκούσασα
ταύροιυ τε πέρι τοῦ ἐν τοῖς ἄστροισι φαινομένου καὶ
αὐτῆς ἀστρολογίης, ἐς ἔρωτα τοῦ λόγου ἀπίκετο,
<note type="footnote">1 ὡς not in N.</note>
<note type="footnote">2 μεθέποντα MSS.</note>
<note type="footnote">3 μὴν G. Hermann: μιν MSS. δέ μιν?</note>
<note type="footnote">4 πόλον edd.: πολλὸν MSS.</note>
<note type="footnote">1 Previous authors left this topic to Lucian “incomplete.”
That Atreus owed his kingship to his discovery of the retrograde
motion of the sun was known not only to Polybius (XXXIV,</note>

<pb n="360"/>
ἔνθεν νομίζουσιν ὅτι Δαίδαλός μιν τῷ ταύρῳ
ἐνύμφευσεν.</p>
</div>

<div type="textpart" subtype="section" n="17">
<p>17 Εἰσὶν δὲ οἳ καὶ κατὰ μέρεα τὴν ἐπιστήμην
διελόντες ἕκαστοι αὐτῶν ἄλλα ἐπενοήσαντο, οἱ
μὲν τὰ ἐς τὴν σεληναίην, οἱ δὲ τὰ ἐς Δία, οἱ δὲ
τὰ ἐς ἠέλιον συναγείραντες, δρόμου τε αὐτῶν πέρι
καὶ <note type="footnote" n="1"></note> κινήσιος καὶ δυνάμιος.</p>
</div>

<div type="textpart" subtype="section" n="18">
<p>18 καὶ Ἐνδυμίων μὲν
τὰ ἐς τὴν σεληναίην συνετάξατο,<note type="footnote" n="2"></note></p>
</div>

<div type="textpart" subtype="section" n="19">
<p>19 Φαέθων δὲ
τοῦ ἠελίου δρόμον ἐτεκμήρατο, οὐ μέν γε ἀτρεκέως,
ἀλλʼ ἀτελέα τὸν λόγον ἀπολιπὼν ἀπέθανεν. οἱ δὲ
τάδε ἀγνοέοντες Ἠελίου παῖδα Φαέθοντα δοκέουσιν
καὶ μῦθον ἐπʼ αὐτέῳ οὐδαμὰ πιστὸν διηγέονται.
ἐλθόντα γάρ μιν παρὰ τὸν Ἠέλιον τὸν πατέρα
αἰτέειν τὸ τοῦ φωτὸς ἄρμα ἡνιοχέειν, τὸν δὲ δοῦναί
τέ οἱ καὶ ὑποθέσθαι τῆς ἱππασίης τὸν νόμον.
δὲ Φαέθων ἐπειδὴ ἀνέβη τὸ ἄρμα, ἡλικίῃ καὶ
ἀπειρίη ἄλλοτε μὲν πρόσγειος ἡνιόχεεν, ἄλλοτε
δὲ πολλὸν τῆς γῆς ἀπαιωρούμενος· τοὺς δὲ
ἀνθρώπους κρύος τε καὶ θάλπος οὐκ ἀνασχετόν
διέφθειρεν. ἐπὶ τοῖσι δὴ τὸν Δία ἀγανακτέοντα
βαλεῖν πρηστῆρι Φαέθοντα μεγάλῳ. πεσόντα δέ
μιν αἱ ἀδελφαὶ περιστᾶσαι πένθος μέγα ἐποίεον,
ἔστε μετέβαλον τὰ εἴδεα, καὶ νῦν εἰσιν αἴγειροι καὶ
τὸ ἤλεκτρον ἐπʼ αὐτῷ δάκρυον σταλάουσιν.
οὐχ οὕτω ταῦτα ἐγένετο οὐδὲ ὅσιον αὐτοῖσι πείθεσθαι,
οὐδὲ Ἠέλιος παῖδα ἐποιήσατο, οὐδὲ ὁ παῖς
αὐτῷ ἀπέθανεν.</p>
<note type="footnote">1 καὶ Seanger: not in MSS.</note>
<note type="footnote">2 διετάξατο Z(ΩC).</note>
</div>

<div type="textpart" subtype="section" n="20">
<pb n="362"/>
<p>20 Λέγουσιν δὲ καὶ ἄλλα Ἕλληνεσ πολλὰ μυθώδεα,
τοῖσι ἐγὼ οὐ μάλα τι πείθομαι. κῶς γὰρ δὴ
ὅσιον πιστεῦσαι παῖδα Αἰνείην τῆς Ἀφροδίτης
γενέσθαι καὶ Διὸς Μίνω καὶ Ἄρεος Ἀσκάλαφον
καὶ Αὐτόλυκον Ἑρμέω; ἀλλʼ οὗτοι ἕκαστος
αὐτέων θεοφιλέες ἐγένοντο καὶ σφίσι γεινομένοισι <note type="footnote" n="1"></note>
τῷ μὲν ἡ Ἀφροδίτη, τῷ δὲ ὁ Ζεύς, τῷ δὲ ὁ Ἄρης
ἐπέβλεψαν. ὁκόσοι γὰρ δὴ ἀνθρώποισι ἐν τῇ
γενεῇ ταύτῃ <note type="footnote" n="2"></note> οἰκοδεσποτέουσι, οὔτοι ὅκως τοκέες
ἑωυτοῖσι πάντα ἰκέλους <note type="footnote" n="3"></note> ἐκτελέουσιν καὶ χρόην καὶ
μορφὴν καὶ ἔργα καὶ διανοίην, καὶ βασιλεύς μὲν
ὁ Μίνως Διὸς ἡγεομένου, καλὸς δὲ Αἰνείης Ἀφροδίτης
βουλήσει ἐγένετο, κλέπτης δὲ Αὐτόλυκος,
ἡ δέ οἱ κλεπτικὴ ἐξ Ἑρμέω ἀπίκετο.</p>
</div>
    
    <div type="textpart" subtype="section" n="21">
<p>21 Οὐ μὲν ὥν οὐδὲ τὸν Κρόνον Ζεὺς ἔδησεν οὐδὲ
ἐς Τάρταρον ἔρριφεν οὐδὲ τὰ ἄλλα ἐμήσατο
ὁκόσα ἄνθρωποι νομίζουσιν ἀλλὰ φέρεται γὰρ ὁ
Κρόνος τὴν ἔξω φορὴν πολλὸν ἀπʼ ἡμέων καί οἱ
νωθρή τε ἡ κίνησις καὶ οὐ ῥηιδίη τοῖσιν ἀνθρώποισιν
ὁρεεσθαι. διὸ δή μιν ἑστάναι λέγουσιν
ὅκως πεπεδημένον. τὸ δὲ βάθος τὸ πολλὸν τοῦ
ἠέρος Τάρταρος καλέεται.</p>
</div>

<div type="textpart" subtype="section" n="22">
<p>22 Μάλιστα δʼ <note type="footnote" n="5"></note> ἔκ τε Ὁμήρου τοῦ ποιητέω καὶ
τῶν Ἡσιόδου ἐπέων μάθοι ἄν τις τὰ πάλαι τοῖς
ἀστρολογέουσιν ὁμοφωνέοντα. εὖτ᾿ ἂν δὲ τὴν
σειρὴν τοῦ Διὸς ἀπηγέηται καὶ τοῦ Ἠελίου τὰς
<note type="footnote">1 γεινομένοισι Harmon: γεν- MSS. Cf. Jup. Conf., 1.</note>
<note type="footnote">2 ταύτῃ omitted in N.</note>
<note type="footnote">3 ἰκέλους K. G. P. Schwartz: ἴκελα MSS.</note>
<note type="footnote">4 καλὸς E2N: ἄλλος ΓΕ1ΩΖ. δ᾿ Fritzsche: not in MSS.</note>
<note type="footnote">1 Homer, in the Iliad, VIII, 18—26: Zeus, boasting of his
strength, says that if a golden chain should be let down from</note>

<pb n="364"/>
βόας, <note type="footnote" n="1"></note> τὰ δὴ ἐγὼ ἤματα εἶναι συμβάλλομαι, καὶ τὰς
πόλιας τὰς ἐν τῇ ἀσπίδι Ἥφαιστος ἐποιήσατο
καὶ τὸν χορὸν καὶ τὴν ἀλωήν . . .<note type="footnote" n="2"></note> τὰ μὲν γὰρ
ὁκόσα ἐς τὴν Ἀφροδίτην αὐτῷ καὶ τοῦ Ἄρεος τὴν
μοιχείην λέλεκται, καὶ ταῦτα ἐμφανέα οὐκ ἄλλοθεν
ἢ ἐκ τῆσδε τῆς σοφίης πεποιημένα· ἡ γὰρ
δὴ ὥν Ἀφροδίτης καὶ τοῦ Ἄρεος ὁμοδρομίη τὴν
Ὁμήρου ἀοιδὴν ἀπεργάζεται ἐν ἄλλοισι δὲ
ἔπεσι τὰ ἔργα ἑκάστου αὐτῶν διωρίσατο, τῇ Ἀφροδίτῃ
μὲν εἰπών,
<lg>
<l>ἀλλὰ σύ γʼ ἱμερόεντα μετέρχεο ἔργα γάμοιο·</l>
</lg>
τὰ δὲ τοῦ πολέμου,
<lg>
<l>ταῦτα δʼ Ἄρηι θοῷ καὶ Ἀθήνῃ πάντα μελήσει.</l>
</lg>
</p>
</div>

<div type="textpart" subtype="section" n="23">
<p>23 Ἅπερ οἱ παλαιοὶ ἰδόντες μάλιστα μαντηίῃσιν
ἐχρέοντο καὶ οὐ πάρεργον αὐτὴν ἐποιέοντο,
ἀλλʼ οὔτε πόλιας ᾤκιζον οὔτε τείχεα περιεβάλλοντο
οὔτε φόνους ἐργάζοντο οὔτε γυναῖκας ἐγάμεον,
πρὶν ἂν δὴ παρὰ μάντεων ἀκοῦσαι ἕκαστα. καὶ
γὰρ δὴ τὰ μαντήια αὐτέοισι οὐκ ἔξω ἀστρολογίης
ἦν, ἀλλὰ παρὰ μὲν Δελφοῖς παρθένος ἔχει τὴν
προφητείην σύμβολον τῆς παρθένου τῆς οὐρανίης,
καὶ δράκων ὑπὸ τῷ τρίποδι φθέγγεται ὅτι καὶ
ἐν τοῖσιν· ἄστροισι δράκων φαίνεται, καὶ ἐν Διδόμμοις
δὲ μαντήιον τοῦ Ἀπόλλωνος, ἐμοὶ δοκέει,
καὶ τοῦτο ἐκ τῶν ἠερίων Διδύμων ὀνομάζεται.</p>
<note type="footnote">1 βόας Barnes: βολὰς MSS.</note>
<note type="footnote">2 Lacuna Harmon: not indicated in MSS.</note>
<note type="footnote">1 Odyssey, XI, 104 ff.; XII, 260 ff.</note>
<note type="footnote">2 Iliad, XVIII, 490 (the cities); 561 (the vineyard); 590
(the chorus). Following these words there appears to be a
break in the text whi]ch very probably has deprived us of</note>
</div>

<div type="textpart" subtype="section" n="24">
<pb n="366"/>
<p>24 Οὕτω δὲ αὐτοῖσι χρῆμα ἱρότατον ἢ μαντοσύνη
ἐδόκεεν, ὥστε δὴ Ὀδυσσεὺς ἐπειδὴ ἔκαμεν πλανεόμενος,
ἐθελήσας ἀτρεκὲς ἀκοῦσαι περὶ τῶν ἑωυτοῦ
πρηγμάτων, ἐς τὸν Ἀΐδην ἀπίκετο, οὐκ “ ὄφρα
ἴδῃ νέκυας καὶ ἀτερπέα χῶρον' ἀλλʼ ἐς λόγους
ἐλθεῖν Τειρεσίη ἐπιθυμέων. καὶ ἐπειδὴ ἐς τὸν
χῶρον ἦλθεν ἔνθα οἱ Κίρκη ἐσήμηνεν καὶ ἔσκαψεν
τὸν βόθρον καὶ τὰ μῆλα ἔσφαξεν, πολλῶν νεκρῶν
παρεόντων, ἐν τοῖσι καὶ τῆς μητρὸς τῆς ἑωυτοῦ,
τοῦ αἵματος πιεῖν ἐθελόντων οὐ πρότερον ἐπῆκεν <note type="footnote" n="1"></note>
οὐδινί, οὐδὲ αὐτῇ μητρί, πρὶν Τειρεσίην γεύσασθαι
καὶ ἐξαναγκάσαι εἰπεῖν οἱ τὸ μαντήιον· καὶ ἀνέσχετο
διψῶσαν ὁρέων τῆς μητρός τὴν σκιήν.</p>
</div>

<div type="textpart" subtype="section" n="25">
<p>Λακεδαιμονίοισι δὲ Λυκοῦργος τὴν πολιτείην
πᾶσαν ἐκ τοῦ οὐρανοῦ διετάξατο καὶ νόμον σφίσιν
ἐποιήσατο μηδαμὰ <gap reason="omitted"/>2 μηδὲ ἐς πόλεμον πραχαρέειν
πρὶν τὴν σεληναίην πλήρεα γενέσθαι·
οὐ γὰρ ἴσην ἐνόμιζεν <note type="footnote" n="3"></note> εἶναι τὴν δυναστείπ·
αὐξανομένης τῆς σεληναίης καὶ ἀφανιζομένης,
<lb n="26"/> πάντα δὲ ὑπ᾿  αὐτῇ διοικέεσθαι.</p>
</div>

<div type="textpart" subtype="section" n="26">
<p>26 ἀλλὰ μοῦνοι
Ἀρκάδες ταῦτα οὐκ ἐδέξαντο οὐδὲ ἐτίμησαν
ἀστρολογίην, ἀνοίῃ δὲ καὶ ἀσοφίῃ <note type="footnote" n="4"></note> λέγουσιν καὶ
τῆς σεληναίης ἔμμεναι προγενέστεροι.</p>
</div>

<div type="textpart" subtype="section" n="27">
<p> Οἱ μὲν ὦν πρὸ ἡμῶν οὕτω κάρτα ᾖσαν φιλομάντιες,
οἱ δὲ νῦν, οἱ μὲν αὐτέων ἀδύνατα εἶναι λέγουσιν
ἀνθρώποισι τέλος εὕρασθαι μαντικῆς· οὐ γὰρ
εἶναί μιν οὔτε πιστὴν οὔτε ἀληθέα, οὐδὲ τὸν Ἄρεα
ἢ τὸν Δία ἐν τῷ οὐρανῷ ἡμέων ἕνεκα κινέεσθαι,
<note type="footnote">1 ἔπηκεν Bekker: ἄφηκεν MSS.</note>
<note type="footnote">2 Lacuna in Γ (12 letters) E (9 letters). A. word like
ἐξελαυνέειν has fallen out.</note>
<note type="footnote">3 ἐνόμιζεν du Soul: ἐνόμιζον MSS</note>

<pb n="368"/>
ἀλλὰ τῶν μὲν ἀνθρωπηίαων πρηγμάτων οὐδεμίην
ὤρην ἐκεῖνοι ποιέονται οὐδʼ ἔστιν αὐτέοισιν πρὸς
τάδε κοινωνίη, κατὰ σφέας δὲ χρείῃ τῆς περιφορῆς
ἀναστρέφονται.</p>
</div>

<div type="textpart" subtype="section" n="28">
<p>28 ἄλλοι δὲ ἀστρολογίην ἀψευδέα
μέν, ἀνωφελέα δὲ εἶναι λέγουσιν· οὐ γὰρ ὑφὸ
μαντοσύνη ἀλλάσσεσθαι ὁκόσα τῇσι μοίρῃσι δοκέοντα
ἐπέρχεται.</p>
</div>

<div type="textpart" subtype="section" n="29">
<p>29 Ἐγὼ δὲ πρὸς τάδε ἄμφω ἐκείνα ἔχω εἰπεῖν,
ὅτι οἱ μὲν ἀστέρες ἐν τῷ οὐρανῷ τὴν σφετέρην
εἱλέονται, πάρεργον δὲ σφίσι τῆς κινήσιος τῶν κατʼ
ἡμέας ἕκαστον ἐπιγίγνεται. ἢ ἐθέλεις ἵππου μὲν
θέοντος καὶ ὀρνίθων καὶ ἀνδρῶν κινεομένων<note type="footnote" n="1"></note> 
λίθους ἀνασαλεύεσθαι καὶ κάρφεα δονέεσθαι ὑπὸ
τῶν ἀνέμων τοῦ δρόμου, ὑπὸ δὲ τῇ δίνῃ τῶν
ἀστέρων μηδὲν ἄλλο γίγνεσθαι; καὶ ἐκ μέν
ὀλίγου πυρὸς ἀπορροίη ἐς ἡμέας ἔρχεται, καὶ τὸ
πῦρ οὐ διʼ ἡμέας καίει τι οὐδέ οἱ μέλει τοῦ ἡμετέρου
θάλπεος, ἀστέρων δὲ οὐδεμίην ἀπορροίην δεχόμεθα;
καὶ μέντοι τῇ ἀστρολογίῃ τὰ μὲν φαῦλα
ἐσθλὰ ποιῆσαι ἀδύνατά ἐστιν οὐδὲ ἀλλάξαι τι
τῶν ἀπορρεόντων πρηγμάτων, ἀλλὰ τούς χρέομένους
τάδε ὠφελέει· τὰ μὲν ἐσθλὰ εἰδότας
ἀπιξόμενα <note type="footnote" n="2"></note> πολλὸν ἀπόπροσθεν εὐφρανέει, τὰ δὲ
φαῦλα εὐμαρέως δέχονται· οὐ γάρ σφισιν ἀγνοέουσιν
ἐπέρχεται, ἀλλʼ ἐν μελέτῃ καὶ προσδοκίῃ
ῥηίδια καὶ πρηέα ἡγεῖται. τάδε ἀστρολογίης
πέρι ἐγὼν ὑπολαμβάνω.</p>
<note type="footnote">1 κλονεομένων ΩΖ.</note>
<note type="footnote">2 ἀφιξόμενα MS8.</note>
</div>
</div>
</body>
</text>
</TEI>