<?xml version="1.0" encoding="UTF-8"?>
<?xml-model href="http://www.stoa.org/epidoc/schema/latest/tei-epidoc.rng" type="application/xml" schematypens="http://relaxng.org/ns/structure/1.0"?>
<TEI xmlns="http://www.tei-c.org/ns/1.0">
    <teiHeader type="text">
        <fileDesc>
            <titleStmt>
                <title>Argonautica</title>
                <author>Apollonius Rhodius</author>
                <sponsor>Perseus Project, Tufts University</sponsor>
                <principal>Gregory Crane</principal>
                <respStmt>
                    <resp>Prepared under the supervision of</resp>
                    <name>Lisa Cerrato</name>
                    <name>William Merrill</name>
                    <name>Elli Mylonas</name>
                    <name>David Smith</name>
                </respStmt>
                <funder n="org:Tufts">Tufts University</funder>
            </titleStmt>
            <publicationStmt>
                <publisher>Trustees of Tufts University</publisher>
                <pubPlace>Medford, MA</pubPlace>
                <authority>Perseus Project</authority>
            </publicationStmt>
            <sourceDesc>
                <biblStruct>
                    <monogr>
                        <title>Argonautica</title>
                        <author>Apollonius Rhodius</author>
                        <editor role="editor">George W. Mooney</editor>
                        <imprint>
                            <pubPlace>London</pubPlace>
                            <publisher>Longmans, Green</publisher>
                            <date>1912</date>
                        </imprint>
                    </monogr>
                </biblStruct>
            </sourceDesc>
        </fileDesc>
        <encodingDesc>
            <editorialDecl>
                <correction method="silent">
                    <p>professional data entry</p>
                </correction>
            </editorialDecl>
            <refsDecl>
                <refState unit="book"/>
                <refState unit="line"/>
            </refsDecl>
        </encodingDesc>
        <profileDesc>
            <langUsage>
                <language ident="greek">Greek</language>
            </langUsage>
        </profileDesc>
        <revisionDesc>
            <!--
<change>
<date>24-Jul-02</date>
<respStmt>
<name>AEM</name>
<resp>markup</resp>
</respStmt>
<item>Initial markup </item>
</change>
<change>
<date>5/27/09</date>
<respStmt>
<name>RS</name>
<resp>(n/a)</resp>
</respStmt>
<item>  
                    $Log: argo_gk.xml,v $
                    Revision 1.1  2013-09-13 11:17:28  balmas01
                    moving Greg's work-in-progress on CTS-izing greco-roman collection texts to a Work directory

                    Revision 1.4  2013-06-13 12:41:18  gcrane
                    tagging now should be compatible with CTS

                    Revision 1.3  2011-09-07 13:24:41  rsingh04
                    adding rend=displayNum or rend=displayNumAndIndent to lb tags

                    Revision 1.2  2011-01-12 16:22:29  gcrane
                    common nouns now reduced to lower case

                    Revision 1.1  2011-01-01 00:21:51  gcrane
                    Q tags added
                    LB tags replace L tags (so that we can have Q tags)

                    Revision 1.2  2010/06/21 16:41:59  gcrane
                    small fixes to the beta code

                    Revision 1.1  2009/10/07 21:00:37  rsingh04
                    began reorganizing texts module by collection.  created separate work directory in texts module to keep hopper files separate from in progress files

                    Revision 1.5  2009/05/27 15:55:15  rsingh04
                    added cvs log keyword

                </item>
</change>-->
            <change when="2015-04-17" who="Stella Dee">converted to CTS EpiDoc</change>
        </revisionDesc>
    </teiHeader>
    <text xml:lang="greek">
        <body>
            <div type="edition">
                <div type="textpart" subtype="book" n="1">
                    <milestone unit="card" n="1"/>
                    <l n="1">ἀρχόμενος σέο, Φοῖβε, παλαιγενέων κλέα φωτῶν</l>
                    <l n="2">μνήσομαι, οἳ Πόντοιο κατὰ στόμα καὶ διὰ πέτρας</l>
                    <l n="3">Κυανέας βασιλῆος ἐφημοσύνῃ Πελίαο</l>
                    <l n="4">χρύσειον μετὰ κῶας ἐύζυγον ἤλασαν Ἀργώ.</l>
                    <l n="5" rend="displayNumAndIndent">τοίην γὰρ Πελίης φάτιν ἔκλυεν, ὥς μιν
                        ὀπίσσω</l>
                    <l n="6">μοῖρα μένει στυγερή, τοῦδʼ ἀνέρος, ὅντινʼ ἴδοιτο</l>
                    <l n="7">δημόθεν οἰοπέδιλον, ὑπʼ ἐννεσίῃσι δαμῆναι.</l>
                    <l n="8">δηρὸν δʼ οὐ μετέπειτα τεὴν κατὰ βάξιν Ἰήσων</l>
                    <l n="9">χειμερίοιο ῥέεθρα κιὼν διὰ ποσσὶν Ἀναύρου</l>
                    <l n="10">ἄλλο μὲν ἐξεσάωσεν ὑπʼ ἰλύος, ἄλλο δʼ ἔνερθεν</l>
                    <l n="11">κάλλιπεν αὖθι πέδιλον ἐνισχόμενον προχοῇσιν.</l>
                    <l n="12">ἵκετο δʼ ἐς Πελίην αὐτοσχεδὸν ἀντιβολήσων</l>
                    <l n="13">εἰλαπίνης, ἣν πατρὶ Ποσειδάωνι καὶ ἄλλοις</l>
                    <l n="14">ῥέζε θεοῖς, Ἥρης δὲ Πελασγίδος οὐκ ἀλέγιζεν.</l>
                    <l n="15">αἶψα δὲ τόνγʼ ἐσιδὼν ἐφράσσατο, καί οἱ ἄεθλον</l>
                    <l n="16">ἔντυε ναυτιλίης πολυκηδέος, ὄφρʼ ἐνὶ πόντῳ</l>
                    <l n="17">ἠὲ καὶ ἀλλοδαποῖσι μετʼ ἀνδράσι νόστον ὀλέσσῃ.</l>
                    <l rend="displayNumAndIndent">νῆα μὲν οὖν οἱ πρόσθεν ἐπικλείουσιν ἀοιδοὶ</l>
                    <l n="18">Ἄργον Ἀθηναίης καμέειν ὑποθημοσύνῃσιν.</l>
                    <l n="20">νῦν δʼ ἂν ἐγὼ γενεήν τε καὶ οὔνομα μυθησαίμην</l>
                    <l n="21">ἡρώων, δολιχῆς τε πόρους ἁλός, ὅσσα τʼ ἔρεξαν</l>
                    <l n="22">πλαζόμενοι· Μοῦσαι δʼ ὑποφήτορες εἶεν ἀοιδῆς.</l>
                    <l rend="displayNumAndIndent">πρῶτά νυν Ὀρφῆος μνησώμεθα, τόν ῥά ποτʼ αὐτὴ</l>
                    <l n="23">Καλλιόπη Θρήικι φατίζεται εὐνηθεῖσα</l>
                    <l n="25">Οἰάγρῳ σκοπιῆς Πιμπληίδος ἄγχι τεκέσθαι</l>
                    <l n="26">αὐτὰρ τόνγʼ ἐνέπουσιν ἀτειρέας οὔρεσι πέτρας</l>
                    <l n="27">θέλξαι ἀοιδάων ἐνοπῇ ποταμῶν τε ῥέεθρα.</l>
                    <l n="28">φηγοὶ δʼ ἀγριάδες, κείνης ἔτι σήματα μολπῆς,</l>
                    <l n="29">ἀκτῆς Θρηικίης Ζώνης ἔπι τηλεθόωσαι</l>
                    <l n="30">ἑξείης στιχόωσιν ἐπήτριμοι, ἃς ὅγʼ ἐπιπρὸ</l>
                    <l n="31">θελγομένας φόρμιγγι κατήγαγε Πιερίηθεν.</l>
                    <l n="32">Ὀρφέα μὲν δὴ τοῖον ἑῶν ἐπαρωγὸν ἀέθλων</l>
                    <l n="33">Αἰσονίδης Χείρωνος ἐφημοσύνῃσι πιθήσας</l>
                    <l n="34">δέξατο, Πιερίῃ Βιστωνίδι κοιρανέοντα.</l>
                    <l n="35" rend="displayNumAndIndent">ἤλυθε δʼ Ἀστερίων αὐτοσχεδόν, ὅν ῥα
                        Κομήτης</l>
                    <l n="36">γείνατο δινήεντος ἐφʼ ὕδασιν Ἀπιδανοῖο,</l>
                    <l n="37">Πειρεσιὰς ὄρεος Φυλληίου ἀγχόθι ναίων,</l>
                    <l n="38">ἔνθα μὲν Ἀπιδανός τε μέγας καὶ δῖος Ἐνιπεὺς</l>
                    <l n="39">ἄμφω συμφορέονται, ἀπόπροθεν εἰς ἓν ἰόντες.</l>
                    <l n="40" rend="displayNumAndIndent">Λάρισαν δʼ ἐπὶ τοῖσι λιπὼν Πολύφημος
                        ἵκανεν</l>
                    <l n="41">Εἰλατίδης, ὃς πρὶν μὲν ἐρισθενέων Λαπιθάων,</l>
                    <l n="42">ὁππότε Κενταύροις Λαπίθαι ἐπὶ θωρήσσοντο,</l>
                    <l n="43">ὁπλότερος πολέμιζε· τότʼ αὖ βαρύθεσκέ οἱ ἤδη</l>
                    <l n="44">γυῖα, μένεν δʼ ἔτι θυμὸς ἀρήιος, ὡς τὸ πάρος περ.</l>
                    <l n="45" rend="displayNumAndIndent">οὐδὲ μὲν Ἴφικλος Φυλάκῃ ἔνι δηρὸν
                        ἔλειπτο,</l>
                    <l n="46">μήτρως Αἰσονίδαο· κασιγνήτην γὰρ ὄπυιεν</l>
                    <l n="47">Αἴσων Ἀλκιμέδην Φυλακηίδα· τῆς μιν ἀνώγει</l>
                    <l n="48">πηοσύνη καὶ κῆδος ἐνικρινθῆναι ὁμίλῳ.</l>
                    <l rend="displayNumAndIndent">οὐδὲ Φεραῖς Ἄδμητος ἐυρρήνεσσιν ἀνάσσων</l>
                    <l n="50">μίμνεν ὑπὸ σκοπιὴν ὄρεος Χαλκωδονίοιο. </l>
                    <milestone n="51" unit="card"/>
                    <l rend="displayNumAndIndent">οὐδʼ Ἀλόπῃ μίμνον πολυλήιοι Ἑρμείαο</l>
                    <l n="51">υἱέες εὖ δεδαῶτε δόλους, Ἔρυτος καὶ Ἐχίων,</l>
                    <l n="52">τοῖσι δʼ ἐπὶ τρίτατος γνωτὸς κίε νισσομένοισιν</l>
                    <l n="53">Αἰθαλίδης· καὶ τὸν μὲν ἐπʼ Ἀμφρυσσοῖο ῥοῇσιν</l>
                    <l n="55">Μυρμιδόνος κούρη Φθιὰς τέκεν Εὐπολέμεια·</l>
                    <l n="56">τὼ δʼ αὖτʼ ἐκγεγάτην Μενετηίδος Ἀντιανείρης.</l>
                    <l rend="displayNumAndIndent">ἤλυθε δʼ ἀφνειὴν προλιπὼν Γυρτῶνα Κόρωνος</l>
                    <l n="57">Καινεΐδης, ἐσθλὸς μέν, ἑοῦ δʼ οὐ πατρὸς ἀμείνων.</l>
                    <l n="58">Καινέα γὰρ ζῶόν περ ἔτι κλείουσιν ἀοιδοὶ</l>
                    <l n="60">Κενταύροισιν ὀλέσθαι, ὅτε σφέας οἶος ἀπʼ ἄλλων</l>
                    <l n="61">ἤλασʼ ἀριστήων· οἱ δʼ ἔμπαλιν ὁρμηθέντες</l>
                    <l n="62">οὔτε μιν ἐγκλῖναι προτέρω σθένον, οὔτε δαΐξαι·</l>
                    <l n="63">ἀλλʼ ἄρρηκτος ἄκαμπτος ἐδύσετο νειόθι γαίης,</l>
                    <l n="64">θεινόμενος στιβαρῇσι καταΐγδην ἐλάτῃσιν.</l>
                    <l n="65" rend="displayNumAndIndent">ἤλυθε δʼ αὖ Μόψος Τιταρήσιος, ὃν περὶ
                        πάντων</l>
                    <l n="66">Λητοΐδης ἐδίδαξε θεοπροπίας οἰωνῶν·</l>
                    <l n="67">ἠδὲ καὶ Εὐρυδάμας Κτιμένου πάις· ἄγχι δὲ λίμνης</l>
                    <l n="68">Ξυνιάδος Κτιμένην Δολοπηίδα ναιετάασκεν.</l>
                    <l rend="displayNumAndIndent">καὶ μὴν Ἄκτωρ υἷα Μενοίτιον ἐξ Ὀπόεντος</l>
                    <l n="70">ὦρσεν, ἀριστήεσσι σὺν ἀνδράσιν ὄφρα νέοιτο.</l>
                    <l rend="displayNumAndIndent">εἵπετο δʼ Εὐρυτίων τε καὶ ἀλκήεις Ἐρυβώτης,</l>
                    <l n="71">υἷες ὁ μὲν Τελέοντος, ὁ δʼ Ἴρου Ἀκτορίδαο·</l>
                    <l n="72">ἤτοι ὁ μὲν Τελέοντος ἐυκλειὴς Ἐρυβώτης,</l>
                    <l n="73">Ἴρου δʼ Εὐρυτίων. σὺν καὶ τρίτος ἦεν Ὀιλεύς,</l>
                    <l n="75">ἔξοχος ἠνορέην καὶ ἐπαΐξαι μετόπισθεν</l>
                    <l n="76">εὖ δεδαὼς δῄοισιν, ὅτε κλίνωσι φάλαγγας.</l>
                    <l rend="displayNumAndIndent">αὐτὰρ ἀπʼ Εὐβοίης Κάνθος κίε, τόν ῥα Κάνηθος</l>
                    <l n="77">πέμπεν Ἀβαντιάδης λελιημένον· οὐ μὲν ἔμελλεν</l>
                    <l n="78">νοστήσειν Κήρινθον ὑπότροπος. αισα γὰρ ἦεν</l>
                    <l n="80">αὐτὸν ὁμῶς Μόψον τε δαήμονα μαντοσυνάων</l>
                    <l n="81">πλαγχθέντας Λιβύης ἐνὶ πείρασι δῃωθῆναι,</l>
                    <l n="82">ὡς οὐκ ἀνθρώποισι κακὸν μήκιστον ἐπαυρεῖν,</l>
                    <l n="83">ὁππότε κἀκείνους Λιβύῃ ἔνι ταρχύσαντο,</l>
                    <l n="84">τόσσον ἑκὰς Κόλχων, ὅσσον τέ περ ἠελίοιο</l>
                    <l n="85">μεσσηγὺς δύσιές τε καὶ ἀντολαὶ εἰσορόωνται.</l>
                    <l rend="displayNumAndIndent">τῷ δʼ ἄρʼ ἐπὶ Κλυτίος τε καὶ Ἴφιτος
                        ἠγερέθοντο,</l>
                    <l n="86">Οἰχαλίης ἐπίουροι, ἀπηνέος Εὐρύτου υἷες,</l>
                    <l n="87">Εὐρύτου, ᾧ πόρε τόξον Ἑκηβόλος· οὐδʼ ἀπόνητο</l>
                    <l n="88">δωτίνης· αὐτῷ γὰρ ἑκὼν ἐρίδηνε δοτῆρι.</l>
                    <l n="90" rend="displayNumAndIndent">τοῖσι δʼ ἐπʼ Αἰακίδαι μετεκίαθον· οὐ μὲν
                        ἅμʼ ἄμφω,</l>
                    <l n="91">οὐδʼ ὁμόθεν· νόσφιν γὰρ ἀλευάμενοι κατένασθεν</l>
                    <l n="92">Αἰγίνης, ὅτε Φῶκον ἀδελφεὸν ἐξενάριξαν</l>
                    <l n="93">ἀφραδίῃ. Τελαμὼν μὲν ἐν Ἀτθίδι νάσσατο νήσῳ·</l>
                    <l n="94">Πηλεὺς δὲ Φθίῃ ἐνὶ δώματα ναῖε λιασθείς.</l>
                    <l n="95" rend="displayNumAndIndent">τοῖς δʼ ἐπὶ Κεκροπίηθεν ἀρήιος ἤλυθε
                        Βούτης,</l>
                    <l n="96">παῖς ἀγαθοῦ Τελέοντος, ἐυμμελίης τε Φάληρος.</l>
                    <l n="97">Ἄλκων μιν προέηκε πατὴρ ἑός· οὐ μὲν ἔτʼ ἄλλους</l>
                    <l n="98">γήραος υἷας ἔχεν βιότοιό τε κηδεμονῆας.</l>
                    <l n="99">ἀλλά ἑ τηλύγετόν περ ὁμῶς καὶ μοῦνον ἐόντα</l>
                    <l n="100">πέμπεν, ἵνα θρασέεσσι μεταπρέποι ἡρώεσσιν.</l>
                    <l n="101">Θησέα δʼ, ὃς περὶ πάντας Ἐρεχθεΐδας ἐκέκαστο,</l>
                    <l n="102">Ταιναρίην ἀίδηλος ὑπὸ χθόνα δεσμὸς ἔρυκεν,</l>
                    <l n="103">Πειρίθῳ ἑσπόμενον κοινὴν ὁδόν· ἦ τέ κεν ἄμφω</l>
                    <l n="104">ῥηίτερον καμάτοιο τέλος πάντεσσιν ἔθεντο. <milestone n="105"
                            unit="card"/>
                    </l>
                    <l n="105" rend="displayNumAndIndent">Τῖφυς δʼ Ἁγνιάδης Σιφαέα κάλλιπε δῆμον</l>
                    <l n="106">Θεσπιέων, ἐσθλὸς μὲν ὀρινόμενον προδαῆναι</l>
                    <l n="107">κῦμʼ ἁλὸς εὐρείης, ἐσθλὸς δʼ ἀνέμοιο θυέλλας</l>
                    <l n="108">καὶ πλόον ἠελίῳ τε καὶ ἀστέρι τεκμήρασθαι.</l>
                    <l n="109">αὐτή μιν Τριτωνὶς ἀριστήων ἐς ὅμιλον</l>
                    <l n="110">ὦρσεν Ἀθηναίη, μετὰ δʼ ἤλυθεν ἐλδομένοισιν.</l>
                    <l n="111">αὐτὴ γὰρ καὶ νῆα θοὴν κάμε· σὺν δέ οἱ Ἄργος</l>
                    <l n="112">τεῦξεν Ἀρεστορίδης κείνης ὑποθημοσύνῃσιν.</l>
                    <l n="113">τῶ καὶ πασάων προφερεστάτη ἔπλετο νηῶν,</l>
                    <l n="114">ὅσσαι ὑπʼ εἰρεσίῃσιν ἐπειρήσαντο θαλάσσης.</l>
                    <l n="115" rend="displayNumAndIndent">Φλίας δʼ αὖτʼ ἐπὶ τοῖσιν Ἀραιθυρέηθεν
                        ἵκανεν,</l>
                    <l n="116">ἔνθʼ ἀφνειὸς ἔναιε Διωνύσοιο ἕκητι,</l>
                    <l n="117">πατρὸς ἑοῦ, πηγῇσιν ἐφέστιος Ἀσωποῖο.</l>
                    <l rend="displayNumAndIndent">Ἀργόθεν αὖ Ταλαὸς καὶ Ἀρήιος, υἷε Βίαντος,</l>
                    <l n="118">ἤλυθον ἴφθιμός τε Λεώδοκος, οὓς τέκε Πηρὼ</l>
                    <l n="120">Νηληίς· τῆς δʼ ἀμφὶ δύην ἐμόγησε βαρεῖαν</l>
                    <l n="121">Αἰολίδης σταθμοῖσιν ἐν Ἰφίκλοιο Μελάμπους.</l>
                    <l rend="displayNumAndIndent">οὐδὲ μὲν οὐδὲ βίην κρατερόφρονος Ἡρακλῆος</l>
                    <l n="122">πευθόμεθʼ Αἰσονίδαο λιλαιομένου ἀθερίξαι.</l>
                    <l n="123">ἀλλʼ ἐπεὶ ἄιε βάξιν ἀγειρομένων ἡρώων,</l>
                    <l n="125">νεῖον ἀπʼ Ἀρκαδίης Λυρκήιον Ἄργος ἀμείψας</l>
                    <l n="126">τὴν ὁδόν, ᾗ ζωὸν φέρε κάπριον, ὅς ῥʼ ἐνὶ βήσσῃς</l>
                    <l n="127">φέρβετο Λαμπείης, Ἐρυμάνθιον ἂμ μέγα τῖφος,</l>
                    <l n="128">τὸν μὲν ἐνὶ πρώτῃσι Μυκηναίων ἀγορῇσιν</l>
                    <l n="129">δεσμοῖς ἰλλόμενον μεγάλων ἀπεθήκατο νώτων·</l>
                    <l n="130">αὐτὸς δʼ ᾗ ἰότητι παρὲκ νόον Εὐρυσθῆος</l>
                    <l n="131">ὡρμήθη· σὺν καί οἱ Ὕλας κίεν, ἐσθλὸς ὀπάων,</l>
                    <l n="132">πρωθήβης, ἰῶν τε φορεὺς φύλακός τε βιοῖο.</l>
                    <l rend="displayNumAndIndent">τῷ δʼ ἐπὶ δὴ θείοιο κίεν Δαναοῖο γενέθλη,</l>
                    <l n="133">Ναύπλιος. ἦ γὰρ ἔην Κλυτονήου Ναυβολίδαο·</l>
                    <l n="135">Ναύβολος αὖ Λέρνου· Λέρνον γε μὲν ἴδμεν ἐόντα</l>
                    <l n="136">Προίτου Ναυπλιάδαο· Ποσειδάωνι δὲ κούρη.</l>
                    <l n="137">πρίν ποτʼ Ἀμυμώνη Δαναῒς τέκεν εὐνηθεῖσα</l>
                    <l n="138">Ναύπλιον, ὃς περὶ πάντας ἐκαίνυτο ναυτιλίῃσιν.</l>
                    <l rend="displayNumAndIndent">Ἴδμων δʼ ὑστάτιος μετεκίαθεν, ὅσσοι ἔναιον</l>
                    <l n="140">Ἄργος, ἐπεὶ δεδαὼς τὸν ἑὸν μόρον οἰωνοῖσιν</l>
                    <l n="141">ἤιε, μή οἱ δῆμος ἐυκλείης ἀγάσαιτο.</l>
                    <l n="142">οὐ μὲν ὅγʼ ἦεν Ἄβαντος ἐτήτυμον, ἀλλά μιν αὐτὸς</l>
                    <l n="143">γείνατο κυδαλίμοις ἐναρίθμιον Αἰολίδῃσιν</l>
                    <l n="144">Λητοΐδης· αὐτὸς δὲ θεοπροπίας ἐδίδαξεν</l>
                    <l n="145">οἰωνούς τʼ ἀλέγειν ἠδʼ ἔμπυρα σήματʼ ἰδέσθαι.</l>
                    <l rend="displayNumAndIndent">καὶ μὴν Αἰτωλὶς κρατερὸν Πολυδεύκεα Λήδη</l>
                    <l n="146">Κάστορά τʼ ὠκυπόδων ὦρσεν δεδαημένον ἵππων</l>
                    <l n="147">Σπάρτηθεν· τοὺς δʼ ἥγε δόμοις ἔνι Τυνδαρέοιο</l>
                    <l n="148">τηλυγέτους ὠδῖνι μιῇ τέκεν· οὐδʼ ἀπίθησεν</l>
                    <l n="150">νισσομένοις· Ζηνὸς γὰρ ἐπάξια μήδετο λέκτρων.</l>
                    <l rend="displayNumAndIndent">οἵ τʼ Ἀφαρητιάδαι Λυγκεὺς καὶ ὑπέρβιος Ἴδας</l>
                    <l n="151">Ἀρήνηθεν ἔβαν, μεγάλῃ περιθαρσέες ἀλκῇ</l>
                    <l n="152">ἀμφότεροι· Λυγκεὺς δὲ καὶ ὀξυτάτοις ἐκέκαστο</l>
                    <l n="153">ὄμμασιν, εἰ ἐτεόν γε πέλει κλέος, ἀνέρα κεῖνον</l>
                    <l n="155">ῥηιδίως καὶ νέρθε κατὰ χθονὸς αὐγάζεσθαι.</l>
                    <milestone n="156" unit="card"/>
                    <l rend="displayNumAndIndent">σὺν δὲ Περικλύμενος Νηλήιος ὦρτο νέεσθαι,</l>
                    <l n="156">πρεσβύτατος παίδων, ὅσσοι Πύλῳ ἐξεγένοντο</l>
                    <l n="157">Νηλῆος θείοιο· Ποσειδάων δέ οἱ ἀλκὴν</l>
                    <l n="158">δῶκεν ἀπειρεσίην ἠδʼ ὅττι κεν ἀρήσαιτο</l>
                    <l n="160">μαρνάμενος, τὸ πέλεσθαι ἐνὶ ξυνοχῇ πολέμοιο.</l>
                    <l rend="displayNumAndIndent">καὶ μὴν Ἀμφιδάμας Κηφεύς τʼ ἴσαν Ἀρκαδίηθεν,</l>
                    <l n="161">οἳ Τεγέην καὶ κλῆρον Ἀφειδάντειον ἔναιον,</l>
                    <l n="162">υἷε δύω Ἀλεοῦ· τρίτατός γε μὲν ἕσπετʼ ἰοῦσιν</l>
                    <l n="163">Ἀγκαῖος, τὸν μέν ῥα πατὴρ Λυκόοργος ἔπεμπεν,</l>
                    <l n="165">τῶν ἄμφω γνωτὸς προγενέστερος. ἀλλʼ ὁ μὲν ἤδη</l>
                    <l n="166">γηράσκοντʼ Ἀλεὸν λίπετʼ ἂμ πόλιν ὄφρα κομίζοι,</l>
                    <l n="167">παῖδα δʼ ἑὸν σφετέροισι κασιγνήτοισιν ὄπασσεν.</l>
                    <l n="168">βῆ δʼ ὅγε Μαιναλίης ἄρκτου δέρος, ἀμφίτομόν τε</l>
                    <l n="169">δεξιτερῇ πάλλων πέλεκυν μέγαν. ἔντεα γάρ οἱ</l>
                    <l n="170">πατροπάτωρ Ἀλεὸς μυχάτῃ ἐνέκρυψε καλιῇ,</l>
                    <l n="171">αἴ κέν πως ἔτι καὶ τὸν ἐρητύσειε νέεσθαι.</l>
                    <l rend="displayNumAndIndent">βῆ δὲ καὶ Αὐγείης, ὃν δὴ φάτις Ἠελίοιο</l>
                    <l n="172">ἔμμεναι· Ἠλείοισι δʼ ὅγʼ ἀνδράσιν ἐμβασίλευεν,</l>
                    <l n="173">ὄλβῳ κυδιόων· μέγα δʼ ἵετο Κολχίδα γαῖαν</l>
                    <l n="175">αὐτόν??τʼ Αἰήτην ἰδέειν σημάντορα Κόλχων.</l>
                    <l rend="displayNumAndIndent">Ἀστέριος δὲ καὶ Ἀμφίων Ὑπερασίου υἷες</l>
                    <l n="176">Πελλήνης ἀφίκανον Ἀχαιίδος, ἥν ποτε Πέλλης</l>
                    <l n="177">πατροπάτωρ ἐπόλισσεν ἐπʼ ὀφρύσιν Αἰγιαλοῖο.</l>
                    <l rend="displayNumAndIndent">Ταίναρον αὖτʼ ἐπὶ τοῖσι λιπὼν Εὔφημος ἵκανεν,</l>
                    <l n="180">τόν ῥα Ποσειδάωνι ποδωκηέστατον ἄλλων</l>
                    <l n="181">Εὐρώπη Υιτυοῖο μεγασθενέος τέκε κούρη.</l>
                    <l n="182">κεῖνος ἀνὴρ καὶ πόντου ἐπὶ γλαυκοῖο θέεσκεν</l>
                    <l n="183">οἴδματος, οὐδὲ θοοὺς βάπτεν πόδας, ἀλλʼ ὅσον ἄκροις</l>
                    <l n="184">ἴχνεσι τεγγόμενος διερῇ πεφόρητο κελεύθῳ.</l>
                    <l n="185" rend="displayNumAndIndent">καὶ δʼ ἄλλω δύο παῖδε Ποσειδάωνος
                        ἵκοντο·</l>
                    <l n="186">ἤτοι ὁ μὲν πτολίεθρον ἀγαυοῦ Μιλήτοιο</l>
                    <l n="187">νοσφισθεὶς Ἐργῖνος, ὁ δʼ Ἰμβρασίης ἕδος Ἥρης,</l>
                    <l n="188">παρθενίην, Ἀγκαῖος ὑπέρβιος· ἴστορε δʼ ἄμφω</l>
                    <l n="189">ἠμὲν ναυτιλίης ἠδʼ ἄρεος εὐχετόωντο.</l>
                    <l n="190" rend="displayNumAndIndent">Οἰνεΐδης δʼ ἐπὶ τοῖσιν ἀφορμηθεὶς
                        Καλυδῶνος</l>
                    <l n="191">ἀλκήεις Μελέαγρος ἀνήλυθε, Λαοκόων τε,</l>
                    <l n="192">Λαοκόων Οἰνῆος ἀδελφεός, οὐ μὲν ἰῆς γε</l>
                    <l n="193">μητέρος· ἀλλά ἑ θῆσσα γυνὴ τέκε· τὸν μὲν ἄρʼ Οἰνεὺς</l>
                    <l n="194">ἤδη γηραλέον κοσμήτορα παιδὸς ἴαλλεν·</l>
                    <l n="195">ὧδʼ ἔτι κουρίζων περιθαρσέα δῦνεν ὅμιλον</l>
                    <l n="196">ἡρώων. τοῦ δʼ οὔτινʼ ὑπέρτερον ἄλλον ὀίω,</l>
                    <l n="197">νόσφιν γʼ Ἡρακλῆος, ἐπελθέμεν, εἴ κʼ ἔτι μοῦνον</l>
                    <l n="198">αὖθι μένων λυκάβαντα μετετράφη Αἰτωλοῖσιν.</l>
                    <l n="199">καὶ μήν οἱ μήτρως αὐτὴν ὁδόν, εὖ μὲν ἄκοντι,</l>
                    <l n="200">εὖ δὲ καὶ ἐν σταδίῃ δεδαημένος ἀντιφέρεσθαι,</l>
                    <l n="201">Θεστιάδης Ἴφικλος ἐφωμάρτησε κιόντι.</l>
                    <l rend="displayNumAndIndent">σὺν δὲ Παλαιμόνιος Λέρνου πάις Ὠλενίοιο,</l>
                    <l n="202">Λέρνου ἐπίκλησιν, γενεήν γε μὲν Ἡφαίστοιο·</l>
                    <l n="203">τούνεκʼ ἔην πόδα σιφλός· ἀτὰρ δέμας οὔ κέ τις ἔτλη</l>
                    <l n="205">ἠνορέην τʼ ὀνόσασθαι, ὃ καὶ μεταρίθμιος ἦεν</l>
                    <l n="206">πᾶσιν ἀριστήεσσιν, Ἰήσονι κῦδος ἀέξων. <milestone n="207" unit="card"
                        />
                    </l>
                    <l rend="displayNumAndIndent">ἐκ δʼ ἄρα Φωκήων κίεν Ἴφιτος Ὀρνυτίδαο</l>
                    <l n="207">Ναυβόλου ἐκγεγαώς· ξεῖνος δέ οἱ ἔσκε πάροιθεν,</l>
                    <l n="208">ἦμος ἔβη Πυθώδε θεοπροπίας ἐρεείνων</l>
                    <l n="210">ναυτιλίης· τόθι γάρ μιν ἑοῖς ὑπέδεκτο δόμοισιν.</l>
                    <l rend="displayNumAndIndent">Ζήτης αὖ Κάλαΐς τε Βορήιοι υἷες ἵκοντο,</l>
                    <l n="211">οὕς ποτʼ Ἐρεχθηὶς Βορέῃ τέκεν Ὠρείθυια</l>
                    <l n="212">ἐσχατιῇ Θρῄκης δυσχειμέρου· ἔνθʼ ἄρα τήνγε</l>
                    <l n="213">Θρηίκιος Βορέης ἀνερέψατο Κεκροπίηθεν</l>
                    <l n="215">Ἰλισσοῦ προπάροιθε χορῷ ἔνι δινεύουσαν.</l>
                    <l n="216">καί μιν ἄγων ἕκαθεν, Σαρπηδονίην ὅθι πέτρην</l>
                    <l n="217">κλείουσιν, ποταμοῖο παρὰ ῥόον Ἐργίνοιο,</l>
                    <l n="218">λυγαίοις ἐδάμασσε περὶ νεφέεσσι καλύψας.</l>
                    <l n="219">τὼ μὲν ἐπʼ ἀκροτάτοισι ποδῶν ἑκάτερθεν ἐρεμνὰς</l>
                    <l n="220">σεῖον ἀειρομένω πτέρυγας, μέγα θάμβος ἰδέσθαι,</l>
                    <l n="221">χρυσείαις φολίδεσσι διαυγέας· ἀμφὶ δὲ νώτοις</l>
                    <l n="222">κράατος ἐξ ὑπάτοιο καὶ αὐχένος ἔνθα καὶ ἔνθα</l>
                    <l n="223">κυάνεαι δονέοντο μετὰ πνοιῇσιν ἔθειραι.</l>
                    <l rend="displayNumAndIndent">οὐδὲ μὲν οὐδʼ αὐτοῖο πάις μενέαινεν Ἄκαστος</l>
                    <l n="225">ἰφθίμου Πελίαο δόμοις ἔνι πατρὸς ἑῆος</l>
                    <l n="226">μιμνάζειν, Ἄργος τε θεᾶς ὑποεργὸς Ἀθήνης·</l>
                    <l n="227">ἀλλʼ ἄρα καὶ τὼ μέλλον ἐνικρινθῆναι ὁμίλῳ.</l>
                    <l rend="displayNumAndIndent">τόσσοι ἄρʼ Αἰσονίδῃ συμμήστορες ἠγερέθοντο.</l>
                    <l n="228">τοὺς μὲν ἀριστῆας Μινύας περιναιετάοντες</l>
                    <l n="230">κίκλησκον μάλα πάντας, ἐπεὶ Μινύαο θυγατρῶν</l>
                    <l n="231">οἱ πλεῖστοι καὶ ἄριστοι ἀφʼ αἵματος εὐχετόωντο</l>
                    <l n="232">ἔμμεναι· ὧς δὲ καὶ αὐτὸν Ἰήσονα γείνατο μήτηρ</l>
                    <l n="233">Ἀλκιμέδη, Κλυμένης Μινυηίδος ἐκγεγαυῖα.</l>
                    <l rend="displayNumAndIndent">αὐτὰρ ἐπεὶ δμώεσσιν ἐπαρτέα πάντʼ ἐτέτυκτο,</l>
                    <l n="235">ὅσσα περ ἐντύνονται ἐπαρτέες ἔνδοθι νῆες,</l>
                    <l n="236">εὖτʼ ἂν ἄγῃ χρέος ἄνδρας ὑπεὶρ ἅλα ναυτίλλεσθαι,</l>
                    <l n="237">δὴ τότʼ ἴσαν μετὰ νῆα διʼ ἄστεος, ἔνθα περ ἀκταὶ</l>
                    <l n="238">κλείονται Παγασαὶ Μαγνήτιδες· ἀμφὶ δὲ λαῶν</l>
                    <l n="239">πληθὺς σπερχομένων ἄμυδις θέεν· οἱ δὲ φαεινοὶ</l>
                    <l n="240">ἀστέρες ὣς νεφέεσσι μετέπρεπον· ὧδε δʼ ἕκαστος</l>
                    <l n="241">ἔννεπεν εἰσορόων σὺν τεύχεσιν ἀίσσοντας·</l>
                    <l rend="displayNumAndIndent">‘Ζεῦ ἄνα, τίς Πελίαο νόος; πόθι τόσσον ὅμιλον</l>
                    <l n="242">ἡρώων γαίης Παναχαιίδος ἔκτοθι βάλλει;</l>
                    <l n="243">αὐτῆμάρ κε δόμους ὀλοῷ πυρὶ δῃώσειαν</l>
                    <l n="245">Αἰήτεω, ὅτε μή σφιν ἑκὼν δέρος ἐγγυαλίξῃ.</l>
                    <l n="246">ἀλλʼ οὐ φυκτὰ κέλευθα, πόνος δʼ ἄπρηκτος ἰοῦσιν.’</l>
                    <l rend="displayNumAndIndent">ὧς φάσαν ἔνθα καὶ ἔνθα κατὰ πτόλιν· αἱ δὲ
                        γυναῖκες</l>
                    <l n="247">πολλὰ μάλʼ ἀθανάτοισιν ἐς αἰθέρα χεῖρας ἄειρον,</l>
                    <l n="248">εὐχόμεναι νόστοιο τέλος θυμηδὲς ὀπάσσαι.</l>
                    <l n="250">ἄλλη δʼ εἰς ἑτέρην ὀλοφύρετο δακρυχέουσα·</l>
                    <l rend="displayNumAndIndent">‘δειλὴ Ἀλκιμέδη, καὶ σοὶ κακὸν ὀφέ περ ἔμπης</l>
                    <l n="251">ἤλυθεν, οὐδʼ ἐτέλεσσας ἐπʼ ἀγλαΐῃ βιότοιο.</l>
                    <l n="252">Αἴσων αὖ μέγα δή τι δυσάμμορος. ἦ τέ οἱ ἦεν</l>
                    <l n="253">βέλτερον, εἰ τὸ πάροιθεν ἐνὶ κτερέεσσιν ἐλυσθεὶς</l>
                    <l n="255">νειόθι γαίης κεῖτο, κακῶν ἔτι νῆις ἀέθλων.</l>
                    <l n="256">ὡς ὄφελεν καὶ Φρίξον, ὅτʼ ὤλετο παρθένος Ἕλλη,</l>
                    <l n="257">κῦμα μέλαν κριῷ ἅμʼ ἐπικλύσαι· ἀλλὰ καὶ αὐδὴν</l>
                    <l n="258">ἀνδρομέην προέηκε κακὸν τέρας, ὥς κεν ἀνίας</l>
                    <l n="259">Ἀλκιμέδῃ μετόπισθε καὶ ἄλγεα μυρία θείη.’</l>
                    <milestone n="260" unit="card"/>
                    <l n="260" rend="displayNumAndIndent">αἱ μὲν ἄρʼ ὧς ἀγόρευον ἐπὶ προμολῇσι
                        κιόντων.</l>
                    <l n="261">ἤδη δὲ δμῶές τε πολεῖς δμωαί τʼ ἀγέροντο·</l>
                    <l n="262">μήτηρ δʼ ἀμφʼ αὐτὸν βεβολημένη. ὀξὺ δʼ ἑκάστην</l>
                    <l n="263">δῦνεν ἄχος· σὺν δέ σφι πατὴρ ὀλοῷ ὑπὸ γήραι</l>
                    <l n="264">ἐντυπὰς ἐν λεχέεσσι καλυψάμενος γοάασκεν.</l>
                    <l n="265">αὐτὰρ ὁ τῶν μὲν ἔπειτα κατεπρήυνεν ἀνίας</l>
                    <l n="266">θαρσύνων, δμώεσσι δʼ ἀρήια τεύχεʼ ἀείρειν</l>
                    <l n="267">πέφραδεν· οἱ δέ τε σῖγα κατηφέες ἠείροντο.</l>
                    <l n="268">μήτηρ δʼ ὡς τὰ πρῶτʼ ἐπεχεύατο πήχεε παιδί,</l>
                    <l n="269">ὧς ἔχετο κλαίουσʼ ἀδινώτερον, ἠύτε κούρη</l>
                    <l n="270">οἰόθεν ἀσπασίως πολιὴν τροφὸν ἀμφιπεσοῦσα</l>
                    <l n="271">μύρεται, ᾗ οὐκ εἰσὶν ἔτʼ ἄλλοι κηδεμονῆες,</l>
                    <l n="272">ἀλλʼ ὑπὸ μητρυιῇ βίοτον βαρὺν ἡγηλάζει·</l>
                    <l n="273">καί ἑ νέον πολέεσσιν ὀνείδεσιν ἐστυφέλιξεν,</l>
                    <l n="274">τῇ δέ τʼ ὀδυρομένῃ δέδεται κέαρ ἔνδοθεν ἄτῃ,</l>
                    <l n="275">οὐδʼ ἔχει ἐκφλύξαι τόσσον γόον, ὅσσον ὀρεχθεῖ·</l>
                    <l n="276">ὧς ἀδινὸν κλαίεσκεν ἑὸν παῖδʼ ἀγκὰς ἔχουσα</l>
                    <l n="277">Ἀλκιμέδη, καὶ τοῖον ἔπος φάτο κηδοσύνῃσιν·</l>
                    <l rend="displayNumAndIndent">‘αἴθʼ ὄφελον κεῖνʼ ἦμαρ, ὅτʼ ἐξειπόντος ἄκουσα</l>
                    <l n="278">δειλὴ ἐγὼ Πελίαο κακὴν βασιλῆος ἐφετμήν,</l>
                    <l n="280">αὐτίκʼ ἀπὸ ψυχὴν μεθέμεν, κηδέων τε λαθέσθαι,</l>
                    <l n="281">ὄφρʼ αὐτός με τεῇσι φίλαις ταρχύσαο χερσίν,</l>
                    <l n="282">τέκνον ἐμόν· τὸ γὰρ οἶον ἔην ἔτι λοιπὸν ἐέλδωρ</l>
                    <l n="283">ἐκ σέθεν, ἄλλα δὲ πάντα πάλαι θρεπτήρια πέσσω.</l>
                    <l n="284">νῦν γε μὲν ἡ τὸ πάροιθεν Ἀχαιιάδεσσιν ἀγητὴ</l>
                    <l n="285">δμωὶς ὅπως κενεοῖσι λελείψομαι ἐν μεγάροισιν,</l>
                    <l n="286">σεῖο πόθῳ μινύθουσα δυσάμμορος, ᾧ ἔπι πολλὴν</l>
                    <l n="287">ἀγλαΐην καὶ κῦδος ἔχον πάρος, ᾧ ἔπι μούνῳ</l>
                    <l n="288">μίτρην πρῶτον ἔλυσα καὶ ὕστατον. ἔξοχα γάρ μοι</l>
                </div>
            </div>
        </body>
    </text>
</TEI>
