<?xml version="1.0" encoding="UTF-8"?>
<ti:work xmlns:ti="http://chs.harvard.edu/xmlns/cts" groupUrn="urn:cts:greekLit:tlg0006" projid="greekLit:tlg005" urn="urn:cts:greekLit:tlg0006.tlg005" xml:lang="grc">
      
   <ti:title xml:lang="eng">Hippolytus</ti:title>
      
   <ti:translation projid="greekLit:perseus-eng1" urn="urn:cts:greekLit:tlg0006.tlg005.perseus-eng1" xml:lang="eng" workUrn="urn:cts:greekLit:tlg0006.tlg005">
        
      <ti:label xml:lang="eng">Hippolytus</ti:label>
        
      <ti:description xml:lang="eng">Perseus:bib:oclc,32167765, Perseus:bib:isbn,0674995333,
          Euripides. Euripides, with an English translation by David Kovacs. Cambridge. Harvard
          University Press. forthcoming.</ti:description>
        
      <ti:memberof collection="Perseus:collection:Greco-Roman-protected"/>
      
   </ti:translation>
    
</ti:work>