<?xml version="1.0" encoding="UTF-8"?>
<?xml-model href="http://www.stoa.org/epidoc/schema/latest/tei-epidoc.rng" schematypens="http://relaxng.org/ns/structure/1.0"?>
<TEI xmlns="http://www.tei-c.org/ns/1.0">
    <teiHeader>
        <fileDesc>
            <titleStmt><title>De morborum temporibus</title>
                <author>Galen</author>
                <editor>Karl Gottlob Kühn</editor>
                <funder>Andrew W. Mellon Foundation</funder>
                <respStmt>
          <resp>Published original versions of the electronic texts</resp>
          <orgName ref="http://www.graeco-arabic-studies.org/">A Digital Corpus for Graeco-Arabic Studies, funded by the Andrew W. Mellon Foundation</orgName>
          <persName>Mark Schiefsky, Harvard University</persName>
          <persName>Gregory R. Crane, Universität Leipzig</persName>
          <persName>Uwe Vagelpohl, University of Warwick</persName>
        </respStmt>
        <respStmt>
          <resp>Keyboarding</resp>
          <orgName xml:id="DDD">Digital Divide Data</orgName>
        </respStmt>
        <respStmt>
          <resp>Editor-in-Chief, Perseus Digital Library</resp>
          <persName>Gregory R. Crane</persName>
        </respStmt>
        <respStmt>
          <resp>Project Manager (University of Leipzig), 2016 - present</resp>
          <persName>Matt Munson</persName>
        </respStmt>
        <respStmt>
          <resp>Project Assistant (University of Leipzig), 2015 - present</resp>
          <persName>Annette Geßner</persName>
        </respStmt>
        <respStmt>
          <resp>Lead Developer (University of Leipzig)</resp>
          <persName>Thibault Clérice</persName>
        </respStmt>
        <respStmt>
          <resp>Technical Advisor</resp>
          <persName>Bruce Robertson</persName>
        </respStmt>
      </titleStmt>
      <publicationStmt>
                <authority>A Digital Corpus for Graeco-Arabic Studies, funded by the Andrew W.
                    Mellon Foundation</authority>
                <publisher>University of Leipzig</publisher>
                <pubPlace>Germany</pubPlace>
                <idno type="filename">tlg0057.tlg046.1st1K-grc1.xml</idno>
                <availability>
                    <licence target="https://creativecommons.org/licenses/by-sa/4.0/">Available
                        under a Creative Commons Attribution-ShareAlike 4.0 International
                        License</licence>
                </availability>
                <date>2016</date>
            </publicationStmt>
            <sourceDesc>
                <biblStruct>
                    <monogr>
                        <title>Claudii Galeni Opera Omnia</title>
                        <author>Galen</author>
                        <editor>Karl Gottlob Kühn</editor>
                        <imprint>
                            <publisher>Cnobloch</publisher>
                            <pubPlace>Lipsiae</pubPlace>
                            <biblScope unit="vol">7</biblScope>
                            <biblScope unit="pp" from="406" to="439">406-439</biblScope>
                            <date>1824</date>
                        </imprint>
                    </monogr>
                    <ref target="https://catalog.hathitrust.org/Record/009723957">HathiTrust</ref>
                </biblStruct>
            </sourceDesc>
        </fileDesc>
        <encodingDesc>
            <p>The following text is encoded in accordance with EpiDoc standards and with the
                CTS/CITE Architecture.</p>
            <refsDecl n="CTS">
                <cRefPattern matchPattern="(.+)" n="chapter" replacementPattern="#xpath(/tei:TEI/tei:text/tei:body/tei:div/tei:div[@n='$1'])"/>
            </refsDecl>
        </encodingDesc>
        <profileDesc>
            <langUsage>
                <language ident="greek">Greek</language>
            </langUsage>
        </profileDesc>
    </teiHeader>
    <text>
        <body>

            <div type="edition" xml:lang="grc" n="urn:cts:greekLit:tlg0057.tlg046.1st1K-grc1">
                <pb n="406"/>

                <div type="textpart" subtype="chapter" n="1">
                    <head>ΓΑΛΗΝΟΥ ΠΕΡΙ ΤΩΝ ΕΝ ΤΑΙΣ ΝΟΣΟΙΣ <lb/>ΚΑΙΡΩΝ ΒΙΒΛΙΟΝ.</head>
                    <p>Οἷόν τι τοῖς ζώοις ἐστὶν ἡ κατὰ τὰς ἡλικίας <lb/>διαφορὰ, τοιοῦτον τοῖς
                        νοσήμασιν οὓς ὀνομάζουσι καιρούς. <lb/>οὔτε γὰρ ὁ χρόνος ἁπλῶς δηλοῦται διὰ
                        τῆσδε τῆς <lb/>προσηγορίας, οὔθ’ ὁ προσήκων χρόνος, ὑπὲρ οὗ καὶ τὰ βοηθήματα
                        <lb/>σκοπούμεθα· μόνη δὲ ἡ τῶν νοσημάτων, ὡς εἴρηται, <lb/>ἡλικία, χρόνων
                        ἀμοιβαῖς ὑπαλλαττομένη, καθάπερ καὶ <lb/>τὸ ζῶον ταῖς ἡλικίαις. ἔοικε δὲ καὶ
                        τοῦτο τοῖς φθαρτοῖς <lb/>σώμασιν ὑπάρχειν πᾶσι, τοῖς μὲν μᾶλλον, τοῖς δὲ
                        ἧττον, ὡς <lb/>εἴ γε διαπαντὸς ἔμεινεν αὐτῶν ἀπαράλλακτος καὶ ἄτρεπτος <pb n="407"/> ἡ φύσις, τὴν οὐσίαν τὴν ἑαυτῆς φυλάττουσα, οὐκ ἂν ἐφθείρετο.
                        <lb/>καθάπερ οὖν καὶ ἡμεῖς αὐτοὶ γεννηθέντες αὐξανόμεθα <lb/>μέχρι τῆς
                        ἀκμῆς, εἶτ’ ἐντεῦθεν ἀρξάμενοι φθίνειν ἕως ἐσχάτου <lb/>τέλους ἀφικνούμεθα
                        φθορᾶς, ὅσοι πάσας διεξέρχεσθαι <lb/>μέλλομεν τὰς ἡλικίας, τὸν αὐτὸν τρόπον
                        καὶ τῶν ἀῤῥωστημάτων <lb/>ἕκαστον μετὰ τὴν πρώτην σύστασιν τῆς γενέσεως
                        αὐτῶν <lb/>ὁδῷ τῇ ἐπὶ τὸ μεῖζον παραυξήσει χρώμενον μέχρι τῆς <lb/>ἀκμῆς
                        ἵεται, ἕως ἀνάλογον τῆς πρόσθεν αὐξήσεως μειούμενον <lb/>εἰς παντελῆ
                        διάλυσιν ἐλθεῖν. τάχα δ’ ἂν ἴσως δόξειε <lb/>ταύτῃ μόνον διαφέρειν ἡ τῶν
                        νοσημάτων κατὰ χρόνον ἐξαλλαγὴ <lb/>τῆς κατὰ τὰ ζῶα ἡλικίας, ὅτι τοῖς μὲν
                        ζώοις ἴδιός <lb/>ἐστιν ὁ χρόνος τῆς γεννήσεως, ἐν ᾧ διαπλάττεται πάντα τὰ
                        <lb/>μόρια τὰ πρὸς τὴν ζωὴν ἀναγκαῖα, τῶν νοσημάτων δὲ οὐδείς <lb/>ἐστι
                        χρόνος τοιοῦτος ἴδιος, ἀλλ’ εὐθὺς ἀπὸ τῆς πρώτης εἰσβολῆς <lb/>αὐξάνεται.
                        καὶ τοῦτ’ εἰκότως γίγνεται· τὰ μὲν γὰρ ζῶα <lb/>σώματά ἐστι, τὰ δὲ νοσήματα
                        τοῖς σώμασι συμβεβηκότα. <lb/>διάπλασιν μὲν οὖν καὶ γένεσιν ἐπιζητεῖ ἡ τῶν
                        σωμάτων ἰδιότης, <lb/>τὰ συμβαίνοντα δ’ αὐτοῖς, ἅτε μηδεμιᾶς διαπλάσεως
                        <lb/>δεόμενα, κατὰ τὴν πρώτην εἰσβολὴν εὐθέως ἅμα τὴν γένεσιν <pb n="408"/>
                        ἔχει καὶ πρὸς τὴν αὔξησιν ἐπείγεται. τίς γὰρ ἂν εἴη φλεγμονῆς <lb/>γένεσις,
                        ὁποία ζώου κυουμένου διάπλασις; <milestone unit="ed2page" n="293"/>ἢ
                        <lb/>τίς ἐρυσιπέλατος, ἢ τίς εἰ οὕτως ἔτυχε πυρετοῦ; φαίνεται γὰρ
                        <lb/>ἕκαστον τούτων εὐθὺς ἅμα τῷ πρῶτον ἄρξασθαι τοιοῦτον <lb/>ὑπάρχον τὴν
                        ἰδέαν, ὁποῖόν ἐστι τὸ μέγιστον ἐν ταὐτῷ γένει, <lb/>λειπόμενον δ’ ἐκείνου
                        μόνον τῷ μεγέθει. θερμότερον γοῦν <lb/>ἑαυτοῦ σὺν ὄγκῳ μείζονι μετ’ ὀδύνης
                        τε ἅμα καὶ τάσεως <lb/>γίνεται τὸ φλεγμαῖνον· ἀλλὰ ταῦτα κατὰ μὲν τὴν
                        εἰσβολὴν <lb/>μικρὰ, τοὐντεῦθεν αὐξάνεται μέχρι τινὸς μεγέθους, οὐκ
                        <lb/>ἴσου πᾶσιν, ὅθεν ἐφεξῆς ἤτοι διεφορήθη τοῖς βοηθήμασιν <lb/>ὁ παρὰ
                        φύσιν ὄγκος ἅμα τῷ καὶ τὴν ὀδύνην αὐτῷ καὶ τὴν <lb/>θερμότητα
                        συναποπαύεσθαι, ἢ μετέβαλεν εἰς πῦον. αὗται <lb/>γὰρ αἱ τῆς φλεγμονῆς
                        λύσεις, ἄν γε μέλλῃ λύεσθαι· περὶ τούτων <lb/>γὰρ ἡμῖν ὁ λόγος ἔστω
                        πρότερον, ἀναβεβλημένης κατὰ <lb/>τὸ παρὸν εἰς ὕστερον τῆς περὶ τῶν μὴ
                        λυομένων νοσημάτων <lb/>ἐπισκέψεως. χρόνος οὖν οὐδείς ἐστιν ἴδιος ἐξαίρετος
                        ἀποτεταγμένος <lb/>τῇ γενέσει τῆς φλεγμονῆς, ἕτερος τοῦ τῆς αὐξήσεως,
                        <lb/>ἀλλ’ εἷς ὁ σύμπας, ἀπὸ τῆς πρώτης εἰσβολῆς ἄχρι τῆς ἀκμῆς <pb n="409"/>
                        αὐξανομένου τοῦ πάθους. οὕτω δ’ ἔχει καὶ περὶ τῶν ἐρυσιπελάτων <lb/>ἁπάντων
                        τε τῶν ἄλλων. καὶ γὰρ καὶ ὁ πυρετὸς <lb/>ἐν γένει μὲν, οἶμαι, τῆς παρὰ φύσιν
                        ἐστὶ θερμασίας· ταύτης <lb/>δὲ οὐκ ἀποτέτμηται ὁ χρόνος ἴδιος τῆς γενέσεως,
                        ἀλλ’ ἐπειδὰν <lb/>πρῶτον ἄρξηται τὸ σῶμα θερμότερον ἑαυτοῦ γίνεσθαι
                        πυρετώδει <lb/>θερμασίᾳ, τοὐντεῦθεν ἕτερος ἐφ’ ἑτέρῳ καιρὸς ἐκδέχεται
                        <lb/>τὴν αὔξησιν τοῦ πάθους, ἄχρι τῆς παντελοῦς ἀκμῆς, ἣν <lb/>ἐν ἑκάστῳ τῶν
                        ὄντων ἔσχατον τὸ μέγεθος εἶναι νοοῦμεν. </p>
                </div>
                <div type="textpart" subtype="chapter" n="2">
                    <p>Οὗτος ὁ λόγος ἐπιεικής ἐστι καὶ δεῖταί τινος <lb/>ἀγωνιστοῦ γενναίου πρὸς τὴν
                        ἀπάντησιν, ὃς ἐπιδείξει <lb/>ταῖς ἀρχαῖς τῶν νοσημάτων εἶδος ἴδιον ὑπάρχειν
                        ὥσπερ τοῖς <lb/>ζώοις διαπλαττομένοις, ἀνακείμενόν τε τούτῳ τὸν πρῶτον
                        <lb/>χρόνον ὅροις οἰκείοις περιγραφόμενον. ἐφ’ ὧν ἐστελ<milestone unit="ed1page" n="380"/>λόμην <lb/>ἂν ἤδη διδάσκων ἃ γινώσκω, εἰ μή με
                        κατά τινα δὴ τύχην <lb/>ἐν τῷδε τοῦ λόγου γενόμενον ὑπῆλθεν ἡ Ἀρχιγένους
                        διαίρεσις, <lb/>ὃς εἰς τοὺς πρώτους τε καὶ μεγίστους καιροὺς διαιρῶν <lb/>τὰ
                        νοσήματα μετὰ τὴν ἀρχὴν εὐθέως ἀκμὴν τάττει, τὸν μεταξὺ <lb/>καιρὸν
                        καταλιπὼν τὴν ἀνάβασιν. ὅπου γὰρ οὐκ εἶναι <pb n="410"/> δοκεῖ καιρὸς ἴδιος
                        τῆς ἀρχῆς ὅλης, ἀλλ’ ἀπὸ τῆς πρώτης εἰσβολῆς <lb/>ἄχρι τῆς ἀκμῆς, τὸ μεταξὺ
                        πᾶν ἐπίδοσις ᾖ, πῶς γε συγχωρήσειεν <lb/>ἄν τις Ἀρχιγένει τὸ μὲν
                        ὁμολογούμενον ὑπερβαίνοντι, <lb/>τὸ δ’ ἀμφισβητούμενον ὡς ὁμολογούμενον
                        ἑτοίμως <lb/>τιθεμένῳ; οὕτως μὲν οὖν φαίνεται προδιδοὺς ἐσχάτως τὸν
                        <lb/>λόγον, ἀγῶνος μεγάλου δεόμενον εἰς τὸ δεῖξαι τὴν ἀρχὴν τοῦ
                        <lb/>νοσήματος ἴδιον ἔχουσαν τύπον, οὐ σμικρότητι μόνον τῶν <lb/>ἐφεξῆς αὐτῇ
                        διαφέρουσαν· ἡμεῖς δὲ ἐπιχειρήσομεν ἤδη δεικνύειν <lb/>διαλλάττουσαν ἰδέᾳ
                        τινὶ τὴν ἀρχὴν τοῦ νοσήματος <lb/>τῆς μετ’ αὐτὴν ἀναβάσεως. ἡ δ’ ἀρχὴ τοῦ
                        λόγου τὴν ἀνάμνησιν <lb/>ἕξει ἐκ τῶν φαινομένων ἐναργῶς ἅπασιν ἡμῖν ἐπὶ
                        πολλῶν <lb/>νοσημάτων. ὅθενπερ, οἶμαι, καὶ κινηθέντες ἰατροὶ <lb/>σχεδὸν
                        ἅπαντες οἱ πρὸ Ἀρχιγένους ἀρχήν τινα λέγουσιν <lb/>ἑκάστου νοσήματος, οὐ τὴν
                        πρώτην εἰσβολὴν ἐκείνην μόνην <lb/>τὴν ἀπλατῆ, μῆκος δέ τι χρόνου καὶ πλάτος
                        αὐτῇ προσγράφουσιν <lb/>ἀξιόλογον ἔστιν ὅτε, καὶ μετὰ ταύτην τὴν ἀνάβασιν, <lb/>
                        <milestone unit="ed2page" n="294"/>εἶτ’ ἀκμὴν, ἐφ’ ᾗ δηλονότι τὴν καλουμένην
                        παρακμήν. <lb/>ἐθεασάμεθα γοῦν ἐνίους ἐν τῷ πράττειν ὁτιοῦν ﻿<pb n="411"/>
                        τῶν κατὰ τὸν βίον ἀτρέμα φρίξαντας τὸ πρῶτον, εἶτ’ αὖθίς <lb/>τε καὶ αὖθις
                        ἀνωμαλίας τέ τινος ἰσχυροτέρας, καὶ φρίκης <lb/>ἀξιολογωτέρας αἰσθανομένους,
                        ὡς μήτε πράττειν μήθ’ ὑπομένειν <lb/>ἃ πρότερον ἀμέμπτως ἔπραττον, ἀλλὰ καὶ
                        κατακλιθῆναί <lb/>τε καὶ δεῖσθαι σκεπασμάτων, καὶ τοῦτο παθόντας <lb/>ἐνίους
                        μὲν ὥραις τρισὶν, ἐνίους δὲ ἐλάττοσιν, ἢ πλείοσιν· <lb/>ἐντεῦθεν δ’ ἄρξασθαι
                        θερμασίας ἀηδοῦς τε καὶ παρὰ φύσιν <lb/>αἰσθάνεσθαι ταύτης κατ’ ὀλίγον
                        αὐξανομένης. ἐν αὐτοῖς <lb/>γὰρ τούτοις ἐναργῶς ὁρᾶται διαφέρουσα κατ’ ἰδέαν
                        ἐξαίρετον <lb/>ἡ ἀρχὴ τοῦ παροξυσμοῦ τῆς ἐπιδόσεως. εὔδηλον δὲ ὅτι τὴν
                        <lb/>αὔξησιν ἐπίδοσιν ὀνομάζουσιν ἔνιοι, καθάπερ ἄλλοι τινὲς <lb/>ἀνάβασιν·
                        ἡμεῖς δ’ ἅπασι τοῖς ὀνόμασιν, ὡς ἂν ἐπέλθῃ, <lb/>χρησόμεθα· δηλοῖ γὰρ ἓν
                        πρᾶγμα πάντα. τοῦτο οὖν τὸ <lb/>πρᾶγμα, ὃ τρισὶν ὀνόμασι προσαγορεύεται,
                        ἵσταταί ποτε καὶ <lb/>παύεται τῆς αὐξήσεως, καὶ φαίνεται διαμένον ἶσον ἑαυτῷ
                        <lb/>κατά τινα χρόνον, ἤτοι μακρότερον, ἢ βραχύτερον· εἶτ’ ἐντεῦθεν
                        <lb/>ἔλαττον ἑαυτοῦ γινόμενον, ἤτοι διὰ ταχέων, ἢ χρόνῳ <lb/>πλείονι· καὶ
                        ποτὲ μὲν εἰς ἀπυρεξίαν ἡ τοῦ πυρέξαντος οὕτως <pb n="412"/> φαίνεται
                        ἐπανερχομένη διάθεσις, ἔστι δ’ ὅτε ὑπὸ τῆς εἰσβολῆς <lb/>δευτέρου παροξυσμοῦ
                        καταλαμβανομένη τὴν αὐτὴν ἰδέαν <lb/>ἔχοντος τῇ προειρημένῃ. καὶ πάντως γ’
                        ἔστιν ὅτε τὰ προειρημένα <lb/>δεύτερον αὖθις ἐπιγίγνεται τῷ νοσοῦντι,
                        πολλάκις <lb/>δ’ ἔστιν ὅτε καὶ τρίτον, καὶ τέταρτον, καὶ πέμπτον δὲ,
                        <lb/>περιερχομένης τῆς νόσου κατά τινα κύκλον ἐκ τῶν αὐτῶν <lb/>ἐπὶ τὰ αὐτὰ
                        διὰ τῆς αὐτῆς τάξεως. ὀνομάζουσι δὲ τὸν τοιοῦτον <lb/>κύκλον ἕκαστοι οἱ
                        ἰατροὶ περίοδον. ἔνιοι μὲν οὖν <lb/>αὐτῶν ἐν τέτταρσι καὶ εἴκοσιν ὥραις
                        περιγράφονται, καὶ καλοῦσιν <lb/>αὐτὰς ἀμφημερινάς· ἔνιαι δὲ ἐν ὀκτὼ καὶ
                        τετταράκοντα, <lb/>τουτέστιν ἐν δυσὶν ἡμέραις καὶ νυξὶν, ἃς ὀνομάζουσι
                        <lb/>τριταίων πυρετῶν περιόδους· ἑτέρας δέ τινας ἑβδομήκοντα <lb/>καὶ δυοῖν
                        ὡρῶν περιγράφει χρόνος, ὧν τοὺς μὲν πυρετοὺς <lb/>αὐτοὺς ὀνομάζουσι
                        τεταρταίους, τὸν κύκλον δ’ ὅλον, ὃς <lb/>ἐπανέρχεται εἰς τὴν μίαν ἀρχὴν,
                        τεταρταίαν περίοδον· οὕτω <lb/>δὲ καὶ τριταίαν περίοδον ἅμα τριταίῳ πυρετῷ,
                        καὶ τὴν ἀμφημερινὴν <lb/>ἑκάστης ἡμέρας ἐπανακυκλοῦσαν ἅμα τοῖς ἀμφημερινοῖς
                        <lb/>πυρετοῖς· ἀλλ’ αἵ γε περίοδοι πᾶσαι ποτὲ μὲν εἰς ἀπυρεξίαν
                        <lb/>ἀφικνοῦνται, καθάπερ ἐν τοῖς προειρημένοις πυρετοῖς, <pb n="413"/>
                        ἀμφημερινῷ καὶ τριταίῳ καὶ τεταρταίῳ· ποτὲ δὲ εἰς παρακμὴν <lb/>μόνον, ἤτοι
                        πλησίον ἀπυρεξίας ἥκουσαν, ἢ καὶ <lb/>ποῤῥωτέρω. </p>
                </div>
                <div type="textpart" subtype="chapter" n="3">
                    <p>Παραδείγματος οὖν ἕνεκεν ἐπὶ τριταίου <lb/>πυρετοῦ πρῶτον ἡμῖν ὁ λόγος
                        γινέσθω. φρίκη μετρία τῶν <lb/>τοιούτων πυρετῶν ἄρχεται, εἶτ’ ἄκρων ψύξις
                        ἅμα φρίκαις <lb/>μείζοσιν, εἶτ’ ἤδη καὶ ῥιγοῦσι καὶ ψύχονται τὰ πλεῖστα τοῦ
                        <lb/>σώματος. ὁ δὲ σφυγμὸς αὐτῶν ἐν τῷδε τῷ καιρῷ σκληρότερός <lb/>τε καὶ
                        μικρότερος γίνεται τοῦ πρόσθεν, ὠκύτερός τε σαφῶς <lb/>κατὰ τὴν συστολὴν,
                        τοῖς εἰδόσιν αἰσθάνεσθαι συστολῆς· <lb/>ὡς ἥ γε διαστολὴ τὰ πολλὰ μὲν ἑαυτῆς
                        βραδυτέρα, καὶ μάλιστα <lb/>κατὰ τὴν εἰσβολὴν, ἐνίοτε δ’ ἄν σοι δόξειεν
                        ὁμοία διαμένειν <lb/>τῇ προϋπαρχούσῃ καταστάσει. καὶ μὲν δὴ καὶ τῶν
                        <lb/>ἠρεμιῶν ἡ μὲν ἐπὶ τῇ συστολῇ μακροτέρα πώς ἐστιν· ἡ δ’ <lb/>ἐπὶ τῇ
                        διαστολῇ κατὰ τὸν αὐτὸν ἐκείνῃ τρόπον ὡς τὰ πολλὰ <lb/>μὲν ἴση τῇ πρόσθεν,
                        ἔστι δὲ <milestone unit="ed2page" n="295"/>ὅτε οὐκ ἴση. ταῦτα <lb/>ἐνίοις
                        μὲν ὥραις γίνεσθαι πέφυκεν ἰσημεριναῖς δυσὶ, τισὶ δὲ <lb/>ἤτοι πλείοσιν
                        αὐτῶν, ἢ ἐλάττοσιν· εἶθ’ ὁ σφυγμὸς, ἀρξάμενος <pb n="414"/> μείζων θ’ ἅμα
                        καὶ θάττων καὶ πυκνότερος γίγνεσθαι, κατὰ <lb/>βραχὺ προστίθησιν ἑκάστῳ τῶν
                        εἰρημένων. εὐθὺς δὲ καὶ <lb/>θερμότεροι σφῶν αὐτῶν ἀποτελοῦνται σὺν ταῖς
                        εἰρημέναις τοῦ <lb/>σφυγμοῦ μεταβολαῖς, ὥστ’ ἔνιοι πολλῆς αἰσθάνονται
                        θερμασίας <lb/>ἔνδον, ἔτι κατεψυγμένοι τὰ κῶλα, καὶ τὸ σύμπαν εἰπεῖν
                        <lb/>ἀνωμαλία τις ἐπικρατεῖ κατὰ τοῦτον τὸν χρόνον οὐ σμικρὰ <lb/>περὶ τὸ
                        σῶμα· δεύτερος οὗτος ὁ χρόνος ἐκείνου τοῦ πρώτου, <lb/>καθ’ ὃν ἐκ τῆς
                        πρόσθεν καταστάσεως ἐψύχθη μὲν ὅλον τὸ <lb/>σῶμα, τοῦ σφυγμοῦ δ’ ἡ
                        μετάπτωσις εἰς τἀναντία τοῖς πρόσθεν <lb/>ἐγένετο. κατὰ μέν γε τὴν
                        ἀπυρεξίαν, ἥτις ἡμῖν καλείσθω <lb/>διάλειμμα, διότι καὶ ὁ Ἱπποκράτης οὕτως
                        ὠνόμασιν, ὁ <lb/>σφυγμὸς ἐν τῇ κατὰ φύσιν ἐστὶν ὡς πρὸς τὴν ἡμετέραν
                        αἴσθησιν <lb/>καταστάσει, τοιοῦτον δὲ τὸ κάλλιστον διάλειμμα, μεταβάλλει
                        <lb/>γὰρ ἐξαίφνης εἰς τὰς εἰρημένας ὀλίγον ἔμπροσθεν <lb/>διαφορὰς ἅμα τῷ
                        κατεψύχθαι τὸ ζῶον, εἶτ’ αὖθις εἰς τἀναντία <lb/>τρέπεται μετὰ τοῦ
                        θερμαίνεσθαι. πρῶτος οὖν χρόνος <lb/>ἐναργῶς ἐστι τῆς ὅλης περιόδου, καθ’ ὃν
                        ἐψύχθη τὸ σῶμα <lb/>σὺν ταῖς εἰρημέναις τοῦ σφυγμοῦ μεταβολαῖς, ἤτοι ἐξ
                        ὑγείας, <pb n="415"/> ἢ ἐκ διαλείμματος εἰς τοῦτο ἀφικόμενος· ἕτερος δ’ ἐπὶ
                        τούτῳ <lb/>δεύτερος, ὁ τῆς εἰς τὰ ἐναντία μεταβολῆς τῶν τε σφυγμῶν <lb/>καὶ
                        τῆς θερμασίας, ἄχρι περ ἂν ὁμαλῶς γένηται θερμὸς ὁ <lb/>σύμπας ὄγκος τοῦ
                        σώματος· εἶτ’ ἐπ’ αὐτῷ τρίτος, αὐξανομένης <lb/>μὲν ἔτι τῆς θερμασίας,
                        ἀνάλογον δ’ αὐτῇ καὶ τῶν <lb/>σφυγμῶν ἐπιδιδόντων εἰς μέγεθος καὶ τάχος καὶ
                        πυκνότητα· <lb/>τετάρτη δὲ κατάστασις ἐπὶ ταῖς εἰρημέναις τρισὶν ὁρᾶται, τῶν
                        <lb/>εἰρημένων ἁπάντων ἴσον ἑαυτοῖς φυλαττόντων τὸ μέγεθος, <lb/>ὡς πρὸς τὴν
                        ἡμετέραν αἴσθησιν· εἶτ’ ἐντεῦθεν ἄλλος πέμπτος, <lb/>ὅταν ἤδη μὲν ἐλάττων ἡ
                        θερμασία γίνηται σαφῶς, ἀτμὸς δὲ <lb/>ἐκκρίνηται διὰ τοῦ δέρματος, ὁ σφυγμὸς
                        δὲ ἐπὶ τὴν κατὰ φύσιν <lb/>ἐπανέρχηται κατάστασιν, ἀποτιθέμενος ἃ παρὰ φύσιν
                        <lb/>ἐπεκτήσατο πάντα, μεγέθους τε πέρι καὶ ταχυτῆτος καὶ <lb/>πυκνότητος.
                        ἐν τούτῳ τῷ χρόνῳ καὶ ἱδρὼς τοῖς πλείστοις αὐτῶν <lb/>γίνεται, καὶ μετὰ
                        τοῦτον ὁ τοῦ διαλείμματος ἀφικνεῖται <lb/>χρόνος, ἕκτος ἐπὶ τοῖς εἰρημένοις.
                        οὐδὲν δὲ τούτων ὑπόθεσίς <lb/>ἐστιν ἀδήλου πράγματος, ἀλλ’ ἐναρ<milestone unit="ed1page" n="381"/>γῶς ὁσημέραι σχεδὸν <lb/>ἅπασι τοῖς πυρέττουσι
                        τριταῖον πυρετὸν οὕτω φαίνεται γιγνόμενον· <lb/>καὶ χρὴ προσθεῖναι τῷ λόγῳ
                        τὸ πρὸς Ἱπποκράτους ﻿<pb n="416"/> εἰρημένον, ὡς μέχρι μὲν τούτου καὶ μὴ
                        ἰατρὸς ἂν δύναιτο γινώσκειν <lb/>ὀρθῶς, εἰ τὰς τοῦ σφυγμοῦ τροπὰς ἐξέλοιμεν
                        τοῦ λόγου. <lb/>περιεργότεραι γὰρ ἢ κατὰ τὸν ἰδιώτην αὗταί εἰσιν, ἡ <lb/>δὲ
                        τῆς θερμασίας μεταβολὴ, κᾂν εἰ μὴ βούλοιντο παρακολουθεῖν <lb/>οἱ πάσχοντες,
                        αὐτὴ κεντρίζειν τε καὶ νύττειν αὐτοὺς πέφυκεν, <lb/>ὡς μὴ λαθεῖν. ἐξηγοῦνται
                        γοῦν πάντες οἱ κάμνοντες <lb/>οὕτως, ἐξαίφνης μὲν αὐτοῖς ἤτοι γ’ ἀνωμαλίαν ἢ
                        φρίκην διαδραμεῖν, <lb/>εἶτ’ ἐντεῦθεν ἅμα καταψύξει τῶν ἀκραίων ἐπιτείνεσθαι
                        <lb/>τὰς φρίκας, ἀκολουθῆσαι δὲ αὐταῖς τὸ ῥῖγος· εἶτ’ αὖθις <lb/>τοῦ μὲν
                        ῥίγους γενέσθαι ποτὲ καὶ παῦλαν, ἐκλύεσθαι δὲ τὴν <lb/>περίψυξιν τῶν ἄκρων,
                        αἴσθησιν δὲ φλογώσεως ἔνδον εἶναι καὶ <lb/>δίψος· ἐπὶ δὲ τούτοις αὖθις
                        οἴχεσθαι μὲν ἅπασαν ἀνωμαλίαν, <lb/>ὁμαλῶς δὲ καίεσθαι τὸ σύμπαν σῶμα, καὶ
                        τοῦτο ἀεὶ καὶ μᾶλλον <lb/>αὐτοῖς γίνεσθαι, καὶ στῆναί γέ ποτε καὶ μεῖναι τὴν
                        θερμασίαν <lb/>ὁμοίαν ἑαυτῇ· εἶθ’ ὕστερον αἴσθησιν αὐτοῖς ἐκλυομένης
                        <lb/>γενέσθαι, καὶ τοῦτο μέχρι τῆς καταστάσεως ἐκείνης μὴ παύεσθαι
                        <lb/>γινόμενον, ἐν ᾗ πρῶτον ᾔσθοντο μηκέτι πυρουμένων αὐτῶν. <lb/>ἐπὶ μὲν
                        οὖν τῶν τριταίων πυρετῶν αἱ κατὰ μέρος διαφοραὶ <pb n="417"/> τῆς περιόδου
                        τοιαῦταί τινες ὑπάρχουσιν· ἐπ’ ἄλλων δὲ ἄλλαι <lb/>διαφοραὶ πυρετῶν εἰσιν,
                        ὑπὲρ ὧν ἐφεξῆς ἐρῶ. </p>
                </div>
                <div type="textpart" subtype="chapter" n="4">
                    <p>
                        <milestone unit="ed2page" n="296"/>Νυνὶ δὲ ἐπὶ τούτου πρῶτον, οὗ <lb/>πρῶτον
                        παρεθέμην, ὁ λόγος ἐξεταζέσθω. πρῶτος οὖν ἦν <lb/>καιρὸς ὁ συνάπτων τῇ
                        ἀπυρεξίᾳ, ψύξεως αἴσθησιν παρέχων, <lb/>ὃν ἀρχὴν ὠνομάσαμεν· δεύτερος ὁ
                        ἀποτιθέμενος τὴν ψύξιν, <lb/>ὡς εἴρηται, κατὰ βραχὺ, καὶ καλείσθω συντόμου
                        διδασκαλίας <lb/>ἕνεκεν ἀνωμαλίας καιρός· εἶτ’ ἐπ’ αὐτῷ τρίτος ὁ τῆς
                        <lb/>ὁμαλοῦς αὐξήσεως. ἐφ’ ᾗ τέταρτος ὁ τῆς στάσεως, καὶ πέμπτος <lb/>ὁ τῆς
                        μειώσεως· εἶθ’ ἕκτος ὁ τῆς ἀπυρεξίας. ὅτι μὲν <lb/>οὖν ἕξ εἰσιν αἱ εἰρημέναι
                        κανονικαὶ διαφοραὶ κατὰ τὰς τῶν <lb/>τριταίων πυρετῶν περιόδους, αἰσθήσεως
                        δεῖ καὶ μνήμης, οὐκ <lb/>ἀποδείξεως λογικῆς. ἓξ δ’ οὐσῶν αὐτῶν, ὀνόματα
                        συνθέσθαι <lb/>κάλλιον ἕνεκα συντόμου θ’ ἅμα καὶ σαφοῦς δηλώσεως·
                        <lb/>καθάπερ τις νόμος ἐστὶ κοινὸς ἅπασι τοῖς Ἕλλησιν, ὧν μὲν <lb/>ἂν ἔχωμεν
                        ὀνόματα πραγμάτων παρὰ τοῖς πρεσβυτέροις εἰρημένα, <lb/>χρῆσθαι τούτοις· ὧν
                        δ’ οὐκ ἔχομεν, ἤτοι μεταφέρειν <pb n="418"/> ἀπό τινος ὧν ἔχομεν, ἢ ποιεῖν
                        αὐτοὺς κατὰ ἀναλογίαν τινὰ <lb/>τὴν πρὸς τὰ κατωνομασμένα τῶν πραγμάτων, ἢ
                        καὶ καταχρῆσθαι <lb/>τοῖς ἐφ’ ἑτέρων κειμένοις. ἔξεστι μὲν τῷ βουλομένῳ
                        <lb/>μήτε φυλάττειν τὰ συνήθη τοῖς Ἕλλησιν, εἴ που δεήσειε ποιεῖν
                        <lb/>αὐτὸν, εἰς τοὺς εἰρημένους ἀποβλέπειν σκοποὺς, καὶ πολὺ <lb/>τοῦτ’ ἔστι
                        παρὰ τοῖς νεωτέροις ἰατροῖς, ὡς ἂν μὴ παιδευθεῖσι <lb/>τὴν ἐν παισὶ
                        παιδείαν, ὥσπερ οἱ παλαιοί. συγχωρητέον οὖν <lb/>αὐτοῖς ὡς ἂν ἐθέλωσιν
                        ὀνομάζειν, ἐπειδὴ μάχιμοί τ’ εἰσὶ καὶ <lb/>ἀναιδεῖς, καὶ πολλάκις γε
                        χρηστέον τοῖς ὀνόμασιν, ὡς ἂν <lb/>ἐκεῖνοι κελεύωσιν, ὑπὲρ τοῦ φυγεῖν αὐτῶν
                        τὴν γλωσσαλγίαν· <lb/>οὐδὲ γὰρ οὐδὲ βλαβήσονταί τι διὰ τὴν ἐν τοῖς ὀνόμασι
                        παρανομίαν <lb/>οἱ κάμνοντες· ὅταν δὲ ἤτοι κλέπτωσί τινα καιρὸν <lb/>ὅλον
                        ὑπερβαίνοντες, ἢ τοῖς εἰρημένοις ἐπεισάγωσι τὸ μὴ φαινόμενον, <lb/>οὐκ
                        ἐπιτρεπτέον αὐτοῖς, ὡς ἂν εἰς βλάβην ἤδη τῶν <lb/>νοσούντων τῆς τοιαύτης
                        ἁμαρτίας διαφερούσης. ἄμεινον οὖν <lb/>ἐστιν ἐν τῷδε, προδιεσκέφθαι τὰς τῶν
                        σφαλμάτων αἰτίας, <lb/>παρ’ αἷς οἱ πλεῖστοι τῶν ἰατρῶν σφάλλονται, πρὸς τὸ
                        μήτ’ <lb/>αὐτούς τι σφαλῆναι κᾀκείνοις ἐπιδεῖξαι τὴν ἀληθῆ τοῦ <pb n="419"/>
                        πράγματος ὁδὸν, εἰ βουληθεῖεν. ἔνιοι γὰρ αὐτῶν οὕτω πεφύκασιν, <lb/>ὡς μηδ’
                        ἂν τὸν Ἀπόλλωνα αὐτὸν ἢ τὸν Ἀσκληπιὸν <lb/>σχῶσιν ἐπιθυμοῦντάς τε διδάσκειν
                        αὐτοὺς καὶ παρακαλοῦντας, <lb/>ὑπακοῦσαί ποτε καὶ παρασχεῖν δύνασθαι τὰ ὦτα,
                        μήτοι γε δὴ <lb/>καταδέξασθαι τῇ ψυχῇ τὰ λεχθέντα. ἀλλ’ οὐκ ἐκείνοις γε
                        <lb/>ταῦτα γεγράψεται. τοῦτο τοίνυν σφάλματος αὐτῶν αἰτία <lb/>πρώτη καὶ
                        μάλιστ’ ἐστὶν, ἡ τῆς τῶν νοσημάτων διαφορᾶς <lb/>ἄγνοια. τριταῖος μὲν γὰρ,
                        ὡς εἴρηται νῦν, εἴωθε κινεῖσθαί <lb/>τε καὶ τὰς ὥσπερ ἡλικίας αὐτοῦ
                        διανύειν, οὐ μὴν ὁμοίαν γε <lb/>κίνησιν ἔχει πᾶν νόσημα· διόπερ οὔθ’ ἡμεῖς
                        ὀρθῶς, ἃ περὶ <lb/>τριταίων εἰρήκαμεν, ἐπὶ πάντα μετοίσομεν, οὔτ’ ἄλλος τις
                        <lb/>ἀπ’ ἄλλου πάθους ὁρμηθεὶς, ἕνα κοινὸν ἀξιώσει λόγον ἁπάντων
                        <lb/>ὑπάρχειν. αὕτη μὲν οὖν ἡ πρώτη καὶ μεγίστη τῆς ἁμαρτίας <lb/>αὐτῶν
                        αἰτία. </p>
                </div>
                <div type="textpart" subtype="chapter" n="5">
                    <p>
                        <milestone unit="ed2page" n="297"/>Τὰς δ’ ἄλλας ἐφεξῆς ἐρῶ, κατὰ τὴν
                        <lb/>τῆς χρείας τάξιν, ἐπειδὰν πρότερον ὀνόματα θῶ τοῖς εἰρημένοις <lb/>τῆς
                        τριταίας περιόδου καιροῖς. Ἱπποκράτους γοῦν εἰρηκότος· <lb/>οἱ πυρετοὶ
                        ὁκόσοι μὴ διαλείποντες διὰ τρίτης ἰσχυροὶ <pb n="420"/> γίνονται,
                        ἐπικίνδυνοι· ὅτῳ δ’ ἂν τρόπῳ διαλίπωσι, σημαίνει, <lb/>ὅτι ἀκίνδυνοι· τὸ
                        διαλιπεῖν οὐκ ἔστιν ἐπ’ ἄλλου δέξασθαι <lb/>μέρους τῆς περιόδου, τὴν
                        ἀπυρεξίαν ὑπερβάντα. οὐ <lb/>γὰρ δὴ τοῦτό γέ φησιν, ὅτῳ δ’ ἂν τρόπῳ
                        παρακμάζωσιν, οὐ <lb/>γὰρ ἀληθὲς τοῦτο. χείριστος γὰρ πυρετῶν ὑπάρχων ὁ
                        ἡμιτριταῖος, <lb/>ὅμως εἰς παρακμὴν ἀφικνεῖται σαφῆ τοῖς πολλοῖς, <lb/>καὶ
                        ἐν ἄλλοις ἅπασι κατά γε τοῦτο παραπλησίως, ὅτι μὴ τοῖς <lb/>συνόχοις
                        ὠνομασμένοις· οὗτοι γὰρ μόνοι πυρετοὶ οὐκ ἔχουσι <lb/>παρακμὴν αἰσθητὴν,
                        ὥσπερ οὐδὲ τὴν ὅλην περίοδον, οὔτε <lb/>τινα ἄλλην διαφορὰν τῶν
                        προειρημένων, ἀλλ’ οἵαν ἔφαμεν <lb/>εἶναι τῶν τριταίων τὴν ἐπὶ τοῦ μεγέθους
                        ἔν τινι χρόνῳ στάσιν, <lb/>ἐκεῖνοι τοιαύτην ἔχουσιν ὀλίγου δεῖν ἅπασαν αὐτῶν
                        <lb/>τὴν διέξοδον. εἴπερ οὖν, ὡς ἔφην, ἀκίνδυνοι κατά γε τὴν <lb/>ἑαυτῶν
                        φύσιν εἰσὶν οἱ εἰς ἀπυρεξίαν λήγοντες, ὡς ἐν τοῖς περὶ <lb/>αὐτῶν λόγοις
                        ἐπεδείξαμεν, οὐκ ἄλλό τι τὸ διαλιπεῖν Ἱπποκράτης <lb/>ὠνόμασεν, ἢ τὸ λήγειν
                        εἰς ἀπυρεξίαν. ὥστ’ εὐλόγως ἄν <lb/>τις ἑπόμενος τῇ παλαιᾷ συνηθείᾳ
                        διάλειμμα καλέσειεν ἐν ταῖς <lb/>τῶν τριταίων περιόδοις τὸν καιρὸν τῆς
                        ἀπυρεξίας· ὥσπέρ γε ﻿<pb n="421"/> καὶ τὴν ἐπὶ τοῦ μεγίστου μεγέθους στάσιν,
                        ὡς πρὸς τὴν αἴσθησιν <lb/>ἡμῶν τῶν ἁπτομένων, αὐτῶν τε τῶν καμνόντων,
                        <lb/>ἀκμήν. οὕτω γοῦν καὶ ἡ τῶν ἡλικιῶν ἀκμὴ τὸ τελεώτατόν <lb/>ἐστι, καὶ
                        φαίνεται καὶ τούτῳ τῷ ὀνόματι, καθάπερ καὶ τῷ <lb/>διαλείπειν ὁ Ἱπποκράτης
                        χρώμενος. ἀλλὰ καὶ τὸ πρῶτον μέρος <lb/>τῆς περιόδου κατά γε τὴν πρώτην
                        ἡμέραν γενόμενον ἐπὶ <lb/>τῇ μεταπτώσει τοῦ κατὰ φύσιν, ἔν τε τῇ τρίτῃ καὶ
                        τῇ πέμπτῃ <lb/>καὶ ταῖς ἀνάλογον, ὡσαύτως περιοδίζον ἐπὶ τῷ διαλείμματι,
                        <lb/>καλοῦσιν ἀρχὴν, οὐχ Ἱπποκράτης μόνον, ἀλλὰ καὶ <lb/>οἱ ἄλλοι σχεδὸν
                        ἅπαντες ἰατροί. μετὰ δὲ τὴν ἀρχὴν ἐναργῶς <lb/>γνωριζομένην τῇ ψύξει
                        δεύτερος ἦν καιρὸς ὁ τῆς ἀνωμαλίας, <lb/>καὶ τρίτος ὁ τῆς αὐξήσεως, ἄχρι τῆς
                        ἀκμῆς. ἐπικοινωνοῦντας <lb/>δ’ αὐτοὺς ἀλλήλοις οὐκ ἀκριβῶς ἐθεάσαντο πάντες,
                        ἰδέᾳ <lb/>διαφέροντας· ὀνομάζουσί τε τὸ συγκείμενον ἐξ ἀμφοῖν, ὡς <lb/>ἓν
                        ὅλον, οἱ μὲν ἐπίδοσιν, οἱ δ’ αὔξησιν, οἱ δ’ ἀνάβασιν <lb/>παροξυσμοῦ. καὶ
                        μέντοι καὶ λέγουσιν ἀληθές τι· μετὰ <lb/>γὰρ τὸν πρῶτον καιρὸν, ἐν ᾧ
                        καταψύχεται μὲν τὰ ἐκτὸς, <lb/>εἰς δὲ τὸ βάθος ἐναργῶς φαίνεται τὸ αἷμα
                        συῤῥέον, ἕτερός <lb/>ἐστι καιρὸς ὅλος, ὅλῳ τῷδε κατ’ ἀντίθεσιν ὑφιστάμενος,
                            <pb n="422"/>
                        <milestone unit="ed1page" n="382"/>διαμαχομένου μὲν τοῦ θερμοῦ τῇ ψύξει;
                        ἀποτεινομένου <lb/>δὲ πρὸς τὰ ἐκτὸς τοῦ αἵματος. καὶ εἴ γ’ οὕτως αὐτὸν ἕνα
                        <lb/>λέγοιεν, ὡς εἴρηται νῦν, οὐ διοίσει καλεῖν τοῦτον ὅλον τὸν <lb/>καιρὸν
                        ἀνάβασιν· εἰ δ’ οὕτω καλέσαντες, ἄτμητον ἐάσειαν, <lb/>οὐ σμικρὰ βλάψουσι
                        τὴν τέχνην. ὁ γὰρ τῆς ἀνωμαλίας ἐν <lb/>αὐτῷ καιρὸς ὁ πρῶτος ἑτέρων ἔνδειξιν
                        ἔχει βοηθημάτων, <lb/>καὶ οὐ πάντῃ τῶν αὐτῶν τῷ μετ’ αὐτὸν καιρῷ, καθ’ ὃν
                        ὁμαλὴς <lb/>μὲν ἡ τοῦ παντὸς σώματος κατάστασίς ἐστιν, αὔξησις δὲ <lb/>τῶν
                        ὄντων, ἐπὶ τῆς αὐτῆς ἰδέας μενόντων, ἄχρι τῆς ἀκμῆς· <lb/>λοιπὴ δὲ ἡ παρακμὴ
                        καιρὸς εἷς ἐστιν ὅμοιος ἑαυτῷ κατὰ τὴν <lb/>ἰδέαν, ὅτι μὴ <milestone unit="ed2page" n="298"/>τῷ μᾶλλόν τε καὶ ἧττον αὐτὰ τὰ μόρια
                        <lb/>διαφέρει. ἀλλὰ τοῦτό γε καὶ τῷ πρώτῳ καιρῷ τῆς ἀρχῆς, <lb/>καὶ τῷ
                        δευτέρῳ τῷ τῆς ἀνωμαλίας, καὶ ἔτι τῷ τρίτῳ τῆς <lb/>ἀναβάσεως ὑπάρχει. καὶ
                        γὰρ τούτων ἑκάστῳ διαφορά τίς <lb/>ἐστι κατὰ μέρος αἰσθητῶς ὑπαλλαττομένῳ.
                        οὐ γὰρ ὁμοία <lb/>κατὰ πάντα ἐστὶν ἑκάστου τῶν εἰρημένων καιρῶν ἡ ἀρχὴ τῇ
                        <lb/>τελευτῇ, διαφέρουσι δ’ ἀλλήλων τε καὶ τοῦ μέσου καιροῦ σαφῶς. <lb/>ἡ
                        γοῦν ἀρχὴ τοῦ παροξυσμοῦ βραχύ τι τῆς κατὰ φύσιν <pb n="423"/> ἀποκεχώρηκε
                        καταστάσεως, ὥσπερ ἡ τελευτὴ πλεῖστον· ὅπου <lb/>δὲ ταῦτα μεγίσταις
                        διαφοραῖς ἀλλήλων ἀποκεχώρηκε, πάντως <lb/>δή που καὶ μέσος τίς ἐστιν αὐτῶν
                        καιρὸς, πλεῖον μὲν τῆς ἀρχῆς <lb/>ἀπέχων τοῦ κατὰ φύσιν, ἔλαττον δὲ τῆς
                        τελευτῆς. <lb/>οὕτω δὲ καὶ ἡ τῆς ἀνωμαλίας ἀρχὴ μικρόν τι διαλλάττει τῆς
                        <lb/>συναπτούσης αὐτῇ τοῦ πρώτου καιροῦ τελευτῆς, ἐπιπλέον δ’
                        <lb/>ἀφισταμένη, καὶ μέση οὖσα, μεταξύ πως ἥνωται τῇ εἰρημένῃ <lb/>τοῦ
                        πρώτου καιροῦ τελευτῇ καὶ τῇ ἀρχῇ τοῦ τρίτου. κατὰ <lb/>δὲ τὸν αὐτὸν, οἶμαι,
                        λόγον καὶ ὅσα συνάπτει τοῦ δευτέρου <lb/>καιροῦ τοῦδε τῆς ἀνωμαλίας ταῖς
                        ἀρχαῖς τοῦ τρίτου καιροῦ, <lb/>παραπλησίαν ἐκείνοις ἔχει τὴν κατάστασιν.
                        οὕτω δὲ καὶ τοῦ <lb/>τρίτου πάλιν αὐτοῦ καιροῦ τὰ μὲν πρῶτα τῶν ὑστάτων τοῦ
                        <lb/>δευτέρου βραχὺ παραλλάττει, τὰ δ’ ὕστατα παραπλήσιά πώς <lb/>ἐστι τῇ
                        τῆς ἀκμῆς ἰδέᾳ, τὸ μέσον δ’ ἀμφοῖν ἴσον ἑκατέρων <lb/>τῶν ἄκρων ἀφέστηκεν.
                        ὥστ’ οὐδὲν θαυμαστὸν, ὥσπερ τούτων <lb/>ἑκάστου τῶν καιρῶν, οὕτω καὶ τῆς
                        παρακμῆς τὸ μὲν <lb/>ἀρχὴν εἶναι, τὸ δὲ τελευτὴν, τὸ δὲ μεσότητα. καλεῖν δέ
                        γε, <lb/>εἰ βούλοιτό τις, ἕκαστον αὐτῶν ἰδίᾳ προσηγορίᾳ δύναται. <lb/>ἀκούω
                        γοῦν ἑκάστοτε τῶν ἰατρῶν λεγόντων, ἀπέκλινεν <pb n="424"/> ἀρτίως ἡ ἀκμὴ,
                        νῦν ὑφίησι, νῦν ἐνδίδωσι, νῦν ἀνίεται· εἴπερ <lb/>οὖν ταῦτα λέγουσιν, οὐκ
                        ἀδύνατον αὐτοῖς τὰ πρῶτα τῆς <lb/>παρακμῆς ὀνομάζειν ἀπόκλισιν, ἢ ὕφεσιν, ἢ
                        ἔνδοσιν, ἢ ἄνεσιν, <lb/>ἢ καί τινα τούτων, ἢ καὶ πάντα. καὶ μέντοι καὶ τὰ
                        <lb/>μέσα καλεῖν ἔξεστιν ὀνόματι τῶν εἰρημένων ἑνὶ, καὶ τελευταῖα <lb/>κατὰ
                        τὸν αὐτὸν τρόπον· ὥσπερ καὶ ὁ Ἀρχιγένης ἄνεσιν <lb/>ὀνομάζει τὸ τελευταῖον
                        τῆς παρακμῆς. ἀλλ’ ἐκεῖνος φαύλως <lb/>γε πράττει, νομίζων αὐτὴν ἕτερον
                        εἶναι καιρὸν ἰδέᾳ τινὶ διαφέροντα <lb/>τῆς παρακμῆς. ἀμέλει πάντων τῶν μερῶν
                        τῆς ὅλης <lb/>περιόδου τὸ μὲν ἀρχὴν ποιούμενος, τὸ δὲ τελευτὴν, τὸ δὲ
                        <lb/>μέσον· οὕτω καὶ αὐτῆς τῆς ἀνέσεως ποιεῖται τὴν τομὴν, ὡς <lb/>ἰδίου
                        τινὸς ὄντος καιροῦ τῶν κατὰ τὴν πρώτην διαίρεσιν, ὅσοι <lb/>διαφέρουσιν
                        ἀλλήλων ἰδέαις τισὶν, οὐ μόνον τῷ μᾶλλόν τε <lb/>καὶ ἧττον. ἐν ἀμφοτέροις
                        οὖν ἁμαρτάνει προφανῶς, ἐξαίρων <lb/>τε τὴν ἀνάβασιν τῆς πρώτης τομῆς, ἣν
                        ἐναργέστερον <lb/>ἅπαντες οἱ ἄνθρωποι νοοῦσι τῆς ἀρχῆς, καὶ προστιθεὶς τὴν
                        <lb/>ἄνεσιν ἐν τῷ τέλει τῆς περιόδου. εἰ μὲν γὰρ εἰς ἀπυρεξίαν
                        <lb/>ἀφικνοῖτο, σαφὴς ἂν εἴη ἡ διαφορὰ τοῦ τοιούτου καιροῦ <pb n="425"/>
                        πρὸς τοὺς ἄλλους ἅπαντας· εἰ δὲ ἐπιλαμβάνει τὴν παρακμὴν <lb/>ἡ εἰσβολὴ τοῦ
                        δευτέρου παροξυσμοῦ τριχῆ τμηθεῖσα, ἐν τῷδε <lb/>τὸ τῆς ὅλης παρακμῆς μέρος
                        ἔξεστι καλεῖν ἄνεσιν, οὐ μὴν <lb/>ἄλλόν γέ τινα νομίζειν εἶναι καιρὸν ἰδίᾳ
                        τινὶ φύσει χαρακτηριζόμενον, <lb/>ὥσπερ τοὺς ἔμπροσθεν εἰρημένους. ὅτι μὲν
                        οὖν <lb/>ἔξεστι τὰ πάντα μέρη τῆς τριταίας περιόδου σαφέσι διαφοραῖς
                        <lb/>ἀλλήλων ὁρᾷν χωριζόμενα, πρόδηλον παντὶ τῷ θεασαμένῳ <lb/>κᾂν ἕνα τινὰ
                        τῶν οὕτω καμνόντων ἀῤῥώστων· εἰ δέ <lb/>τινες αὐτῶν ἀνονόμαστοι, πρὸς μὲν
                        τοὺς ἐριστικοὺς ἐροῦμεν, <lb/>καιρὸς πρῶτος, καὶ δεύτερος, καὶ τρίτος, καὶ
                        τέταρτος, καὶ <lb/>πέμπτος, εἶθ’ ἕκτος, ὁ τῆς ἀπυρεξίας· πρὸς δὲ τοὺς
                        εἰδότας <lb/>ὀνομάτων χρῆσιν αὐτοὶ συντιθέμενοι τὰ ἐπιτήδεια. <lb/>καὶ τῷ
                        μὲν πρώτῳ καιρῷ τὸ τῆς ἀρχῆς ἴδιον <milestone unit="ed2page" n="299"/>ὄνομα
                        <lb/>κείσθω· τῷ δὲ δευτέρῳ τὸ τῆς ἀνωμαλίας· τῷ δὲ τρίτῳ <lb/>τὸ τῆς
                        ἀναβάσεως· καὶ τῷ τετάρτῳ τὸ τῆς ἀκμῆς· καὶ τῷ <lb/>πέμπτῳ τὸ τῆς παρακμῆς·
                        ὁ δὲ ἕκτος, ὁ τῆς ἀπυρεξίας, <lb/>διάλειμμα προσαγορευέσθω. </p>
                </div>
                <div type="textpart" subtype="chapter" n="6">
                    <p>Ἔξεστι δὲ καὶ κατ’ ἄλλον τινα τρόπον <lb/>εἰς μείζω μέρη διελεῖν ὅλην τὴν
                        περίοδον, εἴ γε εἰς δύο ﻿<pb n="426"/> δυνατὸν αὐτὴν ὅλην διελεῖν, ἓν μὲν τὸ
                        τοῦ πρώτου παροξυσμοῦ <lb/>ποιοῦντας, ἀπὸ τῆς πρώτης εἰσβολῆς ἄχρι τῆς
                        ἐσχάτης <lb/>ἀνέσεως· τὸ δὲ (μετὰ) μεταξὺ (ἐστὶ) τῆς παρακμῆς καὶ τῆς
                        εἰσβολῆς <lb/>τοῦ δευτέρου παροξυσμοῦ. καλῶ δὲ εἰσβολὴν παροξυσμοῦ <lb/>τὸν
                        ἀκριβῶς ἤδη πρῶτον χρόνον ἀπλατῆ, τὸν δ’ αὐτὸν τοῦτον <lb/>ἐπισημασίαν
                        εἰώθασιν ὀνομάζειν. καὶ τό γε πρὸς Ἱπποκράτους <lb/>εἰρημένον· ἐν τοῖσι
                        παροξυσμοῖσιν ὑποστέλλεσθαι· κατὰ ταύτην <lb/>ἡγοῦμαι λελέχθαι τὴν τομήν.
                        προειπὼν γὰρ, ὡς προσήκει, <lb/>οἷς μὲν αὐτίκα ἡ ἀκμὴ, αὐτίκα λεπτῶς
                        διαιτᾷν, οἷς δ’ <lb/>ὕστερον, εἰς εἰκεῖνο μὲν καὶ πρὸ ἐκείνου λεπτῶς,
                        ἔμπροσθεν <lb/>δὲ πιότερον διαιτᾷν, ὡς ἂν ἐξαρκέσοι ὁ νουσέων, ἐπήνεγκεν·
                        <lb/>ἐν δὲ τοῖσι παροξυσμοῖσιν ὑποστέλλεσθαι χρή· διδάσκων ἡμᾶς
                        <lb/>δηλονότι μόνον ἐκεῖνον τὸν καιρὸν φυλάττεσθαι, τὸν ὑπ’ αὐτοῦ
                        <lb/>καλούμενον παροξυσμόν. οὐδέποτε γὰρ ἐν αὐτῷ τρέφομεν, <lb/>ἐν δὲ τῷ
                        λοιπῷ παντὶ τῆς ἀνέσεως ἄλλοτε κατ’ ἄλλο <lb/>μόριον αὐτοῦ· ποτὲ μὲν γὰρ
                        ἁπλοῦς ἐστιν ἐκ παρακμῆς <lb/>μόνον ὑπάρχων, ἐνίοτε δ’ ἐκ παρακμῆς καὶ
                        διαλείμματος <lb/>σύγκειται. αὕτη μέν ἐστιν ἡ εἰς δύο μέρη τομὴ τῆς μιᾶς <pb n="427"/> περιόδου, τὸ μὲν ἕτερον μέρος αὐτῆς τὸ πρότερον, ὀνομαζόντων
                        <lb/>ἡμῶν παροξυσμὸν, τὸ δὲ ἐπ’ αὐτῷ δεύτερον, ἤτοι γε <lb/>ἄνεσιν, ὡς
                        ἀρτίως, ἢ ὡς ἔνιοι, διάλειμμα. διάλειμμα γὰρ <lb/>καλοῦσιν οὐκ ὀλίγοι τῶν
                        ἰατρῶν τὸ μετὰ τὴν ἀκμὴν ἅπαν, <lb/>ὅπως ἂν ἔχῃ φύσεως, εἶτ’ οὖν εἰς
                        ἀπυρεξίαν παυόμενον, εἴτε <lb/>καὶ μή. ἀλλ’ ἡμῖν γε φυλαττέσθωσαν αἱ
                        προειρημέναι κλήσεις, <lb/>ὑπὲρ τοῦ μηδεμίαν ἀσάφειαν γίνεσθαι κατὰ τὸν
                        λόγον, <lb/>καὶ προσαγορευέσθω τὸ μετὰ τὸν παροξυσμὸν ἅπαν ἄνεσις, <lb/>οὐ
                        κωλυόντων ἡμῶν, ὡς ἔφην, εἰ καὶ διάλειμμά τις αὐτὸν <lb/>καλεῖν ὅλον, ἢ
                        παρακμὴν, ἢ ἔνδοσιν, ἢ ὕφεσιν, ἢ ἀφαίρεσιν <lb/>ἐθέλοι. πρόκειται γὰρ οὐ
                        περὶ τῶν ὀνομάτων ζυγομαχεῖν, <lb/>ἀλλὰ τὰ μέρη τῆς περιόδου σκοπεῖν ὁπόσα
                        τε τὸν ἀριθμόν <lb/>ἐστι καὶ ὅπῃ διενήνοχεν ἀλλήλων. </p>
                </div>
                <div type="textpart" subtype="chapter" n="7">
                    <p>Αὐτὴ μὲν οὖν ἡ τομὴ τῶν εἰς ἀπυρεξίαν <lb/>ληγόντων ἁπάντων ἐστὶ πυρετῶν,
                        ἀμφημερινῶν, τριταίων, <lb/>τεταρταίων, ὡς ἓξ ἐχόντων τὰ μέρη διαφέροντα
                        ἀλλήλων <lb/>ἰδέαις εὐσήμοις· ἑτέρα δὲ, τῶν μὴ διαλειπόντων, εἰς πέντε
                        <lb/>μέρη διαιρουμένων. εἰσὶ δὲ καὶ οὗτοι πάμπολλοι, τινὲς μὲν <pb n="428"/>
                        ἑκάστης ἡμέρας παροξυνόμενοι, τινὲς δὲ διὰ τρίτης· οὐ μὴν <lb/>οἵ γε διὰ
                        τετάρτης πολλάκις, ἀλλ’ ἐν τῷ σπανίῳ, φαίνονται <lb/>γινόμενοι· τὸ πλεῖστον
                        γὰρ αὐτῶν γένος εἰς ἀπυρεξίαν παύεται. <lb/>διττὴ δὲ καὶ τούτων ἐστὶν ἡ ἰδέα
                        τῶν εἰς <milestone unit="ed1page" n="383"/>ἀπυρεξίαν <lb/>μὴ παυομένων,
                        ἀμφημερινῶν, τριταίων, τεταρταίων. <lb/>ἔνιοι μὲν γὰρ αὐτῶν καὶ τὸ μέγεθος
                        ἀποτίθενται τοῦ σφυγμοῦ <lb/>καὶ τὸ τάχος καὶ τὴν πυκνότητα <milestone unit="ed2page" n="300"/>καὶ τὴν <lb/>σκληρότητα· τινὲς δὲ τὰ μὲν ἄλλα
                        τρία πρὸς τὸ κατὰ φύσιν <lb/>ἐπανάγουσι, φυλάττουσι δὲ ταχύτητα οἱ μὲν
                        πλεῖον, οἱ δὲ <lb/>ἧττον. ἀλλ’ οὐ τοῦ νῦν παρόντος λόγου περὶ ἐκείνων
                        διαιρεῖσθαι· <lb/>πρόκειται γὰρ ἐξαριθμῆσαι τὰ μόρια τῆς περιόδου <lb/>καθ’
                        ἕκαστον γένος νοσήματος. εἰρηκότες οὖν ὀλίγον <lb/>ἔμπροσθεν, ὡς ἕξ εἰσι τὰ
                        πάντα κατὰ τοὺς διαλείποντας <lb/>πυρετοὺς, ἑξῆς διερχόμεθα τὰ μέρη τῶν μὴ
                        διαλειπόντων, <lb/>πέντε εἶναι λέγοντες, ὅταν τὰ μὲν ἄλλα παραπλησίως αὐτοῖς
                        <lb/>ὑπάρχῃ, μόνον δὲ λείπῃ τὸ τῆς ἀπυρεξίας. ἡ δ’ ἐν τοῖς <lb/>ἄλλοις
                        μέρεσιν ὁμοιότης ἔξ ἀνάγκης ἐστὶ, τὸ τῆς εἰσβολῆς τῶν <lb/>παροξυσμῶν μετὰ
                        συστολῆς γίγνεσθαι, ὀνομάζω δ’ οὕτω τὸ <lb/>μετὰ τοῦ ψύχεσθαι, τούτῳ γὰρ
                        ἕπεται κατὰ τοὺς σφυγμοὺς <pb n="429"/> εἴσω μᾶλλον κινεῖσθαι μετὰ
                        μικρότητος, ἀποχωροῦντος εἰς <lb/>τὰ σπλάγχνα τοῦ αἵματος, ᾧ πάλιν ἐξ
                        ἀνάγκης ἕπεται τὸ τῆς <lb/>ἀνωμαλίας, εἶθ’ ἑξῆς τὸ τῆς ἀναβάσεως, ἀκμῆς τε
                        καὶ παρακμῆς. <lb/>ἐφ’ ὧν μέντοι χωρὶς αἰσθητῆς συστολῆς εἰσβολὴ γίγνεται
                        παροξυσμοῦ, <lb/>τοὺς τρεῖς καιροὺς εἰς ἕνα μεταπίπτειν ἀναγκαῖόν ἐστι,
                        <lb/>καὶ γίγνεσθαι τὸ σύμπαν μέχρι τῆς ἀκμῆς ἀνάβασιν. ὅπου γὰρ <lb/>οὐκ
                        ἐγένετο συστολὴ, δῆλον ὡς οὐδ’ ἀνωμαλία. τὴν δὲ ἀκμὴν οὐδ’ <lb/>ἄν ποτε
                        εἶδον ἀπολείπουσαν, ἀλλ’ ἀεὶ διαμένουσαν αἰσθητὴν <lb/>ἰσότητα κατὰ πάντας
                        τοὺς πυρετοὺς ἐπί τινα χρόνον· εἰσβολὴν <lb/>μέντοι μυριάκις ἐθεασάμην ἄνευ
                        τῶν εἰρημένων τῆς ἀρχῆς <lb/>συμπτωμάτων, ὧν τὸ μὲν κυριώτατον ἦν ἁπάσαις
                        ὀλίγου δεῖν <lb/>ταῖς ἀρχαῖς ἡ ψύξις συνοῦσα τῶν παροξυσμῶν, ὥσπερ καὶ ἡ
                        <lb/>ἐπὶ τὰ ἔσω τῶν ἀρτηριῶν κίνησις, ὑπὲρ ἧς εἴρηται μὲν ἐπιπλέον <lb/>ἐν
                        τῇ περὶ τῶν σφυγμῶν πραγματείᾳ, κατὰ δὲ τὸν ἐνεστῶτα <lb/>λόγον ἀρκεῖ τῷ
                        τάχει τῆς συστολῆς ἀφορίζειν αὐτήν. <lb/>ὅσα δ’ ἄλλα συμπτώματά τε καὶ
                        σημεῖα τῆς ἀρχῆς τῶν παροξυσμῶν <lb/>ἐστιν ἴδια, προείρηται τὰ μὲν
                        ἐπιγινόμενα τῇ περιψύξει, <lb/>τὰ δ’ ἄλλα ἄλλως συμβαίνειν· σμικρότης μὲν
                        τῶν <lb/>σφυγμῶν καὶ ἀραιότης καὶ βραδυτὴς διαστολῆς ἐπὶ τῇ καταψύξει, <pb n="430"/> ῥῖγος δ’ ἐπ’ ἄλλαις προφάσεσιν, ἃς ἐν ταῖς τῶν συμπτωμάτων
                        <lb/>αἰτίαις εἴπομεν. ἀλλ’ ὅλον τὸ γένος τοῦτο τῶν <lb/>παροξυσμῶν
                        παντάπασιν, ὡς ἔφην, ἀπόλλυται, καὶ πολλοὺς <lb/>πολλάκις ἡμεῖς ἐκωλύσαμεν
                        ὑπὸ τῶν θαυμαστῶν τούτων <lb/>ἰατρῶν ἤτοι γ’ ἐπὶ τὸ λουτρὸν πεμφθέντας, ἢ
                        τροφὴν προσενέγκασθαι <lb/>κελευθέντας, ὡς ὑπερβεβηκότας ἤδη τὰς ὑπόπτους
                        <lb/>ὥρας τοῦ παροξυσμοῦ. συμβαίνει δὲ αὐτοὺς ἀγνοοῦντας <lb/>ἀκριβῶς
                        ἅπτεσθαι τῆς ἀρτηρίας, ἐν τοῖς τοιούτοις σφάλμασι <lb/>καθίστασθαι. ἅπασι
                        γὰρ τοῖς οὕτω παροξυνομένοις ἡ συστολὴ <lb/>θάττων γίγνεται· γνωρίζειν δ’
                        αὐτὴν οὐ παντός ἐστιν, <lb/>ἀλλὰ δεῖται μάλιστα τοῦτο τὸ ἔργον, εἴπερ τι καὶ
                        ἄλλο τῆς <lb/>τέχνης, ἀσκήσεως ἱκανῆς, ἣν οὐχ οὐχ οἷόν τε ποιήσασθαι,
                        <lb/>πρὶν τεχνωθῆναι τὸν εἰρημένον ὑφ’ ἡμῶν τρόπον ἐν τῷ <lb/>πρώτῳ τῆς
                        διαγνώσεως τῶν σφυγμῶν. εἰ μὲν οὖν τις εἴη <lb/>γνωστικὸς τῆς συστολῆς τῶν
                        ἀρτηριῶν, ἐγχωρεῖ τούτῳ <lb/>τίθεσθαι τοῦτ’ αὐτὸ τὸ μέρος τοῦ παροξυσμοῦ,
                        καθ’ ὃ <lb/>τὴν συστολὴν ὠκυτέραν ἐγνώρισε γεγενημένην ἄνευ τῆς
                        <lb/>διαστολῆς, ἀρχὴν τῆς περιόδου· τὸ δ’ ἐφεξῆς τῷδε ἐπανάβασιν, <lb/>ἄχρι
                        τῆς ἀκμῆς· εἰ δὲ μὴ γνωρίζοι μηδὲ τοῦτο, ﻿<pb n="431"/> φαίνοιτο δὲ ἀθλίπτως
                        αὐτῷ παντοίως ἡ εἰσβολὴ γεγενημένη, <lb/>τὸ μέχρι τῆς ἀκμῆς μέρος τοῦ
                        παροξυσμοῦ πᾶν ἐπανάβασιν, <lb/>ἢ ἐπίδοσιν, ἢ αὔξησιν ὀνομάσει· τέμνων δ’
                        αὐτὴν εἰς πρῶτα <lb/>καὶ τελευταῖα καὶ μέσα κατὰ τὸ μᾶλλόν τε καὶ ἦττον, οὐκ
                        <lb/>εἴδεσι διαφόροις, ὡς ἔμπροσθεν ἔλεγον ἐπὶ τῶν αἰσθητῶν <lb/>περιψύξεων.
                        ἐν τοῖς τοιούτοις οὖν πυρετοῖς οἱ πάντες ἔσονται <lb/>καιροὶ τρεῖς, αὔξησις,
                        ἀκμὴ, μείωσις· οὐδὲν γὰρ χεῖρον <lb/>οὐδὲ μείωσιν ὀνομάζειν τὸν καιρὸν
                        ἐκεῖνον, ἐν ᾧ τοῦ μεγέθους <lb/>ἀφαιρεῖταί τι τοῦ πυρετοῦ· ἐν ὅσοις δ’ οὐκ
                        ἔστι περίοδος, <lb/>οἷον καὶ τοῖς συνόχοις ὀνομαζομένοις, τούτοις τοῖς
                        <lb/>πυρετοῖς οὔτε παροξυσμὸς ὅλως <milestone unit="ed2page" n="301"/>τίς
                        ἐστιν, οὔτε τὰ <lb/>προειρημένα μέρη, τὰ μέντοι τῆς ὅλης νόσου μόρια κατὰ
                        <lb/>διαφέροντας χρόνους καὶ τούτοις ἐστὶν, ἑτέροις τρόποις διαγινωσκόμενα
                        <lb/>παρὰ τοὺς ἐν τοῖς παροξυσμοῖς καιροὺς, οὓς <lb/>ὀλίγον ὕστερον ἐρῶ, καὶ
                        μάλιστα ὅτι σφάλλονται πάντες ἐν <lb/>αὐτοῖς ἰατροὶ, καίτοιγε Ἱπποκράτους
                        ὀρθότατα διδάξαντος <lb/>ὑπὲρ αὐτῶν. </p>
                </div>
                <div type="textpart" subtype="chapter" n="8">
                    <p>Ἀλλὰ νῦν ἐπὶ τοὺς κατὰ περίοδόν τινα <lb/>παροξύνοντας ἐπανέλθωμεν τῷ λόγῳ,
                        πᾶν ὅσον ὑπόλοιπον <pb n="432"/> ἐν αὐτοῖς ἄσκοπον ἀφεῖται διαιροῦντες. ἑνὸς
                        μὲν δὴ καὶ <lb/>πρώτου μεμνῆσθαι κελεύω, τοῦ γεγονέναι τὸν λόγον ἡμῖν
                        <lb/>ἅπαντα τὸν ἀπ’ ἀρχῆς ἄχρι δεῦρο περὶ τῶν ἁπλῶν περιόδων. <lb/>ἐν γὰρ
                        ταῖς ἐπιπεπλεγμέναις ὁ μετὰ τὴν ἀκμὴν καιρὸς <lb/>ἐνίοτε στενοῦται,
                        φθανούσης εἰσβάλλειν ἐπισημασίας ἑτέρου <lb/>παροξυσμοῦ, πρὶν τὴν προτέραν
                        περίοδον ἀκριβῶς πληρωθῆναι, <lb/>καὶ πολλάκις γε κατὰ μὲν τὴν ἑαυτοῦ φύσιν
                        ὁ πυρετὸς <lb/>ἐκ τοῦ τῶν διαλειπόντων ἐστὶ γένους, ὥσπερ ὁ τριταῖος, ἡ
                        <lb/>δ’ ἐπιπλοκὴ χρόνον ἀπυρεξίας οὐδένα καταλείπει τῇ προτέρᾳ <lb/>περιόδῳ,
                        φθάσαντος εἰσβαλεῖν τοῦ δευτέρου παροξυσμοῦ, <lb/>πρὶν ἀπολυθῆναι τὸν
                        πρότερον. εἴρηται δέ μοι περὶ τῶν <lb/>τοιούτων ἐπιπλοκῶν ἐν δύο
                        πραγματείαις, τῇ τε περὶ κρίσεων <lb/>καὶ τῇ περὶ διαφορᾶς τῶν πυρετῶν, ἔνθα
                        καὶ διώρισται <lb/>μίξις ἐπιπλοκῆς. ὁ γοῦν ἡμιτριταῖος ἐκ μίξεώς τε καὶ
                        κράσεως <lb/>ἐδείχθη γιγνόμενος ἀμφημερινοῦ τε καὶ τριταίου πυρετοῦ.
                        <lb/>πολλάκις δὲ καὶ αὐτῷ τῷ ἡμιτριταίῳ τῶν ἁπλῶν εἷς <lb/>ἐπιπλέκεται
                        πυρετῶν, ἤτοι τριταῖος, ἢ ἀμφημερινὸς, ἀλλ’ <lb/>οὐκ ἔστιν ἡ τοιαύτη
                        ποικιλία τῆς ἐνεστώσης οἰκεία πραγματείας, <lb/>ἀρκεῖ γὰρ ἐνταῦθα τοὺς
                        ἰδίους ἑκάστου τῶν πυρετῶν <pb n="433"/> καιροὺς ἀκριβῶς διαρθρῶσαι· τὸ γὰρ
                        τὸ συμπλεκόμενον αὐτῶν <lb/>ἑτοίμως δύνασθαι διακρίνειν οὕτως ἂν ἡμῖν
                        μάλισθ’ <lb/>ὑπάρξειεν. οἱ μὲν οὖν ἀκριβῶς ἁπλοῖ προείρηνται, περὶ δὲ
                        <lb/>τῶν ἐπιμίκτων ἑξῆς ἐρῶ. γίνεται τοίνυν ἐνίοτε φρικώδης <lb/>εἰσβολὴ, τὰ
                        τῆς ἀρχῆς ἴδια γνωρίσματα πάντα ἔχουσα, πλὴν <lb/>ῥίγους, ἔστι δ’ ὅτε καὶ
                        τούτου τὴν ἔμφασιν· ἡ γάρ τοι σφοδρὰ <lb/>φρίκη δόξειεν ἂν ἤτοι γε ἀρχή τις
                        εἶναι ῥίγους, ἢ μικρὸν <lb/>ῥῖγος, ἀλλὰ τό γε ἀκριβὲς ῥῖγος, οἷον ἐν
                        τριταίοις τε καὶ τεταρταίοις <lb/>πυρετοῖς ἐστιν, ὁ τοιοῦτος μὴ λαμβάνει,
                        καὶ διὰ <lb/>τοῦτ’ οὖν αὐτὸν ὀνομάζω φρικώδη· καὶ πολύ γε μᾶλλον ὅτι
                        <lb/>προδείξας τινὰ σημεῖα τοῦ δευτέρου καιροῦ, πάλιν ἀρχὴν ἑτέρας
                        <lb/>εἰσβολῆς ἐργάζεται φρικώδη, ὃ καλοῦσιν ἔνιοι μὲν ἐπανάληψιν, <lb/>ἔνιοι
                        δ’ ἐπαναδίπλωσιν· ἔστιν ὅτε δὲ καὶ δεύτερον <lb/>ἐργάζεται τοῦτο, καί τισιν
                        ἐνίοτε καὶ τρίτον, εἶτα μόγις ὕστερον <lb/>ὁμαλῶς ἐξαπλοῦται μέχρι τῆς ἀκμῆς
                        ἀναβαίνων. οὗτος <lb/>ὁ πυρετὸς εἰς ἀπυρεξίαν οὐδέποτε παύεται. ὅ τε γὰρ
                        ἄχρι τῆς <lb/>ἀκμῆς αὐτῷ χρόνος ὑπάρχει πάμπολυς ἥ τε παρακμὴ χωρὶς
                        <lb/>αἰσθητῆς διαπνοῆς· πολὺ δὲ δὴ μᾶλλον ἀποδεῖ τοῦ μεθ’ ἱδρῶτος <pb n="434"/> εἰς ἀπυρεξίαν ἰέναι. ὥσπερ οὖν ὁ ἀπὸ τῆς πρώτης εἰσβολῆς
                        <lb/>παροξυσμὸς ἄχρι τῆς ἀκμῆς ἐν πολλῷ χρόνῳ παραγίνεται, <lb/>κατὰ τὸν
                        αὐτὸν τρόπον ἀπὸ τῆς ἀκμῆς κατὰ βραχὺ μειοῦται. <lb/>καὶ τοίνυν ἐπὶ τῆς
                        ὑστεραίας ἕτερος αὐτοῖς ἐπιγίνεται παροξυσμὸς, <lb/>φρικώδης μὲν ὁμοίως,
                            <milestone unit="ed1page" n="384"/>ἀλλ’ οὐκ ἔχων τὰς ἐπαναλήψεις
                        <lb/>ὡσαύτως τῷ πρόσθεν, ἢ εἴποτε κατὰ τὸ σπάνιον σχοίη, <lb/>μίαν ποιήσαιτο
                        μόνην, ὀλιγοχρόνιόν τε καὶ σμικράν. ἀναβαίνει <lb/>δὲ καὶ οὗτος ὁ παροξυσμὸς
                        ἐπὶ τὴν ἀκμὴν ἐν χρόνῳ <lb/>πολλῷ, καὶ παρακμάζει ὡσαύτως ἐν οὐκ ὀλίγῳ
                        χρόνω, <lb/>
                        <milestone unit="ed2page" n="302"/>καὶ διὰ τοῦτ’ αὐτὸ ἐπὶ τῆς τρίτης ἡμέρας
                        ὁ αὐτὸς τῷ <lb/>κατὰ τὴν πρώτην ἐκδέχεται παροξυσμὸς, εἶτ’ αὖθις ὁ κατὰ τὴν
                        <lb/>τετάρτην ὁ αὐτὸς τῷ κατὰ τὴν δευτέραν, καὶ τοῦτο ἐφεξῆς <lb/>ἀεί.
                        τοῦτον ἐγὼ τὸν πυρετὸν ἕνεκα συντόμου καὶ σαφοῦς <lb/>διδασκαλίας ἑνὶ
                        προσαγορεύειν βουλόμενος ὀνόματι, τέθεικα <lb/>κατ’ αὐτοῦ κλῆσιν
                        ἡμιτριταῖον. εἰ μὲν οὖν καὶ Ἱπποκράτης <lb/>τὸν τοιοῦτον πυρετὸν ἡμιτριταῖον
                        ἐκάλει, καθάπερ <lb/>ἐγὼ πείθομαι, δύο ἂν ἐκ τοῦ λόγου κερδαίνοις, ὅτι τε
                        <lb/>πρᾶγμα μανθάνεις ἰατρικὸν, ὅτι τε τοὔνομα παλαιὸν ἐπιφέρεις <lb/>αὐτῷ·
                        εἰ δ’ ἡγεῖταί τις ἕτερόν τινα πυρετὸν ὑφ’ <pb n="435"/> Ἱπποκράτους
                        ἡμιτριταῖον καλεῖσθαι, σφάλλεσθαί με νομίσας <lb/>ἐν τῇ προσηγορίᾳ, τὸ
                        πρᾶγμα αὐτὸ μανθανέτω. ὅτι γὰρ <lb/>καὶ τοιοῦτός τις γίνεται πυρετὸς, ὁποῖον
                        εἶπον, οὐκέτ’ ἐν <lb/>τῷδε μάρτυρος οὔθ’ Ἱπποκράτους οὔτε ἄλλου τινὸς ὁ
                        λόγος <lb/>χρῄζει, μόνον οὐ καθ’ ἑκάστην ἡμέραν ὁρώντων ἡμῶν αὐτὸν, <lb/>καὶ
                        μάλιστ’ ἐν Ῥώμῃ. ὥσπερ γὰρ ἐν ἄλλοις ἄλλα χωρίοις, <lb/>οὕτως ἐν τῇδε πόλει
                        πλεονάζει τὸ κακὸν τοῦτο. παράκειται <lb/>δ’ αὐτῷ τις ἄλλος, οὔτε τῇ δευτέρᾳ
                        τῶν ἡμερῶν ἕτερον φέρων <lb/>παροξυσμὸν, οὔτε κατὰ τὴν πρώτην καὶ τὴν τρίτην
                        τὰς <lb/>ἐπαναλήψεις. ἔστι δ’ οὐχ εἷς οὐδ’ ὁ τοῦδε τρόπος· ἐνίοτε <lb/>μὲν
                        γὰρ ἄνευ φρίκης, ἐνίοτε δὲ σὺν φρίκῃ ποιεῖται τὴν εἰσβολὴν, <lb/>ἔστι δ’ ὅτε
                        καὶ μετὰ καταψύξεως τῶν ἄκρων σαφῶς· <lb/>ὦπται δὲ ἐνίοτε καὶ χωρὶς αἰσθητῆς
                        περιψύξεως οὗτος ὁ πυρετὸς <lb/>ἔχειν τοὺς πέντε καιροὺς, ἀρχὴν, ἀνωμαλίαν,
                        ἐπίδοσιν, <lb/>ἀκμὴν καὶ παρακμήν. τοῖς δὲ χρόνοις ἤδη διῃρημένοις
                        <lb/>ὀλιγοχρόνιος μὲν ἡ ἀρχὴ, ὀλιγοχρόνιος δέ ἐστιν αὐτοῦ καὶ <lb/>ἡ
                        ἀνωμαλία· τὰ δὲ τῆς ἀναβάσεως οὐχ ὁμοίως ἅπασιν, ἀλλ’ <lb/>ἐνίοις μὲν (οὐκ)
                        ὀλιγοχρόνια, ἐνίοις δὲ χρόνῳ πλείονι· καὶ <lb/>μὲν δὴ καὶ ὁ τῆς ἀκμῆς καιρὸς
                        ἐν χρόνῳ μὲν πάντως αἰσθητῷ ﻿<pb n="436"/> καὶ πλατεῖ, διαφέρει δ’ οὐκ
                        ὀλίγον ἐν τῷ μᾶλλόν τε καὶ ἧττον. <lb/>οὕτω δὲ καὶ τὰ τῆς παρακμῆς ἐν χρόνῳ
                        μὲν ἅπασι μακρῷ, <lb/>διαφέρει δ’ ἐν τῷ τισὶ μὲν αἰσθητῶς ἀφαιρεῖν καὶ
                        <lb/>παρέχειν ἐλπίδα τοῦ διὰ ταχέων παύσασθαι, μετὰ ταῦτά θ’ <lb/>ἵσταται
                        φυλάσσων ἴσον τὸ ὑπόλοιπον μέγεθος τῆς παρακμῆς· <lb/>τισὶ δὲ ὅλην ποιεῖται
                        τὴν παρακμὴν ἀπ’ ἀρχῆς ἄχρι τῆς τελευτῆς <lb/>βραδεῖαν, ὥστε καὶ ἐκ
                        διαστημάτων χρόνου μακροτέρων <lb/>ἁπτομένῳ σοι δόξει μὲν ἀφῃρηκέναι τι
                        πάντως, ὀλίγιστον <lb/>μέντοι τουτί. τοιαῦταί τινες καὶ ἄλλαι μερικαὶ
                        διαφοραὶ τῶν <lb/>διὰ τρίτης ἡμέρας παροξυνομένων πυρετῶν, οὓς ἅπαντας
                        <lb/>ὀνομάζω τριταιοφυεῖς, εἰς μὲν τὴν τῆς διαθέσεως, ὅθεν ἐξάπτονται,
                        <lb/>γνῶσιν χρησιμώταται, πρὸς δὲ τὴν νῦν ἐνεστῶσαν <lb/>πραγματείαν
                        ἄχρηστοι. πρόκειται γὰρ ἡμῖν ἐνταῦθα τούς <lb/>τε ἐν ταῖς περιόδοις
                        διορίσασθαι καιροὺς καὶ τοὺς ὅλου τοῦ <lb/>νοσήματος, ἕνεκα τῆς τῶν
                        βοηθημάτων εὐκαίρου χρήσεως, <lb/>ἣν οὐδὲν ὀνίνησιν ἡ τοιαύτη ποικιλία,
                        καθάπερ οὐδὲ ἡ τῶν ἐν <lb/>ἀμφημερινοῦ σχήματι πεποικιλμένων· καὶ γὰρ καὶ
                        τούτων <lb/>οὐκ ὀλίγοι καθ’ ἑκάστην ἡμέραν παροξυνόμενοι διάλειμμα
                        <lb/>οὐδὲν ἴσχουσιν· ἐρῶ δ’ αὐτῶν ὅμως ἕνεκα παραδείγματος <pb n="437"/>
                        ὀλίγας διαφορὰς, οὐχ ὡς χρησίμους εἰς τὴν ἐνεστῶσαν ὑπόθεσιν, <lb/>ἀλλ’ ὅτι
                        τῶν ἰατρῶν ἔνιοι παντάπασι φυσῶνται ἐξ ὧν <lb/>ἀλόγως φλυαροῦσι, καὶ δόξαν
                        ἀποφέρονται παρὰ τοῖς ἀσυνέτοις, <lb/>ὡς ἐπιμελεῖς τε καὶ πονητικοὶ καί τι
                        σοφώτερον ἐπιστάμενοι <lb/>τῶν μόνα τὰ χρήσιμα γραφόντων. </p>
                </div>
                <div type="textpart" subtype="chapter" n="9">
                    <p>
                        <milestone unit="ed2page" n="303"/>Εἰσβάλλει τοίνυν ὁ παροξυσμὸς τῶν
                        <lb/>καθ’ ἑκάστην ἡμέραν παροξυνομένων πυρετῶν ἐνίοτε μὲν <lb/>ἄνευ σαφοῦς
                        περιψύξεως, ἐνίοτε δὲ σὺν ταύτῃ, καὶ διαμένει <lb/>γε τὰ τῆς ἀρχῆς ἴδια τοῖς
                        μὲν ἐπὶ πλείονα, τοῖς δὲ ἐπ’ ἐλάττονα <lb/>χρόνον· καὶ δὴ καὶ τὰ τῆς
                        ἀνωμαλίας ὡσαύτως τοῖς <lb/>μὲν ἐπὶ πλείονα, τοῖς δὲ ἐπ’ ἐλάττονα χρόνον·
                        καὶ μετὰ <lb/>ταῦτα ἀναβαίνει μέχρι τῆς ἀκμῆς ὁ πυρετὸς οὗτος ἐν πλείονι
                        <lb/>χρόνῳ τῶν διὰ τρίτης παροξυνομένων. ὑπάρχει δ’ αὐτῷ καί <lb/>τι
                        τοιοῦτον, ὃ κᾀκείνοις μὲν ἔστιν ὅτε γίγνεται σπανίως, πολὺ <lb/>μᾶλλον δ’ ἐν
                        τούτῳ φαίνεται· σαφῆ ποιούμενος ἀνάβασιν, <lb/>ἵσταταί τινι χρόνῳ μηδὲν
                        προστιθεὶς, εἶτ’ αὖθις προστίθησιν. <lb/>οὕτω δὲ κᾀπὶ τῆς παρακμῆς ἤτοι γε
                        ὁμαλὴν ποιεῖται τὴν <lb/>ἀφαίρεσιν, ἢ μεταξὺ ἵστησιν ἐπὶ τοῦ αὐτοῦ μεγέθους,
                        τοῖς <pb n="438"/> μὲν ὥραν μίαν, τοῖς δὲ δύο, μετὰ ταῦτα ἀφαιρεῖ. καὶ δὴ
                        <lb/>καὶ μέχρι τῆς εἰσβολῆς τοῦ δευτέρου παροξυσμοῦ τοῖς μὲν <lb/>ἀφαιρεῖ,
                        τοῖς δὲ ἐν ᾧπέρ ἐστι μεγέθει διαμένει. μᾶλλον δὲ <lb/>τοῦτο τοῖς διὰ τρίτης
                        ὑπάρχει, διότι καὶ ἡ περίοδος αὐτῶν <lb/>ἐστι μακροτέρα. διπλασία γάρ πώς
                        ἐστι τῷ χρόνῳ τῶν διὰ <lb/>τρίτης παροξυνομένων πυρετῶν ἡ περίοδος, εἰ
                        παραβάλλοιτο <lb/>τῇ τῶν καθ’ ἑκάστην ἡμέραν. ὥστε ἐναργῶς διὰ τοῦτο
                        χρονίζει <lb/>τὸ λείψανον τῆς παρακμῆς αὐτῆς, ἐν ἴσῳ διαμένον μεγέθει.
                        <lb/>πολλοὶ δὲ καὶ ἄλλοι τρόποι περιόδων εἰσὶ, διαφοραῖς <lb/>μερικαῖς
                        ποικιλλόμενοι, περιττοὶ πρὸς τὰ νῦν ἐνεστῶτα. διὰ <lb/>τοῦτο δὲ ἐνίων
                        ἐμνημόνευσα, διότι τῶν ἰατρῶν οἱ μὴ γινώσκοντες, <lb/>ὡς οὐκ ἔστιν οἰκεία
                        τοῦ παρόντος σκέμματος ἡ τοιαύτη <lb/>διδασκαλία, γεγράφασιν ὑπὲρ αὐτῶν,
                        ἁμαρτάνοντες καὶ <lb/>κατ’ αὐτῶν τὴν διήγησιν. ἀλλ’ οὐ νῦν καιρὸς ἐλέγχειν
                        αὐτοὺς <lb/>ἐν οὐκ οἰκείῳ σκέμματι· μαθήσῃ δ’ ἐπιστημονικῶς, ὅτι γε
                        <lb/>φλυαροῦσιν ἄχρηστα, καὶ ὅτι θαυμαστῶς Ἱπποκράτους εὑρόντος <lb/>τὴν ἐν
                        αὐτοῖς μέθοδον, οὔτ’ ἐξειργάσατό τις αὐτὴν, <lb/>καὶ πρὸς τούτῳ καὶ
                        διέφθειραν οἱ πλεῖστοι, κατ’ ἐκεῖνο μάλιστα <pb n="439"/> τοῦ λόγου τὸ
                        χωρίον, ἔνθα συνάπτειν μέλλω τοῖς εἰρημένοις <lb/>καιροῖς τὰ βοηθήματα.
                        πραχθήσεται δέ μοι τοῦτο <lb/>τοὺς ὅλου τοῦ νοσήματος ἐπιδείξαντι καιρούς·
                        ἄχρι μὲν γὰρ <lb/>τοῦδε τοὺς ἐν μέρει διῆλθον μόνους. </p>
                </div>
            </div>
        </body>
    </text>
</TEI>
