<ti:work xmlns:ti="http://chs.harvard.edu/xmlns/cts" groupUrn="urn:cts:greekLit:tlg0057" xml:lang="grc" urn="urn:cts:greekLit:tlg0057.tlg019">
  <ti:title xml:lang="eng">De Victu Attenuante</ti:title>
  <ti:edition urn="urn:cts:greekLit:tlg0057.tlg019.opp-grc1" workUrn="urn:cts:greekLit:tlg0057.tlg019">
    <ti:label xml:lang="eng">De Victu Attenuante</ti:label>
    <ti:description xml:lang="eng">Galenus, De Victu Attenuante</ti:description>
  </ti:edition>
  <ti:title xml:lang="eng">De victu attenuante</ti:title>
  <ti:edition urn="urn:cts:greekLit:tlg0057.tlg019.1st1K-grc1" workUrn="urn:cts:greekLit:tlg0057.tlg019">
    <ti:label xml:lang="eng">De victu attenuante</ti:label>
    <ti:description xml:lang="eng">Galen, De victu attenuante (from Graeco-Arabic Project)</ti:description>
  </ti:edition>
</ti:work>
