<?xml version="1.0" encoding="UTF-8"?> 
<?xml-model href="http://www.stoa.org/epidoc/schema/latest/tei-epidoc.rng" schematypens="http://relaxng.org/ns/structure/1.0"?>
<TEI xmlns="http://www.tei-c.org/ns/1.0">
	<teiHeader>
		<fileDesc>
			<titleStmt>
				<title>Eclogae propheticae</title>
				<author>Clement of Alexandria</author>
				<editor>Otto Stahlin</editor>
			</titleStmt>
			<publicationStmt>
				<publisher>Trustees of Tufts University</publisher>
				<pubPlace>Medford, MA</pubPlace>
				<authority>Perseus Project</authority>
			</publicationStmt>
			<sourceDesc>
				<biblStruct>
					<monogr>
						<author>Clement of Alexandria</author>
						<editor>Otto Stahlin</editor>
						<title>Clemens Alexandrinus Dritter Band</title>
						<imprint>
							<publisher>Hinrichs</publisher>
							<pubPlace>Leipzig</pubPlace>
							<date>1909</date>
						</imprint>
						<biblScope unit="volume">3</biblScope>
					</monogr>
					<ref target="https://archive.org/details/clemensalexandri17clemuoft">Internet
						Archive</ref>
				</biblStruct>
			</sourceDesc>
		</fileDesc>

		<encodingDesc>
			<refsDecl n="CTS">
				<cRefPattern n="chapter" matchPattern="(.+)"
					replacementPattern="#xpath(/tei:TEI/tei:text/tei:body/tei:div/tei:div[@n='$1'])"
				/>
			</refsDecl>

		</encodingDesc>

		<profileDesc>
			<langUsage>
				<language ident="grc">Greek</language>
			</langUsage>
		</profileDesc>
	</teiHeader>

	<text>
		<body>
			<div type="edition" n="urn:cts:greekLit:tlg0555.tlg005.opp-grc1">
				<pb n="137"/>


				<div type="textpart" subtype="chapter" n="1">
					<milestone unit="section" n="1"/>
					<p>Οἱ ἀμφὶ τὸν Σεδράχ, Μισάκ, Ἀβδεναγὼ ἐν τῇ καμίνῳ τοῦ πυρὸς ὑμνοῦντες τὸν θεὸν λέγουσιν·
						»εὐλογεῖτε, οἱ οὐρανοί, τὸν κύριον· ὑμνεῖτε καὶ ὑπερυψοῦτε αὐτὸν εἰς τοὺς αἰῶνας.« εἶτα·
						»εὐλογεῖτε. ἄγγελοι, τὸν κύριον.« <milestone unit="subsection" n="2"/>εἶτα· »εὐλογεῖτε,
						ὕδατα καὶ πάντα τὰ ἐπάνω τοῦ οὐρανοῦ, τὸν κύριον.« οὕτως ἐπὶ δυνάμεων τάσσουσιν αἱ
						γραφαὶ καθαρῶν τοὺς οὐρανοὺς καὶ τὰ ὕδατα, ὡς καὶ ἐπὶ τῇ γενέσει δηλοῦται. εἰκότως οὖν
						ποικίλως τῆς δυνάμεως ὀνομαζομένης ἐπάγει Δανιήλ· <milestone unit="subsection" n="3"/>
						»εὐλογείτω πᾶσα δύναμις τὸν κύριον.« εἶτα ἐφεξῆς· »εὐλογεῖτε, ἥλιος καὶ σελήνη, τὸν
						κύριον.« <milestone unit="subsection" n="4"/>καί· »εὐλογεῖτε, ἄστρα τοῦ οὐρανοῦ, τὸν
						κύριον· εὐλογεῖτε, πάντες οἱ σεβόμενοι κύριον. τὸν θεὸν τῶν θεῶν· ὑμνεῖτε καὶ
						ἐξομολογεῖσθε, ὅτι εἰς πάντας τοὺς αἰῶνας τὸ ἔλεος αὐτοῦ.« [ἐν τῷ Δανιὴλ γέγραπται τῶν
						τριῶν παίδων ἐν τῇ <milestone unit="subsection" n="5"/>καμίνῳ ὑμνούντων.]</p>
				</div>
				<div type="textpart" subtype="chapter" n="2">
					<milestone unit="section" n="2"/>
					<p> »Εὐλογημένος εἶ ὁ βλέπων ἀβύσσους, καθήμενος ἐπὶ Χερουβίμ«, ὁ Δανιὴλ λέγει, ὁμοδοξῶν
							<pb ed="alt" n="990 P"/> τῷ Ἐνὼχ τῷ εἰρηκότι· »καὶ εἶδον τὰς ὕλας πάσας.« <milestone
							unit="subsection" n="2"/>ἄβυσσος γὰρ τὸ ἀπεράτωτον κατὰ τὴν ἰδίαν ὑπόστασιν,
						περαιούμενον δὲ τῇ <milestone unit="subsection" n="3"/>δυνάμει τοῦ θεοῦ. αἱ τοίνυν
						οὐσίαι ὑλικαί. ἀφ᾿ ὧν τὰ ἐπὶ μέρους γένη καὶ τὰ τούτων εἴδη γίνεται. ἄβυσσοι εἴρηνται·
						ἐπεὶ μόνον τὸ ὕδωρ οὐκ ἂν εἶπεν ἄβυσσον. καίτοι καὶ ὕδωρ ἄβυσσος ἢ ὕλη ἀλληγορεῖται.</p>
				</div>
				<div type="textpart" subtype="chapter" n="3">
					<milestone unit="section" n="3"/>
					<p>»Ἐν ἀρχῇ ἐποίησεν ὁ θεὸς τὸν οὐρανὸν καὶ τὴν γῆν«. τὰ γήινα καὶ τὰ οὐράνια. <milestone
							unit="subsection" n="2"/>ὅτι δὲ τοῦτο ἀληθές, εἶπεν ὁ κύριος πρὸς Ὠσηέ· <pb n="138"/>
						»βάδιζε, λαβὲ σεαυτῷ γυναῖκα πορνείας καὶ τέκνα πορνείας, διότι ἐκπορνεύουσα ἐκπορνεύσει
						ἡ γῆ ἀπὸ ὄπισθεν τοῦ κυρίου.« <milestone unit="subsection" n="3"/>οὐ γὰρ τὸ στοιχεῖον
						λέγει, ἀλλὰ τοὺς ἐπὶ τῷ στοιχείῳ, τοὺς γηγενὲς φρόνημα ἔχοντας.</p>
				</div>
				<div type="textpart" subtype="chapter" n="4">
					<milestone unit="section" n="4"/>
					<p> Ὅτι δὲ ἀρχὴ ὁ υἱός, Ὠσηὲ διδάσκει σαφῶς· »καὶ ἔσται ἐν τῷ τόπῳ. οὗ ἐρρέθη αὐτοῖς ›οὐ
						λαός μου ὑμεῖς‹, κληθήσονται καὶ αὐτοὶ υἱοὶ θεοῦ ζῶντος. καὶ συναχθήσονται οἱ υἱοὶ Ἰούδα
						καὶ οἱ υἱοὶ Ἰσραὴλ ἐπὶ τὸ αὐτό, καὶ θήσονται ἑαυτοῖς ἀρχὴν μίαν καὶ ἀναβήσονται ἐκ τῆς
						γῆς, ὅτι μεγάλη ἡμέρα τοῦ Ἰσραήλ.« <milestone unit="subsection" n="2"/>ᾧ γάρ τις
						πιστεύει. τοῦτον αἱρεῖται. πιστεύει δέ τις τῷ υἱῷ, ὅς ἐστιν ἀρχή. διὸ καὶ προ[σ]εῖπεν·
						»τοὺς δὲ υἱοὺς Ἰούδα ἐλεήσω καὶ σώσω ἐν κυρίῳ θεῷ αὐτῶν«, σωτὴρ δὲ ὁ σῴζων υἱὸς τοῦ
						θεοῦ. οὗτος ἄρα ἡ ἀρχή.</p>
				</div>
				<div type="textpart" subtype="chapter" n="5">
					<milestone unit="section" n="5"/>
					<p>Δι᾿ Ὠσηὲ τὸ πνεῦμα »ἐγὼ δὲ παιδευτὴς ὑμῶν« φησί· »σαλπίσατε σάλπιγγι ἐπὶ τοὺς βουνοὺς
						κυρίου, ἠχήσατε ἐπὶ τῶν ὑψηλῶν.« <milestone unit="subsection" n="2"/>καὶ μή τι αὐτὸ τὸ
						βάπτισμα ἀναγεννήσεως ὑπάρχον σημεῖον τῆς ὕλης ἐστὶν ἔκβασις διὰ τῆς τοῦ σωτῆρος
						διδασκαλίας, μεγάλου καὶ σφοδροῦ ῥεύματος ἀεὶ φερομένου καὶ παραφέροντος ἡμᾶς.
							<milestone unit="subsection" n="3"/>ἐξάγων οὖν τῆς ἀταξίας ἡμᾶς ὁ κύριος φωτίζει, εἰς
						τὸ φῶς <pb ed="alt" n="345 S"/> ἄγων τὸ ἄσκιον καὶ οὐκέτι ὑλικόν.</p>
				</div>
				<div type="textpart" subtype="chapter" n="6">
					<milestone unit="section" n="6"/>
					<p> Τοῦτον τὸν ποταμὸν τῆς ὕλης καὶ τὴν θάλασσαν διέκοψαν καὶ διέστησαν δυνάμει κυρίου
						προφῆται δύο, περατουμένης τῆς ὕλης καθ᾿ ἑκάτερον διάστημα ὕδατος βουλήσει τοῦ θεοῦ·
							<milestone unit="subsection" n="2"/>διυπηρέτουν καθαροὶ στρατηγοὶ ἄμφω, δι᾿ ὧν
						ἐπιστεύθη τὰ σημεῖα, ἵνα δὴ ὁ δίκαιος ἐκ τῆς ὕλης γένηται, δι᾿ αὐτῆς ὁδεύσας τὰ πρῶτα.
							<milestone unit="subsection" n="3"/>θατέρῳ μέν γε τῶν στρατηγῶν καὶ τοὔνομα τοῦ
						σωτῆρος ἡμῶν ἐπεβέβλητο.</p>
				</div>
				<div type="textpart" subtype="chapter" n="7">
					<milestone unit="section" n="7"/>
					<p>Αὐτίκα δι᾿ »ὕδατος καὶ πνεύματος« ἡ ἀναγέννησις, καθάπερ καὶ ἡ πᾶσα γένεσις. <milestone
							unit="subsection" n="2"/>»πνεῦμα <pb ed="alt" n="991 P"/> γὰρ θεοῦ ἐπεφέρετο τῇ
						ἀβύσσῳ.« καὶ διὰ τοῦτο ὁ σωτὴρ ἐβαπτίσατο μὴ χρῄζων αὐτός, ἵνα τοῖς ἀναγεννωμένοις τὸ
						πᾶν ὕδωρ ἁγιάσῃ. ταύτῃ τοι οὐ μόνον τὸ σῶμα, ἀλλὰ καὶ τὴν ψυχὴν καθαιρόμεθα. <milestone
							unit="subsection" n="3"/>σημεῖον γοῦν τοῦ καὶ τὰ ἀόρατα ἡμῶν ἁγιάζεσθαι τὸ καὶ
						πνεύματα ἀκάθαρτα συμπεπλεγμένα τῇ ψυχῇ διυλίζεσθαι ἀπὸ τῆς γενέσεως τῆς καινῆς τε καὶ
						πνευματικῆς.</p>
				</div>
				<div type="textpart" subtype="chapter" n="8">
					<milestone unit="section" n="8"/>
					<p>»Ὕδωρ ἐπάνω τοῦ οὐρανοῦ«· ἐπεὶ τὸ βάπτισμα γίνεται δι᾿ »ὕδατος <pb n="139"/> καὶ
						πνεύματος«, ἀλεξητήριον ὂν πυρὸς τοῦ δισσοῦ, τοῦ τε τῶν ἀοράτων ἁπτομένου καὶ τοῦ τῶν
						ὁρατῶν, ἀνάγκη καὶ τοῦ ὕδατος τὸ μέν τι νοητόν, τὸ δὲ αἰσθητὸν ὑπάρχειν, ἀλεξητήριον τῆς
						διπλόης τοῦ πυρός· <milestone unit="subsection" n="2"/>καὶ τὸ μὲν ἐπίγειον ὕδωρ τὸ σῶμα
						ἀπορρύπτει, τὸ δὲ ἐπουράνιον ὕδωρ διὰ τὸ εἶναι νοητὸν καὶ ἀόρατον πνεῦμα ἀλληγορεῖται
						ἅγιον, τῶν ἀοράτων καθαρτικόν, οἷον τοῦ πνεύματος ὕδωρ ὥσπερ ἐκεῖνο τοῦ σώματος.</p>
				</div>
				<div type="textpart" subtype="chapter" n="9">
					<milestone unit="section" n="9"/>
					<p>Ὁ θεὸς καὶ τὸν φόβον τῇ ἀγαθότητι συνέμιξεν δι᾿ ἀγαθότητα. τὸ γὰρ συμφέρον ἑκάστῳ τοῦτο
						ἤδη παρέχει, ὡς ἰατρὸς ἀρρωστοῦντι, ὡς πατὴρ ἀτακτοῦντι τῷ παιδί. <milestone
							unit="subsection" n="2"/>»ὁ γὰρ φειδόμενος τῆς βακτηρίας αὐτοῦ μισεῖ τὸν υἱὸν αὐτοῦ.«
						καὶ ὁ κύριος δὲ καὶ οἱ ἀπόστολοι αὐτοῦ ἐν φόβῳ καὶ πόνοις ἀνεστράφησαν. <milestone
							unit="subsection" n="3"/>ὅταν οὖν πιστοῦ σῶμα νοσῇ, ἢ δι᾿ ἁμάρτημά τι προημαρτημένον
						ἐπιτιμῶντος τοῦ κυρίου, ἢ διὰ μέλλοντα προφυλαξαμένου, ἢ καὶ κατ᾿ ἐνέργειαν * *προσβολὴν
						ἔξωθεν γινομένην οὐ κωλύσαντος διά τι χρήσιμον [καὶ] αὐτῷ ἢ τοῖς πέλας παραδείγματος
						χάριν.</p>
				</div>
				<div type="textpart" subtype="chapter" n="10">
					<milestone unit="section" n="10"/>
					<p>Ἤδη δὲ οἱ ἐν σαθρῷ οἰκοῦντες σώματι καθάπερ ἐν πλοίῳ πλέοντες παλαιῷ οὐκ εἰσὶν ὕπτιοι,
						ἀλλ᾿ ἀεὶ εὔχονται ἀνατεταμένοι πρὸς τὸν θεόν.</p>
				</div>
				<div type="textpart" subtype="chapter" n="11">
					<milestone unit="section" n="11"/>
					<p> Οἱ πρεσβύτεροι σφόδρα ἤχθοντο, εἰ μή τι πάσχοιεν κατὰ τὸ σῶμα ἑκάστοτε· ἐφοβοῦντο γὰρ
						μή πως ἐνταῦθα οὐ κομιζόμενοι τὰ ἐπίχειρα τῶν ἁμαρτημάτων, ἃ πολλὰ τοῖς ἐν σαρκὶ κατ᾿
						ἄγνοιαν παρακολουθεῖ, ἀθρόαν ἐκεῖ κομίσωνται τὴν δίκην, ὥστε ἐνθάδε θεραπεύεσθαι ἠξίουν.
							<milestone unit="subsection" n="2"/>φοβητέον ἄρα οὐχὶ νόσον τὴν ἔξωθεν, ἀλλὰ τὰ
						ἁμαρτήματα, δι᾿ ἃ ἡ νόσος, καὶ νόσον ψυχῆς, οὐ σώματος, ὅτι »πᾶσα σὰρξ χόρτος«, τὰ δὲ
						σωματικὰ καὶ τὰ ἐκτὸς καλὰ »πρόσκαιρα, τὰ δὲ μὴ βλεπόμενα αἰώνια«. <pb ed="alt"
							n="992 P"/></p>
				</div>
				<div type="textpart" subtype="chapter" n="12">
					<milestone unit="section" n="12"/>
					<p>Τὰ τῆς γνώσεως τὰ μὲν ἤδη μετέχομεν, τὰ δὲ δι᾿ ὧν ἔχομεν βεβαίως ἐλπίζομεν· οὔτε γὰρ
						πᾶν κεκομίσμεθα οὔτε παντὸς ὑστεροῦμεν, ἀλλ᾿ οἷον »ἀρραβῶνα« τῶν αἰωνίων ἀγαθῶν καὶ τοῦ
						πατρῴου <pb n="140"/> πλούτου προσειλήφαμεν· τὰ δὲ ἐφόδια τῆς κυριακῆς ὁδοῦ οἱ
						μακαρισμοὶ τοῦ κυρίου. <milestone unit="subsection" n="2"/>»ζητεῖτε«. γὰρ εἶπεν, »καὶ
						μεριμνᾶτε τὴν βασιλείαν τοῦ θεοῦ, καὶ ταῦτα πάντα προστεθήσεται ὑμῖν· οἶδεν γὰρ ὁ πατὴρ
						ὧν χρείαν ἔχετε.« <milestone unit="subsection" n="3"/>οὕτως οὐ μόνον τὰς ἀσχολίας, ἀλλὰ
						καὶ τὰς φροντίδας περιγράφει. »οὐ γὰρ τῇ ἡλικίᾳ«, φησίν, »ἐκ τοῦ φροντίζειν προσθεῖναί
						τι δύνασθε.« <milestone unit="subsection" n="4"/>ὁ γὰρ θεὸς οἶδεν σαφῶς τίνα μὲν ἡμῖν
						ἔχειν, τίνων δὲ ἀπορεῖν συμφέρει. κενώσαντας οὖν σφᾶς αὐτοὺς τῶν κοσμικῶν φροντίδων
						ἀξιοῖ πληροῦσθαι τῆς εἰς θεόν. <milestone unit="subsection" n="5"/>»ἡμεῖς γὰρ στενάζομεν
						ἐπενδύσασθαι ποθοῦντες« τὰ ἄφθαρτα, πρὶν ἐκδύσασθαι τὴν φθοράν. <milestone
							unit="subsection" n="6"/>ἐπιχεομένης γὰρ τῆς πίστεως ἀπορρεῖ ἡ ἀπιστία. ὁμοίως καὶ ἐπὶ
						γνώσεως καὶ δικαιοσύνης. οὐ χρὴ οὖν μόνον κενῶσαι τὴν ψυχήν. <milestone
							unit="subsection" n="7"/>ἀλλὰ καὶ πληρῶσαι θεοῦ. οὔτε γὰρ ἔτι κακόν, ἐπεὶ πέπαυται,
						οὔτε ἤδη ἀγαθόν. ἐπεὶ μηδέπω εἴληφεν· τὸ δὲ μήτε ἀγαθὸν μήτε κακὸν οὐδέν ἐστιν.
							<milestone unit="subsection" n="8"/>»ἐπάνεισι γὰρ εἰς τὸν κεκαθαρμένον οἶκον καὶ
						κενόν«, ἐὰν μηδὲν τῶν σωτηρίων ἐμβληθῇ, τὸ προενοικῆσαν ἀκάθαρτον πνεῦμα. <milestone
							unit="subsection" n="9"/>συμπαραλαμβάνον ἄλλα ἑπτὰ ἀκάθαρτα πνεύματα. διὸ κενώσαντας
						τῶν κακῶν δεῖ πληρῶσαι τὴν ψυχὴν τοῦ ἀγαθοῦ θεοῦ, ὅπερ ἐστὶν οἰκητήριον ἐπιλελεγμένον.
						πληρωθέντων γὰρ τῶν κενῶν, τότε ἡ σφραγὶς ἐπακολουθεῖ. ἵνα φυλάσσηται τῷ θεῷ τὸ
						ἅγιον.</p>
				</div>
				<div type="textpart" subtype="chapter" n="13">
					<milestone unit="section" n="13"/>
					<p> »Πᾶν ῥῆμα ἵσταται ἐπὶ δύο καὶ τριῶν μαρτύρων«, ἐπὶ πατρὸς καὶ υἱοῦ καὶ ἁγίου
						πνεύματος, ἐφ᾿ ὧν μαρτύρων καὶ βοηθῶν αἱ ἐντολαὶ λεγόμεναι φυλάσσεσθαι ὀφείλουσιν.</p>
				</div>
				<div type="textpart" subtype="chapter" n="14">
					<milestone unit="section" n="14"/>
					<p>Ἡ νηστεία ἀποχὴ τροφῆς ἐστι κατὰ τὸ σημαινόμενον, τροφὴ δὲ οὐδὲν δικαιοτέρους ἡμᾶς ἢ
						ἀδικωτέρους ἀπεργάζεται, κατὰ δὲ τὸ μυστικὸν δηλοῖ ὅτι ὥσπερ τοῖς καθ᾿ ἕνα ἐκ τροφῆς ἡ
						ζωή, ἡ δ᾿ ἀτροφία θανάτου σύμβολον, οὕτως καὶ ἡμᾶς τῶν κοσμικῶν νηστεύειν χρή. ἵνα τῷ
						κόσμῳ ἀποθάνωμεν καὶ μετὰ τοῦτο τροφῆς θείας μεταλαβόντες θεῷ ζήσωμεν. <milestone
							unit="subsection" n="2"/>ἄλλως τε κενοῖ τῆς ὕλης τὴν ψυχὴν ἡ νηστεία καὶ καθαρὰν καὶ
						κούφην σὺν καὶ τῷ σώματι παρίστησι τοῖς θείοις λόγοις. <milestone unit="subsection"
							n="3"/>τροφὴ μὲν οὖν κοσμικὴ ὁ πρότερος βίος καὶ τὰ ἁμαρτήματα. τροφὴ δὲ θεϊκὴ πίστις.
						ἐλπίς, ὑπομονή, γνῶσις, εἰρήνη. <milestone unit="subsection" n="4"/>σωφροσύνη. »μακάριοι
						γὰρ οἱ πεινῶντες καὶ διψῶντες τὴν <pb n="141"/> δικαιοσύνην τοῦ θεοῦ· οὗτοι γὰρ καὶ
							ἐμπλη<pb ed="alt" n="993 P"/>σθήσονται.« ψυχὴ δέ. ἀλλ᾿ οὐ σῶμα τὴν ὄρεξιν ταύτην
						λαμβάνει.</p>
				</div>
				<div type="textpart" subtype="chapter" n="15">
					<milestone unit="section" n="15"/>
					<p>Τῆς πίστεως τὴν εὐχὴν ἰσχυροτέραν ἀπέφηνεν ὁ σωτὴρ τοῖς πιστοῖς ἀποστόλοις, ἐπί τινος
						δαιμονιῶντος, ὃν οὐκ <pb ed="alt" n="346 S"/> ἴσχυσαν καθαρίσαι, εἰπών· <milestone
							unit="subsection" n="2"/>»τὰ τοιαῦτα εὐχῇ κατορθοῦται.« ὁ μὲν πιστεύσας ἄφεσιν
						ἁμαρτημάτων ἔλαβεν παρὰ τοῦ κυρίου, ὁ δ᾿ ἐν γνώσει γενόμενος ἅτε μηκέτι ἁμαρτάνων παρ᾿
						ἑαυτοῦ τὴν ἄφεσιν τῶν λοιπῶν κομίζεται.</p>
				</div>
				<div type="textpart" subtype="chapter" n="16">
					<milestone unit="section" n="16"/>
					<p>Ὥσπερ αἱ θεραπεῖαι καὶ αἱ προφητεῖαι καὶ τὰ σημεῖα, οὕτως καὶ ἡ γνωστικὴ διδασκαλία δι᾿
						ἀνθρώπων ἐνεργοῦντος τοῦ θεοῦ ἐπιτελεῖται· ὁ γὰρ θεὸς δι᾿ ἀνθρώπων τὴν δύναμιν
						ἐπιδείκνυται. <milestone unit="subsection" n="2"/>καὶ ὀρθῶς ἡ προφητεία φησίν· »καὶ
						ἀποστελῶ ἐπ᾿ αὐτοὺς ἄνθρωπον ὃς σώσει αὐτούς.« αὐτὸς οὖν ἐκπέμπει ποτὲ μὲν προφήτας.
						ποτὲ δὲ ἀποστόλους, σωτῆρας τῶν ἀνθρώπων. οὕτως θεὸς δι᾿ ἀνθρώπων εὐεργετεῖ· <milestone
							unit="subsection" n="3"/> οὐχὶ γὰρ τὰ μὲν δύναται, τὰ δὲ οὐ δύναται ὁ θεός, οὐδὲ
						ἀσθενεῖ ποτε ἐν οὐδενί, ἀλλ᾿ οὐδὲ τὰ μὲν ἑκόντος, τὰ δὲ ἄκοντος αὐτοῦ γίνεται, καὶ τὰ
						μὲν ὑπ᾿ αὐτοῦ, τὰ δὲ ὑφ᾿ ἑτέρου, ἀλλὰ καὶ ἡμᾶς ἐγέννησεν δι᾿ ἀνθρώπων καὶ ἐπαίδευσεν δι᾿
						ἀνθρώπων.</p>
				</div>
				<div type="textpart" subtype="chapter" n="17">
					<milestone unit="section" n="17"/>
					<p>Ὁ θεὸς ἡμᾶς ἐποίησεν οὐ προόντας. ἐχρῆν γὰρ καὶ εἰδέναι ἡμᾶς ὅπου ἦμεν, εἰ προῆμεν, καὶ
						πῶς καὶ διὰ τί δεῦρο ἥκομεν· εἰ δ᾿ οὐ προῆμεν, τῆς γενέσεως μόνος αἴτιος ὁ θεός.
							<milestone unit="subsection" n="2"/>ὡς οὖν οὐκ ὄντας ἐποίησεν, οὕτως καὶ γενομένους
						σῴζει τῇ ἰδίᾳ χάριτι, ἐὰν ἄξιοι καὶ ἐπιτήδειοι φανῶμεν, εἰ <add>δὲ</add> μή, παρήσει
						πρὸς τὸ οἰκεῖον τέλος· »καὶ γὰρ ζώντων ἐστὶ καὶ νεκρῶν κύριος.«</p>
				</div>
				<div type="textpart" subtype="chapter" n="18">
					<milestone unit="section" n="18"/>
					<p> Ὅρα δὲ τὴν δύναμιν τοῦ θεοῦ, οὐ μόνον ἐπ᾿ ἀνθρώπων μὴ ὄντας εἰς τὸ εἶναι παράγων καὶ
						τοὺς γενομένους αὔξων καθ᾿ ἡλικίας προκοπήν, ἀλλὰ καὶ τοὺς πιστεύοντας σῴζων κατὰ τὸ
						οἰκεῖον ἑκάστῳ· ἤδη δὲ μεταβάλλει καὶ ὥρας καὶ καιροὺς καὶ καρποὺς καὶ στοιχεῖα.
							<milestone unit="subsection" n="2"/>
						<pb n="142"/> οὗτος γὰρ εἷς θεὸς ὁ καὶ τὴν ἀρχὴν καὶ τὸ τέλος τῶν γενομένων οἰκείως
						ἑκάστῳ μετρήσας.</p>
				</div>
				<div type="textpart" subtype="chapter" n="19">
					<milestone unit="section" n="19"/>
					<p>Ἐκ πίστεως καὶ φόβου προκόψας εἰς γνῶσιν ἄνθρωπος οἶδεν εἰπεῖν »κύριε κύριε«. ἀλλ᾿ οὐχ
						ὡς ὁ δοῦλος· ἔμαθεν λέγειν »πάτερ ἡμῶν«. »τὸ πνεῦμα τῆς δουλείας τὸ εἰς φόβον«
						ἐλευθερώσας καὶ δι᾿ ἀγάπης προκόψας εἰς <pb ed="alt" n="994 P"/> »υἱοθεσίαν«, αἰδούμενος
						ἤδη δι᾿ ἀγάπην ὃν ἐφοβεῖτο πρότερον· <milestone unit="subsection" n="2"/>οὐ γὰρ ἔτι διὰ
						φόβον ἀπέχεται τῶν ἀφεκτέων, ἀλλὰ δι᾿ ἀγάπην ἔχεται τῶν ἐντολῶν. »αὐτό«, φησί, »τὸ
						πνεῦμα μαρτυρεῖ«, ὅταν λέγωμεν· »ἀββᾶ ὁ πατήρ.«</p>
				</div>
				<div type="textpart" subtype="chapter" n="20">
					<milestone unit="section" n="20"/>
					<p> Ἀγοράζει δὲ ἡμᾶς κύριος »τιμίῳ αἵματι«, δεσποτῶν <add>τῶν</add> πάλαι τῶν πικρῶν
						ἀπαλλάσσων, <add>τῶν</add> ἁμαρτιῶν, δι᾿ ἃς »τὰ πνευματικὰ τῆς πονηρίας« ἐκυρίευσεν
						ἡμῶν. <milestone unit="subsection" n="2"/>ἄγει οὖν εἰς ἐλευθερίαν τὴν τοῦ πατρός,
						συγκληρονόμους υἱοὺς καὶ φίλους. <milestone unit="subsection" n="3"/>»ἀδελφοί μου γάρ«,
						φησὶν ὁ κύριος, »καὶ συγκληρονόμοι οἱ ποιοῦντες τὸ θέλημα τοῦ πατρός μου.« »μὴ καλέσητε
						οὖν ἑαυτοῖς πατέρα ἐπὶ τῆς γῆς·« δεσπόται γὰρ ἐπὶ τῆς γῆς, ἐν δὲ οὐρανοῖς ὁ πατήρ, »ἐξ
						οὗ πᾶσα πατριὰ ἔν τε οὐρανοῖς καὶ ἐπὶ τῆς γῆς.« <milestone unit="subsection" n="4"
						/>ἀγάπη γὰρ ἑκουσίων ἄρχει, ἀκόντων δὲ ὁ φόβος, οὗτος ὁ <q>φαῦλος</q>· ὃ δὲ εἰς ἀγαθὸν
						παιδαγωγῶν εἰς Χριστὸν ἄγει καὶ ἔστι σωτήριος.</p>
				</div>
				<div type="textpart" subtype="chapter" n="21">
					<milestone unit="section" n="21"/>
					<p> Εἰ δή τις νοεῖ θεόν (κατ᾿ ἀξίαν μὲν οὐδαμῶς, τίς γὰρ ἔννοια ἀξία θεοῦ; ἀλλ᾿ ὡς δυνατόν
						ἐστι), νοείτω μέγα καὶ ἀπερινόητον καὶ κάλλιστον »φῶς ἀπρόσιτον«, πᾶσαν δύναμιν ἀγαθήν,
						πᾶσαν ἀστείαν ἀρετὴν συγκεκληρωμένον, πάντων κηδόμενον, φιλοικτίρμον, ἀπαθές, ἀγαθόν,
						πάντα εἰδός, προγινῶσκον πάντα, εἰλικρινές, γλυκύ, λαμπρόν, ἀκήρατον.</p>
				</div>
				<div type="textpart" subtype="chapter" n="22">
					<milestone unit="section" n="22"/>
					<p>Ἐπεὶ ἐξ ἑαυτῆς κινεῖται ἡ ψυχή, ἡ χάρις ἡ τοῦ θεοῦ, ὃ ἔχει ἡ ψυχή, τὴν προθυμίαν,
						ἀπαιτεῖ παρ᾿ αὐτῆς, οἷον ἔρανον εἰς σωτηρίαν· βούλεται γὰρ τῆς ψυχῆς ἴδιον εἶναι τὸ
						ἀγαθόν, ὃ δίδωσιν αὐτῇ ὁ κύριος, οὐ γάρ ἐστιν ἀναίσθητος, ἵνα φέρηται ὡς σῶμα.
							<milestone unit="subsection" n="2"/>τὸ μὲν οὖν ἔχειν τοῦ λαβόντος, τὸ λαβεῖν δὲ τοῦ
						θελήσαντος καὶ ὀρεχθέντος, τὸ <pb n="143"/> κρατεῖν δὲ ὃ ἔλαβεν τοῦ κρατεῖν μελετήσαντος
						καὶ δυναμένου. <milestone unit="subsection" n="3"/>διὰ τοῦτο [ἐπὶ] τῇ ψυχῇ ὁ θεὸς τὴν
						αἵρεσιν δέδωκεν, ἵνα αὐτὸς μὲν μηνύσῃ τὸ δέον, ἥ δὲ ἑλομένη δέξηται καὶ κατάσχῃ.</p>
				</div>
				<div type="textpart" subtype="chapter" n="23">
					<milestone unit="section" n="23"/>
					<p>Ὥσπερ διὰ τοῦ σώματος ὁ σωτὴρ ἐλάλει καὶ ἰᾶτο, οὕτως καὶ πρότερον μὲν διὰ τῶν προφητῶν,
						νῦν δὲ διὰ τῶν ἀποστόλων καὶ τῶν διδασκάλων· <milestone unit="subsection" n="2"/>ἡ
						ἐκκλησία γὰρ ὑπηρετεῖ τῇ τοῦ κυρίου ἐνεργείᾳ, ἔνθεν καὶ τότε ἄνθρωπον ἀνέλαβεν, ἵνα δι᾿
						αὐτοῦ ὑπηρετήσῃ τῷ θελήματι τοῦ πατρός. <milestone unit="subsection" n="3"/>καὶ πάντοτε
						ἄνθρωπον ὁ φιλάνθρωπος ἐνδύεται θεὸς εἰς τὴν ἀνθρώπων σωτηρίαν, πρότερον μὲν τοὺς
						προφήτας, νῦν δὲ τὴν ἐκκλησίαν. <pb ed="alt" n="995 P"/> τὸ γὰρ ὅμοιον τῷ ὁμοίῳ
						ἐξυπηρετεῖν κατάλληλον πρὸς τὴν ὁμοίαν σωτηρίαν.</p>
				</div>
				<div type="textpart" subtype="chapter" n="24">
					<milestone unit="section" n="24"/>
					<p>Ὅτε χοϊκοὶ ἦμεν, Καίσαρος ἦμεν. Καῖσαρ δέ ἐστιν ὁ πρόσκαιρος ἄρχων, οὗ καὶ εἰκὼν ἡ
						χοϊκὴ ὁ παλαιὸς ἄνθρωπος, εἰς ὃν ἐπαλινδρόμησεν. τούτῳ οὖν τὰ χοϊκὰ ἀποδοτέον, ἃ
						»πεφορέκαμεν ἐν τῇ <milestone unit="subsection" n="2"/> εἰκόνι τοῦ χοϊκοῦ«, καὶ »τὰ τοῦ
						θεοῦ τῷ θεῷ«· ἕκαστον γὰρ τῶν παθῶν ὥσπερ γράμμα καὶ χάραγμα ἡμῖν καὶ σημεῖον.
							<milestone unit="subsection" n="3"/>ἄλλο χάραγμα νῦν ὁ κύριος ἡμῖν καὶ ἄλλα ὀνόματα
						καὶ γράμματα ἐνσημαίνεται, πίστιν ἀντὶ ἀπιστίας, καὶ τὰ ἑξῆς. οὕτως ἀπὸ τῶν ὑλικῶν ἐπὶ
						τὰ πνευματικὰ μεταγόμεθα »φορέσαντες τὴν εἰκόνα τοῦ ἐπουρανίου«.</p>
				</div>
				<div type="textpart" subtype="chapter" n="25">
					<milestone unit="section" n="25"/>
					<p> Ὁ Ἰωάννης φησίν, ὅτι »ἐγὼ μὲν ὑμᾶς ὕδατι βαπτίζω. ἔρχεται δέ μου [ὁ] ὀπίσω ὁ βαπτίζων
						ὑμᾶς ἐν πνεύματι καὶ πυρί.« πυρὶ δὲ οὐδένα ἐβάπτισεν· »ἔνιοι δέ«, ὥς φησιν Ἡρακλέων,
						»πυρὶ τὰ ὦτα τῶν σφραγιζομένων κατεσημήναντο«, οὕτως ἀκούσαντες τὸ ἀποστολικόν. »τὸ γὰρ
						πτύον ἐν τῇ χειρὶ αὐτοῦ τοῦ διακαθᾶραι τὴν ἅλω. καὶ συνάξει τὸν σῖτον εἰς τὴν ἀποθήκην,
						τὸ δὲ ἄχυρον κατακαύσει πυρὶ ἀσβέστῳ.« <milestone unit="subsection" n="2"/>πρόσκειται
						οὖν τῷ »διὰ πυρὸς« τὸ »διὰ πνεύματος«, ἐπειδὴ <add>ὡς</add> ὁ σῖτος ἀπὸ τοῦ ἀχύρου
						διακρίνεται (τουτέστιν ἀπὸ τοῦ· ὑλικοῦ ἐνδύματος) διὰ πνεύματος <pb ed="alt" n="347 S"/>
						καὶ τὸ ἄχυρον χωρίζεται διὰ τοῦ πνεύματος λικμώμενον, οὕτως τὸ πνεῦμα διαχωριστικὴν ἔχει
						δύναμιν ἐνεργειῶν ὑλικῶν. <milestone unit="subsection" n="3"/>ἐπεὶ δὲ τὰ μὲν ἐξ
						ἀγεννήτου καὶ ἀφθάρτου γέγονεν, τὰ σπερματικὰ ζωῆς, <add>συνάγεται ὡς</add> ὁ πυρὸς καὶ
						ἀποτίθεται, τὸ δὲ ὑλικόν, μέχρι σύνεστι τῷ κρείττονι, μένει· ὅταν δὲ ἐκείνου χωρισθῇ.
						ἀπόλλυται· ἐν ἑτέρῳ γὰρ εἶχε τὸ εἶναι. τοῦτο γοῦν χωριστικὸν μὲν <pb n="144"/> δυνάμει,
						τὸ πνεῦμα. ἀναλωτικὸν δὲ τὸ πῦρ, πῦρ δὲ τὸ ὑλικὸν νοητέον. <milestone unit="subsection"
							n="4"/>ἀλλ᾿ ἐπεὶ μὲν τὸ σῳζόμενον σίτῳ ἔοικεν, τὸ δὲ περιπεφυκὸς τῇ ψυχῇ τῷ ἀχύρῳ. καὶ
						τὸ μὲν ἀσώματον, τὸ δὲ χωριζόμενον ὑλικόν ἐστιν. ἀντέθηκεν τῷ μὲν ἀσωμάτῳ τὸ πνεῦμα,
						λεπτὸν καὶ καθαρὸν σχεδὸν ὑπὲρ νοῦν. τῷ δὲ ὑλικῷ τὸ πῦρ, οὐ πονηρὸν οὐδὲ κακὸν ὑπάρχον,
						ἀλλ᾿ ἰσχυρὸν καὶ κακοῦ καθαρτικόν· ἀγαθὴ γὰρ δύναμις τὸ πῦρ νοεῖται καὶ ἰσχυρά. φθαρτικὴ
						τῶν χειρόνων καὶ σωστικὴ τῶν ἀμεινόνων. διὸ καὶ φρόνιμον λέγεται παρὰ τοῖς προφήταις
						τοῦτο τὸ πῦρ.</p>
				</div>
				<div type="textpart" subtype="chapter" n="26">
					<milestone unit="section" n="26"/>
					<p> Οὕτως γοῦν καὶ ὅταν ὁ θεὸς λέγηται »πῦρ καταναλίσκον«, οὐ κακίας. <milestone
							unit="subsection" n="2"/>ἀλλὰ δυνάμεως ὄνομα καὶ σύμβολον ἐκδεκτέον· ὡς γὰρ τὸ <pb
							ed="alt" n="996 P"/> πῦρ ἰσχυρότατον τῶν στοιχείων καὶ πάντων κρατοῦν, οὕτω καὶ ὁ θεὸς
						παντοδύναμος καὶ παντοκράτωρ, ὁ δυνάμενος κρατῆσαι, κτίσαι, ποιῆσαι. τρέφειν, αὔξειν,
						σῴζειν, σώματος καὶ ψυχῆς ἐξουσίαν ἔχων. ὡς οὖν τῶν στοιχείων ὑπερέχει τὸ πῦρ. οὕτως
						θεῶν τε καὶ δυνάμεων καὶ ἀρχῶν ὁ παντοκράτωρ. <milestone unit="subsection" n="3"/>διπλῆ
						τε ἡ δύναμις τοῦ πυρός, ἣ μὲν πρὸς δημιουργίαν καὶ πέπανσιν καρπῶν καὶ ζῴων γένεσιν καὶ
						τροφὴν ἐπιτήδειος, ἧς εἰκὼν ὁ ἥλιος, ἣ δὲ πρὸς ἀνάλωσιν καὶ φθοράν, ὡς τὸ πῦρ τὸ
						ἐπίγειον. <milestone unit="subsection" n="4"/>»πῦρ« οὖν ὅταν λέγηται ὁ θεὸς
						»καταναλίσκον«, δύναμις ἰσχυρὰ καὶ ἀπροσάντητος, ᾗ μηδὲν ἀδύνατον, ἀλλὰ καὶ τὸ ἀπολέσαι
						δυνατόν. <milestone unit="subsection" n="5"/>περὶ τοιαύτης δυνάμεως καὶ ὁ σωτὴρ λέγει·
						»πῦρ ἦλθον βαλεῖν ἐπὶ τὴν γῆν«, δηλονότι δύναμιν τῶν μὲν ἁγίων καθαρτικήν. τῶν δὲ
						ὑλικῶν, ὡς μὲν ἐκεῖνοί φασιν, ἀφανιστικήν, ὡς δὲ ἡμεῖς ἂν φαίημεν, παιδευτικήν. ἔχει δὲ
						καὶ φόβον τὸ πῦρ καὶ διάχυσιν τὸ φῶς.</p>
				</div>
				<div type="textpart" subtype="chapter" n="27">
					<milestone unit="section" n="27"/>
					<p>Οὐκ ἔγραφον δὲ οἱ πρεσβύτεροι μήτε ἀπασχολεῖν βουλόμενοι τὴν διδασκαλικὴν τῆς
						παραδόσεως φροντίδα τῇ περὶ τὸ γράφειν ἄλλῃ φροντίδι, μηδὲ μὴν τὸν τοῦ προσκέπτεσθαι τὰ
						λεχθησόμενα καιρὸν καταναλίσκοντες εἰς γραφήν. <milestone unit="subsection" n="2"/>τάχα
						δὲ οὐδὲ τῆς αὐτῆς φύσεως κατόρθωμα τὸ συντακτικὸν καὶ διδασκαλικὸν εἶδος εἶναι
						πεπεισμένοι τοῖς εἰς τοῦτο πεφυκόσι συνεχώρουν. <milestone unit="subsection" n="3"/>τὸ
						μὲν γὰρ ἀκωλύτως καὶ μετὰ ῥύμης φέρεται ῥεῦμα τοῦ λέγοντος, καί που τάχα καὶ συναρπάσαι
						δυνάμενον, τὸ δὲ ὑπὸ τῶν ἐντυγχανόντων ἑκάστοτε βασανιζόμενον, ἀκριβοῦς τῆς ἐξετάσεως
						τυγχάνον, ἄκρας καὶ τῆς ἐπιμελείας ἀξιοῦται, καὶ <pb n="145"/> ἔστιν οἷον εἰπεῖν
						ἔγγραφος διδασκαλίας βεβαίωσις, καὶ εἰς τοὺς ὀψιγόνους οὕτως διὰ τῆς συντάξεως
						παραπεμπομένης τῆς φωνῆς. <milestone unit="subsection" n="4"/>ἡ γὰρ τῶν πρεσβυτέρων
						παρακαταθήκη διὰ τῆς γραφῆς λαλοῦσα ὑπουργῷ χρῆται τῷ γράφοντι πρὸς τὴν παράδοσιν
							<add>εἰς σωτηρίαν</add> τῶν ἐντευξομένων. <milestone unit="subsection" n="5"/> καθάπερ
						οὖν ἡ μαγνῆτις λίθος τὴν ἄλλην ὕλην παραπεμπομένη μόνον ἐφέλκεται δι᾿ ἐπιτηδειότητα τὸν
						σίδηρον, οὕτως καὶ τὰ βιβλία πολλῶν ὄντων τῶν ἐντυγχανόντων τοὺς οἵους τε συνιέναι
						μόνους ἐπισπᾶται. <milestone unit="subsection" n="6"/>ὁ γὰρ τῆς ἀληθείας λόγος τοῖς μὲν
						»μωρία«, τοῖς δὲ »σκάνδαλον«, ὀλίγοις δὲ »σοφία« οὕτως καὶ »δύναμις« εὑρίσκεται »θεοῦ«·
							<milestone unit="subsection" n="7"/>φθόνος δὲ ἀπείη γνωστικοῦ. διὰ τοῦτο γὰρ καὶ ζητεῖ
						πότερον <pb ed="alt" n="997 P"/> χεῖρον, ἀναξίῳ δοῦναι ἢ ἀξίῳ μὴ παραδοῦναι. καὶ
						κινδυνεύει ὑπὸ πολλῆς τῆς ἀγάπης οὐ μόνον παντὶ τῷ προσήκοντι, ἀλλ᾿ ἔσθ᾿ ὅτε καὶ ἀναξίῳ
						λιπαρῶς δεομένῳ κοινωνήσειν, οὐ διὰ τὴν δέησιν (οὐ γὰρ φιλοδοξεῖ), ἀλλὰ διὰ τὴν ἐπιμονὴν
						τοῦ δεομένου μελετῶντος εἰς πίστιν διὰ πολλῆς τῆς δεήσεως.</p>
				</div>
				<div type="textpart" subtype="chapter" n="28">
					<milestone unit="section" n="28"/>
					<p>Εἰσὶ δ᾿ οἳ λέγοντες εἶναι γνωστικοὶ τοῖς οἰκείοις φθονοῦσι μᾶλλον ἤ τοῖς ἐκτός. ὡς δὲ ἡ
						θάλασσα ἀνίεται πᾶσιν, ἀλλ᾿ ὃ μὲν νήχεται, ὃ δὲ ἐμπορεύεται, ὃ δὲ ἀγρεύει τοὺς ἰχθῦς,
						καὶ ὡς ἡ γῆ κοινή, ἀλλ᾿ ὃ μὲν ὁδεύει, ὃ δὲ ἀροῖ, θηρᾷ δὲ ἕτερος, καί τις ἄλλος μέταλλα
						ἐρευνᾷ, ὃ δὲ οἰκοδομεῖ, οὕτως καὶ τῆς γραφῆς ἀναγινωσκομένης ὃ μὲν εἰς πίστιν, ὃ δὲ εἰς
						ἦθος ὠφελεῖται, ἀφαιρεῖται δὲ ἄλλος δεισιδαιμονίαν διὰ τῆς ἐπιγνώσεως τῶν πραγμάτων·
							<milestone unit="subsection" n="2"/>ὁ δὲ ἀθλητής, γνωρίσας τὸ στάδιον τὸ Ὀλυμπιακόν,
						ἐπαποδύεται τῇ διδασκαλίᾳ καὶ ἀγωνίζεται καὶ νικηφόρος γίνεται, τοὺς ἀντιπάλους καὶ
						κατατρέχοντας τῆς γνωστικῆς ὁδοῦ παρακρουσάμενος καὶ καταγωνισάμενος. <milestone
							unit="subsection" n="3"/>ἀναγκαία γὰρ ἡ γνῶσις καὶ πρὸς ψυχῆς γυμνασίαν καὶ πρὸς
						σεμνότητα ἤθους, ἀξιεντρεπτοτέρους ποιοῦσα τοὺς πιστοὺς καὶ τῶν πραγμάτων ἀκριβεῖς
						θεατάς. ὡς γὰρ οὐκ ἔστι πιστεῦσαι ἄνευ κατηχήσεως, οὕτως οὐδὲ καταλαβέσθαι ἄνευ
						γνώσεως.</p>
					<pb n="146"/>

				</div>
				<div type="textpart" subtype="chapter" n="29">
					<milestone unit="section" n="29"/>
					<p><add>Ὄν</add>των γὰρ εὐχρήστων καὶ ἀναγκαίων εἰς σωτηρίαν, οἷον πατρὸς καὶ υἱοῦ καὶ
						ἁγίου πνεύματος, ἀλλὰ καὶ τῆς ἡμετέρας ψυχῆς. δεῖ πάντως καὶ τὸν περὶ αὐτῶν λόγον, ὅς
						ἐστι γνωστικός, εὔχρηστον ὁμοῦ καὶ ἀναγκαῖον τυγχάνειν. <milestone unit="subsection"
							n="2"/>τοῖς δὲ καὶ τὴν προστασίαν ἐπανῃρημένοις τοῦ ὠφελεῖν εὔχρηστος ἡ πολυπειρία
						πρὸς τὸ μὴ διαλαθεῖν τι τῶν δοκούντων παρ᾿ ἄλλοις ἀναγκαίως καὶ πολυμαθῶς ἐπεγνῶσθαι.
							<milestone unit="subsection" n="3"/>φέρει δὲ καὶ ἄλλως συγγυμνασίαν ψυχῆς ζητητικῆς ἡ
						τῆς ἑτεροδόξου διδασκαλίας ἔκθεσις. καὶ ἀνεξαπάτητον τῆς ἀληθοῦς τηρεῖ τὸν μαθητήν,
						περισαλπίζεσθαι πάντοθεν ἤδη προμεμελετηκότα τοῖς πολεμικοῖς ὀργάνοις.</p>
				</div>
				<div type="textpart" subtype="chapter" n="30">
					<milestone unit="section" n="30"/>
					<p>Τοῦ γνωστικοῦ μόνου, καθάπερ λέγουσι τὴν Κρήτην ἄγονον εἶναι θηρίων ὀλεθρίων, <pb
							ed="alt" n="348 S"/> ὁ βίος καθαρὸς ἀπὸ παντὸς πονηροῦ ἔργου τε καὶ νοήματος καὶ
						λόγου, οὐδὲ ἐχθρὸν ἔχοντος τὸ παράπαν, ἀλλὰ καὶ φθόνου καὶ μίσους καὶ βλασφημίας πάσης
						καὶ διαβολῆς ἐκτὸς ὄντος. <pb ed="alt" n="998 P"/></p>
				</div>
				<div type="textpart" subtype="chapter" n="31">
					<milestone unit="section" n="31"/>
					<p>Ἐν πολλῷ δὲ τῷ βίῳ μακαριστὸς οὐ διὰ τὸ μακρὸν [γενόμενος] ζῆν, ᾧ γε καὶ διὰ τὸ ζῆσαι
						εὖ ὑπῆρξεν ἀξίῳ τοῦ ζῆν ἀεὶ γενέσθαι. οὐδένα λελύπηκεν. <milestone unit="subsection"
							n="2"/>ὅτι μὴ τῷ λόγῳ παιδεύων τοὺς ἡλκωμένους τὴν καρδίαν. καθάπερ μέλιτι σωτηρίῳ,
						γλυκεῖ τε ὄντι καὶ δηκτικῷ. ὥστε παντὸς μᾶλλον ὁ γνωστικὸς τὸ πρέπον ἂν μετὰ τοῦ κατὰ
						λόγον φυλάσσοι. <milestone unit="subsection" n="3"/>τοῦ γὰρ ἐμπαθοῦς παντὸς
						περιτμηθέντος καὶ περιαιρεθέντος ἁπάσης τῆς ψυχῆς τῷ κρατίστῳ, καθαρῷ γενομένῳ καὶ
						ἠλευθερωμένῳ εἰς υἱοθεσίαν, τοῦ λοιποῦ σύνεστίν τε καὶ βιοῖ.</p>
				</div>
				<div type="textpart" subtype="chapter" n="32">
					<milestone unit="section" n="32"/>
					<p>Πυθαγόρας ἠξίου μὴ μόνον λογιώτατον, ἀλλὰ καὶ πρεσβύτατον ἡγεῖσθαι τῶν σοφῶν τὸν
						θέμενον τὰ ὀνόματα τοῖς πράγμασι. <milestone unit="subsection" n="2"/>δεῖ τοίνυν τὰς
						γραφὰς ἀκριβῶς διερευνωμένους, ἐπειδὴ ἐν παραβολαῖς εἰρῆσθαι ἀνωμολόγηνται. ἀπὸ τῶν
						ὀνομάτων θηρᾶσθαι τὰς δόξας, ἃς τὸ ἅγιον πνεῦμα περὶ τῶν πραγμάτων ἔχον. εἰς τὰς λέξεις
						ὡς εἰπεῖν τὴν αὑτοῦ διάνοιαν ἐκτυπωσάμενον, διδάσκει. ἵνα ἡμῖν ἀκριβῶς <pb n="147"/>
						ἐξεταζόμενα διαπτύσσηται μὲν τὰ ὀνόματα πολυσήμως εἰρημένα, τὸ δ᾿ ἐγκεκρυμμένον ἐν
						πολλοῖς τοῖς σκέπουσι ψηλαφώμενον καὶ καταμανθανόμενον ἐκφαίνηται καὶ ἀναλάμψῃ.
							<milestone unit="subsection" n="3"/>[οὕτ]ὡς γὰρ καὶ ὁ μόλιβδος τοῖς τρίβουσιν ἐξανθεῖ
						λευκὸν ἐκ μέλανος, τὸ ψιμύθιον. οὕτως καὶ ἡ γνῶσις, φέγγος καὶ λαμπρότητα καταχέουσα τῶν
						πραγμάτων, ἡ τῷ ὄντι θεία σοφία εἴη ἄν, τὸ φῶς τὸ εἰλικρινές, τὸ φωτίζον τοὺς καθαροὺς
						τῶν ἀνθρώπων ὡς κόρην ὀφθαλμοῦ εἰς ὄψιν καὶ κατάληψιν τῆς ἀληθείας βεβαίαν.</p>
				</div>
				<div type="textpart" subtype="chapter" n="33">
					<milestone unit="section" n="33"/>
					<p>Ἀναψάμενοι τοίνυν τῆς ἀρχῆς τοῦ φωτὸς ἐκείνου ἐκ τοῦ πόθου τοῦ περὶ αὐτὸ
							<add>αὐτῷ</add> ὡς ἔνι μάλιστα ἐξομοιοῦσθαι πειρώμενοι, φωτὸς ἔμπλεοι, φῶτες
						Ἰσραηλῖται τῷ ὄντι γινόμεθα. <milestone unit="subsection" n="2"/>φίλους γὰρ εἶπεν καὶ
						ἀδελφοὺς τοὺς ἐχομένους τῆς πρὸς τὸ θεῖον ἀφομοιώσεως κατὰ ἐπιθυμίαν καὶ δίωξιν.</p>
				</div>
				<div type="textpart" subtype="chapter" n="34">
					<milestone unit="section" n="34"/>
					<p>* * ἣν τόποι μὲν καθαροὶ καὶ λειμῶνες ἐδέξαντο, φωνὰς καί τινας ὄψεις ἁγίων φασμάτων
							<add>ἔχοντες</add>, ἄνθρωπος δὲ ὁ ἀκριβῶς κεκαθαρμένος ἅπας διδασκαλίας καὶ δυνάμεως
						θεϊκῆς καταξιωθήσεται.</p>
				</div>
				<div type="textpart" subtype="chapter" n="35">
					<milestone unit="section" n="35"/>
					<p>Οἶδα δὲ ἐγὼ ὅτι τὰ τῆς γνώσεως μυστήρια τοῖς μὲν πολλοῖς χλεύην φέρει καὶ μάλιστα μὴ
						κεκαττυμένα σοφιστικῇ τροπολογίᾳ. τοὺς δὲ ὀλίγους καθάπερ φῶς ἐπεισενεχθὲν ἐξαίφνης
						συμποσίῳ τινὶ συνηρεφεῖ ἐκπλήξει τὰ πρῶτα, ἔπειτα ἐθίσαντες καὶ συντραφέντες καὶ
							ἐγγυμνα<pb ed="alt" n="999 P"/>σάμενοι τῷ λογισμῷ ὡς ὑφ᾿ ἡδονῆς εὐφραινόμενοι καὶ
						ἀγαλλιώμενοι * * τὸν κύριον. <milestone unit="subsection" n="2"/>ὡς γὰρ <add>ἡ</add>
						ἡδονὴ τὴν τῆς ἀλγηδόνος ἀπαλλαγὴν οὐσίαν ἔχει, οὕτως ἡ γνῶσις τῆς ἀγνοίας τὴν
						ὑπεξαίρεσιν. <milestone unit="subsection" n="3"/>ὡς γὰρ οἱ μάλιστα καθεύδοντες οἴονται
						μάλιστα ἐγρηγορέναι, ἐναργεστέραις ὑποπίπτοντες καὶ ἀπερισπάστοις ταῖς ὄναρ φαντασίαις,
						οὕτως οἱ μάλιστα ἀγνοοῦντες μάλιστα εἰδέναι νομίζουσι. <pb n="148"/>
						<milestone unit="subsection" n="4"/>μακάριοι δὲ οἱ ἐξ ύπνου τοῦδε καὶ τῆς παραφροσύνης
						ἀνεγειρόμενοι καὶ ἀναβλέψαντες τὸ φῶς καὶ τὴν ἀλήθειαν.</p>
				</div>
				<div type="textpart" subtype="chapter" n="36">
					<milestone unit="section" n="36"/>
					<p>Δεῖ τοίνυν ἐπ᾿ ἴσης τῷ βουλομένῳ τὸ πειθόμενον ἔχειν τὸν μαθητὴν καὶ τῷ πόθῳ τὴν πίστιν
						ἐγκαταμίξαντα γυμνάζειν καὶ μελετᾶν, ἑκάστοτε πρὸς ἑαυτὸν τὴν τῶν θεωρημάτων ἀλήθειαν
						ἐξετάζοντα· <milestone unit="subsection" n="2"/>ἐπειδὰν δὲ εὖ ἔχειν αὐτῷ δοκῇ, τότε δὴ
						καὶ εἰς τὰς τῶν πέλας ζητήσεις καθιέναι· ἐπεὶ καὶ οἱ νεοττοὶ προαποπειρῶνται τοῦ πετάσαι
						ἐπὶ τῆς καλιᾶς γυμνάσαντες τὰ πτερά.</p>
				</div>
				<div type="textpart" subtype="chapter" n="37">
					<milestone unit="section" n="37"/>
					<p>Ἡ γὰρ ἀρετὴ ἡ γνωστικὴ πανταχοῦ καλὸν καὶ πρᾶον καὶ ἀβλαβὲς καὶ ἄλυπον καὶ μακάριον καὶ
						παρεσκευασμένον ἄριστα μὲν ὁμιλεῖν παντὶ τῷ θείῳ, ἄριστα δ᾿ ἀνθρώποις, θεωρητικὸν ὁμοῦ
						καὶ πρακτικόν, ἄγαλμα θεῖον τὸν ἄνθρωπον κατασκευάζουσα καὶ φιλόκαλον ἀπεργαζομένη δι᾿
						ἀγάπης· <milestone unit="subsection" n="2"/>τὸ γὰρ καλὸν ὡς ἐκεῖ σοφίᾳ θεωρητὸν καὶ
						νοητόν, ἐνταῦθα σωφροσύνῃ καὶ δικαιοσύνῃ διὰ πίστεως πρακτόν, ἐν σαρκὶ μελετήσαντος
						ἀγγελικὴν ὑπουργίαν, ὥσπερ ἐν τόπῳ διαφανεῖ καὶ ἀμιάντῳ τῷ σώματι τὸν νοῦν
						καθιερώσαντος.</p>
				</div>
				<div type="textpart" subtype="chapter" n="38">
					<milestone unit="section" n="38"/>
					<p>Πρὸς δὲ Τατιανὸν λέγοντα εὐκτικὸν εἶναι τὸ »γενηθήτω φῶς« λεκτέον· εἰ τοίνυν εὐχόμενος
						ᾔδει τὸν ὑπερκείμενον θεόν, πῶς λέγει »ἐγὼ θεὸς καὶ πλὴν ἐμοῦ ἄλλος οὐδείς«;</p>
					<milestone unit="subsection" n="2"/>
				</div>
				<div type="textpart" subtype="chapter" n="39">
					<milestone unit="section" n="39"/>
					<p>Εἶπε μὲν ὡς κολάσεις εἰσὶ βλασφημιῶν, φλυαρίας, ἀκολάστων ῥημάτων, λόγῳ κολαζομένων καὶ
						παιδευομένων· ἔφασκεν δὲ καὶ διὰ τὰς τρίχας κολάζεσθει καὶ τὸν κόσμον τὰς γυναῖκας ὑπὸ
						δυνάμεως τῆς ἐπὶ τούτοις τεταγμένης, ἣ καὶ τῷ Σαμψὼν δύναμιν παρεῖχε ταῖς θριξίν, ἥτις
						κολάζει τὰς διὰ κόσμου τριχῶν ἐπὶ πορνείαν ὁρμώσας.</p>
				</div>
				<div type="textpart" subtype="chapter" n="40">
					<milestone unit="section" n="40"/>
					<p>Καθάπερ ἀγαθοῦ ἀπορροίᾳ ἀγαθύνονται, οὕτως καὶ <add>κακοῦ</add> κακοῦνται. καλὴ ἡ
						κρίσις τοῦ θεοῦ, ἥ τε διάκρισις ἡ τῶν πιστῶν ἀπὸ τῶν ἀπίστων ἥ τε πρόκρισις ὑπὲρ τοῦ μὴ
						μείζονι περιπεσεῖν κρίσει ἥ τε κρίσις παίδευσις οὖσα.</p>
					<pb n="149"/>

				</div>
				<div type="textpart" subtype="chapter" n="41">
					<milestone unit="section" n="41"/>
					<p>Ἡ γραφή φησι τὰ βρέφη τὰ ἐκτεθέντα τημελούχῳ παραδίδοσθαι ἀγγέλῳ, ὑφ᾿ οὗ παιδεύεσθαί τε
							<pb ed="alt" n="1000 P"/> καὶ αὔξειν, »καὶ ἔσονται«, φησίν, »ὡς οἱ ἑκατὸν ἐτῶν ἐνταῦθα
						πιστοί.«</p>
					<p><milestone unit="subsection" n="2"/>Διὸ καὶ Πέτρος ἐν τῇ Ἀποκαλύψει φησί· »καὶ ἀστραπὴ
						πυρὸς πηδῶσα ἀπὸ τῶν βρεφῶν ἐκείνων καὶ πλήσσουσα τοὺς ὀφθαλμοὺς τῶν γυναικῶν·«
							<milestone unit="subsection" n="3"/>ἐπεὶ ὁ δίκαιος »ὡς σπινθὴρ διὰ καλάμης ἐκλάμπει
						καὶ κρίνει ἔθνη.«</p>
				</div>
				<div type="textpart" subtype="chapter" n="42">
					<milestone unit="section" n="42"/>
					<p>»Μετὰ ὁσίου ὁσιωθήσῃ.« κατὰ αἶνον ὁσίων δεδόξασται τὸ ὄνομά σου, κατ᾿ ἐπίγνωσιν ἡμῶν
						δοξαζομένου τοῦ θεοῦ [κατά τε τὴν ἐπίγνωσιν κατά τε τὴν κληρονομίαν]. <pb ed="alt"
							n="349 S"/> οὕτω καὶ τὸ »ζῇ κύριος« καὶ τὸ »ἀνέστη κύριος«.</p>
				</div>
				<div type="textpart" subtype="chapter" n="43">
					<milestone unit="section" n="43"/>
					<p>»Λαὸς ὃν οὐκ ἔγνων. ἐδούλευσέν μοι·« κατὰ διαθήκην οὐκ ἔγνων.</p>
					<p><milestone unit="subsection" n="2"/>»Υἱοὶ ἀλλότριοι·« τὰ τοῦ ἄλλου ἐζηλωκότες. </p>
				</div>
				<div type="textpart" subtype="chapter" n="44">
					<milestone unit="section" n="44"/>
					<p> »Μεγαλύνων τὰς σωτηρίας τοῦ βασιλέως αὐτοῦ.« βασιλεῖς πάντες λέγονται οἱ πιστοί,
							<add>κεκλημένοι</add> εἰς βασιλείαν κατά <add>τε τὴν ἐπίγνωσιν</add> κατά τε τὴν
						κληρονομίαν.</p>
				</div>
				<div type="textpart" subtype="chapter" n="45">
					<milestone unit="section" n="45"/>
					<p>»Ἡ μακροθυμία γλυκύτης ἐστὶν ὑπὲρ τὸ μέλι«, οὐχ ὅτι ἐστὶ μακροθυμία, ἀλλὰ κατὰ τὸν
						καρπὸν τῆς μακροθυμίας. ἐπεὶ οὐδὲ ὁ ἐγκρατής ἐστιν ἀπαθής, κρατῶν οὐκ ἀπόνως τῶν παθῶν·
						ὅταν δὲ ἕξις γένηται, οὐκέτι ἐγκρατής, ἐν μιᾷ ἕξει τῷ ἁγίῳ πνεύματι γενομένου τοῦ
						ἀνθρώπου.</p>
				</div>
				<div type="textpart" subtype="chapter" n="46">
					<milestone unit="section" n="46"/>
					<p>»Πνεύματα·« λέγεται τὰ πάθη τὰ ἐν τῇ ψυχῇ οὐκ ἐξ οὐσίας πνεύματα, ἐπεὶ ἔσται ἐμπαθὴς
						ἄνθρωπος λεγεὼν δαιμόνων, ἀλλὰ κατὰ τὴν [προ]τροπήν. <milestone unit="subsection" n="2"
						/>ἡ γὰρ αὐτὴ ψυχὴ κατὰ μεταβολὰς ἄλλας <pb n="150"/> καὶ ἄλλας ποιότητας κακίας
						ἀναδεχομένη πνεύματα λέγεται ἀνειληφέναι.</p>
				</div>
				<div type="textpart" subtype="chapter" n="47">
					<milestone unit="section" n="47"/>
					<p>Ὁ λόγος τῆς κτήσεως ἀφίστασθαι οὐ κελεύει, ἀλλ᾿ ἀπροσπαθῶς διοικεῖν τὴν κτῆσιν.
						ἐπισυμβάντος δέ τινος μὴ ἀγανακτεῖν μηδὲ λυπεῖσθαι μηδὲ ἐπιθυμεῖν κτήσασθαι· τῆς ἐν
						πάθει γὰρ κτήσεως ἀφίστασθαι κελεύει καὶ πάσης προσπαθείας.</p>
					<p>Ἡ θεία πρόνοια <add>ο</add>ὐ <add>κ</add>αταστρέφει ἐπὶ μόνους τοὺς ἐν σαρκί.</p>
				</div>
				<div type="textpart" subtype="chapter" n="48">
					<milestone unit="section" n="48"/>
					<p>αὐτίκα ὁ Πέτρος ἐν τῇ Ἀποκαλύψει φησὶν »τὰ βρέφη ἐξαμβλωθέντα τῆς ἀμείνονος ἐσόμενα
						μοίρας, ταῦτα ἀγγέλῳ τημελούχῳ παραδίδοσθαι, ἵνα γνώσεως μεταλαβόντα τῆς ἀμείνονος τύχῃ
						μονῆς, παθόντα ἃ ἂν ἔπαθεν καὶ ἐν σώματι γενόμενα.« <milestone unit="subsection" n="2"
						/>τὰ δ᾿ ἕτερα μόνης τῆς σωτηρίας τεύξεται, ὡς ἠδικημένα ἐλεηθέντα, καὶ μενεῖ ἄνευ
						κολάσεως, τοῦτο γέρας λαβόντα.</p>
				</div>
				<div type="textpart" subtype="chapter" n="49">
					<milestone unit="section" n="49"/>
					<p>»Τὸ δὲ γάλα τῶν γυναικῶν, ῥέον ἀπὸ τῶν μαστῶν καὶ πηγνύμενον«, φησὶν ὁ Πέτρος ἐν <pb
							ed="alt" n="1001 P"/> τῇ Ἀποκαλύψει, »γεννήσει θηρία λεπτὰ σαρκοφάγα καὶ ἀνατρέχοντα
						εἰς αὐτὰς κατεσθίει«, διὰ τὰς ἁμαρτίας γίνεσθαι τὰς κολάσεις διδάσκων. <milestone
							unit="subsection" n="2"/>ἐκ τῶν ἁμαρτιῶν γεννᾶσθαι αὐτάς φησιν, ὡς διὰ τὰς ἁμαρτίας
						ἐπράθη ὁ λαός, καὶ »διὰ τὴν εἰς Χριστὸν ἀπιστίαν«, ὥς φησιν ὁ ἀπόστολος, »ὑπὸ τῶν ὄφεων
						ἐδάκνοντο«. </p>
				</div>
				<div type="textpart" subtype="chapter" n="50">
					<milestone unit="section" n="50"/>
					<p>Ἔλεγεν πρεσβύτης ζῷον εἶναι τὸ κατὰ γαστρός. εἰσιοῦσαν γὰρ τὴν ψυχὴν εἰς τὴν μήτραν ἀπὸ
						τῆς καθάρσεως ηὐτρεπισμένην εἰς <pb n="151"/> σύλληψιν καὶ εἰσκριθεῖσαν ὑπό τινος τῶν τῇ
						γενέσει ἐφεστώτων ἀγγέλων προγινώσκοντος τὸν καιρὸν τῆς συλλήψεως κινεῖν πρὸς συνουσίαν
						τὴν γυναῖκα, καταβληθέντος δὲ τοῦ σπέρματος ὡς εἰπεῖν ἐξοικειοῦσθαι τὸ ἐν τῷ σπέρματι
						πνεῦμα καὶ οὕτως συλλαμβάνεσθαι τῇ <milestone unit="subsection" n="2"/>πλάσει. †
						μαρτύριον ὠνόμασεν πᾶσιν. καὶ ὁπηνίκα ἂν εὐαγγελίζωνται οἱ ἄγγελοι τὰς στείρας, οἷον
						προεισκρίνουσι τῆς συλλήψεως τὰς ψυχάς· καὶ ἐν <add>τῷ εὐ</add>αγγελίῳ »τὸ βρέφος
						ἐσκίρτησεν« ὡς ἔμψυχον. <milestone unit="subsection" n="3"/>* * καὶ αἱ στεῖραι διὰ τοῦτό
						εἰσι στεῖραι, ὡς ἂν μὴ εἰσκρινομένης τῆς ψυχῆς τὴν τοῦ σπέρματος καταβολὴν συναγούσης
						εἰς κατοχὴν συλλήψεως καὶ γεννήσεως.</p>
				</div>
				<div type="textpart" subtype="chapter" n="51">
					<milestone unit="section" n="51"/>
					<p>»Οἱ οὐρανοὶ διηγοῦνται δόξαν θεοῦ.« οἱ οὐρανοὶ λέγονται πολλαχῶς, καὶ οἱ κατὰ διάστημα
						καὶ περίοδον καὶ ἡ κατὰ διαθήκην τῶν πρωτοκτίστων ἀγγέλων ἐνέργεια προσεχής· κυριωτέρᾳ
						γὰρ παρουσίᾳ ἀγγέλων αἱ διαθῆκαι ἐνηργήθησαν ἡ ἐπὶ Ἀδάμ, ἡ ἐπὶ Νῶε, ἡ ἐπὶ Ἀβραάμ, ἡ ἐπὶ
						Μωυσέως. <milestone unit="subsection" n="2"/>διὰ γὰρ τοῦ κυρίου κινηθέντες <add>οἱ</add>
						πρωτόκτιστοι ἄγγελοι ἐνήργουν εἰς τοὺς προσεχεῖς τοῖς προφήταις ἀγγέλους
						<add>δι</add>ηγούμενοι »δόξαν θεοῦ«, τὰς διαθήκας. ἀλλὰ καὶ τὰ ἔργα τὰ κατὰ τὴν γῆν
						γενόμενα ὑπ᾿ ἀγγέλων</p>
				</div>
				<div type="textpart" subtype="chapter" n="52">
					<milestone unit="section" n="52"/>
					<p>διὰ τῶν πρωτοκτίστων ἀγγέλων ἐγένοντο εἰς »δόξαν θεοῦ«. καλοῦνται δὲ οὐρανοὶ κυρίως μὲν
						ὁ κύριος, ἔπειτα δὲ καὶ οἱ πρωτόκτιστοι, μεθ᾿ οὓς καὶ οἱ ἅγιοι πρὸ νόμου ἄνθρωποι. ὡς οἱ
						πατριάρχαι, καὶ Μωυσῆς καὶ οἱ προφῆται, εἶτα καὶ οἱ ἀπόστολοι.</p>
					<p><milestone unit="subsection" n="2"/>»Ποίησιν δὲ χειρῶν αὐτοῦ ἀναγγέλλει τὸ στερέωμα.«
						στερέωμα λέγει τὸν θεὸν τὸν ἀπαθῆ καὶ ἀμετάβλητον, ὡς καὶ ἀλλαχῇ ὁ αὐτὸς Δαβίδ· »ἀγαπήσω
						σε, κύριε, ἡ ἰσχύς μου, κύριος στερέωμά μου καὶ καταφυγή μου.« <milestone
							unit="subsection" n="3"/>τὴν ποίησιν οὖν τῶν χειρῶν αὐτοῦ αὐτὸ τὸ στερέωμα ἀναγγέλλει,
						τοῦτ᾿ ἔστιν δείκνυσι καὶ φαίνει τὴν ποίησιν τῶν ἀγγέλων αὐτοῦ· ἀναγγέλλει γὰρ καὶ
						δείκνυσιν οὓς ἐποίησεν.</p>
					<p>»Ἡμέρα τῇ ἡμέρᾳ ἐρεύγεται ῥῆμα.« ὡς οἱ οὐρανοὶ πολλαχῶς.</p>
				</div>
				<div type="textpart" subtype="chapter" n="53">
					<milestone unit="section" n="53"/>
					<p> οὕτως καὶ ἡ ἡμέρα. <pb ed="alt" n="1002 P"/> ῥῆμα δὲ ὁ κύριος, καὶ ὁ αὐτὸς δὲ ἡμέρα
						πολλαχῇ εἴρηται. <milestone unit="subsection" n="2"/>»καὶ νὺξ νυκτὶ ἀναγγέλλει
							γ<add>νῶ</add>σιν.« ὁ διάβολος ᾔδει ἐλευσόμενον <pb n="152"/> τὸν κύριον, εἰ δὲ <add>ὁ
							Ἰησοῦς</add> αὐτὸς εἴη, οὐκ ἠπίστατο· διὸ καὶ ἐπείραζεν α<add>ὐτόν</add> ἵνα γνῷ· † εἰ
						δυνατός ἐστιν. ἐᾶν φησι· »καὶ ἀπέστη ἀπ᾿ αὐτοῦ εἰς καιρόν«, τουτέστιν ἀνεβάλλετο τὴν
						εὕρεσιν εἰς τὴν ἀνάστασιν. ᾔδει γὰρ τοῦτον εἶναι τὸν κύριον τὸν ἀναστησόμενον.
							<milestone unit="subsection" n="3"/> ὁμοίως καὶ οἱ δαίμονες, ἐπεὶ καὶ Σολομῶνα
						ὑπώπτευσαν εἶναι τὸν κύριον, ἔγνωσαν δὲ μὴ εἶναι, ἁμαρτόντος αὐτοῦ. <milestone
							unit="subsection" n="4"/>»νὺξ νυκτί·« πάντες οἱ δαίμονες ἔγνωσαν ὅτι κύριος ἦν ὁ
						ἀναστὰς μετὰ τὸ πάθος. ἤδη δὲ καὶ Ἐνώχ φησιν τοὺς παραβάντας ἀγγέλους διδάξαι τοὺς
						ἀνθρώπους ἀστρονομίαν καὶ μαντικὴν καὶ τὰς ἄλλας τέχνας.</p>
				</div>
				<div type="textpart" subtype="chapter" n="54">
					<milestone unit="section" n="54"/>
					<p> »Οὐκ εἰσὶ λαλιαὶ οὐδὲ λόγοι, ὧν οὐκ ἀκούονται αἱ φωναὶ αὐτῶν« οὔτε τῶν ἡμερῶν οὔτε τῶν
						νυκτῶν. »εἰς πᾶσαν τὴν γῆν ἐξῆλθεν ὁ φθόγγος αὐτῶν.« <milestone unit="subsection" n="2"
						/>μετήνεγκεν τὸν λόγον ἐπὶ μόνους τοὺς ἁγίους, οὓς οὐρανούς τε εἴρηκεν καὶ ἡμέρας.</p>
				</div>
				<div type="textpart" subtype="chapter" n="55">
					<milestone unit="section" n="55"/>
					<p>Οἱ ἀστέρες, σώματα πνευματικά, κεκοινωνηκότα ἀγγέλοις ἐφεστῶσι διοικούμενα, οὐκ αἴτια
						γενέσεως, σημαντικὰ δὲ τῶν γινομένων τε καὶ ἐσομένων καὶ γενομένων ἐπί τε τροπῶν ἀέρων
						ἐπί τε εὐφορίας καὶ ἀκαρπίας ἐπί τε λοιμῶν καὶ φλογμῶν ἐπί τε τῶν ἀνθρώπων. <milestone
							unit="subsection" n="2"/>οὐδ᾿ ὄναρ τὰς ἐνεργείας ποιεῖ τὰ ἄστρα, <pb ed="alt"
							n="350 S"/> σημαίνει δὲ »τά τ᾿ ἐόντα, τά τ᾿ ἐ<add>σ</add>σόμενα, πρό τ᾿ ἐόντα«.</p>
				</div>
				<div type="textpart" subtype="chapter" n="56">
					<milestone unit="section" n="56"/>
					<p> »Καὶ ἐν τῷ ἡλίῳ ἔθετο τὸ σκήνωμα αὐτοῦ.« ἐνταῦθα ὑπερ<add>β</add>ατόν ἐστι· περὶ γὰρ
						τῆς παρουσίας τῆς δευτέρας <add>ὁ</add> λόγος. οὕτως οὖν ἀναγνωστέον τὸ ὑπερβατὸν κατὰ
						ἀκολουθίαν. »καὶ αὐτὸς ὡς νυμφίος ἐκπορευό<add>μ</add>ε<add>νο</add>ς ἐκ παστοῦ αὐτοῦ
						ἀγαλλιάσεται ὡς γίγας <add>δραμε</add> ῖν ὁδὸν αὐτοῦ. ἀπ᾿ ἄκρου τοῦ οὐρανοῦ ἡ ἔξοδος
							<add>αὐτο</add>ῦ· οὐκ ἔστιν ὃς ἀποκρυβήσεται τὴν θέρμην αὐτοῦ.« καὶ τότε· »ἐν τῷ ἡλίῳ
						ἔθετο τὸ σκήνωμα αὐτοῦ.« <milestone unit="subsection" n="2"/>ἔνιοι μὲν οὖν φασι τὸ σῶμα
						τοῦ κυρίου ἐν τῷ ἡλίῳ αὐτὸν ἀποτίθεσθαι, ὡς Ἑρμογένης, σῶμα δὲ λέγουσιν οἳ μὲν τὸ σκῆνος
						αὐτοῦ, οἳ δὲ τὴν τῶν πιστῶν ἐκκλησίαν, ὁ <pb n="153"/> Πάνταινος δὲ * ἡμῶν ἔλεγεν
						»ἀορίστως τὴν προφητείαν ἐκφέρειν <pb ed="alt" n="1003 P"/> τὰς λέξεις ὡς ἐπὶ τὸ
						πλεῖστον καὶ τῷ ἐνεστῶτι ἀντὶ τοῦ μέλλοντος χρῆσθαι χρόνῳ καὶ πάλιν τῷ ἐνεστῶτι ἀντὶ τοῦ
						παρῳχηκότος«, ὃ καὶ νῦν φαίνεται. <milestone unit="subsection" n="3"/>τὸ γὰρ »ἔθετο« καὶ
						ἐπὶ τοῦ παρῳχηκότος καὶ ἐπὶ τοῦ ἐσομένου τάσσεται· ἐπὶ μὲν τοῦ ἐσομένου, ὅτι πληρωθείσης
						ταύτης τῆς κατὰ τὴν παροῦσαν κατάστασιν περιόδου ὁ κύριος ἐλεύσεται πρὸς τοὺς δικαίους
						τοὺς πιστούς, οἷς ἐπαναπαύεται καθάπερ σκηνῇ· ἓν γὰρ σῶμα οἱ πάντες ἐκ τοῦ αὐτοῦ γένους
						τὴν αὐτὴν πίστιν καὶ δικαιοσύνην ἑλόμενοι, εἰς τὴν αὐτὴν ἑνότητα ἀποκαταστησόμενοι· ἀλλ᾿
						οἳ μὲν ὡς κεφαλή, οἳ δὲ ὡς ὀφθαλμοί, οἳ δὲ ὡς ὦτα. <milestone unit="subsection" n="4"
						/>οἳ δὲ ὡς χεῖρες, οἳ δὲ ὡς στήθη, οἳ δὲ ὡς πόδες ἐν ἡλίῳ τεθήσονται φωτεινοί,
						»λάμψαντες ὡς ὁ ἥλιος« ἢ ἐν ἡλίῳ, ἐπεὶ ἀρχοντικὸς ἄγγελος ἐν ἡλίῳ· <milestone
							unit="subsection" n="5"/>εἰς ἀρχὴν γὰρ ἡμερῶν τέτακται, καθάπερ ἡ σελήνη εἰς τὸ ἄρχειν
						νυκτός· <milestone unit="subsection" n="6"/>ἡμέραι δὲ ἄγγελοι ἐκλήθησαν. μετὰ τῶν μεθ᾿
						ἡλίου ἀγγέλων, φησί, ταγήσονται (ἓν ὥσπερ κεφαλὴ σώματος, ὄντος ἑνός, ὁ ἥλιος), ἐσόμενοί
						ποτε κατά τινα περίοδ<add>ον</add> καὶ αὐτοὶ ἄρχοντες ἡμερῶν, ὡς ἐκεῖνος ὁ ἐπὶ τοῦ ἡλίου
						ἐπὶ τὸ μεῖζον <add>ἐλεύσεται</add>. ἐφ᾿ ὃ μετῆλθεν <add>ὁ</add> πρὸ
							α<add>ὐ</add>το<add>ῦ</add> ἐν τῷ αὐτῷ. καὶ πάλιν ἐπαναβησόμενοι κ<add>ατὰ</add>
						προκοπὴν ἀφίξονται ἐπὶ τὴν πρώτην μονήν. <milestone unit="subsection" n="7"
							/><add>ἀλλὰ</add> κατὰ τὸν παρῳχηκότα »ἔθετο« τοὺς [τε] πρωτοκτίστους ἀγγέλους εἰς τὸ
						μηκέτι κατὰ τὴν πρόνοιαν τῷ ὡρισμένῳ λειτουργεῖν, ἀλλ᾿ εἶναι ἐν ἀναπαύσει καὶ πρὸς μόνῃ
						τῆ θεωρίᾳ τοῦ θεοῦ· οἱ δὲ προσεχέστεροι τούτοις προκόψουσιν εἰς ἣν ἐκεῖνοι ἀπολελοίπασι
						τάξιν, καὶ οὕτως οἱ ὑποβεβηκότες ἀναλόγως.</p>
				</div>
				<div type="textpart" subtype="chapter" n="57">
					<milestone unit="section" n="57"/>
					<p> Εἰσὶν οὖν κατὰ τὸν ἀπόστολον οἱ ἐν τῇ ἄκρᾳ ἀποκαταστάσει πρωτόκτιστοι· »θρόνοι« δ᾿ ἂν
						εἶεν, καίτοι δυνάμεις ὄντες, οἱ πρωτόκτιστοι διὰ τὸ ἀναπαύεσθαι ἐν αὐτοῖς τὸν θεόν, ὡς
						καὶ ἐν τοῖς πιστεύουσιν. <milestone unit="subsection" n="2"/>ἕκαστος γὰρ κατὰ τὴν ἰδίαν
						προκοπὴν οἰκείαν ἔχει τὴν <pb n="154"/> περὶ θεοῦ γνῶσιν, ἐφ ᾗ γνώσει ἀναπαύεται ὁ θεός,
						ἀιδίων γενομένων διὰ τῆς γνώσεως τῶν ἐγνωκότων. <milestone unit="subsection" n="3"/>καὶ
						μή τι τὸ »ἐν τῷ ἡλίῳ ἔθετο τὸ σκήνωμα αὐτοῦ« οὕτως ἐξακούεται· ἐν τῷ ἡλίῳ ἔθετο,
						τουτέστιν ἐν [τῷ θεῷ,] τῷ ἢλ ἤγουν θεῷ, ὡς ἐν τῷ εὐαγγελίῳ »ἠλὶ ἠλὶ« ἀντὶ τοῦ »θεέ μου,
						θεέ μου«. <milestone unit="subsection" n="4"/>καὶ τὸ <pb ed="alt" n="1004 P"/> »ὑπεράνω
						πάσης ἀρχῆς καὶ ἐξουσίας καὶ δυνάμεως καὶ παντὸς ὀνόματος ὀνομαζομένου« οἱ τελειωθέντες
						εἰσὶν ἐξ ἀνθρώπων, ἀγγέλων, ἀρχαγγέλων εἰς τὴν πρωτόκτιστον τῶν ἀγγέλων φύσιν.
							<milestone unit="subsection" n="5"/>οἱ γὰρ ἐξ ἀνθρώπων εἰς ἀγγέλους μεταστάντες χίλια
						ἔτη μαθητεύονται ὑπὸ τῶν ἀγγέλων, εἰς τελειότητα ἀποκαθιστάμενοι· εἶτα οἱ μὲν διδάξαντες
						μετατίθενται εἰς ἀρχαγγελικὴν ἐξουσίαν, οἱ μαθόντες δὲ τοὺς ἐξ ἀνθρώπων αὖθις
						μεθισταμένους εἰς ἀγγέλους μαθητεύουσιν, ἔπειτα οὕτως περιόδοις ῥηταῖς ἀποκαθίστανται τῇ
						οἰκείᾳ τοῦ σώματος ἀγγελοθεσίᾳ.</p>
				</div>
				<div type="textpart" subtype="chapter" n="58">
					<milestone unit="section" n="58"/>
					<p>»Ὁ νόμος τοῦ θεοῦ ἄμωμος, ἐπιστρέφων ψυχάς.« »νόμος καὶ λόγος« αὐτὸς ὁ σωτὴρ λέγεται,
						ὡς Πέτρος ἐν Κηρύγματι καὶ ὁ προφήτης· »ἐκ γὰρ Σιὼν ἐξελεύσεται νόμος, καὶ λόγος κυρίου
						ἐξ Ἱερουσαλήμ.«</p>
				</div>
				<div type="textpart" subtype="chapter" n="59">
					<milestone unit="section" n="59"/>
					<p>»Ἡ μαρτυρία κυρίου πιστή, σοφίζουσα νήπια«, ἡ διαθήκη κυρίου ἀληθής, σοφίζουσα νηπίους,
						τοὺς ἀκάκους τούς τε ἀποστόλους, ἔπειτα καὶ ἡμᾶς. <milestone unit="subsection" n="2"
						/>ἀλλὰ καὶ ἡ αὐτοῦ τοῦ κυρίου μαρτυρία, καθ᾿ ἣν παθὼν ἀνέστη, ἀληθὴς γενομένη κατὰ τὸ
						ἔργον αὐτό, εἰς βεβαίωσιν πίστεως ἤγαγεν τὴν ἐκκλησίαν.</p>
				</div>
				<div type="textpart" subtype="chapter" n="60">
					<milestone unit="section" n="60"/>
					<p>»Ὁ φόβος κυρίου ἁγνός, διαμένων εἰς αἰῶνα αἰῶνος.« τοὺς ἐκ φόβου εἰς πίστιν
						ἐπιστραφέντας καὶ δικαιοσύνην εἰς αἰῶνα παραμένειν λέγει. <milestone unit="subsection"
							n="2"/>»τὰ κρίματα κυρίου ἀληθινά«, βέβαια καὶ ἀμετακίνητα, κατ᾿ ἀξίαν ἀπονεμητικὰ καὶ
						»εἰς τὴν ἑνότητα τῆς πίστεως« ἀποκαθιστάντα τοὺς δικαίους. <milestone unit="subsection"
							n="3"/>τοῦτο γὰρ σημαίνει τὸ »δεδικαιωμένα ἐπὶ τὸ αὐτό«. τὰ τοιαῦτα »ἐπιθυμητὰ ὑπὲρ
						χρυσίον καὶ λίθον τίμιον«.</p>
				</div>
				<div type="textpart" subtype="chapter" n="61">
					<milestone unit="section" n="61"/>
					<p>»Καὶ γὰρ ὁ δοῦλός σου φυλάσσει αὐτά·« οὐχ ὅτι δοῦλος οἷον Δαβίδ, ἀλλὰ πᾶς ὁ λαὸς ὁ
						σῳζόμενος, δοῦλος θεοῦ δι᾿ ὑπακοὴν ἐντολῆς κεκλημένος.</p>
					<pb n="155"/>

				</div>
				<div type="textpart" subtype="chapter" n="62">
					<milestone unit="section" n="62"/>
					<p>»Ἐκ τῶν κρυφίων μου καθάρισόν με·« τῶν ἐννοιῶν τῶν παρὰ τὸν ὀρθὸν λόγον, τῶν
						ἐγκαταλειμμάτων. ταῦτα γὰρ »ἀλλότρια« λέγει δικαίου.</p>
				</div>
				<div type="textpart" subtype="chapter" n="63">
					<milestone unit="section" n="63"/>
					<p>»Ἐὰν μή μου κατακυριεύσωσι, τότε ἄμωμος ἔσομαι.« ἐπ᾿ ἴσης τῷ· ἐὰν μή μου
						κατακυριεύσωσιν οἱ διώκοντές με ὥσπερ τὸν κύριον, οὐκ ἔσομαι ἄμωμος· οὐ γὰρ μάρτυς
						γίνεταί τις, ἐὰν μὴ διωχθῇ, οὐδὲ δίκαιος φαίνεται, ἐὰν μὴ ἀδικηθεὶς μὴ ἀνταδικήσῃ, οὐδὲ
						μὴν ἀνεξίκακος, | * * * *</p>
				</div>
				<div type="textpart" subtype="chapter" n="64">
					<milestone unit="section" n="64"/>
					<p>»Κύριε, σῶσον τὸν βασιλέα«, τουτέστι τὸν εἰς βασιλείαν κεχρισμένον λαόν· οὐ γὰρ μόνον
						τὸν Δαβίδ· διὸ καὶ ἐπάγει· »καὶ ἐπάκουσον ἡμῶν ἐν ᾗ ἂν ἡμέρᾳ ἐπικαλεσώμεθά σε.«</p>
				</div>
				<div type="textpart" subtype="chapter" n="65">
					<milestone unit="section" n="65"/>
					<p>Τὸ ἀναβῆναι ἐπὶ τὴν καρδίαν τὸ καλὸν ὑπὸ τῆς γραφῆς λέγεται τὸ νικῆσαι τὴν καλὴν
						βουλήν.</p>
				</div>
			</div>
		</body>
	</text>
</TEI>
